Manim Community v0.20.0

✓ 几何验证通过
[02/27/26 10:59:01] WARNING  Font Noto Sans CJK SC not in    text_mobject.py:464
                             ['.AppleSystemUIFont', 'Academy                    
                             Engraved LET', 'Al Bayan', 'Al                     
                             Nile', 'Al Tarikh', 'American                      
                             Typewriter', 'Andale Mono',                        
                             'Apple Braille', 'Apple                            
                             Chancery', 'Apple Color Emoji',                    
                             'Apple LiGothic', 'Apple                           
                             LiSung', 'Apple SD Gothic Neo',                    
                             'Apple Symbols', 'AppleGothic',                    
                             'AppleMyungjo', 'Arial', 'Arial                    
                             Black', 'Arial Hebrew', 'Arial                     
                             Hebrew Scholar', 'Arial                            
                             Narrow', 'Arial Rounded MT                         
                             Bold', 'Arial Unicode MS',                         
                             'Avenir', 'Avenir Next',                           
                             'Avenir Next Condensed',                           
                             'Ayuthaya', 'BIZ UDGothic',                        
                             'BIZ UDMincho', 'BM Dohyeon',                      
                             'BM Hanna 11yrs Old', 'BM Hanna                    
                             Air', 'BM Hanna Pro', 'BM Jua',                    
                             'BM Kirang Haerang', 'BM                           
                             Yeonsung', 'Baghdad', 'Bangla                      
                             MN', 'Bangla Sangam MN', 'Baoli                    
                             SC', 'Baoli TC', 'Baskerville',                    
                             'Beirut', 'BiauKaiHK',                             
                             'BiauKaiTC', 'Big Caslon',                         
                             'Bodoni 72', 'Bodoni 72                            
                             Oldstyle', 'Bodoni 72                              
                             Smallcaps', 'Bodoni Ornaments',                    
                             'Bradley Hand', 'Brush Script                      
                             MT', 'Chalkboard', 'Chalkboard                     
                             SE', 'Chalkduster', 'Charter',                     
                             'Cochin', 'Comic Sans MS',                         
                             'Copperplate', 'Corsiva                            
                             Hebrew', 'Courier New', 'DIN                       
                             Alternate', 'DIN Condensed',                       
                             'Damascus', 'DecoType Naskh',                      
                             'Devanagari MT', 'Devanagari                       
                             Sangam MN', 'Didot', 'Diwan                        
                             Kufi', 'Diwan Thuluth',                            
                             'Euphemia UCAS', 'Farah',                          
                             'Farisi', 'Futura', 'GB18030                       
                             Bitmap', 'Galvji', 'Geeza Pro',                    
                             'Geneva', 'Georgia', 'Gill                         
                             Sans', 'Grantha Sangam MN',                        
                             'Gujarati MT', 'Gujarati Sangam                    
                             MN', 'GungSeo', 'Gurmukhi MN',                     
                             'Gurmukhi MT', 'Gurmukhi Sangam                    
                             MN', 'Hannotate SC', 'Hannotate                    
                             TC', 'HanziPen SC', 'HanziPen                      
                             TC', 'HeadLineA', 'Hei', 'Heiti                    
                             SC', 'Heiti TC', 'Helvetica',                      
                             'Helvetica Neue', 'Herculanum',                    
                             'Hiragino Maru Gothic ProN',                       
                             'Hiragino Mincho ProN',                            
                             'Hiragino Sans', 'Hiragino Sans                    
                             GB', 'Hoefler Text', 'ITF                          
                             Devanagari', 'ITF Devanagari                       
                             Marathi', 'Impact',                                
                             'InaiMathi', 'Kai', 'Kailasa',                     
                             'Kaiti SC', 'Kaiti TC',                            
                             'Kannada MN', 'Kannada Sangam                      
                             MN', 'Kefa III', 'Khmer MN',                       
                             'Khmer Sangam MN', 'Klee',                         
                             'Kohinoor Bangla', 'Kohinoor                       
                             Devanagari', 'Kohinoor                             
                             Gujarati', 'Kohinoor Telugu',                      
                             'Kokonor', 'Krungthep',                            
                             'KufiStandardGK', 'LXGW                            
                             ZhenKai', 'Lantinghei SC',                         
                             'Lantinghei TC', 'Lao MN', 'Lao                    
                             Sangam MN', 'LiHei Pro',                           
                             'LiSong Pro', 'Libian SC',                         
                             'Libian TC', 'LingWai SC',                         
                             'LingWai TC', 'Lucida Grande',                     
                             'Luminari', 'Malayalam MN',                        
                             'Malayalam Sangam MN', 'Marker                     
                             Felt', 'Menlo', 'Microsoft Sans                    
                             Serif', 'Mishafi', 'Mishafi                        
                             Gold', 'Monaco', 'Monospace',                      
                             'Mshtakan', 'Mukta Mahee',                         
                             'Muna', 'Myanmar MN', 'Myanmar                     
                             Sangam MN', 'Nadeem', 'Nanum                       
                             Brush Script', 'Nanum Gothic',                     
                             'Nanum Myeongjo', 'Nanum Pen                       
                             Script', 'New Peninim MT',                         
                             'Noteworthy', 'Noto Nastaliq                       
                             Urdu', 'Noto Sans Batak', 'Noto                    
                             Sans Kannada', 'Noto Sans                          
                             Myanmar', 'Noto Sans NKo',                         
                             'Noto Sans Oriya', 'Noto Sans                      
                             Syriac', 'Noto Sans Tagalog',                      
                             'Noto Serif Myanmar', 'Optima',                    
                             'Oriya MN', 'Oriya Sangam MN',                     
                             'Osaka', 'PCMyungjo', 'PT                          
                             Mono', 'PT Sans', 'PT Sans                         
                             Caption', 'PT Sans Narrow', 'PT                    
                             Serif', 'PT Serif Caption',                        
                             'Palatino', 'Papyrus', 'Party                      
                             LET', 'Phosphate', 'PilGi',                        
                             'PingFang HK', 'PingFang MO',                      
                             'PingFang SC', 'PingFang TC',                      
                             'Plantagenet Cherokee',                            
                             'Raanana', 'Rockwell',                             
                             'STFangsong', 'STHeiti', 'STIX                     
                             Two Math', 'STIX Two Text',                        
                             'STKaiti', 'STSong', 'Sana',                       
                             'Sans', 'Sathu', 'Savoye LET',                     
                             'Serif', 'Shree Devanagari                         
                             714', 'SignPainter', 'Silom',                      
                             'SimSong', 'Sinhala MN',                           
                             'Sinhala Sangam MN', 'Skia',                       
                             'Snell Roundhand', 'Songti SC',                    
                             'Songti TC', 'Sukhumvit Set',                      
                             'Symbol', 'Tahoma', 'Tamil MN',                    
                             'Tamil Sangam MN', 'Telugu MN',                    
                             'Telugu Sangam MN', 'Thonburi',                    
                             'Times New Roman', 'Toppan                         
                             Bunkyu Gothic', 'Toppan Bunkyu                     
                             Midashi Gothic', 'Toppan Bunkyu                    
                             Midashi Mincho', 'Toppan Bunkyu                    
                             Mincho', 'Trattatello',                            
                             'Trebuchet MS', 'Tsukushi A                        
                             Round Gothic', 'Tsukushi B                         
                             Round Gothic', 'Verdana',                          
                             'Waseem', 'Wawati SC', 'Wawati                     
                             TC', 'Webdings', 'Weibei SC',                      
                             'Weibei TC', 'Wingdings',                          
                             'Wingdings 2', 'Wingdings 3',                      
                             'Xingkai SC', 'Xingkai TC',                        
                             'YuGothic', 'YuKyokasho',                          
                             'YuKyokasho Yoko', 'YuMincho',                     
                             'YuMincho +36p Kana', 'Yuanti                      
                             SC', 'Yuanti TC', 'Yuppy SC',                      
                             'Yuppy TC', 'Zapf Dingbats',                       
                             'Zapfino', 'cursive',                              
                             'fantasy', 'system-ui'].                           
                    INFO     Animation 0 : Using cached     cairo_renderer.py:94
                             data (hash :                                       
                             3748413652_1559904736_22313245                     
                             7)                                                 
Animation 0: FadeIn(Text('上海初高中数学直通车 @emptyandcalm')):   0%|          | 0/1 [00:00<?, ?it/s]                                                                                                                          WARNING  Font Noto Sans CJK SC not in    text_mobject.py:464
                             ['.AppleSystemUIFont', 'Academy                    
                             Engraved LET', 'Al Bayan', 'Al                     
                             Nile', 'Al Tarikh', 'American                      
                             Typewriter', 'Andale Mono',                        
                             'Apple Braille', 'Apple                            
                             Chancery', 'Apple Color Emoji',                    
                             'Apple LiGothic', 'Apple                           
                             LiSung', 'Apple SD Gothic Neo',                    
                             'Apple Symbols', 'AppleGothic',                    
                             'AppleMyungjo', 'Arial', 'Arial                    
                             Black', 'Arial Hebrew', 'Arial                     
                             Hebrew Scholar', 'Arial                            
                             Narrow', 'Arial Rounded MT                         
                             Bold', 'Arial Unicode MS',                         
                             'Avenir', 'Avenir Next',                           
                             'Avenir Next Condensed',                           
                             'Ayuthaya', 'BIZ UDGothic',                        
                             'BIZ UDMincho', 'BM Dohyeon',                      
                             'BM Hanna 11yrs Old', 'BM Hanna                    
                             Air', 'BM Hanna Pro', 'BM Jua',                    
                             'BM Kirang Haerang', 'BM                           
                             Yeonsung', 'Baghdad', 'Bangla                      
                             MN', 'Bangla Sangam MN', 'Baoli                    
                             SC', 'Baoli TC', 'Baskerville',                    
                             'Beirut', 'BiauKaiHK',                             
                             'BiauKaiTC', 'Big Caslon',                         
                             'Bodoni 72', 'Bodoni 72                            
                             Oldstyle', 'Bodoni 72                              
                             Smallcaps', 'Bodoni Ornaments',                    
                             'Bradley Hand', 'Brush Script                      
                             MT', 'Chalkboard', 'Chalkboard                     
                             SE', 'Chalkduster', 'Charter',                     
                             'Cochin', 'Comic Sans MS',                         
                             'Copperplate', 'Corsiva                            
                             Hebrew', 'Courier New', 'DIN                       
                             Alternate', 'DIN Condensed',                       
                             'Damascus', 'DecoType Naskh',                      
                             'Devanagari MT', 'Devanagari                       
                             Sangam MN', 'Didot', 'Diwan                        
                             Kufi', 'Diwan Thuluth',                            
                             'Euphemia UCAS', 'Farah',                          
                             'Farisi', 'Futura', 'GB18030                       
                             Bitmap', 'Galvji', 'Geeza Pro',                    
                             'Geneva', 'Georgia', 'Gill                         
                             Sans', 'Grantha Sangam MN',                        
                             'Gujarati MT', 'Gujarati Sangam                    
                             MN', 'GungSeo', 'Gurmukhi MN',                     
                             'Gurmukhi MT', 'Gurmukhi Sangam                    
                             MN', 'Hannotate SC', 'Hannotate                    
                             TC', 'HanziPen SC', 'HanziPen                      
                             TC', 'HeadLineA', 'Hei', 'Heiti                    
                             SC', 'Heiti TC', 'Helvetica',                      
                             'Helvetica Neue', 'Herculanum',                    
                             'Hiragino Maru Gothic ProN',                       
                             'Hiragino Mincho ProN',                            
                             'Hiragino Sans', 'Hiragino Sans                    
                             GB', 'Hoefler Text', 'ITF                          
                             Devanagari', 'ITF Devanagari                       
                             Marathi', 'Impact',                                
                             'InaiMathi', 'Kai', 'Kailasa',                     
                             'Kaiti SC', 'Kaiti TC',                            
                             'Kannada MN', 'Kannada Sangam                      
                             MN', 'Kefa III', 'Khmer MN',                       
                             'Khmer Sangam MN', 'Klee',                         
                             'Kohinoor Bangla', 'Kohinoor                       
                             Devanagari', 'Kohinoor                             
                             Gujarati', 'Kohinoor Telugu',                      
                             'Kokonor', 'Krungthep',                            
                             'KufiStandardGK', 'LXGW                            
                             ZhenKai', 'Lantinghei SC',                         
                             'Lantinghei TC', 'Lao MN', 'Lao                    
                             Sangam MN', 'LiHei Pro',                           
                             'LiSong Pro', 'Libian SC',                         
                             'Libian TC', 'LingWai SC',                         
                             'LingWai TC', 'Lucida Grande',                     
                             'Luminari', 'Malayalam MN',                        
                             'Malayalam Sangam MN', 'Marker                     
                             Felt', 'Menlo', 'Microsoft Sans                    
                             Serif', 'Mishafi', 'Mishafi                        
                             Gold', 'Monaco', 'Monospace',                      
                             'Mshtakan', 'Mukta Mahee',                         
                             'Muna', 'Myanmar MN', 'Myanmar                     
                             Sangam MN', 'Nadeem', 'Nanum                       
                             Brush Script', 'Nanum Gothic',                     
                             'Nanum Myeongjo', 'Nanum Pen                       
                             Script', 'New Peninim MT',                         
                             'Noteworthy', 'Noto Nastaliq                       
                             Urdu', 'Noto Sans Batak', 'Noto                    
                             Sans Kannada', 'Noto Sans                          
                             Myanmar', 'Noto Sans NKo',                         
                             'Noto Sans Oriya', 'Noto Sans                      
                             Syriac', 'Noto Sans Tagalog',                      
                             'Noto Serif Myanmar', 'Optima',                    
                             'Oriya MN', 'Oriya Sangam MN',                     
                             'Osaka', 'PCMyungjo', 'PT                          
                             Mono', 'PT Sans', 'PT Sans                         
                             Caption', 'PT Sans Narrow', 'PT                    
                             Serif', 'PT Serif Caption',                        
                             'Palatino', 'Papyrus', 'Party                      
                             LET', 'Phosphate', 'PilGi',                        
                             'PingFang HK', 'PingFang MO',                      
                             'PingFang SC', 'PingFang TC',                      
                             'Plantagenet Cherokee',                            
                             'Raanana', 'Rockwell',                             
                             'STFangsong', 'STHeiti', 'STIX                     
                             Two Math', 'STIX Two Text',                        
                             'STKaiti', 'STSong', 'Sana',                       
                             'Sans', 'Sathu', 'Savoye LET',                     
                             'Serif', 'Shree Devanagari                         
                             714', 'SignPainter', 'Silom',                      
                             'SimSong', 'Sinhala MN',                           
                             'Sinhala Sangam MN', 'Skia',                       
                             'Snell Roundhand', 'Songti SC',                    
                             'Songti TC', 'Sukhumvit Set',                      
                             'Symbol', 'Tahoma', 'Tamil MN',                    
                             'Tamil Sangam MN', 'Telugu MN',                    
                             'Telugu Sangam MN', 'Thonburi',                    
                             'Times New Roman', 'Toppan                         
                             Bunkyu Gothic', 'Toppan Bunkyu                     
                             Midashi Gothic', 'Toppan Bunkyu                    
                             Midashi Mincho', 'Toppan Bunkyu                    
                             Mincho', 'Trattatello',                            
                             'Trebuchet MS', 'Tsukushi A                        
                             Round Gothic', 'Tsukushi B                         
                             Round Gothic', 'Verdana',                          
                             'Waseem', 'Wawati SC', 'Wawati                     
                             TC', 'Webdings', 'Weibei SC',                      
                             'Weibei TC', 'Wingdings',                          
                             'Wingdings 2', 'Wingdings 3',                      
                             'Xingkai SC', 'Xingkai TC',                        
                             'YuGothic', 'YuKyokasho',                          
                             'YuKyokasho Yoko', 'YuMincho',                     
                             'YuMincho +36p Kana', 'Yuanti                      
                             SC', 'Yuanti TC', 'Yuppy SC',                      
                             'Yuppy TC', 'Zapf Dingbats',                       
                             'Zapfino', 'cursive',                              
                             'fantasy', 'system-ui'].                           
                    WARNING  Font Noto Sans CJK SC not in    text_mobject.py:464
                             ['.AppleSystemUIFont', 'Academy                    
                             Engraved LET', 'Al Bayan', 'Al                     
                             Nile', 'Al Tarikh', 'American                      
                             Typewriter', 'Andale Mono',                        
                             'Apple Braille', 'Apple                            
                             Chancery', 'Apple Color Emoji',                    
                             'Apple LiGothic', 'Apple                           
                             LiSung', 'Apple SD Gothic Neo',                    
                             'Apple Symbols', 'AppleGothic',                    
                             'AppleMyungjo', 'Arial', 'Arial                    
                             Black', 'Arial Hebrew', 'Arial                     
                             Hebrew Scholar', 'Arial                            
                             Narrow', 'Arial Rounded MT                         
                             Bold', 'Arial Unicode MS',                         
                             'Avenir', 'Avenir Next',                           
                             'Avenir Next Condensed',                           
                             'Ayuthaya', 'BIZ UDGothic',                        
                             'BIZ UDMincho', 'BM Dohyeon',                      
                             'BM Hanna 11yrs Old', 'BM Hanna                    
                             Air', 'BM Hanna Pro', 'BM Jua',                    
                             'BM Kirang Haerang', 'BM                           
                             Yeonsung', 'Baghdad', 'Bangla                      
                             MN', 'Bangla Sangam MN', 'Baoli                    
                             SC', 'Baoli TC', 'Baskerville',                    
                             'Beirut', 'BiauKaiHK',                             
                             'BiauKaiTC', 'Big Caslon',                         
                             'Bodoni 72', 'Bodoni 72                            
                             Oldstyle', 'Bodoni 72                              
                             Smallcaps', 'Bodoni Ornaments',                    
                             'Bradley Hand', 'Brush Script                      
                             MT', 'Chalkboard', 'Chalkboard                     
                             SE', 'Chalkduster', 'Charter',                     
                             'Cochin', 'Comic Sans MS',                         
                             'Copperplate', 'Corsiva                            
                             Hebrew', 'Courier New', 'DIN                       
                             Alternate', 'DIN Condensed',                       
                             'Damascus', 'DecoType Naskh',                      
                             'Devanagari MT', 'Devanagari                       
                             Sangam MN', 'Didot', 'Diwan                        
                             Kufi', 'Diwan Thuluth',                            
                             'Euphemia UCAS', 'Farah',                          
                             'Farisi', 'Futura', 'GB18030                       
                             Bitmap', 'Galvji', 'Geeza Pro',                    
                             'Geneva', 'Georgia', 'Gill                         
                             Sans', 'Grantha Sangam MN',                        
                             'Gujarati MT', 'Gujarati Sangam                    
                             MN', 'GungSeo', 'Gurmukhi MN',                     
                             'Gurmukhi MT', 'Gurmukhi Sangam                    
                             MN', 'Hannotate SC', 'Hannotate                    
                             TC', 'HanziPen SC', 'HanziPen                      
                             TC', 'HeadLineA', 'Hei', 'Heiti                    
                             SC', 'Heiti TC', 'Helvetica',                      
                             'Helvetica Neue', 'Herculanum',                    
                             'Hiragino Maru Gothic ProN',                       
                             'Hiragino Mincho ProN',                            
                             'Hiragino Sans', 'Hiragino Sans                    
                             GB', 'Hoefler Text', 'ITF                          
                             Devanagari', 'ITF Devanagari                       
                             Marathi', 'Impact',                                
                             'InaiMathi', 'Kai', 'Kailasa',                     
                             'Kaiti SC', 'Kaiti TC',                            
                             'Kannada MN', 'Kannada Sangam                      
                             MN', 'Kefa III', 'Khmer MN',                       
                             'Khmer Sangam MN', 'Klee',                         
                             'Kohinoor Bangla', 'Kohinoor                       
                             Devanagari', 'Kohinoor                             
                             Gujarati', 'Kohinoor Telugu',                      
                             'Kokonor', 'Krungthep',                            
                             'KufiStandardGK', 'LXGW                            
                             ZhenKai', 'Lantinghei SC',                         
                             'Lantinghei TC', 'Lao MN', 'Lao                    
                             Sangam MN', 'LiHei Pro',                           
                             'LiSong Pro', 'Libian SC',                         
                             'Libian TC', 'LingWai SC',                         
                             'LingWai TC', 'Lucida Grande',                     
                             'Luminari', 'Malayalam MN',                        
                             'Malayalam Sangam MN', 'Marker                     
                             Felt', 'Menlo', 'Microsoft Sans                    
                             Serif', 'Mishafi', 'Mishafi                        
                             Gold', 'Monaco', 'Monospace',                      
                             'Mshtakan', 'Mukta Mahee',                         
                             'Muna', 'Myanmar MN', 'Myanmar                     
                             Sangam MN', 'Nadeem', 'Nanum                       
                             Brush Script', 'Nanum Gothic',                     
                             'Nanum Myeongjo', 'Nanum Pen                       
                             Script', 'New Peninim MT',                         
                             'Noteworthy', 'Noto Nastaliq                       
                             Urdu', 'Noto Sans Batak', 'Noto                    
                             Sans Kannada', 'Noto Sans                          
                             Myanmar', 'Noto Sans NKo',                         
                             'Noto Sans Oriya', 'Noto Sans                      
                             Syriac', 'Noto Sans Tagalog',                      
                             'Noto Serif Myanmar', 'Optima',                    
                             'Oriya MN', 'Oriya Sangam MN',                     
                             'Osaka', 'PCMyungjo', 'PT                          
                             Mono', 'PT Sans', 'PT Sans                         
                             Caption', 'PT Sans Narrow', 'PT                    
                             Serif', 'PT Serif Caption',                        
                             'Palatino', 'Papyrus', 'Party                      
                             LET', 'Phosphate', 'PilGi',                        
                             'PingFang HK', 'PingFang MO',                      
                             'PingFang SC', 'PingFang TC',                      
                             'Plantagenet Cherokee',                            
                             'Raanana', 'Rockwell',                             
                             'STFangsong', 'STHeiti', 'STIX                     
                             Two Math', 'STIX Two Text',                        
                             'STKaiti', 'STSong', 'Sana',                       
                             'Sans', 'Sathu', 'Savoye LET',                     
                             'Serif', 'Shree Devanagari                         
                             714', 'SignPainter', 'Silom',                      
                             'SimSong', 'Sinhala MN',                           
                             'Sinhala Sangam MN', 'Skia',                       
                             'Snell Roundhand', 'Songti SC',                    
                             'Songti TC', 'Sukhumvit Set',                      
                             'Symbol', 'Tahoma', 'Tamil MN',                    
                             'Tamil Sangam MN', 'Telugu MN',                    
                             'Telugu Sangam MN', 'Thonburi',                    
                             'Times New Roman', 'Toppan                         
                             Bunkyu Gothic', 'Toppan Bunkyu                     
                             Midashi Gothic', 'Toppan Bunkyu                    
                             Midashi Mincho', 'Toppan Bunkyu                    
                             Mincho', 'Trattatello',                            
                             'Trebuchet MS', 'Tsukushi A                        
                             Round Gothic', 'Tsukushi B                         
                             Round Gothic', 'Verdana',                          
                             'Waseem', 'Wawati SC', 'Wawati                     
                             TC', 'Webdings', 'Weibei SC',                      
                             'Weibei TC', 'Wingdings',                          
                             'Wingdings 2', 'Wingdings 3',                      
                             'Xingkai SC', 'Xingkai TC',                        
                             'YuGothic', 'YuKyokasho',                          
                             'YuKyokasho Yoko', 'YuMincho',                     
                             'YuMincho +36p Kana', 'Yuanti                      
                             SC', 'Yuanti TC', 'Yuppy SC',                      
                             'Yuppy TC', 'Zapf Dingbats',                       
                             'Zapfino', 'cursive',                              
                             'fantasy', 'system-ui'].                           
[02/27/26 10:59:02] INFO     Animation 1 : Using cached     cairo_renderer.py:94
                             data (hash :                                       
                             656162490_2612279854_113461608                     
                             5)                                                 
Animation 1: Write(Text('锐角的 sin、cos、tan 你会算')):   0%|          | 0/1 [00:00<?, ?it/s]                                                                                                                  INFO     Animation 2 : Using cached     cairo_renderer.py:94
                             data (hash :                                       
                             656162490_3394500337_270057984                     
                             )                                                  
                    INFO     Animation 3 : Using cached     cairo_renderer.py:94
                             data (hash :                                       
                             656162490_1832462702_39890731)                     
Animation 3: Write(Text('那钝角、负角呢?')):   0%|          | 0/1 [00:00<?, ?it/s]                                                                                                      INFO     Animation 4 : Using cached     cairo_renderer.py:94
                             data (hash :                                       
                             656162490_1572642225_135281865                     
                             1)                                                 
Animation 4: FadeIn(VGroup of 3 submobjects):   0%|          | 0/1 [00:00<?, ?it/s]                                                                                   [02/27/26 10:59:03] INFO     Animation 5 : Using cached     cairo_renderer.py:94
                             data (hash :                                       
                             656162490_1193558207_276061888                     
                             6)                                                 
Animation 5: Indicate(MathTex('120^\\circ')), etc.:   0%|          | 0/1 [00:00<?, ?it/s]                                                                                                             INFO     Animation 6 : Using cached     cairo_renderer.py:94
                             data (hash :                                       
                             656162490_1433877407_199600650                     
                             9)                                                 
                    INFO     Animation 7 : Using cached     cairo_renderer.py:94
                             data (hash :                                       
                             656162490_3555599947_103826600                     
                             6)                                                 
Animation 7: FadeOut(Text('锐角的 sin、cos、tan 你会算')), etc.:   0%|          | 0/1 [00:00<?, ?it/s]                                                                                                                          WARNING  Font Noto Sans CJK SC not in    text_mobject.py:464
                             ['.AppleSystemUIFont', 'Academy                    
                             Engraved LET', 'Al Bayan', 'Al                     
                             Nile', 'Al Tarikh', 'American                      
                             Typewriter', 'Andale Mono',                        
                             'Apple Braille', 'Apple                            
                             Chancery', 'Apple Color Emoji',                    
                             'Apple LiGothic', 'Apple                           
                             LiSung', 'Apple SD Gothic Neo',                    
                             'Apple Symbols', 'AppleGothic',                    
                             'AppleMyungjo', 'Arial', 'Arial                    
                             Black', 'Arial Hebrew', 'Arial                     
                             Hebrew Scholar', 'Arial                            
                             Narrow', 'Arial Rounded MT                         
                             Bold', 'Arial Unicode MS',                         
                             'Avenir', 'Avenir Next',                           
                             'Avenir Next Condensed',                           
                             'Ayuthaya', 'BIZ UDGothic',                        
                             'BIZ UDMincho', 'BM Dohyeon',                      
                             'BM Hanna 11yrs Old', 'BM Hanna                    
                             Air', 'BM Hanna Pro', 'BM Jua',                    
                             'BM Kirang Haerang', 'BM                           
                             Yeonsung', 'Baghdad', 'Bangla                      
                             MN', 'Bangla Sangam MN', 'Baoli                    
                             SC', 'Baoli TC', 'Baskerville',                    
                             'Beirut', 'BiauKaiHK',                             
                             'BiauKaiTC', 'Big Caslon',                         
                             'Bodoni 72', 'Bodoni 72                            
                             Oldstyle', 'Bodoni 72                              
                             Smallcaps', 'Bodoni Ornaments',                    
                             'Bradley Hand', 'Brush Script                      
                             MT', 'Chalkboard', 'Chalkboard                     
                             SE', 'Chalkduster', 'Charter',                     
                             'Cochin', 'Comic Sans MS',                         
                             'Copperplate', 'Corsiva                            
                             Hebrew', 'Courier New', 'DIN                       
                             Alternate', 'DIN Condensed',                       
                             'Damascus', 'DecoType Naskh',                      
                             'Devanagari MT', 'Devanagari                       
                             Sangam MN', 'Didot', 'Diwan                        
                             Kufi', 'Diwan Thuluth',                            
                             'Euphemia UCAS', 'Farah',                          
                             'Farisi', 'Futura', 'GB18030                       
                             Bitmap', 'Galvji', 'Geeza Pro',                    
                             'Geneva', 'Georgia', 'Gill                         
                             Sans', 'Grantha Sangam MN',                        
                             'Gujarati MT', 'Gujarati Sangam                    
                             MN', 'GungSeo', 'Gurmukhi MN',                     
                             'Gurmukhi MT', 'Gurmukhi Sangam                    
                             MN', 'Hannotate SC', 'Hannotate                    
                             TC', 'HanziPen SC', 'HanziPen                      
                             TC', 'HeadLineA', 'Hei', 'Heiti                    
                             SC', 'Heiti TC', 'Helvetica',                      
                             'Helvetica Neue', 'Herculanum',                    
                             'Hiragino Maru Gothic ProN',                       
                             'Hiragino Mincho ProN',                            
                             'Hiragino Sans', 'Hiragino Sans                    
                             GB', 'Hoefler Text', 'ITF                          
                             Devanagari', 'ITF Devanagari                       
                             Marathi', 'Impact',                                
                             'InaiMathi', 'Kai', 'Kailasa',                     
                             'Kaiti SC', 'Kaiti TC',                            
                             'Kannada MN', 'Kannada Sangam                      
                             MN', 'Kefa III', 'Khmer MN',                       
                             'Khmer Sangam MN', 'Klee',                         
                             'Kohinoor Bangla', 'Kohinoor                       
                             Devanagari', 'Kohinoor                             
                             Gujarati', 'Kohinoor Telugu',                      
                             'Kokonor', 'Krungthep',                            
                             'KufiStandardGK', 'LXGW                            
                             ZhenKai', 'Lantinghei SC',                         
                             'Lantinghei TC', 'Lao MN', 'Lao                    
                             Sangam MN', 'LiHei Pro',                           
                             'LiSong Pro', 'Libian SC',                         
                             'Libian TC', 'LingWai SC',                         
                             'LingWai TC', 'Lucida Grande',                     
                             'Luminari', 'Malayalam MN',                        
                             'Malayalam Sangam MN', 'Marker                     
                             Felt', 'Menlo', 'Microsoft Sans                    
                             Serif', 'Mishafi', 'Mishafi                        
                             Gold', 'Monaco', 'Monospace',                      
                             'Mshtakan', 'Mukta Mahee',                         
                             'Muna', 'Myanmar MN', 'Myanmar                     
                             Sangam MN', 'Nadeem', 'Nanum                       
                             Brush Script', 'Nanum Gothic',                     
                             'Nanum Myeongjo', 'Nanum Pen                       
                             Script', 'New Peninim MT',                         
                             'Noteworthy', 'Noto Nastaliq                       
                             Urdu', 'Noto Sans Batak', 'Noto                    
                             Sans Kannada', 'Noto Sans                          
                             Myanmar', 'Noto Sans NKo',                         
                             'Noto Sans Oriya', 'Noto Sans                      
                             Syriac', 'Noto Sans Tagalog',                      
                             'Noto Serif Myanmar', 'Optima',                    
                             'Oriya MN', 'Oriya Sangam MN',                     
                             'Osaka', 'PCMyungjo', 'PT                          
                             Mono', 'PT Sans', 'PT Sans                         
                             Caption', 'PT Sans Narrow', 'PT                    
                             Serif', 'PT Serif Caption',                        
                             'Palatino', 'Papyrus', 'Party                      
                             LET', 'Phosphate', 'PilGi',                        
                             'PingFang HK', 'PingFang MO',                      
                             'PingFang SC', 'PingFang TC',                      
                             'Plantagenet Cherokee',                            
                             'Raanana', 'Rockwell',                             
                             'STFangsong', 'STHeiti', 'STIX                     
                             Two Math', 'STIX Two Text',                        
                             'STKaiti', 'STSong', 'Sana',                       
                             'Sans', 'Sathu', 'Savoye LET',                     
                             'Serif', 'Shree Devanagari                         
                             714', 'SignPainter', 'Silom',                      
                             'SimSong', 'Sinhala MN',                           
                             'Sinhala Sangam MN', 'Skia',                       
                             'Snell Roundhand', 'Songti SC',                    
                             'Songti TC', 'Sukhumvit Set',                      
                             'Symbol', 'Tahoma', 'Tamil MN',                    
                             'Tamil Sangam MN', 'Telugu MN',                    
                             'Telugu Sangam MN', 'Thonburi',                    
                             'Times New Roman', 'Toppan                         
                             Bunkyu Gothic', 'Toppan Bunkyu                     
                             Midashi Gothic', 'Toppan Bunkyu                    
                             Midashi Mincho', 'Toppan Bunkyu                    
                             Mincho', 'Trattatello',                            
                             'Trebuchet MS', 'Tsukushi A                        
                             Round Gothic', 'Tsukushi B                         
                             Round Gothic', 'Verdana',                          
                             'Waseem', 'Wawati SC', 'Wawati                     
                             TC', 'Webdings', 'Weibei SC',                      
                             'Weibei TC', 'Wingdings',                          
                             'Wingdings 2', 'Wingdings 3',                      
                             'Xingkai SC', 'Xingkai TC',                        
                             'YuGothic', 'YuKyokasho',                          
                             'YuKyokasho Yoko', 'YuMincho',                     
                             'YuMincho +36p Kana', 'Yuanti                      
                             SC', 'Yuanti TC', 'Yuppy SC',                      
                             'Yuppy TC', 'Zapf Dingbats',                       
                             'Zapfino', 'cursive',                              
                             'fantasy', 'system-ui'].                           
                    INFO     Animation 8 : Using cached     cairo_renderer.py:94
                             data (hash :                                       
                             656162490_1605138277_261622074                     
                             0)                                                 
Animation 8: FadeIn(Text('单位圆上的三角函数')):   0%|          | 0/1 [00:00<?, ?it/s]                                                                                      [02/27/26 10:59:04] INFO     Animation 9 : Using cached     cairo_renderer.py:94
                             data (hash :                                       
                             656162490_1725183736_615894306                     
                             )                                                  
Animation 9: Create(Axes of 2 submobjects), etc.:   0%|          | 0/1 [00:00<?, ?it/s]                                                                                                           WARNING  Font Noto Sans CJK SC not in    text_mobject.py:464
                             ['.AppleSystemUIFont', 'Academy                    
                             Engraved LET', 'Al Bayan', 'Al                     
                             Nile', 'Al Tarikh', 'American                      
                             Typewriter', 'Andale Mono',                        
                             'Apple Braille', 'Apple                            
                             Chancery', 'Apple Color Emoji',                    
                             'Apple LiGothic', 'Apple                           
                             LiSung', 'Apple SD Gothic Neo',                    
                             'Apple Symbols', 'AppleGothic',                    
                             'AppleMyungjo', 'Arial', 'Arial                    
                             Black', 'Arial Hebrew', 'Arial                     
                             Hebrew Scholar', 'Arial                            
                             Narrow', 'Arial Rounded MT                         
                             Bold', 'Arial Unicode MS',                         
                             'Avenir', 'Avenir Next',                           
                             'Avenir Next Condensed',                           
                             'Ayuthaya', 'BIZ UDGothic',                        
                             'BIZ UDMincho', 'BM Dohyeon',                      
                             'BM Hanna 11yrs Old', 'BM Hanna                    
                             Air', 'BM Hanna Pro', 'BM Jua',                    
                             'BM Kirang Haerang', 'BM                           
                             Yeonsung', 'Baghdad', 'Bangla                      
                             MN', 'Bangla Sangam MN', 'Baoli                    
                             SC', 'Baoli TC', 'Baskerville',                    
                             'Beirut', 'BiauKaiHK',                             
                             'BiauKaiTC', 'Big Caslon',                         
                             'Bodoni 72', 'Bodoni 72                            
                             Oldstyle', 'Bodoni 72                              
                             Smallcaps', 'Bodoni Ornaments',                    
                             'Bradley Hand', 'Brush Script                      
                             MT', 'Chalkboard', 'Chalkboard                     
                             SE', 'Chalkduster', 'Charter',                     
                             'Cochin', 'Comic Sans MS',                         
                             'Copperplate', 'Corsiva                            
                             Hebrew', 'Courier New', 'DIN                       
                             Alternate', 'DIN Condensed',                       
                             'Damascus', 'DecoType Naskh',                      
                             'Devanagari MT', 'Devanagari                       
                             Sangam MN', 'Didot', 'Diwan                        
                             Kufi', 'Diwan Thuluth',                            
                             'Euphemia UCAS', 'Farah',                          
                             'Farisi', 'Futura', 'GB18030                       
                             Bitmap', 'Galvji', 'Geeza Pro',                    
                             'Geneva', 'Georgia', 'Gill                         
                             Sans', 'Grantha Sangam MN',                        
                             'Gujarati MT', 'Gujarati Sangam                    
                             MN', 'GungSeo', 'Gurmukhi MN',                     
                             'Gurmukhi MT', 'Gurmukhi Sangam                    
                             MN', 'Hannotate SC', 'Hannotate                    
                             TC', 'HanziPen SC', 'HanziPen                      
                             TC', 'HeadLineA', 'Hei', 'Heiti                    
                             SC', 'Heiti TC', 'Helvetica',                      
                             'Helvetica Neue', 'Herculanum',                    
                             'Hiragino Maru Gothic ProN',                       
                             'Hiragino Mincho ProN',                            
                             'Hiragino Sans', 'Hiragino Sans                    
                             GB', 'Hoefler Text', 'ITF                          
                             Devanagari', 'ITF Devanagari                       
                             Marathi', 'Impact',                                
                             'InaiMathi', 'Kai', 'Kailasa',                     
                             'Kaiti SC', 'Kaiti TC',                            
                             'Kannada MN', 'Kannada Sangam                      
                             MN', 'Kefa III', 'Khmer MN',                       
                             'Khmer Sangam MN', 'Klee',                         
                             'Kohinoor Bangla', 'Kohinoor                       
                             Devanagari', 'Kohinoor                             
                             Gujarati', 'Kohinoor Telugu',                      
                             'Kokonor', 'Krungthep',                            
                             'KufiStandardGK', 'LXGW                            
                             ZhenKai', 'Lantinghei SC',                         
                             'Lantinghei TC', 'Lao MN', 'Lao                    
                             Sangam MN', 'LiHei Pro',                           
                             'LiSong Pro', 'Libian SC',                         
                             'Libian TC', 'LingWai SC',                         
                             'LingWai TC', 'Lucida Grande',                     
                             'Luminari', 'Malayalam MN',                        
                             'Malayalam Sangam MN', 'Marker                     
                             Felt', 'Menlo', 'Microsoft Sans                    
                             Serif', 'Mishafi', 'Mishafi                        
                             Gold', 'Monaco', 'Monospace',                      
                             'Mshtakan', 'Mukta Mahee',                         
                             'Muna', 'Myanmar MN', 'Myanmar                     
                             Sangam MN', 'Nadeem', 'Nanum                       
                             Brush Script', 'Nanum Gothic',                     
                             'Nanum Myeongjo', 'Nanum Pen                       
                             Script', 'New Peninim MT',                         
                             'Noteworthy', 'Noto Nastaliq                       
                             Urdu', 'Noto Sans Batak', 'Noto                    
                             Sans Kannada', 'Noto Sans                          
                             Myanmar', 'Noto Sans NKo',                         
                             'Noto Sans Oriya', 'Noto Sans                      
                             Syriac', 'Noto Sans Tagalog',                      
                             'Noto Serif Myanmar', 'Optima',                    
                             'Oriya MN', 'Oriya Sangam MN',                     
                             'Osaka', 'PCMyungjo', 'PT                          
                             Mono', 'PT Sans', 'PT Sans                         
                             Caption', 'PT Sans Narrow', 'PT                    
                             Serif', 'PT Serif Caption',                        
                             'Palatino', 'Papyrus', 'Party                      
                             LET', 'Phosphate', 'PilGi',                        
                             'PingFang HK', 'PingFang MO',                      
                             'PingFang SC', 'PingFang TC',                      
                             'Plantagenet Cherokee',                            
                             'Raanana', 'Rockwell',                             
                             'STFangsong', 'STHeiti', 'STIX                     
                             Two Math', 'STIX Two Text',                        
                             'STKaiti', 'STSong', 'Sana',                       
                             'Sans', 'Sathu', 'Savoye LET',                     
                             'Serif', 'Shree Devanagari                         
                             714', 'SignPainter', 'Silom',                      
                             'SimSong', 'Sinhala MN',                           
                             'Sinhala Sangam MN', 'Skia',                       
                             'Snell Roundhand', 'Songti SC',                    
                             'Songti TC', 'Sukhumvit Set',                      
                             'Symbol', 'Tahoma', 'Tamil MN',                    
                             'Tamil Sangam MN', 'Telugu MN',                    
                             'Telugu Sangam MN', 'Thonburi',                    
                             'Times New Roman', 'Toppan                         
                             Bunkyu Gothic', 'Toppan Bunkyu                     
                             Midashi Gothic', 'Toppan Bunkyu                    
                             Midashi Mincho', 'Toppan Bunkyu                    
                             Mincho', 'Trattatello',                            
                             'Trebuchet MS', 'Tsukushi A                        
                             Round Gothic', 'Tsukushi B                         
                             Round Gothic', 'Verdana',                          
                             'Waseem', 'Wawati SC', 'Wawati                     
                             TC', 'Webdings', 'Weibei SC',                      
                             'Weibei TC', 'Wingdings',                          
                             'Wingdings 2', 'Wingdings 3',                      
                             'Xingkai SC', 'Xingkai TC',                        
                             'YuGothic', 'YuKyokasho',                          
                             'YuKyokasho Yoko', 'YuMincho',                     
                             'YuMincho +36p Kana', 'Yuanti                      
                             SC', 'Yuanti TC', 'Yuppy SC',                      
                             'Yuppy TC', 'Zapf Dingbats',                       
                             'Zapfino', 'cursive',                              
                             'fantasy', 'system-ui'].                           
                    INFO     Animation 10 : Using cached    cairo_renderer.py:94
                             data (hash :                                       
                             656162490_2235505328_418847816                     
                             )                                                  
Animation 10: Create(Circle):   0%|          | 0/1 [00:00<?, ?it/s]                                                                                       INFO     Animation 11 : Using cached    cairo_renderer.py:94
                             data (hash :                                       
                             656162490_1027190374_488002974                     
                             )                                                  
Animation 11: FadeIn(Text('单位圆')):   0%|          | 0/1 [00:00<?, ?it/s]                                                                                               INFO     Animation 12 : Using cached    cairo_renderer.py:94
                             data (hash :                                       
                             656162490_1433877407_640372015                     
                             )                                                  
                    WARNING  Font Noto Sans CJK SC not in    text_mobject.py:464
                             ['.AppleSystemUIFont', 'Academy                    
                             Engraved LET', 'Al Bayan', 'Al                     
                             Nile', 'Al Tarikh', 'American                      
                             Typewriter', 'Andale Mono',                        
                             'Apple Braille', 'Apple                            
                             Chancery', 'Apple Color Emoji',                    
                             'Apple LiGothic', 'Apple                           
                             LiSung', 'Apple SD Gothic Neo',                    
                             'Apple Symbols', 'AppleGothic',                    
                             'AppleMyungjo', 'Arial', 'Arial                    
                             Black', 'Arial Hebrew', 'Arial                     
                             Hebrew Scholar', 'Arial                            
                             Narrow', 'Arial Rounded MT                         
                             Bold', 'Arial Unicode MS',                         
                             'Avenir', 'Avenir Next',                           
                             'Avenir Next Condensed',                           
                             'Ayuthaya', 'BIZ UDGothic',                        
                             'BIZ UDMincho', 'BM Dohyeon',                      
                             'BM Hanna 11yrs Old', 'BM Hanna                    
                             Air', 'BM Hanna Pro', 'BM Jua',                    
                             'BM Kirang Haerang', 'BM                           
                             Yeonsung', 'Baghdad', 'Bangla                      
                             MN', 'Bangla Sangam MN', 'Baoli                    
                             SC', 'Baoli TC', 'Baskerville',                    
                             'Beirut', 'BiauKaiHK',                             
                             'BiauKaiTC', 'Big Caslon',                         
                             'Bodoni 72', 'Bodoni 72                            
                             Oldstyle', 'Bodoni 72                              
                             Smallcaps', 'Bodoni Ornaments',                    
                             'Bradley Hand', 'Brush Script                      
                             MT', 'Chalkboard', 'Chalkboard                     
                             SE', 'Chalkduster', 'Charter',                     
                             'Cochin', 'Comic Sans MS',                         
                             'Copperplate', 'Corsiva                            
                             Hebrew', 'Courier New', 'DIN                       
                             Alternate', 'DIN Condensed',                       
                             'Damascus', 'DecoType Naskh',                      
                             'Devanagari MT', 'Devanagari                       
                             Sangam MN', 'Didot', 'Diwan                        
                             Kufi', 'Diwan Thuluth',                            
                             'Euphemia UCAS', 'Farah',                          
                             'Farisi', 'Futura', 'GB18030                       
                             Bitmap', 'Galvji', 'Geeza Pro',                    
                             'Geneva', 'Georgia', 'Gill                         
                             Sans', 'Grantha Sangam MN',                        
                             'Gujarati MT', 'Gujarati Sangam                    
                             MN', 'GungSeo', 'Gurmukhi MN',                     
                             'Gurmukhi MT', 'Gurmukhi Sangam                    
                             MN', 'Hannotate SC', 'Hannotate                    
                             TC', 'HanziPen SC', 'HanziPen                      
                             TC', 'HeadLineA', 'Hei', 'Heiti                    
                             SC', 'Heiti TC', 'Helvetica',                      
                             'Helvetica Neue', 'Herculanum',                    
                             'Hiragino Maru Gothic ProN',                       
                             'Hiragino Mincho ProN',                            
                             'Hiragino Sans', 'Hiragino Sans                    
                             GB', 'Hoefler Text', 'ITF                          
                             Devanagari', 'ITF Devanagari                       
                             Marathi', 'Impact',                                
                             'InaiMathi', 'Kai', 'Kailasa',                     
                             'Kaiti SC', 'Kaiti TC',                            
                             'Kannada MN', 'Kannada Sangam                      
                             MN', 'Kefa III', 'Khmer MN',                       
                             'Khmer Sangam MN', 'Klee',                         
                             'Kohinoor Bangla', 'Kohinoor                       
                             Devanagari', 'Kohinoor                             
                             Gujarati', 'Kohinoor Telugu',                      
                             'Kokonor', 'Krungthep',                            
                             'KufiStandardGK', 'LXGW                            
                             ZhenKai', 'Lantinghei SC',                         
                             'Lantinghei TC', 'Lao MN', 'Lao                    
                             Sangam MN', 'LiHei Pro',                           
                             'LiSong Pro', 'Libian SC',                         
                             'Libian TC', 'LingWai SC',                         
                             'LingWai TC', 'Lucida Grande',                     
                             'Luminari', 'Malayalam MN',                        
                             'Malayalam Sangam MN', 'Marker                     
                             Felt', 'Menlo', 'Microsoft Sans                    
                             Serif', 'Mishafi', 'Mishafi                        
                             Gold', 'Monaco', 'Monospace',                      
                             'Mshtakan', 'Mukta Mahee',                         
                             'Muna', 'Myanmar MN', 'Myanmar                     
                             Sangam MN', 'Nadeem', 'Nanum                       
                             Brush Script', 'Nanum Gothic',                     
                             'Nanum Myeongjo', 'Nanum Pen                       
                             Script', 'New Peninim MT',                         
                             'Noteworthy', 'Noto Nastaliq                       
                             Urdu', 'Noto Sans Batak', 'Noto                    
                             Sans Kannada', 'Noto Sans                          
                             Myanmar', 'Noto Sans NKo',                         
                             'Noto Sans Oriya', 'Noto Sans                      
                             Syriac', 'Noto Sans Tagalog',                      
                             'Noto Serif Myanmar', 'Optima',                    
                             'Oriya MN', 'Oriya Sangam MN',                     
                             'Osaka', 'PCMyungjo', 'PT                          
                             Mono', 'PT Sans', 'PT Sans                         
                             Caption', 'PT Sans Narrow', 'PT                    
                             Serif', 'PT Serif Caption',                        
                             'Palatino', 'Papyrus', 'Party                      
                             LET', 'Phosphate', 'PilGi',                        
                             'PingFang HK', 'PingFang MO',                      
                             'PingFang SC', 'PingFang TC',                      
                             'Plantagenet Cherokee',                            
                             'Raanana', 'Rockwell',                             
                             'STFangsong', 'STHeiti', 'STIX                     
                             Two Math', 'STIX Two Text',                        
                             'STKaiti', 'STSong', 'Sana',                       
                             'Sans', 'Sathu', 'Savoye LET',                     
                             'Serif', 'Shree Devanagari                         
                             714', 'SignPainter', 'Silom',                      
                             'SimSong', 'Sinhala MN',                           
                             'Sinhala Sangam MN', 'Skia',                       
                             'Snell Roundhand', 'Songti SC',                    
                             'Songti TC', 'Sukhumvit Set',                      
                             'Symbol', 'Tahoma', 'Tamil MN',                    
                             'Tamil Sangam MN', 'Telugu MN',                    
                             'Telugu Sangam MN', 'Thonburi',                    
                             'Times New Roman', 'Toppan                         
                             Bunkyu Gothic', 'Toppan Bunkyu                     
                             Midashi Gothic', 'Toppan Bunkyu                    
                             Midashi Mincho', 'Toppan Bunkyu                    
                             Mincho', 'Trattatello',                            
                             'Trebuchet MS', 'Tsukushi A                        
                             Round Gothic', 'Tsukushi B                         
                             Round Gothic', 'Verdana',                          
                             'Waseem', 'Wawati SC', 'Wawati                     
                             TC', 'Webdings', 'Weibei SC',                      
                             'Weibei TC', 'Wingdings',                          
                             'Wingdings 2', 'Wingdings 3',                      
                             'Xingkai SC', 'Xingkai TC',                        
                             'YuGothic', 'YuKyokasho',                          
                             'YuKyokasho Yoko', 'YuMincho',                     
                             'YuMincho +36p Kana', 'Yuanti                      
                             SC', 'Yuanti TC', 'Yuppy SC',                      
                             'Yuppy TC', 'Zapf Dingbats',                       
                             'Zapfino', 'cursive',                              
                             'fantasy', 'system-ui'].                           
                    INFO     Animation 13 : Using cached    cairo_renderer.py:94
                             data (hash :                                       
                             656162490_2563228629_991689154                     
                             )                                                  
Animation 13: FadeIn(Text('设角α的终边与单位圆交于点 P(x, y)')):   0%|          | 0/1 [00:00<?, ?it/s]                                                                                                      [02/27/26 10:59:05] INFO     Animation 14 : Using cached    cairo_renderer.py:94
                             data (hash :                                       
                             656162490_1613987880_428653274                     
                             4)                                                 
Animation 14: Write(MathTex('\\sin\\alpha = y')):   0%|          | 0/1 [00:00<?, ?it/s]                                                                                                           INFO     Animation 15 : Using cached    cairo_renderer.py:94
                             data (hash :                                       
                             656162490_3585970359_292398986                     
                             2)                                                 
[02/27/26 10:59:06] INFO     Animation 16 : Using cached    cairo_renderer.py:94
                             data (hash :                                       
                             656162490_861601404_199907701)                     
Animation 16: Write(MathTex('\\cos\\alpha = x')):   0%|          | 0/1 [00:00<?, ?it/s]                                                                                                           INFO     Animation 17 : Using cached    cairo_renderer.py:94
                             data (hash :                                       
                             656162490_3585970359_310532713                     
                             4)                                                 
                    INFO     Animation 18 : Using cached    cairo_renderer.py:94
                             data (hash :                                       
                             656162490_1085670857_237415609                     
                             7)                                                 
Animation 18: Write(MathTex('\\tan\\alpha = \\frac{y}{x}')):   0%|          | 0/1 [00:00<?, ?it/s]                                                                                                  [02/27/26 10:59:07] INFO     Animation 19 : Using cached    cairo_renderer.py:94
                             data (hash :                                       
                             656162490_3585970359_114782351                     
                             1)                                                 
                    INFO     Animation 20 : Using cached    cairo_renderer.py:94
                             data (hash :                                       
                             656162490_3366045169_167035584                     
                             8)                                                 
                    INFO     Animation 21 : Using cached    cairo_renderer.py:94
                             data (hash :                                       
                             656162490_3668941989_496175196                     
                             )                                                  
Animation 21: FadeOut(Text('单位圆上的三角函数')), etc.:   0%|          | 0/1 [00:00<?, ?it/s]                                                                                                                  WARNING  Font Noto Sans CJK SC not in    text_mobject.py:464
                             ['.AppleSystemUIFont', 'Academy                    
                             Engraved LET', 'Al Bayan', 'Al                     
                             Nile', 'Al Tarikh', 'American                      
                             Typewriter', 'Andale Mono',                        
                             'Apple Braille', 'Apple                            
                             Chancery', 'Apple Color Emoji',                    
                             'Apple LiGothic', 'Apple                           
                             LiSung', 'Apple SD Gothic Neo',                    
                             'Apple Symbols', 'AppleGothic',                    
                             'AppleMyungjo', 'Arial', 'Arial                    
                             Black', 'Arial Hebrew', 'Arial                     
                             Hebrew Scholar', 'Arial                            
                             Narrow', 'Arial Rounded MT                         
                             Bold', 'Arial Unicode MS',                         
                             'Avenir', 'Avenir Next',                           
                             'Avenir Next Condensed',                           
                             'Ayuthaya', 'BIZ UDGothic',                        
                             'BIZ UDMincho', 'BM Dohyeon',                      
                             'BM Hanna 11yrs Old', 'BM Hanna                    
                             Air', 'BM Hanna Pro', 'BM Jua',                    
                             'BM Kirang Haerang', 'BM                           
                             Yeonsung', 'Baghdad', 'Bangla                      
                             MN', 'Bangla Sangam MN', 'Baoli                    
                             SC', 'Baoli TC', 'Baskerville',                    
                             'Beirut', 'BiauKaiHK',                             
                             'BiauKaiTC', 'Big Caslon',                         
                             'Bodoni 72', 'Bodoni 72                            
                             Oldstyle', 'Bodoni 72                              
                             Smallcaps', 'Bodoni Ornaments',                    
                             'Bradley Hand', 'Brush Script                      
                             MT', 'Chalkboard', 'Chalkboard                     
                             SE', 'Chalkduster', 'Charter',                     
                             'Cochin', 'Comic Sans MS',                         
                             'Copperplate', 'Corsiva                            
                             Hebrew', 'Courier New', 'DIN                       
                             Alternate', 'DIN Condensed',                       
                             'Damascus', 'DecoType Naskh',                      
                             'Devanagari MT', 'Devanagari                       
                             Sangam MN', 'Didot', 'Diwan                        
                             Kufi', 'Diwan Thuluth',                            
                             'Euphemia UCAS', 'Farah',                          
                             'Farisi', 'Futura', 'GB18030                       
                             Bitmap', 'Galvji', 'Geeza Pro',                    
                             'Geneva', 'Georgia', 'Gill                         
                             Sans', 'Grantha Sangam MN',                        
                             'Gujarati MT', 'Gujarati Sangam                    
                             MN', 'GungSeo', 'Gurmukhi MN',                     
                             'Gurmukhi MT', 'Gurmukhi Sangam                    
                             MN', 'Hannotate SC', 'Hannotate                    
                             TC', 'HanziPen SC', 'HanziPen                      
                             TC', 'HeadLineA', 'Hei', 'Heiti                    
                             SC', 'Heiti TC', 'Helvetica',                      
                             'Helvetica Neue', 'Herculanum',                    
                             'Hiragino Maru Gothic ProN',                       
                             'Hiragino Mincho ProN',                            
                             'Hiragino Sans', 'Hiragino Sans                    
                             GB', 'Hoefler Text', 'ITF                          
                             Devanagari', 'ITF Devanagari                       
                             Marathi', 'Impact',                                
                             'InaiMathi', 'Kai', 'Kailasa',                     
                             'Kaiti SC', 'Kaiti TC',                            
                             'Kannada MN', 'Kannada Sangam                      
                             MN', 'Kefa III', 'Khmer MN',                       
                             'Khmer Sangam MN', 'Klee',                         
                             'Kohinoor Bangla', 'Kohinoor                       
                             Devanagari', 'Kohinoor                             
                             Gujarati', 'Kohinoor Telugu',                      
                             'Kokonor', 'Krungthep',                            
                             'KufiStandardGK', 'LXGW                            
                             ZhenKai', 'Lantinghei SC',                         
                             'Lantinghei TC', 'Lao MN', 'Lao                    
                             Sangam MN', 'LiHei Pro',                           
                             'LiSong Pro', 'Libian SC',                         
                             'Libian TC', 'LingWai SC',                         
                             'LingWai TC', 'Lucida Grande',                     
                             'Luminari', 'Malayalam MN',                        
                             'Malayalam Sangam MN', 'Marker                     
                             Felt', 'Menlo', 'Microsoft Sans                    
                             Serif', 'Mishafi', 'Mishafi                        
                             Gold', 'Monaco', 'Monospace',                      
                             'Mshtakan', 'Mukta Mahee',                         
                             'Muna', 'Myanmar MN', 'Myanmar                     
                             Sangam MN', 'Nadeem', 'Nanum                       
                             Brush Script', 'Nanum Gothic',                     
                             'Nanum Myeongjo', 'Nanum Pen                       
                             Script', 'New Peninim MT',                         
                             'Noteworthy', 'Noto Nastaliq                       
                             Urdu', 'Noto Sans Batak', 'Noto                    
                             Sans Kannada', 'Noto Sans                          
                             Myanmar', 'Noto Sans NKo',                         
                             'Noto Sans Oriya', 'Noto Sans                      
                             Syriac', 'Noto Sans Tagalog',                      
                             'Noto Serif Myanmar', 'Optima',                    
                             'Oriya MN', 'Oriya Sangam MN',                     
                             'Osaka', 'PCMyungjo', 'PT                          
                             Mono', 'PT Sans', 'PT Sans                         
                             Caption', 'PT Sans Narrow', 'PT                    
                             Serif', 'PT Serif Caption',                        
                             'Palatino', 'Papyrus', 'Party                      
                             LET', 'Phosphate', 'PilGi',                        
                             'PingFang HK', 'PingFang MO',                      
                             'PingFang SC', 'PingFang TC',                      
                             'Plantagenet Cherokee',                            
                             'Raanana', 'Rockwell',                             
                             'STFangsong', 'STHeiti', 'STIX                     
                             Two Math', 'STIX Two Text',                        
                             'STKaiti', 'STSong', 'Sana',                       
                             'Sans', 'Sathu', 'Savoye LET',                     
                             'Serif', 'Shree Devanagari                         
                             714', 'SignPainter', 'Silom',                      
                             'SimSong', 'Sinhala MN',                           
                             'Sinhala Sangam MN', 'Skia',                       
                             'Snell Roundhand', 'Songti SC',                    
                             'Songti TC', 'Sukhumvit Set',                      
                             'Symbol', 'Tahoma', 'Tamil MN',                    
                             'Tamil Sangam MN', 'Telugu MN',                    
                             'Telugu Sangam MN', 'Thonburi',                    
                             'Times New Roman', 'Toppan                         
                             Bunkyu Gothic', 'Toppan Bunkyu                     
                             Midashi Gothic', 'Toppan Bunkyu                    
                             Midashi Mincho', 'Toppan Bunkyu                    
                             Mincho', 'Trattatello',                            
                             'Trebuchet MS', 'Tsukushi A                        
                             Round Gothic', 'Tsukushi B                         
                             Round Gothic', 'Verdana',                          
                             'Waseem', 'Wawati SC', 'Wawati                     
                             TC', 'Webdings', 'Weibei SC',                      
                             'Weibei TC', 'Wingdings',                          
                             'Wingdings 2', 'Wingdings 3',                      
                             'Xingkai SC', 'Xingkai TC',                        
                             'YuGothic', 'YuKyokasho',                          
                             'YuKyokasho Yoko', 'YuMincho',                     
                             'YuMincho +36p Kana', 'Yuanti                      
                             SC', 'Yuanti TC', 'Yuppy SC',                      
                             'Yuppy TC', 'Zapf Dingbats',                       
                             'Zapfino', 'cursive',                              
                             'fantasy', 'system-ui'].                           
[02/27/26 10:59:08] INFO     Animation 22 : Using cached    cairo_renderer.py:94
                             data (hash :                                       
                             656162490_945443398_2169756652                     
                             )                                                  
Animation 22: FadeIn(Text('第一象限 (0° < α < 90°)')):   0%|          | 0/1 [00:00<?, ?it/s]                                                                                                                INFO     Animation 23 : Using cached    cairo_renderer.py:94
                             data (hash :                                       
                             656162490_519273435_785730192)                     
Animation 23: FadeIn(Polygon):   0%|          | 0/1 [00:00<?, ?it/s]                                                                                        INFO     Animation 24 : Using cached    cairo_renderer.py:94
                             data (hash :                                       
                             656162490_3614475067_241929100                     
                             9)                                                 
Animation 24: Create(Arc), etc.:   0%|          | 0/1 [00:00<?, ?it/s]                                                                                          INFO     Animation 25 : Using cached    cairo_renderer.py:94
                             data (hash :                                       
                             656162490_4180334005_405672824                     
                             7)                                                 
Animation 25: Create(Line):   0%|          | 0/1 [00:00<?, ?it/s]                                                                                     INFO     Animation 26 : Using cached    cairo_renderer.py:94
                             data (hash :                                       
                             656162490_1184077656_133703504                     
                             6)                                                 
Animation 26: FadeIn(Dot), etc.:   0%|          | 0/1 [00:00<?, ?it/s]                                                                      Animation 27: Create(DashedLine), etc.:   0%|          | 0/48 [00:00<?, ?it/s]Animation 27: Create(DashedLine), etc.:  44%|████▍     | 21/48 [00:00<00:00, 199.74it/s]Animation 27: Create(DashedLine), etc.:  94%|█████████▍| 45/48 [00:00<00:00, 220.78it/s]                                                                                        [02/27/26 10:59:09] INFO     Animation 27 : Partial     scene_file_writer.py:590
                             movie file written in                              
                             '/Users/mx/Desktop/manim_m                         
                             ath/高中/高一/第二学期/第                          
                             五章-三角比/002任意角的三                          
                             角比/media/videos/any_angl                         
                             e_trigonometry/1920p60/par                         
                             tial_movie_files/AnyAngleT                         
                             rigonometry/656162490_9507                         
                             72729_3299036411.mp4'                              
                    INFO     Writing                     tex_file_writing.py:110
                             \special{dvisvgm:raw <g                            
                             id='unique000'>}x >                                
                             0\special{dvisvgm:raw </g>}                        
                             to                                                 
                             media/Tex/a7f14bd1bdc81d97.                        
                             tex                                                
                    INFO     Writing                     tex_file_writing.py:110
                             \special{dvisvgm:raw <g                            
                             id='unique000'>}y >                                
                             0\special{dvisvgm:raw </g>}                        
                             to                                                 
                             media/Tex/1c7f94f340a6dbd5.                        
                             tex                                                
Animation 28: FadeIn(Brace), etc.:   0%|          | 0/60 [00:00<?, ?it/s]Animation 28: FadeIn(Brace), etc.:  27%|██▋       | 16/60 [00:00<00:00, 148.30it/s]Animation 28: FadeIn(Brace), etc.:  55%|█████▌    | 33/60 [00:00<00:00, 155.77it/s]Animation 28: FadeIn(Brace), etc.:  85%|████████▌ | 51/60 [00:00<00:00, 162.76it/s]                                                                                   [02/27/26 10:59:11] INFO     Animation 28 : Partial     scene_file_writer.py:590
                             movie file written in                              
                             '/Users/mx/Desktop/manim_m                         
                             ath/高中/高一/第二学期/第                          
                             五章-三角比/002任意角的三                          
                             角比/media/videos/any_angl                         
                             e_trigonometry/1920p60/par                         
                             tial_movie_files/AnyAngleT                         
                             rigonometry/656162490_1861                         
                             093778_4212056592.mp4'                             
                    WARNING  Font Noto Sans CJK SC not in    text_mobject.py:464
                             ['.AppleSystemUIFont', 'Academy                    
                             Engraved LET', 'Al Bayan', 'Al                     
                             Nile', 'Al Tarikh', 'American                      
                             Typewriter', 'Andale Mono',                        
                             'Apple Braille', 'Apple                            
                             Chancery', 'Apple Color Emoji',                    
                             'Apple LiGothic', 'Apple                           
                             LiSung', 'Apple SD Gothic Neo',                    
                             'Apple Symbols', 'AppleGothic',                    
                             'AppleMyungjo', 'Arial', 'Arial                    
                             Black', 'Arial Hebrew', 'Arial                     
                             Hebrew Scholar', 'Arial                            
                             Narrow', 'Arial Rounded MT                         
                             Bold', 'Arial Unicode MS',                         
                             'Avenir', 'Avenir Next',                           
                             'Avenir Next Condensed',                           
                             'Ayuthaya', 'BIZ UDGothic',                        
                             'BIZ UDMincho', 'BM Dohyeon',                      
                             'BM Hanna 11yrs Old', 'BM Hanna                    
                             Air', 'BM Hanna Pro', 'BM Jua',                    
                             'BM Kirang Haerang', 'BM                           
                             Yeonsung', 'Baghdad', 'Bangla                      
                             MN', 'Bangla Sangam MN', 'Baoli                    
                             SC', 'Baoli TC', 'Baskerville',                    
                             'Beirut', 'BiauKaiHK',                             
                             'BiauKaiTC', 'Big Caslon',                         
                             'Bodoni 72', 'Bodoni 72                            
                             Oldstyle', 'Bodoni 72                              
                             Smallcaps', 'Bodoni Ornaments',                    
                             'Bradley Hand', 'Brush Script                      
                             MT', 'Chalkboard', 'Chalkboard                     
                             SE', 'Chalkduster', 'Charter',                     
                             'Cochin', 'Comic Sans MS',                         
                             'Copperplate', 'Corsiva                            
                             Hebrew', 'Courier New', 'DIN                       
                             Alternate', 'DIN Condensed',                       
                             'Damascus', 'DecoType Naskh',                      
                             'Devanagari MT', 'Devanagari                       
                             Sangam MN', 'Didot', 'Diwan                        
                             Kufi', 'Diwan Thuluth',                            
                             'Euphemia UCAS', 'Farah',                          
                             'Farisi', 'Futura', 'GB18030                       
                             Bitmap', 'Galvji', 'Geeza Pro',                    
                             'Geneva', 'Georgia', 'Gill                         
                             Sans', 'Grantha Sangam MN',                        
                             'Gujarati MT', 'Gujarati Sangam                    
                             MN', 'GungSeo', 'Gurmukhi MN',                     
                             'Gurmukhi MT', 'Gurmukhi Sangam                    
                             MN', 'Hannotate SC', 'Hannotate                    
                             TC', 'HanziPen SC', 'HanziPen                      
                             TC', 'HeadLineA', 'Hei', 'Heiti                    
                             SC', 'Heiti TC', 'Helvetica',                      
                             'Helvetica Neue', 'Herculanum',                    
                             'Hiragino Maru Gothic ProN',                       
                             'Hiragino Mincho ProN',                            
                             'Hiragino Sans', 'Hiragino Sans                    
                             GB', 'Hoefler Text', 'ITF                          
                             Devanagari', 'ITF Devanagari                       
                             Marathi', 'Impact',                                
                             'InaiMathi', 'Kai', 'Kailasa',                     
                             'Kaiti SC', 'Kaiti TC',                            
                             'Kannada MN', 'Kannada Sangam                      
                             MN', 'Kefa III', 'Khmer MN',                       
                             'Khmer Sangam MN', 'Klee',                         
                             'Kohinoor Bangla', 'Kohinoor                       
                             Devanagari', 'Kohinoor                             
                             Gujarati', 'Kohinoor Telugu',                      
                             'Kokonor', 'Krungthep',                            
                             'KufiStandardGK', 'LXGW                            
                             ZhenKai', 'Lantinghei SC',                         
                             'Lantinghei TC', 'Lao MN', 'Lao                    
                             Sangam MN', 'LiHei Pro',                           
                             'LiSong Pro', 'Libian SC',                         
                             'Libian TC', 'LingWai SC',                         
                             'LingWai TC', 'Lucida Grande',                     
                             'Luminari', 'Malayalam MN',                        
                             'Malayalam Sangam MN', 'Marker                     
                             Felt', 'Menlo', 'Microsoft Sans                    
                             Serif', 'Mishafi', 'Mishafi                        
                             Gold', 'Monaco', 'Monospace',                      
                             'Mshtakan', 'Mukta Mahee',                         
                             'Muna', 'Myanmar MN', 'Myanmar                     
                             Sangam MN', 'Nadeem', 'Nanum                       
                             Brush Script', 'Nanum Gothic',                     
                             'Nanum Myeongjo', 'Nanum Pen                       
                             Script', 'New Peninim MT',                         
                             'Noteworthy', 'Noto Nastaliq                       
                             Urdu', 'Noto Sans Batak', 'Noto                    
                             Sans Kannada', 'Noto Sans                          
                             Myanmar', 'Noto Sans NKo',                         
                             'Noto Sans Oriya', 'Noto Sans                      
                             Syriac', 'Noto Sans Tagalog',                      
                             'Noto Serif Myanmar', 'Optima',                    
                             'Oriya MN', 'Oriya Sangam MN',                     
                             'Osaka', 'PCMyungjo', 'PT                          
                             Mono', 'PT Sans', 'PT Sans                         
                             Caption', 'PT Sans Narrow', 'PT                    
                             Serif', 'PT Serif Caption',                        
                             'Palatino', 'Papyrus', 'Party                      
                             LET', 'Phosphate', 'PilGi',                        
                             'PingFang HK', 'PingFang MO',                      
                             'PingFang SC', 'PingFang TC',                      
                             'Plantagenet Cherokee',                            
                             'Raanana', 'Rockwell',                             
                             'STFangsong', 'STHeiti', 'STIX                     
                             Two Math', 'STIX Two Text',                        
                             'STKaiti', 'STSong', 'Sana',                       
                             'Sans', 'Sathu', 'Savoye LET',                     
                             'Serif', 'Shree Devanagari                         
                             714', 'SignPainter', 'Silom',                      
                             'SimSong', 'Sinhala MN',                           
                             'Sinhala Sangam MN', 'Skia',                       
                             'Snell Roundhand', 'Songti SC',                    
                             'Songti TC', 'Sukhumvit Set',                      
                             'Symbol', 'Tahoma', 'Tamil MN',                    
                             'Tamil Sangam MN', 'Telugu MN',                    
                             'Telugu Sangam MN', 'Thonburi',                    
                             'Times New Roman', 'Toppan                         
                             Bunkyu Gothic', 'Toppan Bunkyu                     
                             Midashi Gothic', 'Toppan Bunkyu                    
                             Midashi Mincho', 'Toppan Bunkyu                    
                             Mincho', 'Trattatello',                            
                             'Trebuchet MS', 'Tsukushi A                        
                             Round Gothic', 'Tsukushi B                         
                             Round Gothic', 'Verdana',                          
                             'Waseem', 'Wawati SC', 'Wawati                     
                             TC', 'Webdings', 'Weibei SC',                      
                             'Weibei TC', 'Wingdings',                          
                             'Wingdings 2', 'Wingdings 3',                      
                             'Xingkai SC', 'Xingkai TC',                        
                             'YuGothic', 'YuKyokasho',                          
                             'YuKyokasho Yoko', 'YuMincho',                     
                             'YuMincho +36p Kana', 'Yuanti                      
                             SC', 'Yuanti TC', 'Yuppy SC',                      
                             'Yuppy TC', 'Zapf Dingbats',                       
                             'Zapfino', 'cursive',                              
                             'fantasy', 'system-ui'].                           
                    INFO     Writing                     tex_file_writing.py:110
                             \special{dvisvgm:raw <g                            
                             id='unique000'>}\sin\alpha                         
                             > 0,\ \cos\alpha > 0,\                             
                             \tan\alpha >                                       
                             0\special{dvisvgm:raw </g>}                        
                             to                                                 
                             media/Tex/d0795d832d655368.                        
                             tex                                                
Animation 29: FadeIn(VGroup of 2 submobjects):   0%|          | 0/60 [00:00<?, ?it/s]Animation 29: FadeIn(VGroup of 2 submobjects):  20%|██        | 12/60 [00:00<00:00, 116.48it/s]Animation 29: FadeIn(VGroup of 2 submobjects):  42%|████▏     | 25/60 [00:00<00:00, 117.65it/s]Animation 29: FadeIn(VGroup of 2 submobjects):  67%|██████▋   | 40/60 [00:00<00:00, 126.77it/s]Animation 29: FadeIn(VGroup of 2 submobjects):  93%|█████████▎| 56/60 [00:00<00:00, 138.00it/s]                                                                                               [02/27/26 10:59:12] INFO     Animation 29 : Partial     scene_file_writer.py:590
                             movie file written in                              
                             '/Users/mx/Desktop/manim_m                         
                             ath/高中/高一/第二学期/第                          
                             五章-三角比/002任意角的三                          
                             角比/media/videos/any_angl                         
                             e_trigonometry/1920p60/par                         
                             tial_movie_files/AnyAngleT                         
                             rigonometry/656162490_1257                         
                             921429_3921509257.mp4'                             
[02/27/26 10:59:13] INFO     Animation 30 : Partial     scene_file_writer.py:590
                             movie file written in                              
                             '/Users/mx/Desktop/manim_m                         
                             ath/高中/高一/第二学期/第                          
                             五章-三角比/002任意角的三                          
                             角比/media/videos/any_angl                         
                             e_trigonometry/1920p60/par                         
                             tial_movie_files/AnyAngleT                         
                             rigonometry/656162490_3366                         
                             045169_3646813311.mp4'                             
Animation 31: FadeOut(Text('第一象限 (0° < α < 90°)')), etc.:   0%|          | 0/36 [00:00<?, ?it/s]Animation 31: FadeOut(Text('第一象限 (0° < α < 90°)')), etc.:  19%|█▉        | 7/36 [00:00<00:00, 69.54it/s]Animation 31: FadeOut(Text('第一象限 (0° < α < 90°)')), etc.:  39%|███▉      | 14/36 [00:00<00:00, 68.77it/s]Animation 31: FadeOut(Text('第一象限 (0° < α < 90°)')), etc.:  58%|█████▊    | 21/36 [00:00<00:00, 68.63it/s]Animation 31: FadeOut(Text('第一象限 (0° < α < 90°)')), etc.:  81%|████████  | 29/36 [00:00<00:00, 70.24it/s]                                                                                                             [02/27/26 10:59:14] INFO     Animation 31 : Partial     scene_file_writer.py:590
                             movie file written in                              
                             '/Users/mx/Desktop/manim_m                         
                             ath/高中/高一/第二学期/第                          
                             五章-三角比/002任意角的三                          
                             角比/media/videos/any_angl                         
                             e_trigonometry/1920p60/par                         
                             tial_movie_files/AnyAngleT                         
                             rigonometry/656162490_2186                         
                             257592_1233796389.mp4'                             
                    WARNING  Font Noto Sans CJK SC not in    text_mobject.py:464
                             ['.AppleSystemUIFont', 'Academy                    
                             Engraved LET', 'Al Bayan', 'Al                     
                             Nile', 'Al Tarikh', 'American                      
                             Typewriter', 'Andale Mono',                        
                             'Apple Braille', 'Apple                            
                             Chancery', 'Apple Color Emoji',                    
                             'Apple LiGothic', 'Apple                           
                             LiSung', 'Apple SD Gothic Neo',                    
                             'Apple Symbols', 'AppleGothic',                    
                             'AppleMyungjo', 'Arial', 'Arial                    
                             Black', 'Arial Hebrew', 'Arial                     
                             Hebrew Scholar', 'Arial                            
                             Narrow', 'Arial Rounded MT                         
                             Bold', 'Arial Unicode MS',                         
                             'Avenir', 'Avenir Next',                           
                             'Avenir Next Condensed',                           
                             'Ayuthaya', 'BIZ UDGothic',                        
                             'BIZ UDMincho', 'BM Dohyeon',                      
                             'BM Hanna 11yrs Old', 'BM Hanna                    
                             Air', 'BM Hanna Pro', 'BM Jua',                    
                             'BM Kirang Haerang', 'BM                           
                             Yeonsung', 'Baghdad', 'Bangla                      
                             MN', 'Bangla Sangam MN', 'Baoli                    
                             SC', 'Baoli TC', 'Baskerville',                    
                             'Beirut', 'BiauKaiHK',                             
                             'BiauKaiTC', 'Big Caslon',                         
                             'Bodoni 72', 'Bodoni 72                            
                             Oldstyle', 'Bodoni 72                              
                             Smallcaps', 'Bodoni Ornaments',                    
                             'Bradley Hand', 'Brush Script                      
                             MT', 'Chalkboard', 'Chalkboard                     
                             SE', 'Chalkduster', 'Charter',                     
                             'Cochin', 'Comic Sans MS',                         
                             'Copperplate', 'Corsiva                            
                             Hebrew', 'Courier New', 'DIN                       
                             Alternate', 'DIN Condensed',                       
                             'Damascus', 'DecoType Naskh',                      
                             'Devanagari MT', 'Devanagari                       
                             Sangam MN', 'Didot', 'Diwan                        
                             Kufi', 'Diwan Thuluth',                            
                             'Euphemia UCAS', 'Farah',                          
                             'Farisi', 'Futura', 'GB18030                       
                             Bitmap', 'Galvji', 'Geeza Pro',                    
                             'Geneva', 'Georgia', 'Gill                         
                             Sans', 'Grantha Sangam MN',                        
                             'Gujarati MT', 'Gujarati Sangam                    
                             MN', 'GungSeo', 'Gurmukhi MN',                     
                             'Gurmukhi MT', 'Gurmukhi Sangam                    
                             MN', 'Hannotate SC', 'Hannotate                    
                             TC', 'HanziPen SC', 'HanziPen                      
                             TC', 'HeadLineA', 'Hei', 'Heiti                    
                             SC', 'Heiti TC', 'Helvetica',                      
                             'Helvetica Neue', 'Herculanum',                    
                             'Hiragino Maru Gothic ProN',                       
                             'Hiragino Mincho ProN',                            
                             'Hiragino Sans', 'Hiragino Sans                    
                             GB', 'Hoefler Text', 'ITF                          
                             Devanagari', 'ITF Devanagari                       
                             Marathi', 'Impact',                                
                             'InaiMathi', 'Kai', 'Kailasa',                     
                             'Kaiti SC', 'Kaiti TC',                            
                             'Kannada MN', 'Kannada Sangam                      
                             MN', 'Kefa III', 'Khmer MN',                       
                             'Khmer Sangam MN', 'Klee',                         
                             'Kohinoor Bangla', 'Kohinoor                       
                             Devanagari', 'Kohinoor                             
                             Gujarati', 'Kohinoor Telugu',                      
                             'Kokonor', 'Krungthep',                            
                             'KufiStandardGK', 'LXGW                            
                             ZhenKai', 'Lantinghei SC',                         
                             'Lantinghei TC', 'Lao MN', 'Lao                    
                             Sangam MN', 'LiHei Pro',                           
                             'LiSong Pro', 'Libian SC',                         
                             'Libian TC', 'LingWai SC',                         
                             'LingWai TC', 'Lucida Grande',                     
                             'Luminari', 'Malayalam MN',                        
                             'Malayalam Sangam MN', 'Marker                     
                             Felt', 'Menlo', 'Microsoft Sans                    
                             Serif', 'Mishafi', 'Mishafi                        
                             Gold', 'Monaco', 'Monospace',                      
                             'Mshtakan', 'Mukta Mahee',                         
                             'Muna', 'Myanmar MN', 'Myanmar                     
                             Sangam MN', 'Nadeem', 'Nanum                       
                             Brush Script', 'Nanum Gothic',                     
                             'Nanum Myeongjo', 'Nanum Pen                       
                             Script', 'New Peninim MT',                         
                             'Noteworthy', 'Noto Nastaliq                       
                             Urdu', 'Noto Sans Batak', 'Noto                    
                             Sans Kannada', 'Noto Sans                          
                             Myanmar', 'Noto Sans NKo',                         
                             'Noto Sans Oriya', 'Noto Sans                      
                             Syriac', 'Noto Sans Tagalog',                      
                             'Noto Serif Myanmar', 'Optima',                    
                             'Oriya MN', 'Oriya Sangam MN',                     
                             'Osaka', 'PCMyungjo', 'PT                          
                             Mono', 'PT Sans', 'PT Sans                         
                             Caption', 'PT Sans Narrow', 'PT                    
                             Serif', 'PT Serif Caption',                        
                             'Palatino', 'Papyrus', 'Party                      
                             LET', 'Phosphate', 'PilGi',                        
                             'PingFang HK', 'PingFang MO',                      
                             'PingFang SC', 'PingFang TC',                      
                             'Plantagenet Cherokee',                            
                             'Raanana', 'Rockwell',                             
                             'STFangsong', 'STHeiti', 'STIX                     
                             Two Math', 'STIX Two Text',                        
                             'STKaiti', 'STSong', 'Sana',                       
                             'Sans', 'Sathu', 'Savoye LET',                     
                             'Serif', 'Shree Devanagari                         
                             714', 'SignPainter', 'Silom',                      
                             'SimSong', 'Sinhala MN',                           
                             'Sinhala Sangam MN', 'Skia',                       
                             'Snell Roundhand', 'Songti SC',                    
                             'Songti TC', 'Sukhumvit Set',                      
                             'Symbol', 'Tahoma', 'Tamil MN',                    
                             'Tamil Sangam MN', 'Telugu MN',                    
                             'Telugu Sangam MN', 'Thonburi',                    
                             'Times New Roman', 'Toppan                         
                             Bunkyu Gothic', 'Toppan Bunkyu                     
                             Midashi Gothic', 'Toppan Bunkyu                    
                             Midashi Mincho', 'Toppan Bunkyu                    
                             Mincho', 'Trattatello',                            
                             'Trebuchet MS', 'Tsukushi A                        
                             Round Gothic', 'Tsukushi B                         
                             Round Gothic', 'Verdana',                          
                             'Waseem', 'Wawati SC', 'Wawati                     
                             TC', 'Webdings', 'Weibei SC',                      
                             'Weibei TC', 'Wingdings',                          
                             'Wingdings 2', 'Wingdings 3',                      
                             'Xingkai SC', 'Xingkai TC',                        
                             'YuGothic', 'YuKyokasho',                          
                             'YuKyokasho Yoko', 'YuMincho',                     
                             'YuMincho +36p Kana', 'Yuanti                      
                             SC', 'Yuanti TC', 'Yuppy SC',                      
                             'Yuppy TC', 'Zapf Dingbats',                       
                             'Zapfino', 'cursive',                              
                             'fantasy', 'system-ui'].                           
Animation 32: FadeIn(Text('第二象限 (90° < α < 180°)')):   0%|          | 0/36 [00:00<?, ?it/s]Animation 32: FadeIn(Text('第二象限 (90° < α < 180°)')):  31%|███       | 11/36 [00:00<00:00, 102.76it/s]Animation 32: FadeIn(Text('第二象限 (90° < α < 180°)')):  67%|██████▋   | 24/36 [00:00<00:00, 113.28it/s]                                                                                                         [02/27/26 10:59:15] INFO     Animation 32 : Partial     scene_file_writer.py:590
                             movie file written in                              
                             '/Users/mx/Desktop/manim_m                         
                             ath/高中/高一/第二学期/第                          
                             五章-三角比/002任意角的三                          
                             角比/media/videos/any_angl                         
                             e_trigonometry/1920p60/par                         
                             tial_movie_files/AnyAngleT                         
                             rigonometry/656162490_4088                         
                             396874_2826769310.mp4'                             
Animation 33: FadeIn(Polygon):   0%|          | 0/30 [00:00<?, ?it/s]                                                                     [02/27/26 10:59:16] INFO     Animation 33 : Partial     scene_file_writer.py:590
                             movie file written in                              
                             '/Users/mx/Desktop/manim_m                         
                             ath/高中/高一/第二学期/第                          
                             五章-三角比/002任意角的三                          
                             角比/media/videos/any_angl                         
                             e_trigonometry/1920p60/par                         
                             tial_movie_files/AnyAngleT                         
                             rigonometry/656162490_8619                         
                             45583_570780553.mp4'                               
Animation 34: Create(Arc), etc.:   0%|          | 0/48 [00:00<?, ?it/s]Animation 34: Create(Arc), etc.:  73%|███████▎  | 35/48 [00:00<00:00, 344.98it/s]                                                                                                     INFO     Animation 34 : Partial     scene_file_writer.py:590
                             movie file written in                              
                             '/Users/mx/Desktop/manim_m                         
                             ath/高中/高一/第二学期/第                          
                             五章-三角比/002任意角的三                          
                             角比/media/videos/any_angl                         
                             e_trigonometry/1920p60/par                         
                             tial_movie_files/AnyAngleT                         
                             rigonometry/656162490_3125                         
                             479907_4137751757.mp4'                             
Animation 35: Create(Line):   0%|          | 0/36 [00:00<?, ?it/s]                                                                  [02/27/26 10:59:17] INFO     Animation 35 : Partial     scene_file_writer.py:590
                             movie file written in                              
                             '/Users/mx/Desktop/manim_m                         
                             ath/高中/高一/第二学期/第                          
                             五章-三角比/002任意角的三                          
                             角比/media/videos/any_angl                         
                             e_trigonometry/1920p60/par                         
                             tial_movie_files/AnyAngleT                         
                             rigonometry/656162490_3453                         
                             326956_282342636.mp4'                              
Animation 36: FadeIn(Dot), etc.:   0%|          | 0/30 [00:00<?, ?it/s]Animation 36: FadeIn(Dot), etc.:  80%|████████  | 24/30 [00:00<00:00, 236.35it/s]                                                                                                     INFO     Animation 36 : Partial     scene_file_writer.py:590
                             movie file written in                              
                             '/Users/mx/Desktop/manim_m                         
                             ath/高中/高一/第二学期/第                          
                             五章-三角比/002任意角的三                          
                             角比/media/videos/any_angl                         
                             e_trigonometry/1920p60/par                         
                             tial_movie_files/AnyAngleT                         
                             rigonometry/656162490_3175                         
                             522520_245708846.mp4'                              
Animation 37: Create(DashedLine), etc.:   0%|          | 0/48 [00:00<?, ?it/s]Animation 37: Create(DashedLine), etc.:  54%|█████▍    | 26/48 [00:00<00:00, 259.73it/s]                                                                                        [02/27/26 10:59:18] INFO     Animation 37 : Partial     scene_file_writer.py:590
                             movie file written in                              
                             '/Users/mx/Desktop/manim_m                         
                             ath/高中/高一/第二学期/第                          
                             五章-三角比/002任意角的三                          
                             角比/media/videos/any_angl                         
                             e_trigonometry/1920p60/par                         
                             tial_movie_files/AnyAngleT                         
                             rigonometry/656162490_5733                         
                             25902_2007522282.mp4'                              
                    INFO     Writing                     tex_file_writing.py:110
                             \special{dvisvgm:raw <g                            
                             id='unique000'>}x <                                
                             0\special{dvisvgm:raw </g>}                        
                             to                                                 
                             media/Tex/b55a16e93856cd93.                        
                             tex                                                
Animation 38: Write(MathTex('x < 0')), etc.:   0%|          | 0/48 [00:00<?, ?it/s]Animation 38: Write(MathTex('x < 0')), etc.:  31%|███▏      | 15/48 [00:00<00:00, 146.02it/s]Animation 38: Write(MathTex('x < 0')), etc.:  62%|██████▎   | 30/48 [00:00<00:00, 134.44it/s]Animation 38: Write(MathTex('x < 0')), etc.:  96%|█████████▌| 46/48 [00:00<00:00, 144.18it/s]                                                                                             [02/27/26 10:59:20] INFO     Animation 38 : Partial     scene_file_writer.py:590
                             movie file written in                              
                             '/Users/mx/Desktop/manim_m                         
                             ath/高中/高一/第二学期/第                          
                             五章-三角比/002任意角的三                          
                             角比/media/videos/any_angl                         
                             e_trigonometry/1920p60/par                         
                             tial_movie_files/AnyAngleT                         
                             rigonometry/656162490_4127                         
                             572237_1232723256.mp4'                             
                    WARNING  Font Noto Sans CJK SC not in    text_mobject.py:464
                             ['.AppleSystemUIFont', 'Academy                    
                             Engraved LET', 'Al Bayan', 'Al                     
                             Nile', 'Al Tarikh', 'American                      
                             Typewriter', 'Andale Mono',                        
                             'Apple Braille', 'Apple                            
                             Chancery', 'Apple Color Emoji',                    
                             'Apple LiGothic', 'Apple                           
                             LiSung', 'Apple SD Gothic Neo',                    
                             'Apple Symbols', 'AppleGothic',                    
                             'AppleMyungjo', 'Arial', 'Arial                    
                             Black', 'Arial Hebrew', 'Arial                     
                             Hebrew Scholar', 'Arial                            
                             Narrow', 'Arial Rounded MT                         
                             Bold', 'Arial Unicode MS',                         
                             'Avenir', 'Avenir Next',                           
                             'Avenir Next Condensed',                           
                             'Ayuthaya', 'BIZ UDGothic',                        
                             'BIZ UDMincho', 'BM Dohyeon',                      
                             'BM Hanna 11yrs Old', 'BM Hanna                    
                             Air', 'BM Hanna Pro', 'BM Jua',                    
                             'BM Kirang Haerang', 'BM                           
                             Yeonsung', 'Baghdad', 'Bangla                      
                             MN', 'Bangla Sangam MN', 'Baoli                    
                             SC', 'Baoli TC', 'Baskerville',                    
                             'Beirut', 'BiauKaiHK',                             
                             'BiauKaiTC', 'Big Caslon',                         
                             'Bodoni 72', 'Bodoni 72                            
                             Oldstyle', 'Bodoni 72                              
                             Smallcaps', 'Bodoni Ornaments',                    
                             'Bradley Hand', 'Brush Script                      
                             MT', 'Chalkboard', 'Chalkboard                     
                             SE', 'Chalkduster', 'Charter',                     
                             'Cochin', 'Comic Sans MS',                         
                             'Copperplate', 'Corsiva                            
                             Hebrew', 'Courier New', 'DIN                       
                             Alternate', 'DIN Condensed',                       
                             'Damascus', 'DecoType Naskh',                      
                             'Devanagari MT', 'Devanagari                       
                             Sangam MN', 'Didot', 'Diwan                        
                             Kufi', 'Diwan Thuluth',                            
                             'Euphemia UCAS', 'Farah',                          
                             'Farisi', 'Futura', 'GB18030                       
                             Bitmap', 'Galvji', 'Geeza Pro',                    
                             'Geneva', 'Georgia', 'Gill                         
                             Sans', 'Grantha Sangam MN',                        
                             'Gujarati MT', 'Gujarati Sangam                    
                             MN', 'GungSeo', 'Gurmukhi MN',                     
                             'Gurmukhi MT', 'Gurmukhi Sangam                    
                             MN', 'Hannotate SC', 'Hannotate                    
                             TC', 'HanziPen SC', 'HanziPen                      
                             TC', 'HeadLineA', 'Hei', 'Heiti                    
                             SC', 'Heiti TC', 'Helvetica',                      
                             'Helvetica Neue', 'Herculanum',                    
                             'Hiragino Maru Gothic ProN',                       
                             'Hiragino Mincho ProN',                            
                             'Hiragino Sans', 'Hiragino Sans                    
                             GB', 'Hoefler Text', 'ITF                          
                             Devanagari', 'ITF Devanagari                       
                             Marathi', 'Impact',                                
                             'InaiMathi', 'Kai', 'Kailasa',                     
                             'Kaiti SC', 'Kaiti TC',                            
                             'Kannada MN', 'Kannada Sangam                      
                             MN', 'Kefa III', 'Khmer MN',                       
                             'Khmer Sangam MN', 'Klee',                         
                             'Kohinoor Bangla', 'Kohinoor                       
                             Devanagari', 'Kohinoor                             
                             Gujarati', 'Kohinoor Telugu',                      
                             'Kokonor', 'Krungthep',                            
                             'KufiStandardGK', 'LXGW                            
                             ZhenKai', 'Lantinghei SC',                         
                             'Lantinghei TC', 'Lao MN', 'Lao                    
                             Sangam MN', 'LiHei Pro',                           
                             'LiSong Pro', 'Libian SC',                         
                             'Libian TC', 'LingWai SC',                         
                             'LingWai TC', 'Lucida Grande',                     
                             'Luminari', 'Malayalam MN',                        
                             'Malayalam Sangam MN', 'Marker                     
                             Felt', 'Menlo', 'Microsoft Sans                    
                             Serif', 'Mishafi', 'Mishafi                        
                             Gold', 'Monaco', 'Monospace',                      
                             'Mshtakan', 'Mukta Mahee',                         
                             'Muna', 'Myanmar MN', 'Myanmar                     
                             Sangam MN', 'Nadeem', 'Nanum                       
                             Brush Script', 'Nanum Gothic',                     
                             'Nanum Myeongjo', 'Nanum Pen                       
                             Script', 'New Peninim MT',                         
                             'Noteworthy', 'Noto Nastaliq                       
                             Urdu', 'Noto Sans Batak', 'Noto                    
                             Sans Kannada', 'Noto Sans                          
                             Myanmar', 'Noto Sans NKo',                         
                             'Noto Sans Oriya', 'Noto Sans                      
                             Syriac', 'Noto Sans Tagalog',                      
                             'Noto Serif Myanmar', 'Optima',                    
                             'Oriya MN', 'Oriya Sangam MN',                     
                             'Osaka', 'PCMyungjo', 'PT                          
                             Mono', 'PT Sans', 'PT Sans                         
                             Caption', 'PT Sans Narrow', 'PT                    
                             Serif', 'PT Serif Caption',                        
                             'Palatino', 'Papyrus', 'Party                      
                             LET', 'Phosphate', 'PilGi',                        
                             'PingFang HK', 'PingFang MO',                      
                             'PingFang SC', 'PingFang TC',                      
                             'Plantagenet Cherokee',                            
                             'Raanana', 'Rockwell',                             
                             'STFangsong', 'STHeiti', 'STIX                     
                             Two Math', 'STIX Two Text',                        
                             'STKaiti', 'STSong', 'Sana',                       
                             'Sans', 'Sathu', 'Savoye LET',                     
                             'Serif', 'Shree Devanagari                         
                             714', 'SignPainter', 'Silom',                      
                             'SimSong', 'Sinhala MN',                           
                             'Sinhala Sangam MN', 'Skia',                       
                             'Snell Roundhand', 'Songti SC',                    
                             'Songti TC', 'Sukhumvit Set',                      
                             'Symbol', 'Tahoma', 'Tamil MN',                    
                             'Tamil Sangam MN', 'Telugu MN',                    
                             'Telugu Sangam MN', 'Thonburi',                    
                             'Times New Roman', 'Toppan                         
                             Bunkyu Gothic', 'Toppan Bunkyu                     
                             Midashi Gothic', 'Toppan Bunkyu                    
                             Midashi Mincho', 'Toppan Bunkyu                    
                             Mincho', 'Trattatello',                            
                             'Trebuchet MS', 'Tsukushi A                        
                             Round Gothic', 'Tsukushi B                         
                             Round Gothic', 'Verdana',                          
                             'Waseem', 'Wawati SC', 'Wawati                     
                             TC', 'Webdings', 'Weibei SC',                      
                             'Weibei TC', 'Wingdings',                          
                             'Wingdings 2', 'Wingdings 3',                      
                             'Xingkai SC', 'Xingkai TC',                        
                             'YuGothic', 'YuKyokasho',                          
                             'YuKyokasho Yoko', 'YuMincho',                     
                             'YuMincho +36p Kana', 'Yuanti                      
                             SC', 'Yuanti TC', 'Yuppy SC',                      
                             'Yuppy TC', 'Zapf Dingbats',                       
                             'Zapfino', 'cursive',                              
                             'fantasy', 'system-ui'].                           
                    INFO     Writing                     tex_file_writing.py:110
                             \special{dvisvgm:raw <g                            
                             id='unique000'>}\sin\alpha                         
                             \special{dvisvgm:raw                               
                             </g>}\special{dvisvgm:raw                          
                             <g id='unique001'>}> 0,\                           
                             \special{dvisvgm:raw                               
                             </g>}\special{dvisvgm:raw                          
                             <g                                                 
                             id='unique002'>}\cos\alpha                         
                             \special{dvisvgm:raw                               
                             </g>}\special{dvisvgm:raw                          
                             <g id='unique003'>}< 0,\                           
                             \special{dvisvgm:raw                               
                             </g>}\special{dvisvgm:raw                          
                             <g                                                 
                             id='unique004'>}\tan\alpha                         
                             \special{dvisvgm:raw                               
                             </g>}\special{dvisvgm:raw                          
                             <g id='unique005'>}<                               
                             0\special{dvisvgm:raw </g>}                        
                             to                                                 
                             media/Tex/928f416ef7f2f6d5.                        
                             tex                                                
Animation 39: FadeIn(VGroup of 2 submobjects):   0%|          | 0/60 [00:00<?, ?it/s]Animation 39: FadeIn(VGroup of 2 submobjects):  18%|█▊        | 11/60 [00:00<00:00, 101.40it/s]Animation 39: FadeIn(VGroup of 2 submobjects):  37%|███▋      | 22/60 [00:00<00:00, 98.91it/s] Animation 39: FadeIn(VGroup of 2 submobjects):  53%|█████▎    | 32/60 [00:00<00:00, 95.44it/s]Animation 39: FadeIn(VGroup of 2 submobjects):  72%|███████▏  | 43/60 [00:00<00:00, 98.32it/s]Animation 39: FadeIn(VGroup of 2 submobjects):  93%|█████████▎| 56/60 [00:00<00:00, 106.65it/s]                                                                                               [02/27/26 10:59:21] INFO     Animation 39 : Partial     scene_file_writer.py:590
                             movie file written in                              
                             '/Users/mx/Desktop/manim_m                         
                             ath/高中/高一/第二学期/第                          
                             五章-三角比/002任意角的三                          
                             角比/media/videos/any_angl                         
                             e_trigonometry/1920p60/par                         
                             tial_movie_files/AnyAngleT                         
                             rigonometry/656162490_3196                         
                             118835_195420971.mp4'                              
                    WARNING  Font Noto Sans CJK SC not in    text_mobject.py:464
                             ['.AppleSystemUIFont', 'Academy                    
                             Engraved LET', 'Al Bayan', 'Al                     
                             Nile', 'Al Tarikh', 'American                      
                             Typewriter', 'Andale Mono',                        
                             'Apple Braille', 'Apple                            
                             Chancery', 'Apple Color Emoji',                    
                             'Apple LiGothic', 'Apple                           
                             LiSung', 'Apple SD Gothic Neo',                    
                             'Apple Symbols', 'AppleGothic',                    
                             'AppleMyungjo', 'Arial', 'Arial                    
                             Black', 'Arial Hebrew', 'Arial                     
                             Hebrew Scholar', 'Arial                            
                             Narrow', 'Arial Rounded MT                         
                             Bold', 'Arial Unicode MS',                         
                             'Avenir', 'Avenir Next',                           
                             'Avenir Next Condensed',                           
                             'Ayuthaya', 'BIZ UDGothic',                        
                             'BIZ UDMincho', 'BM Dohyeon',                      
                             'BM Hanna 11yrs Old', 'BM Hanna                    
                             Air', 'BM Hanna Pro', 'BM Jua',                    
                             'BM Kirang Haerang', 'BM                           
                             Yeonsung', 'Baghdad', 'Bangla                      
                             MN', 'Bangla Sangam MN', 'Baoli                    
                             SC', 'Baoli TC', 'Baskerville',                    
                             'Beirut', 'BiauKaiHK',                             
                             'BiauKaiTC', 'Big Caslon',                         
                             'Bodoni 72', 'Bodoni 72                            
                             Oldstyle', 'Bodoni 72                              
                             Smallcaps', 'Bodoni Ornaments',                    
                             'Bradley Hand', 'Brush Script                      
                             MT', 'Chalkboard', 'Chalkboard                     
                             SE', 'Chalkduster', 'Charter',                     
                             'Cochin', 'Comic Sans MS',                         
                             'Copperplate', 'Corsiva                            
                             Hebrew', 'Courier New', 'DIN                       
                             Alternate', 'DIN Condensed',                       
                             'Damascus', 'DecoType Naskh',                      
                             'Devanagari MT', 'Devanagari                       
                             Sangam MN', 'Didot', 'Diwan                        
                             Kufi', 'Diwan Thuluth',                            
                             'Euphemia UCAS', 'Farah',                          
                             'Farisi', 'Futura', 'GB18030                       
                             Bitmap', 'Galvji', 'Geeza Pro',                    
                             'Geneva', 'Georgia', 'Gill                         
                             Sans', 'Grantha Sangam MN',                        
                             'Gujarati MT', 'Gujarati Sangam                    
                             MN', 'GungSeo', 'Gurmukhi MN',                     
                             'Gurmukhi MT', 'Gurmukhi Sangam                    
                             MN', 'Hannotate SC', 'Hannotate                    
                             TC', 'HanziPen SC', 'HanziPen                      
                             TC', 'HeadLineA', 'Hei', 'Heiti                    
                             SC', 'Heiti TC', 'Helvetica',                      
                             'Helvetica Neue', 'Herculanum',                    
                             'Hiragino Maru Gothic ProN',                       
                             'Hiragino Mincho ProN',                            
                             'Hiragino Sans', 'Hiragino Sans                    
                             GB', 'Hoefler Text', 'ITF                          
                             Devanagari', 'ITF Devanagari                       
                             Marathi', 'Impact',                                
                             'InaiMathi', 'Kai', 'Kailasa',                     
                             'Kaiti SC', 'Kaiti TC',                            
                             'Kannada MN', 'Kannada Sangam                      
                             MN', 'Kefa III', 'Khmer MN',                       
                             'Khmer Sangam MN', 'Klee',                         
                             'Kohinoor Bangla', 'Kohinoor                       
                             Devanagari', 'Kohinoor                             
                             Gujarati', 'Kohinoor Telugu',                      
                             'Kokonor', 'Krungthep',                            
                             'KufiStandardGK', 'LXGW                            
                             ZhenKai', 'Lantinghei SC',                         
                             'Lantinghei TC', 'Lao MN', 'Lao                    
                             Sangam MN', 'LiHei Pro',                           
                             'LiSong Pro', 'Libian SC',                         
                             'Libian TC', 'LingWai SC',                         
                             'LingWai TC', 'Lucida Grande',                     
                             'Luminari', 'Malayalam MN',                        
                             'Malayalam Sangam MN', 'Marker                     
                             Felt', 'Menlo', 'Microsoft Sans                    
                             Serif', 'Mishafi', 'Mishafi                        
                             Gold', 'Monaco', 'Monospace',                      
                             'Mshtakan', 'Mukta Mahee',                         
                             'Muna', 'Myanmar MN', 'Myanmar                     
                             Sangam MN', 'Nadeem', 'Nanum                       
                             Brush Script', 'Nanum Gothic',                     
                             'Nanum Myeongjo', 'Nanum Pen                       
                             Script', 'New Peninim MT',                         
                             'Noteworthy', 'Noto Nastaliq                       
                             Urdu', 'Noto Sans Batak', 'Noto                    
                             Sans Kannada', 'Noto Sans                          
                             Myanmar', 'Noto Sans NKo',                         
                             'Noto Sans Oriya', 'Noto Sans                      
                             Syriac', 'Noto Sans Tagalog',                      
                             'Noto Serif Myanmar', 'Optima',                    
                             'Oriya MN', 'Oriya Sangam MN',                     
                             'Osaka', 'PCMyungjo', 'PT                          
                             Mono', 'PT Sans', 'PT Sans                         
                             Caption', 'PT Sans Narrow', 'PT                    
                             Serif', 'PT Serif Caption',                        
                             'Palatino', 'Papyrus', 'Party                      
                             LET', 'Phosphate', 'PilGi',                        
                             'PingFang HK', 'PingFang MO',                      
                             'PingFang SC', 'PingFang TC',                      
                             'Plantagenet Cherokee',                            
                             'Raanana', 'Rockwell',                             
                             'STFangsong', 'STHeiti', 'STIX                     
                             Two Math', 'STIX Two Text',                        
                             'STKaiti', 'STSong', 'Sana',                       
                             'Sans', 'Sathu', 'Savoye LET',                     
                             'Serif', 'Shree Devanagari                         
                             714', 'SignPainter', 'Silom',                      
                             'SimSong', 'Sinhala MN',                           
                             'Sinhala Sangam MN', 'Skia',                       
                             'Snell Roundhand', 'Songti SC',                    
                             'Songti TC', 'Sukhumvit Set',                      
                             'Symbol', 'Tahoma', 'Tamil MN',                    
                             'Tamil Sangam MN', 'Telugu MN',                    
                             'Telugu Sangam MN', 'Thonburi',                    
                             'Times New Roman', 'Toppan                         
                             Bunkyu Gothic', 'Toppan Bunkyu                     
                             Midashi Gothic', 'Toppan Bunkyu                    
                             Midashi Mincho', 'Toppan Bunkyu                    
                             Mincho', 'Trattatello',                            
                             'Trebuchet MS', 'Tsukushi A                        
                             Round Gothic', 'Tsukushi B                         
                             Round Gothic', 'Verdana',                          
                             'Waseem', 'Wawati SC', 'Wawati                     
                             TC', 'Webdings', 'Weibei SC',                      
                             'Weibei TC', 'Wingdings',                          
                             'Wingdings 2', 'Wingdings 3',                      
                             'Xingkai SC', 'Xingkai TC',                        
                             'YuGothic', 'YuKyokasho',                          
                             'YuKyokasho Yoko', 'YuMincho',                     
                             'YuMincho +36p Kana', 'Yuanti                      
                             SC', 'Yuanti TC', 'Yuppy SC',                      
                             'Yuppy TC', 'Zapf Dingbats',                       
                             'Zapfino', 'cursive',                              
                             'fantasy', 'system-ui'].                           
Animation 40: FadeIn(Text('只有 sin 为正!')):   0%|          | 0/36 [00:00<?, ?it/s]Animation 40: FadeIn(Text('只有 sin 为正!')):  53%|█████▎    | 19/36 [00:00<00:00, 185.64it/s]                                                                                              [02/27/26 10:59:22] INFO     Animation 40 : Partial     scene_file_writer.py:590
                             movie file written in                              
                             '/Users/mx/Desktop/manim_m                         
                             ath/高中/高一/第二学期/第                          
                             五章-三角比/002任意角的三                          
                             角比/media/videos/any_angl                         
                             e_trigonometry/1920p60/par                         
                             tial_movie_files/AnyAngleT                         
                             rigonometry/656162490_1860                         
                             766724_1966709574.mp4'                             
[02/27/26 10:59:23] INFO     Animation 41 : Partial     scene_file_writer.py:590
                             movie file written in                              
                             '/Users/mx/Desktop/manim_m                         
                             ath/高中/高一/第二学期/第                          
                             五章-三角比/002任意角的三                          
                             角比/media/videos/any_angl                         
                             e_trigonometry/1920p60/par                         
                             tial_movie_files/AnyAngleT                         
                             rigonometry/656162490_3366                         
                             045169_1909131492.mp4'                             
Animation 42: FadeOut(VGroup of 13 submobjects):   0%|          | 0/36 [00:00<?, ?it/s]Animation 42: FadeOut(VGroup of 13 submobjects):  19%|█▉        | 7/36 [00:00<00:00, 62.61it/s]Animation 42: FadeOut(VGroup of 13 submobjects):  39%|███▉      | 14/36 [00:00<00:00, 62.33it/s]Animation 42: FadeOut(VGroup of 13 submobjects):  58%|█████▊    | 21/36 [00:00<00:00, 63.20it/s]Animation 42: FadeOut(VGroup of 13 submobjects):  78%|███████▊  | 28/36 [00:00<00:00, 62.49it/s]Animation 42: FadeOut(VGroup of 13 submobjects):  97%|█████████▋| 35/36 [00:00<00:00, 62.59it/s]                                                                                                [02/27/26 10:59:24] INFO     Animation 42 : Partial     scene_file_writer.py:590
                             movie file written in                              
                             '/Users/mx/Desktop/manim_m                         
                             ath/高中/高一/第二学期/第                          
                             五章-三角比/002任意角的三                          
                             角比/media/videos/any_angl                         
                             e_trigonometry/1920p60/par                         
                             tial_movie_files/AnyAngleT                         
                             rigonometry/656162490_3163                         
                             618837_3027418703.mp4'                             
                    WARNING  Font Noto Sans CJK SC not in    text_mobject.py:464
                             ['.AppleSystemUIFont', 'Academy                    
                             Engraved LET', 'Al Bayan', 'Al                     
                             Nile', 'Al Tarikh', 'American                      
                             Typewriter', 'Andale Mono',                        
                             'Apple Braille', 'Apple                            
                             Chancery', 'Apple Color Emoji',                    
                             'Apple LiGothic', 'Apple                           
                             LiSung', 'Apple SD Gothic Neo',                    
                             'Apple Symbols', 'AppleGothic',                    
                             'AppleMyungjo', 'Arial', 'Arial                    
                             Black', 'Arial Hebrew', 'Arial                     
                             Hebrew Scholar', 'Arial                            
                             Narrow', 'Arial Rounded MT                         
                             Bold', 'Arial Unicode MS',                         
                             'Avenir', 'Avenir Next',                           
                             'Avenir Next Condensed',                           
                             'Ayuthaya', 'BIZ UDGothic',                        
                             'BIZ UDMincho', 'BM Dohyeon',                      
                             'BM Hanna 11yrs Old', 'BM Hanna                    
                             Air', 'BM Hanna Pro', 'BM Jua',                    
                             'BM Kirang Haerang', 'BM                           
                             Yeonsung', 'Baghdad', 'Bangla                      
                             MN', 'Bangla Sangam MN', 'Baoli                    
                             SC', 'Baoli TC', 'Baskerville',                    
                             'Beirut', 'BiauKaiHK',                             
                             'BiauKaiTC', 'Big Caslon',                         
                             'Bodoni 72', 'Bodoni 72                            
                             Oldstyle', 'Bodoni 72                              
                             Smallcaps', 'Bodoni Ornaments',                    
                             'Bradley Hand', 'Brush Script                      
                             MT', 'Chalkboard', 'Chalkboard                     
                             SE', 'Chalkduster', 'Charter',                     
                             'Cochin', 'Comic Sans MS',                         
                             'Copperplate', 'Corsiva                            
                             Hebrew', 'Courier New', 'DIN                       
                             Alternate', 'DIN Condensed',                       
                             'Damascus', 'DecoType Naskh',                      
                             'Devanagari MT', 'Devanagari                       
                             Sangam MN', 'Didot', 'Diwan                        
                             Kufi', 'Diwan Thuluth',                            
                             'Euphemia UCAS', 'Farah',                          
                             'Farisi', 'Futura', 'GB18030                       
                             Bitmap', 'Galvji', 'Geeza Pro',                    
                             'Geneva', 'Georgia', 'Gill                         
                             Sans', 'Grantha Sangam MN',                        
                             'Gujarati MT', 'Gujarati Sangam                    
                             MN', 'GungSeo', 'Gurmukhi MN',                     
                             'Gurmukhi MT', 'Gurmukhi Sangam                    
                             MN', 'Hannotate SC', 'Hannotate                    
                             TC', 'HanziPen SC', 'HanziPen                      
                             TC', 'HeadLineA', 'Hei', 'Heiti                    
                             SC', 'Heiti TC', 'Helvetica',                      
                             'Helvetica Neue', 'Herculanum',                    
                             'Hiragino Maru Gothic ProN',                       
                             'Hiragino Mincho ProN',                            
                             'Hiragino Sans', 'Hiragino Sans                    
                             GB', 'Hoefler Text', 'ITF                          
                             Devanagari', 'ITF Devanagari                       
                             Marathi', 'Impact',                                
                             'InaiMathi', 'Kai', 'Kailasa',                     
                             'Kaiti SC', 'Kaiti TC',                            
                             'Kannada MN', 'Kannada Sangam                      
                             MN', 'Kefa III', 'Khmer MN',                       
                             'Khmer Sangam MN', 'Klee',                         
                             'Kohinoor Bangla', 'Kohinoor                       
                             Devanagari', 'Kohinoor                             
                             Gujarati', 'Kohinoor Telugu',                      
                             'Kokonor', 'Krungthep',                            
                             'KufiStandardGK', 'LXGW                            
                             ZhenKai', 'Lantinghei SC',                         
                             'Lantinghei TC', 'Lao MN', 'Lao                    
                             Sangam MN', 'LiHei Pro',                           
                             'LiSong Pro', 'Libian SC',                         
                             'Libian TC', 'LingWai SC',                         
                             'LingWai TC', 'Lucida Grande',                     
                             'Luminari', 'Malayalam MN',                        
                             'Malayalam Sangam MN', 'Marker                     
                             Felt', 'Menlo', 'Microsoft Sans                    
                             Serif', 'Mishafi', 'Mishafi                        
                             Gold', 'Monaco', 'Monospace',                      
                             'Mshtakan', 'Mukta Mahee',                         
                             'Muna', 'Myanmar MN', 'Myanmar                     
                             Sangam MN', 'Nadeem', 'Nanum                       
                             Brush Script', 'Nanum Gothic',                     
                             'Nanum Myeongjo', 'Nanum Pen                       
                             Script', 'New Peninim MT',                         
                             'Noteworthy', 'Noto Nastaliq                       
                             Urdu', 'Noto Sans Batak', 'Noto                    
                             Sans Kannada', 'Noto Sans                          
                             Myanmar', 'Noto Sans NKo',                         
                             'Noto Sans Oriya', 'Noto Sans                      
                             Syriac', 'Noto Sans Tagalog',                      
                             'Noto Serif Myanmar', 'Optima',                    
                             'Oriya MN', 'Oriya Sangam MN',                     
                             'Osaka', 'PCMyungjo', 'PT                          
                             Mono', 'PT Sans', 'PT Sans                         
                             Caption', 'PT Sans Narrow', 'PT                    
                             Serif', 'PT Serif Caption',                        
                             'Palatino', 'Papyrus', 'Party                      
                             LET', 'Phosphate', 'PilGi',                        
                             'PingFang HK', 'PingFang MO',                      
                             'PingFang SC', 'PingFang TC',                      
                             'Plantagenet Cherokee',                            
                             'Raanana', 'Rockwell',                             
                             'STFangsong', 'STHeiti', 'STIX                     
                             Two Math', 'STIX Two Text',                        
                             'STKaiti', 'STSong', 'Sana',                       
                             'Sans', 'Sathu', 'Savoye LET',                     
                             'Serif', 'Shree Devanagari                         
                             714', 'SignPainter', 'Silom',                      
                             'SimSong', 'Sinhala MN',                           
                             'Sinhala Sangam MN', 'Skia',                       
                             'Snell Roundhand', 'Songti SC',                    
                             'Songti TC', 'Sukhumvit Set',                      
                             'Symbol', 'Tahoma', 'Tamil MN',                    
                             'Tamil Sangam MN', 'Telugu MN',                    
                             'Telugu Sangam MN', 'Thonburi',                    
                             'Times New Roman', 'Toppan                         
                             Bunkyu Gothic', 'Toppan Bunkyu                     
                             Midashi Gothic', 'Toppan Bunkyu                    
                             Midashi Mincho', 'Toppan Bunkyu                    
                             Mincho', 'Trattatello',                            
                             'Trebuchet MS', 'Tsukushi A                        
                             Round Gothic', 'Tsukushi B                         
                             Round Gothic', 'Verdana',                          
                             'Waseem', 'Wawati SC', 'Wawati                     
                             TC', 'Webdings', 'Weibei SC',                      
                             'Weibei TC', 'Wingdings',                          
                             'Wingdings 2', 'Wingdings 3',                      
                             'Xingkai SC', 'Xingkai TC',                        
                             'YuGothic', 'YuKyokasho',                          
                             'YuKyokasho Yoko', 'YuMincho',                     
                             'YuMincho +36p Kana', 'Yuanti                      
                             SC', 'Yuanti TC', 'Yuppy SC',                      
                             'Yuppy TC', 'Zapf Dingbats',                       
                             'Zapfino', 'cursive',                              
                             'fantasy', 'system-ui'].                           
Animation 43: FadeIn(Text('第三象限 (180° < α < 270°)')):   0%|          | 0/36 [00:00<?, ?it/s]Animation 43: FadeIn(Text('第三象限 (180° < α < 270°)')):  31%|███       | 11/36 [00:00<00:00, 109.68it/s]Animation 43: FadeIn(Text('第三象限 (180° < α < 270°)')):  64%|██████▍   | 23/36 [00:00<00:00, 111.64it/s]                                                                                                          [02/27/26 10:59:25] INFO     Animation 43 : Partial     scene_file_writer.py:590
                             movie file written in                              
                             '/Users/mx/Desktop/manim_m                         
                             ath/高中/高一/第二学期/第                          
                             五章-三角比/002任意角的三                          
                             角比/media/videos/any_angl                         
                             e_trigonometry/1920p60/par                         
                             tial_movie_files/AnyAngleT                         
                             rigonometry/656162490_1094                         
                             452576_1418101878.mp4'                             
Animation 44: FadeIn(Polygon):   0%|          | 0/30 [00:00<?, ?it/s]Animation 44: FadeIn(Polygon):  90%|█████████ | 27/30 [00:00<00:00, 265.79it/s]                                                                               [02/27/26 10:59:26] INFO     Animation 44 : Partial     scene_file_writer.py:590
                             movie file written in                              
                             '/Users/mx/Desktop/manim_m                         
                             ath/高中/高一/第二学期/第                          
                             五章-三角比/002任意角的三                          
                             角比/media/videos/any_angl                         
                             e_trigonometry/1920p60/par                         
                             tial_movie_files/AnyAngleT                         
                             rigonometry/656162490_5684                         
                             42726_1202732583.mp4'                              
Animation 45: Create(Arc), etc.:   0%|          | 0/48 [00:00<?, ?it/s]Animation 45: Create(Arc), etc.:  42%|████▏     | 20/48 [00:00<00:00, 193.08it/s]Animation 45: Create(Arc), etc.:  90%|████████▉ | 43/48 [00:00<00:00, 210.60it/s]                                                                                                     INFO     Animation 45 : Partial     scene_file_writer.py:590
                             movie file written in                              
                             '/Users/mx/Desktop/manim_m                         
                             ath/高中/高一/第二学期/第                          
                             五章-三角比/002任意角的三                          
                             角比/media/videos/any_angl                         
                             e_trigonometry/1920p60/par                         
                             tial_movie_files/AnyAngleT                         
                             rigonometry/656162490_2923                         
                             255344_2110758148.mp4'                             
Animation 46: Create(Line), etc.:   0%|          | 0/48 [00:00<?, ?it/s]Animation 46: Create(Line), etc.:  46%|████▌     | 22/48 [00:00<00:00, 207.85it/s]                                                                                  [02/27/26 10:59:27] INFO     Animation 46 : Partial     scene_file_writer.py:590
                             movie file written in                              
                             '/Users/mx/Desktop/manim_m                         
                             ath/高中/高一/第二学期/第                          
                             五章-三角比/002任意角的三                          
                             角比/media/videos/any_angl                         
                             e_trigonometry/1920p60/par                         
                             tial_movie_files/AnyAngleT                         
                             rigonometry/656162490_1746                         
                             524189_1131892299.mp4'                             
Animation 47: Create(DashedLine), etc.:   0%|          | 0/48 [00:00<?, ?it/s]Animation 47: Create(DashedLine), etc.:  54%|█████▍    | 26/48 [00:00<00:00, 255.09it/s]                                                                                        [02/27/26 10:59:28] INFO     Animation 47 : Partial     scene_file_writer.py:590
                             movie file written in                              
                             '/Users/mx/Desktop/manim_m                         
                             ath/高中/高一/第二学期/第                          
                             五章-三角比/002任意角的三                          
                             角比/media/videos/any_angl                         
                             e_trigonometry/1920p60/par                         
                             tial_movie_files/AnyAngleT                         
                             rigonometry/656162490_8698                         
                             36808_3011098059.mp4'                              
                    INFO     Writing                     tex_file_writing.py:110
                             \special{dvisvgm:raw <g                            
                             id='unique000'>}y <                                
                             0\special{dvisvgm:raw </g>}                        
                             to                                                 
                             media/Tex/bf2c4f484ae508d9.                        
                             tex                                                
Animation 48: Write(MathTex('x < 0')), etc.:   0%|          | 0/48 [00:00<?, ?it/s]Animation 48: Write(MathTex('x < 0')), etc.:  42%|████▏     | 20/48 [00:00<00:00, 197.20it/s]Animation 48: Write(MathTex('x < 0')), etc.:  83%|████████▎ | 40/48 [00:00<00:00, 145.72it/s]                                                                                             [02/27/26 10:59:29] INFO     Animation 48 : Partial     scene_file_writer.py:590
                             movie file written in                              
                             '/Users/mx/Desktop/manim_m                         
                             ath/高中/高一/第二学期/第                          
                             五章-三角比/002任意角的三                          
                             角比/media/videos/any_angl                         
                             e_trigonometry/1920p60/par                         
                             tial_movie_files/AnyAngleT                         
                             rigonometry/656162490_2635                         
                             524175_2767234737.mp4'                             
                    WARNING  Font Noto Sans CJK SC not in    text_mobject.py:464
                             ['.AppleSystemUIFont', 'Academy                    
                             Engraved LET', 'Al Bayan', 'Al                     
                             Nile', 'Al Tarikh', 'American                      
                             Typewriter', 'Andale Mono',                        
                             'Apple Braille', 'Apple                            
                             Chancery', 'Apple Color Emoji',                    
                             'Apple LiGothic', 'Apple                           
                             LiSung', 'Apple SD Gothic Neo',                    
                             'Apple Symbols', 'AppleGothic',                    
                             'AppleMyungjo', 'Arial', 'Arial                    
                             Black', 'Arial Hebrew', 'Arial                     
                             Hebrew Scholar', 'Arial                            
                             Narrow', 'Arial Rounded MT                         
                             Bold', 'Arial Unicode MS',                         
                             'Avenir', 'Avenir Next',                           
                             'Avenir Next Condensed',                           
                             'Ayuthaya', 'BIZ UDGothic',                        
                             'BIZ UDMincho', 'BM Dohyeon',                      
                             'BM Hanna 11yrs Old', 'BM Hanna                    
                             Air', 'BM Hanna Pro', 'BM Jua',                    
                             'BM Kirang Haerang', 'BM                           
                             Yeonsung', 'Baghdad', 'Bangla                      
                             MN', 'Bangla Sangam MN', 'Baoli                    
                             SC', 'Baoli TC', 'Baskerville',                    
                             'Beirut', 'BiauKaiHK',                             
                             'BiauKaiTC', 'Big Caslon',                         
                             'Bodoni 72', 'Bodoni 72                            
                             Oldstyle', 'Bodoni 72                              
                             Smallcaps', 'Bodoni Ornaments',                    
                             'Bradley Hand', 'Brush Script                      
                             MT', 'Chalkboard', 'Chalkboard                     
                             SE', 'Chalkduster', 'Charter',                     
                             'Cochin', 'Comic Sans MS',                         
                             'Copperplate', 'Corsiva                            
                             Hebrew', 'Courier New', 'DIN                       
                             Alternate', 'DIN Condensed',                       
                             'Damascus', 'DecoType Naskh',                      
                             'Devanagari MT', 'Devanagari                       
                             Sangam MN', 'Didot', 'Diwan                        
                             Kufi', 'Diwan Thuluth',                            
                             'Euphemia UCAS', 'Farah',                          
                             'Farisi', 'Futura', 'GB18030                       
                             Bitmap', 'Galvji', 'Geeza Pro',                    
                             'Geneva', 'Georgia', 'Gill                         
                             Sans', 'Grantha Sangam MN',                        
                             'Gujarati MT', 'Gujarati Sangam                    
                             MN', 'GungSeo', 'Gurmukhi MN',                     
                             'Gurmukhi MT', 'Gurmukhi Sangam                    
                             MN', 'Hannotate SC', 'Hannotate                    
                             TC', 'HanziPen SC', 'HanziPen                      
                             TC', 'HeadLineA', 'Hei', 'Heiti                    
                             SC', 'Heiti TC', 'Helvetica',                      
                             'Helvetica Neue', 'Herculanum',                    
                             'Hiragino Maru Gothic ProN',                       
                             'Hiragino Mincho ProN',                            
                             'Hiragino Sans', 'Hiragino Sans                    
                             GB', 'Hoefler Text', 'ITF                          
                             Devanagari', 'ITF Devanagari                       
                             Marathi', 'Impact',                                
                             'InaiMathi', 'Kai', 'Kailasa',                     
                             'Kaiti SC', 'Kaiti TC',                            
                             'Kannada MN', 'Kannada Sangam                      
                             MN', 'Kefa III', 'Khmer MN',                       
                             'Khmer Sangam MN', 'Klee',                         
                             'Kohinoor Bangla', 'Kohinoor                       
                             Devanagari', 'Kohinoor                             
                             Gujarati', 'Kohinoor Telugu',                      
                             'Kokonor', 'Krungthep',                            
                             'KufiStandardGK', 'LXGW                            
                             ZhenKai', 'Lantinghei SC',                         
                             'Lantinghei TC', 'Lao MN', 'Lao                    
                             Sangam MN', 'LiHei Pro',                           
                             'LiSong Pro', 'Libian SC',                         
                             'Libian TC', 'LingWai SC',                         
                             'LingWai TC', 'Lucida Grande',                     
                             'Luminari', 'Malayalam MN',                        
                             'Malayalam Sangam MN', 'Marker                     
                             Felt', 'Menlo', 'Microsoft Sans                    
                             Serif', 'Mishafi', 'Mishafi                        
                             Gold', 'Monaco', 'Monospace',                      
                             'Mshtakan', 'Mukta Mahee',                         
                             'Muna', 'Myanmar MN', 'Myanmar                     
                             Sangam MN', 'Nadeem', 'Nanum                       
                             Brush Script', 'Nanum Gothic',                     
                             'Nanum Myeongjo', 'Nanum Pen                       
                             Script', 'New Peninim MT',                         
                             'Noteworthy', 'Noto Nastaliq                       
                             Urdu', 'Noto Sans Batak', 'Noto                    
                             Sans Kannada', 'Noto Sans                          
                             Myanmar', 'Noto Sans NKo',                         
                             'Noto Sans Oriya', 'Noto Sans                      
                             Syriac', 'Noto Sans Tagalog',                      
                             'Noto Serif Myanmar', 'Optima',                    
                             'Oriya MN', 'Oriya Sangam MN',                     
                             'Osaka', 'PCMyungjo', 'PT                          
                             Mono', 'PT Sans', 'PT Sans                         
                             Caption', 'PT Sans Narrow', 'PT                    
                             Serif', 'PT Serif Caption',                        
                             'Palatino', 'Papyrus', 'Party                      
                             LET', 'Phosphate', 'PilGi',                        
                             'PingFang HK', 'PingFang MO',                      
                             'PingFang SC', 'PingFang TC',                      
                             'Plantagenet Cherokee',                            
                             'Raanana', 'Rockwell',                             
                             'STFangsong', 'STHeiti', 'STIX                     
                             Two Math', 'STIX Two Text',                        
                             'STKaiti', 'STSong', 'Sana',                       
                             'Sans', 'Sathu', 'Savoye LET',                     
                             'Serif', 'Shree Devanagari                         
                             714', 'SignPainter', 'Silom',                      
                             'SimSong', 'Sinhala MN',                           
                             'Sinhala Sangam MN', 'Skia',                       
                             'Snell Roundhand', 'Songti SC',                    
                             'Songti TC', 'Sukhumvit Set',                      
                             'Symbol', 'Tahoma', 'Tamil MN',                    
                             'Tamil Sangam MN', 'Telugu MN',                    
                             'Telugu Sangam MN', 'Thonburi',                    
                             'Times New Roman', 'Toppan                         
                             Bunkyu Gothic', 'Toppan Bunkyu                     
                             Midashi Gothic', 'Toppan Bunkyu                    
                             Midashi Mincho', 'Toppan Bunkyu                    
                             Mincho', 'Trattatello',                            
                             'Trebuchet MS', 'Tsukushi A                        
                             Round Gothic', 'Tsukushi B                         
                             Round Gothic', 'Verdana',                          
                             'Waseem', 'Wawati SC', 'Wawati                     
                             TC', 'Webdings', 'Weibei SC',                      
                             'Weibei TC', 'Wingdings',                          
                             'Wingdings 2', 'Wingdings 3',                      
                             'Xingkai SC', 'Xingkai TC',                        
                             'YuGothic', 'YuKyokasho',                          
                             'YuKyokasho Yoko', 'YuMincho',                     
                             'YuMincho +36p Kana', 'Yuanti                      
                             SC', 'Yuanti TC', 'Yuppy SC',                      
                             'Yuppy TC', 'Zapf Dingbats',                       
                             'Zapfino', 'cursive',                              
                             'fantasy', 'system-ui'].                           
                    INFO     Writing                     tex_file_writing.py:110
                             \special{dvisvgm:raw <g                            
                             id='unique000'>}\sin\alpha                         
                             \special{dvisvgm:raw                               
                             </g>}\special{dvisvgm:raw                          
                             <g id='unique001'>}< 0,\                           
                             \special{dvisvgm:raw                               
                             </g>}\special{dvisvgm:raw                          
                             <g                                                 
                             id='unique002'>}\cos\alpha                         
                             \special{dvisvgm:raw                               
                             </g>}\special{dvisvgm:raw                          
                             <g id='unique003'>}< 0,\                           
                             \special{dvisvgm:raw                               
                             </g>}\special{dvisvgm:raw                          
                             <g                                                 
                             id='unique004'>}\tan\alpha                         
                             \special{dvisvgm:raw                               
                             </g>}\special{dvisvgm:raw                          
                             <g id='unique005'>}>                               
                             0\special{dvisvgm:raw </g>}                        
                             to                                                 
                             media/Tex/33c062dcda55ed42.                        
                             tex                                                
Animation 49: FadeIn(VGroup of 2 submobjects):   0%|          | 0/60 [00:00<?, ?it/s]Animation 49: FadeIn(VGroup of 2 submobjects):  20%|██        | 12/60 [00:00<00:00, 114.07it/s]Animation 49: FadeIn(VGroup of 2 submobjects):  40%|████      | 24/60 [00:00<00:00, 114.11it/s]Animation 49: FadeIn(VGroup of 2 submobjects):  60%|██████    | 36/60 [00:00<00:00, 114.32it/s]Animation 49: FadeIn(VGroup of 2 submobjects):  83%|████████▎ | 50/60 [00:00<00:00, 122.37it/s]                                                                                               [02/27/26 10:59:30] INFO     Animation 49 : Partial     scene_file_writer.py:590
                             movie file written in                              
                             '/Users/mx/Desktop/manim_m                         
                             ath/高中/高一/第二学期/第                          
                             五章-三角比/002任意角的三                          
                             角比/media/videos/any_angl                         
                             e_trigonometry/1920p60/par                         
                             tial_movie_files/AnyAngleT                         
                             rigonometry/656162490_2363                         
                             737169_3726826678.mp4'                             
                    WARNING  Font Noto Sans CJK SC not in    text_mobject.py:464
                             ['.AppleSystemUIFont', 'Academy                    
                             Engraved LET', 'Al Bayan', 'Al                     
                             Nile', 'Al Tarikh', 'American                      
                             Typewriter', 'Andale Mono',                        
                             'Apple Braille', 'Apple                            
                             Chancery', 'Apple Color Emoji',                    
                             'Apple LiGothic', 'Apple                           
                             LiSung', 'Apple SD Gothic Neo',                    
                             'Apple Symbols', 'AppleGothic',                    
                             'AppleMyungjo', 'Arial', 'Arial                    
                             Black', 'Arial Hebrew', 'Arial                     
                             Hebrew Scholar', 'Arial                            
                             Narrow', 'Arial Rounded MT                         
                             Bold', 'Arial Unicode MS',                         
                             'Avenir', 'Avenir Next',                           
                             'Avenir Next Condensed',                           
                             'Ayuthaya', 'BIZ UDGothic',                        
                             'BIZ UDMincho', 'BM Dohyeon',                      
                             'BM Hanna 11yrs Old', 'BM Hanna                    
                             Air', 'BM Hanna Pro', 'BM Jua',                    
                             'BM Kirang Haerang', 'BM                           
                             Yeonsung', 'Baghdad', 'Bangla                      
                             MN', 'Bangla Sangam MN', 'Baoli                    
                             SC', 'Baoli TC', 'Baskerville',                    
                             'Beirut', 'BiauKaiHK',                             
                             'BiauKaiTC', 'Big Caslon',                         
                             'Bodoni 72', 'Bodoni 72                            
                             Oldstyle', 'Bodoni 72                              
                             Smallcaps', 'Bodoni Ornaments',                    
                             'Bradley Hand', 'Brush Script                      
                             MT', 'Chalkboard', 'Chalkboard                     
                             SE', 'Chalkduster', 'Charter',                     
                             'Cochin', 'Comic Sans MS',                         
                             'Copperplate', 'Corsiva                            
                             Hebrew', 'Courier New', 'DIN                       
                             Alternate', 'DIN Condensed',                       
                             'Damascus', 'DecoType Naskh',                      
                             'Devanagari MT', 'Devanagari                       
                             Sangam MN', 'Didot', 'Diwan                        
                             Kufi', 'Diwan Thuluth',                            
                             'Euphemia UCAS', 'Farah',                          
                             'Farisi', 'Futura', 'GB18030                       
                             Bitmap', 'Galvji', 'Geeza Pro',                    
                             'Geneva', 'Georgia', 'Gill                         
                             Sans', 'Grantha Sangam MN',                        
                             'Gujarati MT', 'Gujarati Sangam                    
                             MN', 'GungSeo', 'Gurmukhi MN',                     
                             'Gurmukhi MT', 'Gurmukhi Sangam                    
                             MN', 'Hannotate SC', 'Hannotate                    
                             TC', 'HanziPen SC', 'HanziPen                      
                             TC', 'HeadLineA', 'Hei', 'Heiti                    
                             SC', 'Heiti TC', 'Helvetica',                      
                             'Helvetica Neue', 'Herculanum',                    
                             'Hiragino Maru Gothic ProN',                       
                             'Hiragino Mincho ProN',                            
                             'Hiragino Sans', 'Hiragino Sans                    
                             GB', 'Hoefler Text', 'ITF                          
                             Devanagari', 'ITF Devanagari                       
                             Marathi', 'Impact',                                
                             'InaiMathi', 'Kai', 'Kailasa',                     
                             'Kaiti SC', 'Kaiti TC',                            
                             'Kannada MN', 'Kannada Sangam                      
                             MN', 'Kefa III', 'Khmer MN',                       
                             'Khmer Sangam MN', 'Klee',                         
                             'Kohinoor Bangla', 'Kohinoor                       
                             Devanagari', 'Kohinoor                             
                             Gujarati', 'Kohinoor Telugu',                      
                             'Kokonor', 'Krungthep',                            
                             'KufiStandardGK', 'LXGW                            
                             ZhenKai', 'Lantinghei SC',                         
                             'Lantinghei TC', 'Lao MN', 'Lao                    
                             Sangam MN', 'LiHei Pro',                           
                             'LiSong Pro', 'Libian SC',                         
                             'Libian TC', 'LingWai SC',                         
                             'LingWai TC', 'Lucida Grande',                     
                             'Luminari', 'Malayalam MN',                        
                             'Malayalam Sangam MN', 'Marker                     
                             Felt', 'Menlo', 'Microsoft Sans                    
                             Serif', 'Mishafi', 'Mishafi                        
                             Gold', 'Monaco', 'Monospace',                      
                             'Mshtakan', 'Mukta Mahee',                         
                             'Muna', 'Myanmar MN', 'Myanmar                     
                             Sangam MN', 'Nadeem', 'Nanum                       
                             Brush Script', 'Nanum Gothic',                     
                             'Nanum Myeongjo', 'Nanum Pen                       
                             Script', 'New Peninim MT',                         
                             'Noteworthy', 'Noto Nastaliq                       
                             Urdu', 'Noto Sans Batak', 'Noto                    
                             Sans Kannada', 'Noto Sans                          
                             Myanmar', 'Noto Sans NKo',                         
                             'Noto Sans Oriya', 'Noto Sans                      
                             Syriac', 'Noto Sans Tagalog',                      
                             'Noto Serif Myanmar', 'Optima',                    
                             'Oriya MN', 'Oriya Sangam MN',                     
                             'Osaka', 'PCMyungjo', 'PT                          
                             Mono', 'PT Sans', 'PT Sans                         
                             Caption', 'PT Sans Narrow', 'PT                    
                             Serif', 'PT Serif Caption',                        
                             'Palatino', 'Papyrus', 'Party                      
                             LET', 'Phosphate', 'PilGi',                        
                             'PingFang HK', 'PingFang MO',                      
                             'PingFang SC', 'PingFang TC',                      
                             'Plantagenet Cherokee',                            
                             'Raanana', 'Rockwell',                             
                             'STFangsong', 'STHeiti', 'STIX                     
                             Two Math', 'STIX Two Text',                        
                             'STKaiti', 'STSong', 'Sana',                       
                             'Sans', 'Sathu', 'Savoye LET',                     
                             'Serif', 'Shree Devanagari                         
                             714', 'SignPainter', 'Silom',                      
                             'SimSong', 'Sinhala MN',                           
                             'Sinhala Sangam MN', 'Skia',                       
                             'Snell Roundhand', 'Songti SC',                    
                             'Songti TC', 'Sukhumvit Set',                      
                             'Symbol', 'Tahoma', 'Tamil MN',                    
                             'Tamil Sangam MN', 'Telugu MN',                    
                             'Telugu Sangam MN', 'Thonburi',                    
                             'Times New Roman', 'Toppan                         
                             Bunkyu Gothic', 'Toppan Bunkyu                     
                             Midashi Gothic', 'Toppan Bunkyu                    
                             Midashi Mincho', 'Toppan Bunkyu                    
                             Mincho', 'Trattatello',                            
                             'Trebuchet MS', 'Tsukushi A                        
                             Round Gothic', 'Tsukushi B                         
                             Round Gothic', 'Verdana',                          
                             'Waseem', 'Wawati SC', 'Wawati                     
                             TC', 'Webdings', 'Weibei SC',                      
                             'Weibei TC', 'Wingdings',                          
                             'Wingdings 2', 'Wingdings 3',                      
                             'Xingkai SC', 'Xingkai TC',                        
                             'YuGothic', 'YuKyokasho',                          
                             'YuKyokasho Yoko', 'YuMincho',                     
                             'YuMincho +36p Kana', 'Yuanti                      
                             SC', 'Yuanti TC', 'Yuppy SC',                      
                             'Yuppy TC', 'Zapf Dingbats',                       
                             'Zapfino', 'cursive',                              
                             'fantasy', 'system-ui'].                           
Animation 50: FadeIn(Text('只有 tan 为正!')):   0%|          | 0/36 [00:00<?, ?it/s]Animation 50: FadeIn(Text('只有 tan 为正!')):  33%|███▎      | 12/36 [00:00<00:00, 118.90it/s]Animation 50: FadeIn(Text('只有 tan 为正!')):  72%|███████▏  | 26/36 [00:00<00:00, 128.67it/s]                                                                                              [02/27/26 10:59:31] INFO     Animation 50 : Partial     scene_file_writer.py:590
                             movie file written in                              
                             '/Users/mx/Desktop/manim_m                         
                             ath/高中/高一/第二学期/第                          
                             五章-三角比/002任意角的三                          
                             角比/media/videos/any_angl                         
                             e_trigonometry/1920p60/par                         
                             tial_movie_files/AnyAngleT                         
                             rigonometry/656162490_6277                         
                             25349_4291172174.mp4'                              
[02/27/26 10:59:33] INFO     Animation 51 : Partial     scene_file_writer.py:590
                             movie file written in                              
                             '/Users/mx/Desktop/manim_m                         
                             ath/高中/高一/第二学期/第                          
                             五章-三角比/002任意角的三                          
                             角比/media/videos/any_angl                         
                             e_trigonometry/1920p60/par                         
                             tial_movie_files/AnyAngleT                         
                             rigonometry/656162490_3366                         
                             045169_59821573.mp4'                               
Animation 52: FadeOut(VGroup of 13 submobjects):   0%|          | 0/36 [00:00<?, ?it/s]Animation 52: FadeOut(VGroup of 13 submobjects):  19%|█▉        | 7/36 [00:00<00:00, 65.51it/s]Animation 52: FadeOut(VGroup of 13 submobjects):  39%|███▉      | 14/36 [00:00<00:00, 60.55it/s]Animation 52: FadeOut(VGroup of 13 submobjects):  58%|█████▊    | 21/36 [00:00<00:00, 60.72it/s]Animation 52: FadeOut(VGroup of 13 submobjects):  78%|███████▊  | 28/36 [00:00<00:00, 60.19it/s]Animation 52: FadeOut(VGroup of 13 submobjects):  97%|█████████▋| 35/36 [00:00<00:00, 61.26it/s]                                                                                                [02/27/26 10:59:34] INFO     Animation 52 : Partial     scene_file_writer.py:590
                             movie file written in                              
                             '/Users/mx/Desktop/manim_m                         
                             ath/高中/高一/第二学期/第                          
                             五章-三角比/002任意角的三                          
                             角比/media/videos/any_angl                         
                             e_trigonometry/1920p60/par                         
                             tial_movie_files/AnyAngleT                         
                             rigonometry/656162490_3403                         
                             582952_2488735378.mp4'                             
                    WARNING  Font Noto Sans CJK SC not in    text_mobject.py:464
                             ['.AppleSystemUIFont', 'Academy                    
                             Engraved LET', 'Al Bayan', 'Al                     
                             Nile', 'Al Tarikh', 'American                      
                             Typewriter', 'Andale Mono',                        
                             'Apple Braille', 'Apple                            
                             Chancery', 'Apple Color Emoji',                    
                             'Apple LiGothic', 'Apple                           
                             LiSung', 'Apple SD Gothic Neo',                    
                             'Apple Symbols', 'AppleGothic',                    
                             'AppleMyungjo', 'Arial', 'Arial                    
                             Black', 'Arial Hebrew', 'Arial                     
                             Hebrew Scholar', 'Arial                            
                             Narrow', 'Arial Rounded MT                         
                             Bold', 'Arial Unicode MS',                         
                             'Avenir', 'Avenir Next',                           
                             'Avenir Next Condensed',                           
                             'Ayuthaya', 'BIZ UDGothic',                        
                             'BIZ UDMincho', 'BM Dohyeon',                      
                             'BM Hanna 11yrs Old', 'BM Hanna                    
                             Air', 'BM Hanna Pro', 'BM Jua',                    
                             'BM Kirang Haerang', 'BM                           
                             Yeonsung', 'Baghdad', 'Bangla                      
                             MN', 'Bangla Sangam MN', 'Baoli                    
                             SC', 'Baoli TC', 'Baskerville',                    
                             'Beirut', 'BiauKaiHK',                             
                             'BiauKaiTC', 'Big Caslon',                         
                             'Bodoni 72', 'Bodoni 72                            
                             Oldstyle', 'Bodoni 72                              
                             Smallcaps', 'Bodoni Ornaments',                    
                             'Bradley Hand', 'Brush Script                      
                             MT', 'Chalkboard', 'Chalkboard                     
                             SE', 'Chalkduster', 'Charter',                     
                             'Cochin', 'Comic Sans MS',                         
                             'Copperplate', 'Corsiva                            
                             Hebrew', 'Courier New', 'DIN                       
                             Alternate', 'DIN Condensed',                       
                             'Damascus', 'DecoType Naskh',                      
                             'Devanagari MT', 'Devanagari                       
                             Sangam MN', 'Didot', 'Diwan                        
                             Kufi', 'Diwan Thuluth',                            
                             'Euphemia UCAS', 'Farah',                          
                             'Farisi', 'Futura', 'GB18030                       
                             Bitmap', 'Galvji', 'Geeza Pro',                    
                             'Geneva', 'Georgia', 'Gill                         
                             Sans', 'Grantha Sangam MN',                        
                             'Gujarati MT', 'Gujarati Sangam                    
                             MN', 'GungSeo', 'Gurmukhi MN',                     
                             'Gurmukhi MT', 'Gurmukhi Sangam                    
                             MN', 'Hannotate SC', 'Hannotate                    
                             TC', 'HanziPen SC', 'HanziPen                      
                             TC', 'HeadLineA', 'Hei', 'Heiti                    
                             SC', 'Heiti TC', 'Helvetica',                      
                             'Helvetica Neue', 'Herculanum',                    
                             'Hiragino Maru Gothic ProN',                       
                             'Hiragino Mincho ProN',                            
                             'Hiragino Sans', 'Hiragino Sans                    
                             GB', 'Hoefler Text', 'ITF                          
                             Devanagari', 'ITF Devanagari                       
                             Marathi', 'Impact',                                
                             'InaiMathi', 'Kai', 'Kailasa',                     
                             'Kaiti SC', 'Kaiti TC',                            
                             'Kannada MN', 'Kannada Sangam                      
                             MN', 'Kefa III', 'Khmer MN',                       
                             'Khmer Sangam MN', 'Klee',                         
                             'Kohinoor Bangla', 'Kohinoor                       
                             Devanagari', 'Kohinoor                             
                             Gujarati', 'Kohinoor Telugu',                      
                             'Kokonor', 'Krungthep',                            
                             'KufiStandardGK', 'LXGW                            
                             ZhenKai', 'Lantinghei SC',                         
                             'Lantinghei TC', 'Lao MN', 'Lao                    
                             Sangam MN', 'LiHei Pro',                           
                             'LiSong Pro', 'Libian SC',                         
                             'Libian TC', 'LingWai SC',                         
                             'LingWai TC', 'Lucida Grande',                     
                             'Luminari', 'Malayalam MN',                        
                             'Malayalam Sangam MN', 'Marker                     
                             Felt', 'Menlo', 'Microsoft Sans                    
                             Serif', 'Mishafi', 'Mishafi                        
                             Gold', 'Monaco', 'Monospace',                      
                             'Mshtakan', 'Mukta Mahee',                         
                             'Muna', 'Myanmar MN', 'Myanmar                     
                             Sangam MN', 'Nadeem', 'Nanum                       
                             Brush Script', 'Nanum Gothic',                     
                             'Nanum Myeongjo', 'Nanum Pen                       
                             Script', 'New Peninim MT',                         
                             'Noteworthy', 'Noto Nastaliq                       
                             Urdu', 'Noto Sans Batak', 'Noto                    
                             Sans Kannada', 'Noto Sans                          
                             Myanmar', 'Noto Sans NKo',                         
                             'Noto Sans Oriya', 'Noto Sans                      
                             Syriac', 'Noto Sans Tagalog',                      
                             'Noto Serif Myanmar', 'Optima',                    
                             'Oriya MN', 'Oriya Sangam MN',                     
                             'Osaka', 'PCMyungjo', 'PT                          
                             Mono', 'PT Sans', 'PT Sans                         
                             Caption', 'PT Sans Narrow', 'PT                    
                             Serif', 'PT Serif Caption',                        
                             'Palatino', 'Papyrus', 'Party                      
                             LET', 'Phosphate', 'PilGi',                        
                             'PingFang HK', 'PingFang MO',                      
                             'PingFang SC', 'PingFang TC',                      
                             'Plantagenet Cherokee',                            
                             'Raanana', 'Rockwell',                             
                             'STFangsong', 'STHeiti', 'STIX                     
                             Two Math', 'STIX Two Text',                        
                             'STKaiti', 'STSong', 'Sana',                       
                             'Sans', 'Sathu', 'Savoye LET',                     
                             'Serif', 'Shree Devanagari                         
                             714', 'SignPainter', 'Silom',                      
                             'SimSong', 'Sinhala MN',                           
                             'Sinhala Sangam MN', 'Skia',                       
                             'Snell Roundhand', 'Songti SC',                    
                             'Songti TC', 'Sukhumvit Set',                      
                             'Symbol', 'Tahoma', 'Tamil MN',                    
                             'Tamil Sangam MN', 'Telugu MN',                    
                             'Telugu Sangam MN', 'Thonburi',                    
                             'Times New Roman', 'Toppan                         
                             Bunkyu Gothic', 'Toppan Bunkyu                     
                             Midashi Gothic', 'Toppan Bunkyu                    
                             Midashi Mincho', 'Toppan Bunkyu                    
                             Mincho', 'Trattatello',                            
                             'Trebuchet MS', 'Tsukushi A                        
                             Round Gothic', 'Tsukushi B                         
                             Round Gothic', 'Verdana',                          
                             'Waseem', 'Wawati SC', 'Wawati                     
                             TC', 'Webdings', 'Weibei SC',                      
                             'Weibei TC', 'Wingdings',                          
                             'Wingdings 2', 'Wingdings 3',                      
                             'Xingkai SC', 'Xingkai TC',                        
                             'YuGothic', 'YuKyokasho',                          
                             'YuKyokasho Yoko', 'YuMincho',                     
                             'YuMincho +36p Kana', 'Yuanti                      
                             SC', 'Yuanti TC', 'Yuppy SC',                      
                             'Yuppy TC', 'Zapf Dingbats',                       
                             'Zapfino', 'cursive',                              
                             'fantasy', 'system-ui'].                           
Animation 53: FadeIn(Text('第四象限 (270° < α < 360°)')):   0%|          | 0/36 [00:00<?, ?it/s]Animation 53: FadeIn(Text('第四象限 (270° < α < 360°)')):  36%|███▌      | 13/36 [00:00<00:00, 120.03it/s]Animation 53: FadeIn(Text('第四象限 (270° < α < 360°)')):  72%|███████▏  | 26/36 [00:00<00:00, 117.13it/s]                                                                                                          [02/27/26 10:59:35] INFO     Animation 53 : Partial     scene_file_writer.py:590
                             movie file written in                              
                             '/Users/mx/Desktop/manim_m                         
                             ath/高中/高一/第二学期/第                          
                             五章-三角比/002任意角的三                          
                             角比/media/videos/any_angl                         
                             e_trigonometry/1920p60/par                         
                             tial_movie_files/AnyAngleT                         
                             rigonometry/656162490_3700                         
                             790445_267395843.mp4'                              
Animation 54: FadeIn(Polygon):   0%|          | 0/30 [00:00<?, ?it/s]                                                                                         INFO     Animation 54 : Partial     scene_file_writer.py:590
                             movie file written in                              
                             '/Users/mx/Desktop/manim_m                         
                             ath/高中/高一/第二学期/第                          
                             五章-三角比/002任意角的三                          
                             角比/media/videos/any_angl                         
                             e_trigonometry/1920p60/par                         
                             tial_movie_files/AnyAngleT                         
                             rigonometry/656162490_7698                         
                             23168_1453475931.mp4'                              
Animation 55: Create(Arc), etc.:   0%|          | 0/48 [00:00<?, ?it/s]Animation 55: Create(Arc), etc.:  54%|█████▍    | 26/48 [00:00<00:00, 255.22it/s]                                                                                 [02/27/26 10:59:36] INFO     Animation 55 : Partial     scene_file_writer.py:590
                             movie file written in                              
                             '/Users/mx/Desktop/manim_m                         
                             ath/高中/高一/第二学期/第                          
                             五章-三角比/002任意角的三                          
                             角比/media/videos/any_angl                         
                             e_trigonometry/1920p60/par                         
                             tial_movie_files/AnyAngleT                         
                             rigonometry/656162490_2990                         
                             810666_4068309265.mp4'                             
Animation 56: Create(Line), etc.:   0%|          | 0/48 [00:00<?, ?it/s]Animation 56: Create(Line), etc.:  42%|████▏     | 20/48 [00:00<00:00, 194.83it/s]Animation 56: Create(Line), etc.:  92%|█████████▏| 44/48 [00:00<00:00, 218.61it/s]                                                                                  [02/27/26 10:59:37] INFO     Animation 56 : Partial     scene_file_writer.py:590
                             movie file written in                              
                             '/Users/mx/Desktop/manim_m                         
                             ath/高中/高一/第二学期/第                          
                             五章-三角比/002任意角的三                          
                             角比/media/videos/any_angl                         
                             e_trigonometry/1920p60/par                         
                             tial_movie_files/AnyAngleT                         
                             rigonometry/656162490_3516                         
                             894113_1120677388.mp4'                             
Animation 57: Create(DashedLine), etc.:   0%|          | 0/48 [00:00<?, ?it/s]Animation 57: Create(DashedLine), etc.:  52%|█████▏    | 25/48 [00:00<00:00, 246.69it/s]                                                                                                            INFO     Animation 57 : Partial     scene_file_writer.py:590
                             movie file written in                              
                             '/Users/mx/Desktop/manim_m                         
                             ath/高中/高一/第二学期/第                          
                             五章-三角比/002任意角的三                          
                             角比/media/videos/any_angl                         
                             e_trigonometry/1920p60/par                         
                             tial_movie_files/AnyAngleT                         
                             rigonometry/656162490_1678                         
                             41403_3046107254.mp4'                              
Animation 58: Write(MathTex('x > 0')), etc.:   0%|          | 0/48 [00:00<?, ?it/s]Animation 58: Write(MathTex('x > 0')), etc.:  44%|████▍     | 21/48 [00:00<00:00, 208.26it/s]Animation 58: Write(MathTex('x > 0')), etc.:  88%|████████▊ | 42/48 [00:00<00:00, 199.36it/s]                                                                                             [02/27/26 10:59:38] INFO     Animation 58 : Partial     scene_file_writer.py:590
                             movie file written in                              
                             '/Users/mx/Desktop/manim_m                         
                             ath/高中/高一/第二学期/第                          
                             五章-三角比/002任意角的三                          
                             角比/media/videos/any_angl                         
                             e_trigonometry/1920p60/par                         
                             tial_movie_files/AnyAngleT                         
                             rigonometry/656162490_2966                         
                             003965_55661020.mp4'                               
                    WARNING  Font Noto Sans CJK SC not in    text_mobject.py:464
                             ['.AppleSystemUIFont', 'Academy                    
                             Engraved LET', 'Al Bayan', 'Al                     
                             Nile', 'Al Tarikh', 'American                      
                             Typewriter', 'Andale Mono',                        
                             'Apple Braille', 'Apple                            
                             Chancery', 'Apple Color Emoji',                    
                             'Apple LiGothic', 'Apple                           
                             LiSung', 'Apple SD Gothic Neo',                    
                             'Apple Symbols', 'AppleGothic',                    
                             'AppleMyungjo', 'Arial', 'Arial                    
                             Black', 'Arial Hebrew', 'Arial                     
                             Hebrew Scholar', 'Arial                            
                             Narrow', 'Arial Rounded MT                         
                             Bold', 'Arial Unicode MS',                         
                             'Avenir', 'Avenir Next',                           
                             'Avenir Next Condensed',                           
                             'Ayuthaya', 'BIZ UDGothic',                        
                             'BIZ UDMincho', 'BM Dohyeon',                      
                             'BM Hanna 11yrs Old', 'BM Hanna                    
                             Air', 'BM Hanna Pro', 'BM Jua',                    
                             'BM Kirang Haerang', 'BM                           
                             Yeonsung', 'Baghdad', 'Bangla                      
                             MN', 'Bangla Sangam MN', 'Baoli                    
                             SC', 'Baoli TC', 'Baskerville',                    
                             'Beirut', 'BiauKaiHK',                             
                             'BiauKaiTC', 'Big Caslon',                         
                             'Bodoni 72', 'Bodoni 72                            
                             Oldstyle', 'Bodoni 72                              
                             Smallcaps', 'Bodoni Ornaments',                    
                             'Bradley Hand', 'Brush Script                      
                             MT', 'Chalkboard', 'Chalkboard                     
                             SE', 'Chalkduster', 'Charter',                     
                             'Cochin', 'Comic Sans MS',                         
                             'Copperplate', 'Corsiva                            
                             Hebrew', 'Courier New', 'DIN                       
                             Alternate', 'DIN Condensed',                       
                             'Damascus', 'DecoType Naskh',                      
                             'Devanagari MT', 'Devanagari                       
                             Sangam MN', 'Didot', 'Diwan                        
                             Kufi', 'Diwan Thuluth',                            
                             'Euphemia UCAS', 'Farah',                          
                             'Farisi', 'Futura', 'GB18030                       
                             Bitmap', 'Galvji', 'Geeza Pro',                    
                             'Geneva', 'Georgia', 'Gill                         
                             Sans', 'Grantha Sangam MN',                        
                             'Gujarati MT', 'Gujarati Sangam                    
                             MN', 'GungSeo', 'Gurmukhi MN',                     
                             'Gurmukhi MT', 'Gurmukhi Sangam                    
                             MN', 'Hannotate SC', 'Hannotate                    
                             TC', 'HanziPen SC', 'HanziPen                      
                             TC', 'HeadLineA', 'Hei', 'Heiti                    
                             SC', 'Heiti TC', 'Helvetica',                      
                             'Helvetica Neue', 'Herculanum',                    
                             'Hiragino Maru Gothic ProN',                       
                             'Hiragino Mincho ProN',                            
                             'Hiragino Sans', 'Hiragino Sans                    
                             GB', 'Hoefler Text', 'ITF                          
                             Devanagari', 'ITF Devanagari                       
                             Marathi', 'Impact',                                
                             'InaiMathi', 'Kai', 'Kailasa',                     
                             'Kaiti SC', 'Kaiti TC',                            
                             'Kannada MN', 'Kannada Sangam                      
                             MN', 'Kefa III', 'Khmer MN',                       
                             'Khmer Sangam MN', 'Klee',                         
                             'Kohinoor Bangla', 'Kohinoor                       
                             Devanagari', 'Kohinoor                             
                             Gujarati', 'Kohinoor Telugu',                      
                             'Kokonor', 'Krungthep',                            
                             'KufiStandardGK', 'LXGW                            
                             ZhenKai', 'Lantinghei SC',                         
                             'Lantinghei TC', 'Lao MN', 'Lao                    
                             Sangam MN', 'LiHei Pro',                           
                             'LiSong Pro', 'Libian SC',                         
                             'Libian TC', 'LingWai SC',                         
                             'LingWai TC', 'Lucida Grande',                     
                             'Luminari', 'Malayalam MN',                        
                             'Malayalam Sangam MN', 'Marker                     
                             Felt', 'Menlo', 'Microsoft Sans                    
                             Serif', 'Mishafi', 'Mishafi                        
                             Gold', 'Monaco', 'Monospace',                      
                             'Mshtakan', 'Mukta Mahee',                         
                             'Muna', 'Myanmar MN', 'Myanmar                     
                             Sangam MN', 'Nadeem', 'Nanum                       
                             Brush Script', 'Nanum Gothic',                     
                             'Nanum Myeongjo', 'Nanum Pen                       
                             Script', 'New Peninim MT',                         
                             'Noteworthy', 'Noto Nastaliq                       
                             Urdu', 'Noto Sans Batak', 'Noto                    
                             Sans Kannada', 'Noto Sans                          
                             Myanmar', 'Noto Sans NKo',                         
                             'Noto Sans Oriya', 'Noto Sans                      
                             Syriac', 'Noto Sans Tagalog',                      
                             'Noto Serif Myanmar', 'Optima',                    
                             'Oriya MN', 'Oriya Sangam MN',                     
                             'Osaka', 'PCMyungjo', 'PT                          
                             Mono', 'PT Sans', 'PT Sans                         
                             Caption', 'PT Sans Narrow', 'PT                    
                             Serif', 'PT Serif Caption',                        
                             'Palatino', 'Papyrus', 'Party                      
                             LET', 'Phosphate', 'PilGi',                        
                             'PingFang HK', 'PingFang MO',                      
                             'PingFang SC', 'PingFang TC',                      
                             'Plantagenet Cherokee',                            
                             'Raanana', 'Rockwell',                             
                             'STFangsong', 'STHeiti', 'STIX                     
                             Two Math', 'STIX Two Text',                        
                             'STKaiti', 'STSong', 'Sana',                       
                             'Sans', 'Sathu', 'Savoye LET',                     
                             'Serif', 'Shree Devanagari                         
                             714', 'SignPainter', 'Silom',                      
                             'SimSong', 'Sinhala MN',                           
                             'Sinhala Sangam MN', 'Skia',                       
                             'Snell Roundhand', 'Songti SC',                    
                             'Songti TC', 'Sukhumvit Set',                      
                             'Symbol', 'Tahoma', 'Tamil MN',                    
                             'Tamil Sangam MN', 'Telugu MN',                    
                             'Telugu Sangam MN', 'Thonburi',                    
                             'Times New Roman', 'Toppan                         
                             Bunkyu Gothic', 'Toppan Bunkyu                     
                             Midashi Gothic', 'Toppan Bunkyu                    
                             Midashi Mincho', 'Toppan Bunkyu                    
                             Mincho', 'Trattatello',                            
                             'Trebuchet MS', 'Tsukushi A                        
                             Round Gothic', 'Tsukushi B                         
                             Round Gothic', 'Verdana',                          
                             'Waseem', 'Wawati SC', 'Wawati                     
                             TC', 'Webdings', 'Weibei SC',                      
                             'Weibei TC', 'Wingdings',                          
                             'Wingdings 2', 'Wingdings 3',                      
                             'Xingkai SC', 'Xingkai TC',                        
                             'YuGothic', 'YuKyokasho',                          
                             'YuKyokasho Yoko', 'YuMincho',                     
                             'YuMincho +36p Kana', 'Yuanti                      
                             SC', 'Yuanti TC', 'Yuppy SC',                      
                             'Yuppy TC', 'Zapf Dingbats',                       
                             'Zapfino', 'cursive',                              
                             'fantasy', 'system-ui'].                           
                    INFO     Writing                     tex_file_writing.py:110
                             \special{dvisvgm:raw <g                            
                             id='unique000'>}\sin\alpha                         
                             \special{dvisvgm:raw                               
                             </g>}\special{dvisvgm:raw                          
                             <g id='unique001'>}< 0,\                           
                             \special{dvisvgm:raw                               
                             </g>}\special{dvisvgm:raw                          
                             <g                                                 
                             id='unique002'>}\cos\alpha                         
                             \special{dvisvgm:raw                               
                             </g>}\special{dvisvgm:raw                          
                             <g id='unique003'>}> 0,\                           
                             \special{dvisvgm:raw                               
                             </g>}\special{dvisvgm:raw                          
                             <g                                                 
                             id='unique004'>}\tan\alpha                         
                             \special{dvisvgm:raw                               
                             </g>}\special{dvisvgm:raw                          
                             <g id='unique005'>}<                               
                             0\special{dvisvgm:raw </g>}                        
                             to                                                 
                             media/Tex/85d739526fd30c58.                        
                             tex                                                
Animation 59: FadeIn(VGroup of 2 submobjects):   0%|          | 0/60 [00:00<?, ?it/s]Animation 59: FadeIn(VGroup of 2 submobjects):  17%|█▋        | 10/60 [00:00<00:00, 94.67it/s]Animation 59: FadeIn(VGroup of 2 submobjects):  35%|███▌      | 21/60 [00:00<00:00, 103.14it/s]Animation 59: FadeIn(VGroup of 2 submobjects):  55%|█████▌    | 33/60 [00:00<00:00, 108.60it/s]Animation 59: FadeIn(VGroup of 2 submobjects):  78%|███████▊  | 47/60 [00:00<00:00, 119.00it/s]                                                                                               [02/27/26 10:59:40] INFO     Animation 59 : Partial     scene_file_writer.py:590
                             movie file written in                              
                             '/Users/mx/Desktop/manim_m                         
                             ath/高中/高一/第二学期/第                          
                             五章-三角比/002任意角的三                          
                             角比/media/videos/any_angl                         
                             e_trigonometry/1920p60/par                         
                             tial_movie_files/AnyAngleT                         
                             rigonometry/656162490_3675                         
                             8423_354096015.mp4'                                
                    WARNING  Font Noto Sans CJK SC not in    text_mobject.py:464
                             ['.AppleSystemUIFont', 'Academy                    
                             Engraved LET', 'Al Bayan', 'Al                     
                             Nile', 'Al Tarikh', 'American                      
                             Typewriter', 'Andale Mono',                        
                             'Apple Braille', 'Apple                            
                             Chancery', 'Apple Color Emoji',                    
                             'Apple LiGothic', 'Apple                           
                             LiSung', 'Apple SD Gothic Neo',                    
                             'Apple Symbols', 'AppleGothic',                    
                             'AppleMyungjo', 'Arial', 'Arial                    
                             Black', 'Arial Hebrew', 'Arial                     
                             Hebrew Scholar', 'Arial                            
                             Narrow', 'Arial Rounded MT                         
                             Bold', 'Arial Unicode MS',                         
                             'Avenir', 'Avenir Next',                           
                             'Avenir Next Condensed',                           
                             'Ayuthaya', 'BIZ UDGothic',                        
                             'BIZ UDMincho', 'BM Dohyeon',                      
                             'BM Hanna 11yrs Old', 'BM Hanna                    
                             Air', 'BM Hanna Pro', 'BM Jua',                    
                             'BM Kirang Haerang', 'BM                           
                             Yeonsung', 'Baghdad', 'Bangla                      
                             MN', 'Bangla Sangam MN', 'Baoli                    
                             SC', 'Baoli TC', 'Baskerville',                    
                             'Beirut', 'BiauKaiHK',                             
                             'BiauKaiTC', 'Big Caslon',                         
                             'Bodoni 72', 'Bodoni 72                            
                             Oldstyle', 'Bodoni 72                              
                             Smallcaps', 'Bodoni Ornaments',                    
                             'Bradley Hand', 'Brush Script                      
                             MT', 'Chalkboard', 'Chalkboard                     
                             SE', 'Chalkduster', 'Charter',                     
                             'Cochin', 'Comic Sans MS',                         
                             'Copperplate', 'Corsiva                            
                             Hebrew', 'Courier New', 'DIN                       
                             Alternate', 'DIN Condensed',                       
                             'Damascus', 'DecoType Naskh',                      
                             'Devanagari MT', 'Devanagari                       
                             Sangam MN', 'Didot', 'Diwan                        
                             Kufi', 'Diwan Thuluth',                            
                             'Euphemia UCAS', 'Farah',                          
                             'Farisi', 'Futura', 'GB18030                       
                             Bitmap', 'Galvji', 'Geeza Pro',                    
                             'Geneva', 'Georgia', 'Gill                         
                             Sans', 'Grantha Sangam MN',                        
                             'Gujarati MT', 'Gujarati Sangam                    
                             MN', 'GungSeo', 'Gurmukhi MN',                     
                             'Gurmukhi MT', 'Gurmukhi Sangam                    
                             MN', 'Hannotate SC', 'Hannotate                    
                             TC', 'HanziPen SC', 'HanziPen                      
                             TC', 'HeadLineA', 'Hei', 'Heiti                    
                             SC', 'Heiti TC', 'Helvetica',                      
                             'Helvetica Neue', 'Herculanum',                    
                             'Hiragino Maru Gothic ProN',                       
                             'Hiragino Mincho ProN',                            
                             'Hiragino Sans', 'Hiragino Sans                    
                             GB', 'Hoefler Text', 'ITF                          
                             Devanagari', 'ITF Devanagari                       
                             Marathi', 'Impact',                                
                             'InaiMathi', 'Kai', 'Kailasa',                     
                             'Kaiti SC', 'Kaiti TC',                            
                             'Kannada MN', 'Kannada Sangam                      
                             MN', 'Kefa III', 'Khmer MN',                       
                             'Khmer Sangam MN', 'Klee',                         
                             'Kohinoor Bangla', 'Kohinoor                       
                             Devanagari', 'Kohinoor                             
                             Gujarati', 'Kohinoor Telugu',                      
                             'Kokonor', 'Krungthep',                            
                             'KufiStandardGK', 'LXGW                            
                             ZhenKai', 'Lantinghei SC',                         
                             'Lantinghei TC', 'Lao MN', 'Lao                    
                             Sangam MN', 'LiHei Pro',                           
                             'LiSong Pro', 'Libian SC',                         
                             'Libian TC', 'LingWai SC',                         
                             'LingWai TC', 'Lucida Grande',                     
                             'Luminari', 'Malayalam MN',                        
                             'Malayalam Sangam MN', 'Marker                     
                             Felt', 'Menlo', 'Microsoft Sans                    
                             Serif', 'Mishafi', 'Mishafi                        
                             Gold', 'Monaco', 'Monospace',                      
                             'Mshtakan', 'Mukta Mahee',                         
                             'Muna', 'Myanmar MN', 'Myanmar                     
                             Sangam MN', 'Nadeem', 'Nanum                       
                             Brush Script', 'Nanum Gothic',                     
                             'Nanum Myeongjo', 'Nanum Pen                       
                             Script', 'New Peninim MT',                         
                             'Noteworthy', 'Noto Nastaliq                       
                             Urdu', 'Noto Sans Batak', 'Noto                    
                             Sans Kannada', 'Noto Sans                          
                             Myanmar', 'Noto Sans NKo',                         
                             'Noto Sans Oriya', 'Noto Sans                      
                             Syriac', 'Noto Sans Tagalog',                      
                             'Noto Serif Myanmar', 'Optima',                    
                             'Oriya MN', 'Oriya Sangam MN',                     
                             'Osaka', 'PCMyungjo', 'PT                          
                             Mono', 'PT Sans', 'PT Sans                         
                             Caption', 'PT Sans Narrow', 'PT                    
                             Serif', 'PT Serif Caption',                        
                             'Palatino', 'Papyrus', 'Party                      
                             LET', 'Phosphate', 'PilGi',                        
                             'PingFang HK', 'PingFang MO',                      
                             'PingFang SC', 'PingFang TC',                      
                             'Plantagenet Cherokee',                            
                             'Raanana', 'Rockwell',                             
                             'STFangsong', 'STHeiti', 'STIX                     
                             Two Math', 'STIX Two Text',                        
                             'STKaiti', 'STSong', 'Sana',                       
                             'Sans', 'Sathu', 'Savoye LET',                     
                             'Serif', 'Shree Devanagari                         
                             714', 'SignPainter', 'Silom',                      
                             'SimSong', 'Sinhala MN',                           
                             'Sinhala Sangam MN', 'Skia',                       
                             'Snell Roundhand', 'Songti SC',                    
                             'Songti TC', 'Sukhumvit Set',                      
                             'Symbol', 'Tahoma', 'Tamil MN',                    
                             'Tamil Sangam MN', 'Telugu MN',                    
                             'Telugu Sangam MN', 'Thonburi',                    
                             'Times New Roman', 'Toppan                         
                             Bunkyu Gothic', 'Toppan Bunkyu                     
                             Midashi Gothic', 'Toppan Bunkyu                    
                             Midashi Mincho', 'Toppan Bunkyu                    
                             Mincho', 'Trattatello',                            
                             'Trebuchet MS', 'Tsukushi A                        
                             Round Gothic', 'Tsukushi B                         
                             Round Gothic', 'Verdana',                          
                             'Waseem', 'Wawati SC', 'Wawati                     
                             TC', 'Webdings', 'Weibei SC',                      
                             'Weibei TC', 'Wingdings',                          
                             'Wingdings 2', 'Wingdings 3',                      
                             'Xingkai SC', 'Xingkai TC',                        
                             'YuGothic', 'YuKyokasho',                          
                             'YuKyokasho Yoko', 'YuMincho',                     
                             'YuMincho +36p Kana', 'Yuanti                      
                             SC', 'Yuanti TC', 'Yuppy SC',                      
                             'Yuppy TC', 'Zapf Dingbats',                       
                             'Zapfino', 'cursive',                              
                             'fantasy', 'system-ui'].                           
Animation 60: FadeIn(Text('只有 cos 为正!')):   0%|          | 0/36 [00:00<?, ?it/s]Animation 60: FadeIn(Text('只有 cos 为正!')):  50%|█████     | 18/36 [00:00<00:00, 170.54it/s]                                                                                                                  INFO     Animation 60 : Partial     scene_file_writer.py:590
                             movie file written in                              
                             '/Users/mx/Desktop/manim_m                         
                             ath/高中/高一/第二学期/第                          
                             五章-三角比/002任意角的三                          
                             角比/media/videos/any_angl                         
                             e_trigonometry/1920p60/par                         
                             tial_movie_files/AnyAngleT                         
                             rigonometry/656162490_1184                         
                             770175_4063741806.mp4'                             
[02/27/26 10:59:42] INFO     Animation 61 : Partial     scene_file_writer.py:590
                             movie file written in                              
                             '/Users/mx/Desktop/manim_m                         
                             ath/高中/高一/第二学期/第                          
                             五章-三角比/002任意角的三                          
                             角比/media/videos/any_angl                         
                             e_trigonometry/1920p60/par                         
                             tial_movie_files/AnyAngleT                         
                             rigonometry/656162490_3366                         
                             045169_2466681583.mp4'                             
Animation 62: FadeOut(VGroup of 13 submobjects):   0%|          | 0/36 [00:00<?, ?it/s]Animation 62: FadeOut(VGroup of 13 submobjects):  17%|█▋        | 6/36 [00:00<00:00, 53.49it/s]Animation 62: FadeOut(VGroup of 13 submobjects):  33%|███▎      | 12/36 [00:00<00:00, 56.37it/s]Animation 62: FadeOut(VGroup of 13 submobjects):  50%|█████     | 18/36 [00:00<00:00, 57.73it/s]Animation 62: FadeOut(VGroup of 13 submobjects):  69%|██████▉   | 25/36 [00:00<00:00, 59.40it/s]Animation 62: FadeOut(VGroup of 13 submobjects):  89%|████████▉ | 32/36 [00:00<00:00, 61.42it/s]                                                                                                [02/27/26 10:59:43] INFO     Animation 62 : Partial     scene_file_writer.py:590
                             movie file written in                              
                             '/Users/mx/Desktop/manim_m                         
                             ath/高中/高一/第二学期/第                          
                             五章-三角比/002任意角的三                          
                             角比/media/videos/any_angl                         
                             e_trigonometry/1920p60/par                         
                             tial_movie_files/AnyAngleT                         
                             rigonometry/656162490_4101                         
                             385200_329157010.mp4'                              
Animation 63: _MethodAnimation(Circle), etc.:   0%|          | 0/30 [00:00<?, ?it/s]Animation 63: _MethodAnimation(Circle), etc.:  63%|██████▎   | 19/30 [00:00<00:00, 181.58it/s]                                                                                              [02/27/26 10:59:44] INFO     Animation 63 : Partial     scene_file_writer.py:590
                             movie file written in                              
                             '/Users/mx/Desktop/manim_m                         
                             ath/高中/高一/第二学期/第                          
                             五章-三角比/002任意角的三                          
                             角比/media/videos/any_angl                         
                             e_trigonometry/1920p60/par                         
                             tial_movie_files/AnyAngleT                         
                             rigonometry/656162490_2032                         
                             520166_2975152162.mp4'                             
                    WARNING  Font Noto Sans CJK SC not in    text_mobject.py:464
                             ['.AppleSystemUIFont', 'Academy                    
                             Engraved LET', 'Al Bayan', 'Al                     
                             Nile', 'Al Tarikh', 'American                      
                             Typewriter', 'Andale Mono',                        
                             'Apple Braille', 'Apple                            
                             Chancery', 'Apple Color Emoji',                    
                             'Apple LiGothic', 'Apple                           
                             LiSung', 'Apple SD Gothic Neo',                    
                             'Apple Symbols', 'AppleGothic',                    
                             'AppleMyungjo', 'Arial', 'Arial                    
                             Black', 'Arial Hebrew', 'Arial                     
                             Hebrew Scholar', 'Arial                            
                             Narrow', 'Arial Rounded MT                         
                             Bold', 'Arial Unicode MS',                         
                             'Avenir', 'Avenir Next',                           
                             'Avenir Next Condensed',                           
                             'Ayuthaya', 'BIZ UDGothic',                        
                             'BIZ UDMincho', 'BM Dohyeon',                      
                             'BM Hanna 11yrs Old', 'BM Hanna                    
                             Air', 'BM Hanna Pro', 'BM Jua',                    
                             'BM Kirang Haerang', 'BM                           
                             Yeonsung', 'Baghdad', 'Bangla                      
                             MN', 'Bangla Sangam MN', 'Baoli                    
                             SC', 'Baoli TC', 'Baskerville',                    
                             'Beirut', 'BiauKaiHK',                             
                             'BiauKaiTC', 'Big Caslon',                         
                             'Bodoni 72', 'Bodoni 72                            
                             Oldstyle', 'Bodoni 72                              
                             Smallcaps', 'Bodoni Ornaments',                    
                             'Bradley Hand', 'Brush Script                      
                             MT', 'Chalkboard', 'Chalkboard                     
                             SE', 'Chalkduster', 'Charter',                     
                             'Cochin', 'Comic Sans MS',                         
                             'Copperplate', 'Corsiva                            
                             Hebrew', 'Courier New', 'DIN                       
                             Alternate', 'DIN Condensed',                       
                             'Damascus', 'DecoType Naskh',                      
                             'Devanagari MT', 'Devanagari                       
                             Sangam MN', 'Didot', 'Diwan                        
                             Kufi', 'Diwan Thuluth',                            
                             'Euphemia UCAS', 'Farah',                          
                             'Farisi', 'Futura', 'GB18030                       
                             Bitmap', 'Galvji', 'Geeza Pro',                    
                             'Geneva', 'Georgia', 'Gill                         
                             Sans', 'Grantha Sangam MN',                        
                             'Gujarati MT', 'Gujarati Sangam                    
                             MN', 'GungSeo', 'Gurmukhi MN',                     
                             'Gurmukhi MT', 'Gurmukhi Sangam                    
                             MN', 'Hannotate SC', 'Hannotate                    
                             TC', 'HanziPen SC', 'HanziPen                      
                             TC', 'HeadLineA', 'Hei', 'Heiti                    
                             SC', 'Heiti TC', 'Helvetica',                      
                             'Helvetica Neue', 'Herculanum',                    
                             'Hiragino Maru Gothic ProN',                       
                             'Hiragino Mincho ProN',                            
                             'Hiragino Sans', 'Hiragino Sans                    
                             GB', 'Hoefler Text', 'ITF                          
                             Devanagari', 'ITF Devanagari                       
                             Marathi', 'Impact',                                
                             'InaiMathi', 'Kai', 'Kailasa',                     
                             'Kaiti SC', 'Kaiti TC',                            
                             'Kannada MN', 'Kannada Sangam                      
                             MN', 'Kefa III', 'Khmer MN',                       
                             'Khmer Sangam MN', 'Klee',                         
                             'Kohinoor Bangla', 'Kohinoor                       
                             Devanagari', 'Kohinoor                             
                             Gujarati', 'Kohinoor Telugu',                      
                             'Kokonor', 'Krungthep',                            
                             'KufiStandardGK', 'LXGW                            
                             ZhenKai', 'Lantinghei SC',                         
                             'Lantinghei TC', 'Lao MN', 'Lao                    
                             Sangam MN', 'LiHei Pro',                           
                             'LiSong Pro', 'Libian SC',                         
                             'Libian TC', 'LingWai SC',                         
                             'LingWai TC', 'Lucida Grande',                     
                             'Luminari', 'Malayalam MN',                        
                             'Malayalam Sangam MN', 'Marker                     
                             Felt', 'Menlo', 'Microsoft Sans                    
                             Serif', 'Mishafi', 'Mishafi                        
                             Gold', 'Monaco', 'Monospace',                      
                             'Mshtakan', 'Mukta Mahee',                         
                             'Muna', 'Myanmar MN', 'Myanmar                     
                             Sangam MN', 'Nadeem', 'Nanum                       
                             Brush Script', 'Nanum Gothic',                     
                             'Nanum Myeongjo', 'Nanum Pen                       
                             Script', 'New Peninim MT',                         
                             'Noteworthy', 'Noto Nastaliq                       
                             Urdu', 'Noto Sans Batak', 'Noto                    
                             Sans Kannada', 'Noto Sans                          
                             Myanmar', 'Noto Sans NKo',                         
                             'Noto Sans Oriya', 'Noto Sans                      
                             Syriac', 'Noto Sans Tagalog',                      
                             'Noto Serif Myanmar', 'Optima',                    
                             'Oriya MN', 'Oriya Sangam MN',                     
                             'Osaka', 'PCMyungjo', 'PT                          
                             Mono', 'PT Sans', 'PT Sans                         
                             Caption', 'PT Sans Narrow', 'PT                    
                             Serif', 'PT Serif Caption',                        
                             'Palatino', 'Papyrus', 'Party                      
                             LET', 'Phosphate', 'PilGi',                        
                             'PingFang HK', 'PingFang MO',                      
                             'PingFang SC', 'PingFang TC',                      
                             'Plantagenet Cherokee',                            
                             'Raanana', 'Rockwell',                             
                             'STFangsong', 'STHeiti', 'STIX                     
                             Two Math', 'STIX Two Text',                        
                             'STKaiti', 'STSong', 'Sana',                       
                             'Sans', 'Sathu', 'Savoye LET',                     
                             'Serif', 'Shree Devanagari                         
                             714', 'SignPainter', 'Silom',                      
                             'SimSong', 'Sinhala MN',                           
                             'Sinhala Sangam MN', 'Skia',                       
                             'Snell Roundhand', 'Songti SC',                    
                             'Songti TC', 'Sukhumvit Set',                      
                             'Symbol', 'Tahoma', 'Tamil MN',                    
                             'Tamil Sangam MN', 'Telugu MN',                    
                             'Telugu Sangam MN', 'Thonburi',                    
                             'Times New Roman', 'Toppan                         
                             Bunkyu Gothic', 'Toppan Bunkyu                     
                             Midashi Gothic', 'Toppan Bunkyu                    
                             Midashi Mincho', 'Toppan Bunkyu                    
                             Mincho', 'Trattatello',                            
                             'Trebuchet MS', 'Tsukushi A                        
                             Round Gothic', 'Tsukushi B                         
                             Round Gothic', 'Verdana',                          
                             'Waseem', 'Wawati SC', 'Wawati                     
                             TC', 'Webdings', 'Weibei SC',                      
                             'Weibei TC', 'Wingdings',                          
                             'Wingdings 2', 'Wingdings 3',                      
                             'Xingkai SC', 'Xingkai TC',                        
                             'YuGothic', 'YuKyokasho',                          
                             'YuKyokasho Yoko', 'YuMincho',                     
                             'YuMincho +36p Kana', 'Yuanti                      
                             SC', 'Yuanti TC', 'Yuppy SC',                      
                             'Yuppy TC', 'Zapf Dingbats',                       
                             'Zapfino', 'cursive',                              
                             'fantasy', 'system-ui'].                           
Animation 64: FadeIn(Text('记忆口诀')):   0%|          | 0/36 [00:00<?, ?it/s]Animation 64: FadeIn(Text('记忆口诀')):  61%|██████    | 22/36 [00:00<00:00, 214.46it/s]                                                                                                            INFO     Animation 64 : Partial     scene_file_writer.py:590
                             movie file written in                              
                             '/Users/mx/Desktop/manim_m                         
                             ath/高中/高一/第二学期/第                          
                             五章-三角比/002任意角的三                          
                             角比/media/videos/any_angl                         
                             e_trigonometry/1920p60/par                         
                             tial_movie_files/AnyAngleT                         
                             rigonometry/656162490_1828                         
                             050277_2706846926.mp4'                             
                    WARNING  Font Noto Sans CJK SC not in    text_mobject.py:464
                             ['.AppleSystemUIFont', 'Academy                    
                             Engraved LET', 'Al Bayan', 'Al                     
                             Nile', 'Al Tarikh', 'American                      
                             Typewriter', 'Andale Mono',                        
                             'Apple Braille', 'Apple                            
                             Chancery', 'Apple Color Emoji',                    
                             'Apple LiGothic', 'Apple                           
                             LiSung', 'Apple SD Gothic Neo',                    
                             'Apple Symbols', 'AppleGothic',                    
                             'AppleMyungjo', 'Arial', 'Arial                    
                             Black', 'Arial Hebrew', 'Arial                     
                             Hebrew Scholar', 'Arial                            
                             Narrow', 'Arial Rounded MT                         
                             Bold', 'Arial Unicode MS',                         
                             'Avenir', 'Avenir Next',                           
                             'Avenir Next Condensed',                           
                             'Ayuthaya', 'BIZ UDGothic',                        
                             'BIZ UDMincho', 'BM Dohyeon',                      
                             'BM Hanna 11yrs Old', 'BM Hanna                    
                             Air', 'BM Hanna Pro', 'BM Jua',                    
                             'BM Kirang Haerang', 'BM                           
                             Yeonsung', 'Baghdad', 'Bangla                      
                             MN', 'Bangla Sangam MN', 'Baoli                    
                             SC', 'Baoli TC', 'Baskerville',                    
                             'Beirut', 'BiauKaiHK',                             
                             'BiauKaiTC', 'Big Caslon',                         
                             'Bodoni 72', 'Bodoni 72                            
                             Oldstyle', 'Bodoni 72                              
                             Smallcaps', 'Bodoni Ornaments',                    
                             'Bradley Hand', 'Brush Script                      
                             MT', 'Chalkboard', 'Chalkboard                     
                             SE', 'Chalkduster', 'Charter',                     
                             'Cochin', 'Comic Sans MS',                         
                             'Copperplate', 'Corsiva                            
                             Hebrew', 'Courier New', 'DIN                       
                             Alternate', 'DIN Condensed',                       
                             'Damascus', 'DecoType Naskh',                      
                             'Devanagari MT', 'Devanagari                       
                             Sangam MN', 'Didot', 'Diwan                        
                             Kufi', 'Diwan Thuluth',                            
                             'Euphemia UCAS', 'Farah',                          
                             'Farisi', 'Futura', 'GB18030                       
                             Bitmap', 'Galvji', 'Geeza Pro',                    
                             'Geneva', 'Georgia', 'Gill                         
                             Sans', 'Grantha Sangam MN',                        
                             'Gujarati MT', 'Gujarati Sangam                    
                             MN', 'GungSeo', 'Gurmukhi MN',                     
                             'Gurmukhi MT', 'Gurmukhi Sangam                    
                             MN', 'Hannotate SC', 'Hannotate                    
                             TC', 'HanziPen SC', 'HanziPen                      
                             TC', 'HeadLineA', 'Hei', 'Heiti                    
                             SC', 'Heiti TC', 'Helvetica',                      
                             'Helvetica Neue', 'Herculanum',                    
                             'Hiragino Maru Gothic ProN',                       
                             'Hiragino Mincho ProN',                            
                             'Hiragino Sans', 'Hiragino Sans                    
                             GB', 'Hoefler Text', 'ITF                          
                             Devanagari', 'ITF Devanagari                       
                             Marathi', 'Impact',                                
                             'InaiMathi', 'Kai', 'Kailasa',                     
                             'Kaiti SC', 'Kaiti TC',                            
                             'Kannada MN', 'Kannada Sangam                      
                             MN', 'Kefa III', 'Khmer MN',                       
                             'Khmer Sangam MN', 'Klee',                         
                             'Kohinoor Bangla', 'Kohinoor                       
                             Devanagari', 'Kohinoor                             
                             Gujarati', 'Kohinoor Telugu',                      
                             'Kokonor', 'Krungthep',                            
                             'KufiStandardGK', 'LXGW                            
                             ZhenKai', 'Lantinghei SC',                         
                             'Lantinghei TC', 'Lao MN', 'Lao                    
                             Sangam MN', 'LiHei Pro',                           
                             'LiSong Pro', 'Libian SC',                         
                             'Libian TC', 'LingWai SC',                         
                             'LingWai TC', 'Lucida Grande',                     
                             'Luminari', 'Malayalam MN',                        
                             'Malayalam Sangam MN', 'Marker                     
                             Felt', 'Menlo', 'Microsoft Sans                    
                             Serif', 'Mishafi', 'Mishafi                        
                             Gold', 'Monaco', 'Monospace',                      
                             'Mshtakan', 'Mukta Mahee',                         
                             'Muna', 'Myanmar MN', 'Myanmar                     
                             Sangam MN', 'Nadeem', 'Nanum                       
                             Brush Script', 'Nanum Gothic',                     
                             'Nanum Myeongjo', 'Nanum Pen                       
                             Script', 'New Peninim MT',                         
                             'Noteworthy', 'Noto Nastaliq                       
                             Urdu', 'Noto Sans Batak', 'Noto                    
                             Sans Kannada', 'Noto Sans                          
                             Myanmar', 'Noto Sans NKo',                         
                             'Noto Sans Oriya', 'Noto Sans                      
                             Syriac', 'Noto Sans Tagalog',                      
                             'Noto Serif Myanmar', 'Optima',                    
                             'Oriya MN', 'Oriya Sangam MN',                     
                             'Osaka', 'PCMyungjo', 'PT                          
                             Mono', 'PT Sans', 'PT Sans                         
                             Caption', 'PT Sans Narrow', 'PT                    
                             Serif', 'PT Serif Caption',                        
                             'Palatino', 'Papyrus', 'Party                      
                             LET', 'Phosphate', 'PilGi',                        
                             'PingFang HK', 'PingFang MO',                      
                             'PingFang SC', 'PingFang TC',                      
                             'Plantagenet Cherokee',                            
                             'Raanana', 'Rockwell',                             
                             'STFangsong', 'STHeiti', 'STIX                     
                             Two Math', 'STIX Two Text',                        
                             'STKaiti', 'STSong', 'Sana',                       
                             'Sans', 'Sathu', 'Savoye LET',                     
                             'Serif', 'Shree Devanagari                         
                             714', 'SignPainter', 'Silom',                      
                             'SimSong', 'Sinhala MN',                           
                             'Sinhala Sangam MN', 'Skia',                       
                             'Snell Roundhand', 'Songti SC',                    
                             'Songti TC', 'Sukhumvit Set',                      
                             'Symbol', 'Tahoma', 'Tamil MN',                    
                             'Tamil Sangam MN', 'Telugu MN',                    
                             'Telugu Sangam MN', 'Thonburi',                    
                             'Times New Roman', 'Toppan                         
                             Bunkyu Gothic', 'Toppan Bunkyu                     
                             Midashi Gothic', 'Toppan Bunkyu                    
                             Midashi Mincho', 'Toppan Bunkyu                    
                             Mincho', 'Trattatello',                            
                             'Trebuchet MS', 'Tsukushi A                        
                             Round Gothic', 'Tsukushi B                         
                             Round Gothic', 'Verdana',                          
                             'Waseem', 'Wawati SC', 'Wawati                     
                             TC', 'Webdings', 'Weibei SC',                      
                             'Weibei TC', 'Wingdings',                          
                             'Wingdings 2', 'Wingdings 3',                      
                             'Xingkai SC', 'Xingkai TC',                        
                             'YuGothic', 'YuKyokasho',                          
                             'YuKyokasho Yoko', 'YuMincho',                     
                             'YuMincho +36p Kana', 'Yuanti                      
                             SC', 'Yuanti TC', 'Yuppy SC',                      
                             'Yuppy TC', 'Zapf Dingbats',                       
                             'Zapfino', 'cursive',                              
                             'fantasy', 'system-ui'].                           
Animation 65: Write(Text('一全二正弦三正切四余弦')):   0%|          | 0/120 [00:00<?, ?it/s]Animation 65: Write(Text('一全二正弦三正切四余弦')):  18%|█▊        | 22/120 [00:00<00:00, 214.39it/s]Animation 65: Write(Text('一全二正弦三正切四余弦')):  41%|████      | 49/120 [00:00<00:00, 246.15it/s]Animation 65: Write(Text('一全二正弦三正切四余弦')):  62%|██████▏   | 74/120 [00:00<00:00, 229.06it/s]Animation 65: Write(Text('一全二正弦三正切四余弦')):  82%|████████▏ | 98/120 [00:00<00:00, 211.25it/s]                                                                                                      [02/27/26 10:59:46] INFO     Animation 65 : Partial     scene_file_writer.py:590
                             movie file written in                              
                             '/Users/mx/Desktop/manim_m                         
                             ath/高中/高一/第二学期/第                          
                             五章-三角比/002任意角的三                          
                             角比/media/videos/any_angl                         
                             e_trigonometry/1920p60/par                         
                             tial_movie_files/AnyAngleT                         
                             rigonometry/656162490_3010                         
                             460837_1490700313.mp4'                             
[02/27/26 10:59:47] INFO     Animation 66 : Partial     scene_file_writer.py:590
                             movie file written in                              
                             '/Users/mx/Desktop/manim_m                         
                             ath/高中/高一/第二学期/第                          
                             五章-三角比/002任意角的三                          
                             角比/media/videos/any_angl                         
                             e_trigonometry/1920p60/par                         
                             tial_movie_files/AnyAngleT                         
                             rigonometry/656162490_2834                         
                             709167_598126976.mp4'                              
                    WARNING  Font Noto Sans CJK SC not in    text_mobject.py:464
                             ['.AppleSystemUIFont', 'Academy                    
                             Engraved LET', 'Al Bayan', 'Al                     
                             Nile', 'Al Tarikh', 'American                      
                             Typewriter', 'Andale Mono',                        
                             'Apple Braille', 'Apple                            
                             Chancery', 'Apple Color Emoji',                    
                             'Apple LiGothic', 'Apple                           
                             LiSung', 'Apple SD Gothic Neo',                    
                             'Apple Symbols', 'AppleGothic',                    
                             'AppleMyungjo', 'Arial', 'Arial                    
                             Black', 'Arial Hebrew', 'Arial                     
                             Hebrew Scholar', 'Arial                            
                             Narrow', 'Arial Rounded MT                         
                             Bold', 'Arial Unicode MS',                         
                             'Avenir', 'Avenir Next',                           
                             'Avenir Next Condensed',                           
                             'Ayuthaya', 'BIZ UDGothic',                        
                             'BIZ UDMincho', 'BM Dohyeon',                      
                             'BM Hanna 11yrs Old', 'BM Hanna                    
                             Air', 'BM Hanna Pro', 'BM Jua',                    
                             'BM Kirang Haerang', 'BM                           
                             Yeonsung', 'Baghdad', 'Bangla                      
                             MN', 'Bangla Sangam MN', 'Baoli                    
                             SC', 'Baoli TC', 'Baskerville',                    
                             'Beirut', 'BiauKaiHK',                             
                             'BiauKaiTC', 'Big Caslon',                         
                             'Bodoni 72', 'Bodoni 72                            
                             Oldstyle', 'Bodoni 72                              
                             Smallcaps', 'Bodoni Ornaments',                    
                             'Bradley Hand', 'Brush Script                      
                             MT', 'Chalkboard', 'Chalkboard                     
                             SE', 'Chalkduster', 'Charter',                     
                             'Cochin', 'Comic Sans MS',                         
                             'Copperplate', 'Corsiva                            
                             Hebrew', 'Courier New', 'DIN                       
                             Alternate', 'DIN Condensed',                       
                             'Damascus', 'DecoType Naskh',                      
                             'Devanagari MT', 'Devanagari                       
                             Sangam MN', 'Didot', 'Diwan                        
                             Kufi', 'Diwan Thuluth',                            
                             'Euphemia UCAS', 'Farah',                          
                             'Farisi', 'Futura', 'GB18030                       
                             Bitmap', 'Galvji', 'Geeza Pro',                    
                             'Geneva', 'Georgia', 'Gill                         
                             Sans', 'Grantha Sangam MN',                        
                             'Gujarati MT', 'Gujarati Sangam                    
                             MN', 'GungSeo', 'Gurmukhi MN',                     
                             'Gurmukhi MT', 'Gurmukhi Sangam                    
                             MN', 'Hannotate SC', 'Hannotate                    
                             TC', 'HanziPen SC', 'HanziPen                      
                             TC', 'HeadLineA', 'Hei', 'Heiti                    
                             SC', 'Heiti TC', 'Helvetica',                      
                             'Helvetica Neue', 'Herculanum',                    
                             'Hiragino Maru Gothic ProN',                       
                             'Hiragino Mincho ProN',                            
                             'Hiragino Sans', 'Hiragino Sans                    
                             GB', 'Hoefler Text', 'ITF                          
                             Devanagari', 'ITF Devanagari                       
                             Marathi', 'Impact',                                
                             'InaiMathi', 'Kai', 'Kailasa',                     
                             'Kaiti SC', 'Kaiti TC',                            
                             'Kannada MN', 'Kannada Sangam                      
                             MN', 'Kefa III', 'Khmer MN',                       
                             'Khmer Sangam MN', 'Klee',                         
                             'Kohinoor Bangla', 'Kohinoor                       
                             Devanagari', 'Kohinoor                             
                             Gujarati', 'Kohinoor Telugu',                      
                             'Kokonor', 'Krungthep',                            
                             'KufiStandardGK', 'LXGW                            
                             ZhenKai', 'Lantinghei SC',                         
                             'Lantinghei TC', 'Lao MN', 'Lao                    
                             Sangam MN', 'LiHei Pro',                           
                             'LiSong Pro', 'Libian SC',                         
                             'Libian TC', 'LingWai SC',                         
                             'LingWai TC', 'Lucida Grande',                     
                             'Luminari', 'Malayalam MN',                        
                             'Malayalam Sangam MN', 'Marker                     
                             Felt', 'Menlo', 'Microsoft Sans                    
                             Serif', 'Mishafi', 'Mishafi                        
                             Gold', 'Monaco', 'Monospace',                      
                             'Mshtakan', 'Mukta Mahee',                         
                             'Muna', 'Myanmar MN', 'Myanmar                     
                             Sangam MN', 'Nadeem', 'Nanum                       
                             Brush Script', 'Nanum Gothic',                     
                             'Nanum Myeongjo', 'Nanum Pen                       
                             Script', 'New Peninim MT',                         
                             'Noteworthy', 'Noto Nastaliq                       
                             Urdu', 'Noto Sans Batak', 'Noto                    
                             Sans Kannada', 'Noto Sans                          
                             Myanmar', 'Noto Sans NKo',                         
                             'Noto Sans Oriya', 'Noto Sans                      
                             Syriac', 'Noto Sans Tagalog',                      
                             'Noto Serif Myanmar', 'Optima',                    
                             'Oriya MN', 'Oriya Sangam MN',                     
                             'Osaka', 'PCMyungjo', 'PT                          
                             Mono', 'PT Sans', 'PT Sans                         
                             Caption', 'PT Sans Narrow', 'PT                    
                             Serif', 'PT Serif Caption',                        
                             'Palatino', 'Papyrus', 'Party                      
                             LET', 'Phosphate', 'PilGi',                        
                             'PingFang HK', 'PingFang MO',                      
                             'PingFang SC', 'PingFang TC',                      
                             'Plantagenet Cherokee',                            
                             'Raanana', 'Rockwell',                             
                             'STFangsong', 'STHeiti', 'STIX                     
                             Two Math', 'STIX Two Text',                        
                             'STKaiti', 'STSong', 'Sana',                       
                             'Sans', 'Sathu', 'Savoye LET',                     
                             'Serif', 'Shree Devanagari                         
                             714', 'SignPainter', 'Silom',                      
                             'SimSong', 'Sinhala MN',                           
                             'Sinhala Sangam MN', 'Skia',                       
                             'Snell Roundhand', 'Songti SC',                    
                             'Songti TC', 'Sukhumvit Set',                      
                             'Symbol', 'Tahoma', 'Tamil MN',                    
                             'Tamil Sangam MN', 'Telugu MN',                    
                             'Telugu Sangam MN', 'Thonburi',                    
                             'Times New Roman', 'Toppan                         
                             Bunkyu Gothic', 'Toppan Bunkyu                     
                             Midashi Gothic', 'Toppan Bunkyu                    
                             Midashi Mincho', 'Toppan Bunkyu                    
                             Mincho', 'Trattatello',                            
                             'Trebuchet MS', 'Tsukushi A                        
                             Round Gothic', 'Tsukushi B                         
                             Round Gothic', 'Verdana',                          
                             'Waseem', 'Wawati SC', 'Wawati                     
                             TC', 'Webdings', 'Weibei SC',                      
                             'Weibei TC', 'Wingdings',                          
                             'Wingdings 2', 'Wingdings 3',                      
                             'Xingkai SC', 'Xingkai TC',                        
                             'YuGothic', 'YuKyokasho',                          
                             'YuKyokasho Yoko', 'YuMincho',                     
                             'YuMincho +36p Kana', 'Yuanti                      
                             SC', 'Yuanti TC', 'Yuppy SC',                      
                             'Yuppy TC', 'Zapf Dingbats',                       
                             'Zapfino', 'cursive',                              
                             'fantasy', 'system-ui'].                           
                    WARNING  Font Noto Sans CJK SC not in    text_mobject.py:464
                             ['.AppleSystemUIFont', 'Academy                    
                             Engraved LET', 'Al Bayan', 'Al                     
                             Nile', 'Al Tarikh', 'American                      
                             Typewriter', 'Andale Mono',                        
                             'Apple Braille', 'Apple                            
                             Chancery', 'Apple Color Emoji',                    
                             'Apple LiGothic', 'Apple                           
                             LiSung', 'Apple SD Gothic Neo',                    
                             'Apple Symbols', 'AppleGothic',                    
                             'AppleMyungjo', 'Arial', 'Arial                    
                             Black', 'Arial Hebrew', 'Arial                     
                             Hebrew Scholar', 'Arial                            
                             Narrow', 'Arial Rounded MT                         
                             Bold', 'Arial Unicode MS',                         
                             'Avenir', 'Avenir Next',                           
                             'Avenir Next Condensed',                           
                             'Ayuthaya', 'BIZ UDGothic',                        
                             'BIZ UDMincho', 'BM Dohyeon',                      
                             'BM Hanna 11yrs Old', 'BM Hanna                    
                             Air', 'BM Hanna Pro', 'BM Jua',                    
                             'BM Kirang Haerang', 'BM                           
                             Yeonsung', 'Baghdad', 'Bangla                      
                             MN', 'Bangla Sangam MN', 'Baoli                    
                             SC', 'Baoli TC', 'Baskerville',                    
                             'Beirut', 'BiauKaiHK',                             
                             'BiauKaiTC', 'Big Caslon',                         
                             'Bodoni 72', 'Bodoni 72                            
                             Oldstyle', 'Bodoni 72                              
                             Smallcaps', 'Bodoni Ornaments',                    
                             'Bradley Hand', 'Brush Script                      
                             MT', 'Chalkboard', 'Chalkboard                     
                             SE', 'Chalkduster', 'Charter',                     
                             'Cochin', 'Comic Sans MS',                         
                             'Copperplate', 'Corsiva                            
                             Hebrew', 'Courier New', 'DIN                       
                             Alternate', 'DIN Condensed',                       
                             'Damascus', 'DecoType Naskh',                      
                             'Devanagari MT', 'Devanagari                       
                             Sangam MN', 'Didot', 'Diwan                        
                             Kufi', 'Diwan Thuluth',                            
                             'Euphemia UCAS', 'Farah',                          
                             'Farisi', 'Futura', 'GB18030                       
                             Bitmap', 'Galvji', 'Geeza Pro',                    
                             'Geneva', 'Georgia', 'Gill                         
                             Sans', 'Grantha Sangam MN',                        
                             'Gujarati MT', 'Gujarati Sangam                    
                             MN', 'GungSeo', 'Gurmukhi MN',                     
                             'Gurmukhi MT', 'Gurmukhi Sangam                    
                             MN', 'Hannotate SC', 'Hannotate                    
                             TC', 'HanziPen SC', 'HanziPen                      
                             TC', 'HeadLineA', 'Hei', 'Heiti                    
                             SC', 'Heiti TC', 'Helvetica',                      
                             'Helvetica Neue', 'Herculanum',                    
                             'Hiragino Maru Gothic ProN',                       
                             'Hiragino Mincho ProN',                            
                             'Hiragino Sans', 'Hiragino Sans                    
                             GB', 'Hoefler Text', 'ITF                          
                             Devanagari', 'ITF Devanagari                       
                             Marathi', 'Impact',                                
                             'InaiMathi', 'Kai', 'Kailasa',                     
                             'Kaiti SC', 'Kaiti TC',                            
                             'Kannada MN', 'Kannada Sangam                      
                             MN', 'Kefa III', 'Khmer MN',                       
                             'Khmer Sangam MN', 'Klee',                         
                             'Kohinoor Bangla', 'Kohinoor                       
                             Devanagari', 'Kohinoor                             
                             Gujarati', 'Kohinoor Telugu',                      
                             'Kokonor', 'Krungthep',                            
                             'KufiStandardGK', 'LXGW                            
                             ZhenKai', 'Lantinghei SC',                         
                             'Lantinghei TC', 'Lao MN', 'Lao                    
                             Sangam MN', 'LiHei Pro',                           
                             'LiSong Pro', 'Libian SC',                         
                             'Libian TC', 'LingWai SC',                         
                             'LingWai TC', 'Lucida Grande',                     
                             'Luminari', 'Malayalam MN',                        
                             'Malayalam Sangam MN', 'Marker                     
                             Felt', 'Menlo', 'Microsoft Sans                    
                             Serif', 'Mishafi', 'Mishafi                        
                             Gold', 'Monaco', 'Monospace',                      
                             'Mshtakan', 'Mukta Mahee',                         
                             'Muna', 'Myanmar MN', 'Myanmar                     
                             Sangam MN', 'Nadeem', 'Nanum                       
                             Brush Script', 'Nanum Gothic',                     
                             'Nanum Myeongjo', 'Nanum Pen                       
                             Script', 'New Peninim MT',                         
                             'Noteworthy', 'Noto Nastaliq                       
                             Urdu', 'Noto Sans Batak', 'Noto                    
                             Sans Kannada', 'Noto Sans                          
                             Myanmar', 'Noto Sans NKo',                         
                             'Noto Sans Oriya', 'Noto Sans                      
                             Syriac', 'Noto Sans Tagalog',                      
                             'Noto Serif Myanmar', 'Optima',                    
                             'Oriya MN', 'Oriya Sangam MN',                     
                             'Osaka', 'PCMyungjo', 'PT                          
                             Mono', 'PT Sans', 'PT Sans                         
                             Caption', 'PT Sans Narrow', 'PT                    
                             Serif', 'PT Serif Caption',                        
                             'Palatino', 'Papyrus', 'Party                      
                             LET', 'Phosphate', 'PilGi',                        
                             'PingFang HK', 'PingFang MO',                      
                             'PingFang SC', 'PingFang TC',                      
                             'Plantagenet Cherokee',                            
                             'Raanana', 'Rockwell',                             
                             'STFangsong', 'STHeiti', 'STIX                     
                             Two Math', 'STIX Two Text',                        
                             'STKaiti', 'STSong', 'Sana',                       
                             'Sans', 'Sathu', 'Savoye LET',                     
                             'Serif', 'Shree Devanagari                         
                             714', 'SignPainter', 'Silom',                      
                             'SimSong', 'Sinhala MN',                           
                             'Sinhala Sangam MN', 'Skia',                       
                             'Snell Roundhand', 'Songti SC',                    
                             'Songti TC', 'Sukhumvit Set',                      
                             'Symbol', 'Tahoma', 'Tamil MN',                    
                             'Tamil Sangam MN', 'Telugu MN',                    
                             'Telugu Sangam MN', 'Thonburi',                    
                             'Times New Roman', 'Toppan                         
                             Bunkyu Gothic', 'Toppan Bunkyu                     
                             Midashi Gothic', 'Toppan Bunkyu                    
                             Midashi Mincho', 'Toppan Bunkyu                    
                             Mincho', 'Trattatello',                            
                             'Trebuchet MS', 'Tsukushi A                        
                             Round Gothic', 'Tsukushi B                         
                             Round Gothic', 'Verdana',                          
                             'Waseem', 'Wawati SC', 'Wawati                     
                             TC', 'Webdings', 'Weibei SC',                      
                             'Weibei TC', 'Wingdings',                          
                             'Wingdings 2', 'Wingdings 3',                      
                             'Xingkai SC', 'Xingkai TC',                        
                             'YuGothic', 'YuKyokasho',                          
                             'YuKyokasho Yoko', 'YuMincho',                     
                             'YuMincho +36p Kana', 'Yuanti                      
                             SC', 'Yuanti TC', 'Yuppy SC',                      
                             'Yuppy TC', 'Zapf Dingbats',                       
                             'Zapfino', 'cursive',                              
                             'fantasy', 'system-ui'].                           
                    WARNING  Font Noto Sans CJK SC not in    text_mobject.py:464
                             ['.AppleSystemUIFont', 'Academy                    
                             Engraved LET', 'Al Bayan', 'Al                     
                             Nile', 'Al Tarikh', 'American                      
                             Typewriter', 'Andale Mono',                        
                             'Apple Braille', 'Apple                            
                             Chancery', 'Apple Color Emoji',                    
                             'Apple LiGothic', 'Apple                           
                             LiSung', 'Apple SD Gothic Neo',                    
                             'Apple Symbols', 'AppleGothic',                    
                             'AppleMyungjo', 'Arial', 'Arial                    
                             Black', 'Arial Hebrew', 'Arial                     
                             Hebrew Scholar', 'Arial                            
                             Narrow', 'Arial Rounded MT                         
                             Bold', 'Arial Unicode MS',                         
                             'Avenir', 'Avenir Next',                           
                             'Avenir Next Condensed',                           
                             'Ayuthaya', 'BIZ UDGothic',                        
                             'BIZ UDMincho', 'BM Dohyeon',                      
                             'BM Hanna 11yrs Old', 'BM Hanna                    
                             Air', 'BM Hanna Pro', 'BM Jua',                    
                             'BM Kirang Haerang', 'BM                           
                             Yeonsung', 'Baghdad', 'Bangla                      
                             MN', 'Bangla Sangam MN', 'Baoli                    
                             SC', 'Baoli TC', 'Baskerville',                    
                             'Beirut', 'BiauKaiHK',                             
                             'BiauKaiTC', 'Big Caslon',                         
                             'Bodoni 72', 'Bodoni 72                            
                             Oldstyle', 'Bodoni 72                              
                             Smallcaps', 'Bodoni Ornaments',                    
                             'Bradley Hand', 'Brush Script                      
                             MT', 'Chalkboard', 'Chalkboard                     
                             SE', 'Chalkduster', 'Charter',                     
                             'Cochin', 'Comic Sans MS',                         
                             'Copperplate', 'Corsiva                            
                             Hebrew', 'Courier New', 'DIN                       
                             Alternate', 'DIN Condensed',                       
                             'Damascus', 'DecoType Naskh',                      
                             'Devanagari MT', 'Devanagari                       
                             Sangam MN', 'Didot', 'Diwan                        
                             Kufi', 'Diwan Thuluth',                            
                             'Euphemia UCAS', 'Farah',                          
                             'Farisi', 'Futura', 'GB18030                       
                             Bitmap', 'Galvji', 'Geeza Pro',                    
                             'Geneva', 'Georgia', 'Gill                         
                             Sans', 'Grantha Sangam MN',                        
                             'Gujarati MT', 'Gujarati Sangam                    
                             MN', 'GungSeo', 'Gurmukhi MN',                     
                             'Gurmukhi MT', 'Gurmukhi Sangam                    
                             MN', 'Hannotate SC', 'Hannotate                    
                             TC', 'HanziPen SC', 'HanziPen                      
                             TC', 'HeadLineA', 'Hei', 'Heiti                    
                             SC', 'Heiti TC', 'Helvetica',                      
                             'Helvetica Neue', 'Herculanum',                    
                             'Hiragino Maru Gothic ProN',                       
                             'Hiragino Mincho ProN',                            
                             'Hiragino Sans', 'Hiragino Sans                    
                             GB', 'Hoefler Text', 'ITF                          
                             Devanagari', 'ITF Devanagari                       
                             Marathi', 'Impact',                                
                             'InaiMathi', 'Kai', 'Kailasa',                     
                             'Kaiti SC', 'Kaiti TC',                            
                             'Kannada MN', 'Kannada Sangam                      
                             MN', 'Kefa III', 'Khmer MN',                       
                             'Khmer Sangam MN', 'Klee',                         
                             'Kohinoor Bangla', 'Kohinoor                       
                             Devanagari', 'Kohinoor                             
                             Gujarati', 'Kohinoor Telugu',                      
                             'Kokonor', 'Krungthep',                            
                             'KufiStandardGK', 'LXGW                            
                             ZhenKai', 'Lantinghei SC',                         
                             'Lantinghei TC', 'Lao MN', 'Lao                    
                             Sangam MN', 'LiHei Pro',                           
                             'LiSong Pro', 'Libian SC',                         
                             'Libian TC', 'LingWai SC',                         
                             'LingWai TC', 'Lucida Grande',                     
                             'Luminari', 'Malayalam MN',                        
                             'Malayalam Sangam MN', 'Marker                     
                             Felt', 'Menlo', 'Microsoft Sans                    
                             Serif', 'Mishafi', 'Mishafi                        
                             Gold', 'Monaco', 'Monospace',                      
                             'Mshtakan', 'Mukta Mahee',                         
                             'Muna', 'Myanmar MN', 'Myanmar                     
                             Sangam MN', 'Nadeem', 'Nanum                       
                             Brush Script', 'Nanum Gothic',                     
                             'Nanum Myeongjo', 'Nanum Pen                       
                             Script', 'New Peninim MT',                         
                             'Noteworthy', 'Noto Nastaliq                       
                             Urdu', 'Noto Sans Batak', 'Noto                    
                             Sans Kannada', 'Noto Sans                          
                             Myanmar', 'Noto Sans NKo',                         
                             'Noto Sans Oriya', 'Noto Sans                      
                             Syriac', 'Noto Sans Tagalog',                      
                             'Noto Serif Myanmar', 'Optima',                    
                             'Oriya MN', 'Oriya Sangam MN',                     
                             'Osaka', 'PCMyungjo', 'PT                          
                             Mono', 'PT Sans', 'PT Sans                         
                             Caption', 'PT Sans Narrow', 'PT                    
                             Serif', 'PT Serif Caption',                        
                             'Palatino', 'Papyrus', 'Party                      
                             LET', 'Phosphate', 'PilGi',                        
                             'PingFang HK', 'PingFang MO',                      
                             'PingFang SC', 'PingFang TC',                      
                             'Plantagenet Cherokee',                            
                             'Raanana', 'Rockwell',                             
                             'STFangsong', 'STHeiti', 'STIX                     
                             Two Math', 'STIX Two Text',                        
                             'STKaiti', 'STSong', 'Sana',                       
                             'Sans', 'Sathu', 'Savoye LET',                     
                             'Serif', 'Shree Devanagari                         
                             714', 'SignPainter', 'Silom',                      
                             'SimSong', 'Sinhala MN',                           
                             'Sinhala Sangam MN', 'Skia',                       
                             'Snell Roundhand', 'Songti SC',                    
                             'Songti TC', 'Sukhumvit Set',                      
                             'Symbol', 'Tahoma', 'Tamil MN',                    
                             'Tamil Sangam MN', 'Telugu MN',                    
                             'Telugu Sangam MN', 'Thonburi',                    
                             'Times New Roman', 'Toppan                         
                             Bunkyu Gothic', 'Toppan Bunkyu                     
                             Midashi Gothic', 'Toppan Bunkyu                    
                             Midashi Mincho', 'Toppan Bunkyu                    
                             Mincho', 'Trattatello',                            
                             'Trebuchet MS', 'Tsukushi A                        
                             Round Gothic', 'Tsukushi B                         
                             Round Gothic', 'Verdana',                          
                             'Waseem', 'Wawati SC', 'Wawati                     
                             TC', 'Webdings', 'Weibei SC',                      
                             'Weibei TC', 'Wingdings',                          
                             'Wingdings 2', 'Wingdings 3',                      
                             'Xingkai SC', 'Xingkai TC',                        
                             'YuGothic', 'YuKyokasho',                          
                             'YuKyokasho Yoko', 'YuMincho',                     
                             'YuMincho +36p Kana', 'Yuanti                      
                             SC', 'Yuanti TC', 'Yuppy SC',                      
                             'Yuppy TC', 'Zapf Dingbats',                       
                             'Zapfino', 'cursive',                              
                             'fantasy', 'system-ui'].                           
                    WARNING  Font Noto Sans CJK SC not in    text_mobject.py:464
                             ['.AppleSystemUIFont', 'Academy                    
                             Engraved LET', 'Al Bayan', 'Al                     
                             Nile', 'Al Tarikh', 'American                      
                             Typewriter', 'Andale Mono',                        
                             'Apple Braille', 'Apple                            
                             Chancery', 'Apple Color Emoji',                    
                             'Apple LiGothic', 'Apple                           
                             LiSung', 'Apple SD Gothic Neo',                    
                             'Apple Symbols', 'AppleGothic',                    
                             'AppleMyungjo', 'Arial', 'Arial                    
                             Black', 'Arial Hebrew', 'Arial                     
                             Hebrew Scholar', 'Arial                            
                             Narrow', 'Arial Rounded MT                         
                             Bold', 'Arial Unicode MS',                         
                             'Avenir', 'Avenir Next',                           
                             'Avenir Next Condensed',                           
                             'Ayuthaya', 'BIZ UDGothic',                        
                             'BIZ UDMincho', 'BM Dohyeon',                      
                             'BM Hanna 11yrs Old', 'BM Hanna                    
                             Air', 'BM Hanna Pro', 'BM Jua',                    
                             'BM Kirang Haerang', 'BM                           
                             Yeonsung', 'Baghdad', 'Bangla                      
                             MN', 'Bangla Sangam MN', 'Baoli                    
                             SC', 'Baoli TC', 'Baskerville',                    
                             'Beirut', 'BiauKaiHK',                             
                             'BiauKaiTC', 'Big Caslon',                         
                             'Bodoni 72', 'Bodoni 72                            
                             Oldstyle', 'Bodoni 72                              
                             Smallcaps', 'Bodoni Ornaments',                    
                             'Bradley Hand', 'Brush Script                      
                             MT', 'Chalkboard', 'Chalkboard                     
                             SE', 'Chalkduster', 'Charter',                     
                             'Cochin', 'Comic Sans MS',                         
                             'Copperplate', 'Corsiva                            
                             Hebrew', 'Courier New', 'DIN                       
                             Alternate', 'DIN Condensed',                       
                             'Damascus', 'DecoType Naskh',                      
                             'Devanagari MT', 'Devanagari                       
                             Sangam MN', 'Didot', 'Diwan                        
                             Kufi', 'Diwan Thuluth',                            
                             'Euphemia UCAS', 'Farah',                          
                             'Farisi', 'Futura', 'GB18030                       
                             Bitmap', 'Galvji', 'Geeza Pro',                    
                             'Geneva', 'Georgia', 'Gill                         
                             Sans', 'Grantha Sangam MN',                        
                             'Gujarati MT', 'Gujarati Sangam                    
                             MN', 'GungSeo', 'Gurmukhi MN',                     
                             'Gurmukhi MT', 'Gurmukhi Sangam                    
                             MN', 'Hannotate SC', 'Hannotate                    
                             TC', 'HanziPen SC', 'HanziPen                      
                             TC', 'HeadLineA', 'Hei', 'Heiti                    
                             SC', 'Heiti TC', 'Helvetica',                      
                             'Helvetica Neue', 'Herculanum',                    
                             'Hiragino Maru Gothic ProN',                       
                             'Hiragino Mincho ProN',                            
                             'Hiragino Sans', 'Hiragino Sans                    
                             GB', 'Hoefler Text', 'ITF                          
                             Devanagari', 'ITF Devanagari                       
                             Marathi', 'Impact',                                
                             'InaiMathi', 'Kai', 'Kailasa',                     
                             'Kaiti SC', 'Kaiti TC',                            
                             'Kannada MN', 'Kannada Sangam                      
                             MN', 'Kefa III', 'Khmer MN',                       
                             'Khmer Sangam MN', 'Klee',                         
                             'Kohinoor Bangla', 'Kohinoor                       
                             Devanagari', 'Kohinoor                             
                             Gujarati', 'Kohinoor Telugu',                      
                             'Kokonor', 'Krungthep',                            
                             'KufiStandardGK', 'LXGW                            
                             ZhenKai', 'Lantinghei SC',                         
                             'Lantinghei TC', 'Lao MN', 'Lao                    
                             Sangam MN', 'LiHei Pro',                           
                             'LiSong Pro', 'Libian SC',                         
                             'Libian TC', 'LingWai SC',                         
                             'LingWai TC', 'Lucida Grande',                     
                             'Luminari', 'Malayalam MN',                        
                             'Malayalam Sangam MN', 'Marker                     
                             Felt', 'Menlo', 'Microsoft Sans                    
                             Serif', 'Mishafi', 'Mishafi                        
                             Gold', 'Monaco', 'Monospace',                      
                             'Mshtakan', 'Mukta Mahee',                         
                             'Muna', 'Myanmar MN', 'Myanmar                     
                             Sangam MN', 'Nadeem', 'Nanum                       
                             Brush Script', 'Nanum Gothic',                     
                             'Nanum Myeongjo', 'Nanum Pen                       
                             Script', 'New Peninim MT',                         
                             'Noteworthy', 'Noto Nastaliq                       
                             Urdu', 'Noto Sans Batak', 'Noto                    
                             Sans Kannada', 'Noto Sans                          
                             Myanmar', 'Noto Sans NKo',                         
                             'Noto Sans Oriya', 'Noto Sans                      
                             Syriac', 'Noto Sans Tagalog',                      
                             'Noto Serif Myanmar', 'Optima',                    
                             'Oriya MN', 'Oriya Sangam MN',                     
                             'Osaka', 'PCMyungjo', 'PT                          
                             Mono', 'PT Sans', 'PT Sans                         
                             Caption', 'PT Sans Narrow', 'PT                    
                             Serif', 'PT Serif Caption',                        
                             'Palatino', 'Papyrus', 'Party                      
                             LET', 'Phosphate', 'PilGi',                        
                             'PingFang HK', 'PingFang MO',                      
                             'PingFang SC', 'PingFang TC',                      
                             'Plantagenet Cherokee',                            
                             'Raanana', 'Rockwell',                             
                             'STFangsong', 'STHeiti', 'STIX                     
                             Two Math', 'STIX Two Text',                        
                             'STKaiti', 'STSong', 'Sana',                       
                             'Sans', 'Sathu', 'Savoye LET',                     
                             'Serif', 'Shree Devanagari                         
                             714', 'SignPainter', 'Silom',                      
                             'SimSong', 'Sinhala MN',                           
                             'Sinhala Sangam MN', 'Skia',                       
                             'Snell Roundhand', 'Songti SC',                    
                             'Songti TC', 'Sukhumvit Set',                      
                             'Symbol', 'Tahoma', 'Tamil MN',                    
                             'Tamil Sangam MN', 'Telugu MN',                    
                             'Telugu Sangam MN', 'Thonburi',                    
                             'Times New Roman', 'Toppan                         
                             Bunkyu Gothic', 'Toppan Bunkyu                     
                             Midashi Gothic', 'Toppan Bunkyu                    
                             Midashi Mincho', 'Toppan Bunkyu                    
                             Mincho', 'Trattatello',                            
                             'Trebuchet MS', 'Tsukushi A                        
                             Round Gothic', 'Tsukushi B                         
                             Round Gothic', 'Verdana',                          
                             'Waseem', 'Wawati SC', 'Wawati                     
                             TC', 'Webdings', 'Weibei SC',                      
                             'Weibei TC', 'Wingdings',                          
                             'Wingdings 2', 'Wingdings 3',                      
                             'Xingkai SC', 'Xingkai TC',                        
                             'YuGothic', 'YuKyokasho',                          
                             'YuKyokasho Yoko', 'YuMincho',                     
                             'YuMincho +36p Kana', 'Yuanti                      
                             SC', 'Yuanti TC', 'Yuppy SC',                      
                             'Yuppy TC', 'Zapf Dingbats',                       
                             'Zapfino', 'cursive',                              
                             'fantasy', 'system-ui'].                           
                    WARNING  Font Noto Sans CJK SC not in    text_mobject.py:464
                             ['.AppleSystemUIFont', 'Academy                    
                             Engraved LET', 'Al Bayan', 'Al                     
                             Nile', 'Al Tarikh', 'American                      
                             Typewriter', 'Andale Mono',                        
                             'Apple Braille', 'Apple                            
                             Chancery', 'Apple Color Emoji',                    
                             'Apple LiGothic', 'Apple                           
                             LiSung', 'Apple SD Gothic Neo',                    
                             'Apple Symbols', 'AppleGothic',                    
                             'AppleMyungjo', 'Arial', 'Arial                    
                             Black', 'Arial Hebrew', 'Arial                     
                             Hebrew Scholar', 'Arial                            
                             Narrow', 'Arial Rounded MT                         
                             Bold', 'Arial Unicode MS',                         
                             'Avenir', 'Avenir Next',                           
                             'Avenir Next Condensed',                           
                             'Ayuthaya', 'BIZ UDGothic',                        
                             'BIZ UDMincho', 'BM Dohyeon',                      
                             'BM Hanna 11yrs Old', 'BM Hanna                    
                             Air', 'BM Hanna Pro', 'BM Jua',                    
                             'BM Kirang Haerang', 'BM                           
                             Yeonsung', 'Baghdad', 'Bangla                      
                             MN', 'Bangla Sangam MN', 'Baoli                    
                             SC', 'Baoli TC', 'Baskerville',                    
                             'Beirut', 'BiauKaiHK',                             
                             'BiauKaiTC', 'Big Caslon',                         
                             'Bodoni 72', 'Bodoni 72                            
                             Oldstyle', 'Bodoni 72                              
                             Smallcaps', 'Bodoni Ornaments',                    
                             'Bradley Hand', 'Brush Script                      
                             MT', 'Chalkboard', 'Chalkboard                     
                             SE', 'Chalkduster', 'Charter',                     
                             'Cochin', 'Comic Sans MS',                         
                             'Copperplate', 'Corsiva                            
                             Hebrew', 'Courier New', 'DIN                       
                             Alternate', 'DIN Condensed',                       
                             'Damascus', 'DecoType Naskh',                      
                             'Devanagari MT', 'Devanagari                       
                             Sangam MN', 'Didot', 'Diwan                        
                             Kufi', 'Diwan Thuluth',                            
                             'Euphemia UCAS', 'Farah',                          
                             'Farisi', 'Futura', 'GB18030                       
                             Bitmap', 'Galvji', 'Geeza Pro',                    
                             'Geneva', 'Georgia', 'Gill                         
                             Sans', 'Grantha Sangam MN',                        
                             'Gujarati MT', 'Gujarati Sangam                    
                             MN', 'GungSeo', 'Gurmukhi MN',                     
                             'Gurmukhi MT', 'Gurmukhi Sangam                    
                             MN', 'Hannotate SC', 'Hannotate                    
                             TC', 'HanziPen SC', 'HanziPen                      
                             TC', 'HeadLineA', 'Hei', 'Heiti                    
                             SC', 'Heiti TC', 'Helvetica',                      
                             'Helvetica Neue', 'Herculanum',                    
                             'Hiragino Maru Gothic ProN',                       
                             'Hiragino Mincho ProN',                            
                             'Hiragino Sans', 'Hiragino Sans                    
                             GB', 'Hoefler Text', 'ITF                          
                             Devanagari', 'ITF Devanagari                       
                             Marathi', 'Impact',                                
                             'InaiMathi', 'Kai', 'Kailasa',                     
                             'Kaiti SC', 'Kaiti TC',                            
                             'Kannada MN', 'Kannada Sangam                      
                             MN', 'Kefa III', 'Khmer MN',                       
                             'Khmer Sangam MN', 'Klee',                         
                             'Kohinoor Bangla', 'Kohinoor                       
                             Devanagari', 'Kohinoor                             
                             Gujarati', 'Kohinoor Telugu',                      
                             'Kokonor', 'Krungthep',                            
                             'KufiStandardGK', 'LXGW                            
                             ZhenKai', 'Lantinghei SC',                         
                             'Lantinghei TC', 'Lao MN', 'Lao                    
                             Sangam MN', 'LiHei Pro',                           
                             'LiSong Pro', 'Libian SC',                         
                             'Libian TC', 'LingWai SC',                         
                             'LingWai TC', 'Lucida Grande',                     
                             'Luminari', 'Malayalam MN',                        
                             'Malayalam Sangam MN', 'Marker                     
                             Felt', 'Menlo', 'Microsoft Sans                    
                             Serif', 'Mishafi', 'Mishafi                        
                             Gold', 'Monaco', 'Monospace',                      
                             'Mshtakan', 'Mukta Mahee',                         
                             'Muna', 'Myanmar MN', 'Myanmar                     
                             Sangam MN', 'Nadeem', 'Nanum                       
                             Brush Script', 'Nanum Gothic',                     
                             'Nanum Myeongjo', 'Nanum Pen                       
                             Script', 'New Peninim MT',                         
                             'Noteworthy', 'Noto Nastaliq                       
                             Urdu', 'Noto Sans Batak', 'Noto                    
                             Sans Kannada', 'Noto Sans                          
                             Myanmar', 'Noto Sans NKo',                         
                             'Noto Sans Oriya', 'Noto Sans                      
                             Syriac', 'Noto Sans Tagalog',                      
                             'Noto Serif Myanmar', 'Optima',                    
                             'Oriya MN', 'Oriya Sangam MN',                     
                             'Osaka', 'PCMyungjo', 'PT                          
                             Mono', 'PT Sans', 'PT Sans                         
                             Caption', 'PT Sans Narrow', 'PT                    
                             Serif', 'PT Serif Caption',                        
                             'Palatino', 'Papyrus', 'Party                      
                             LET', 'Phosphate', 'PilGi',                        
                             'PingFang HK', 'PingFang MO',                      
                             'PingFang SC', 'PingFang TC',                      
                             'Plantagenet Cherokee',                            
                             'Raanana', 'Rockwell',                             
                             'STFangsong', 'STHeiti', 'STIX                     
                             Two Math', 'STIX Two Text',                        
                             'STKaiti', 'STSong', 'Sana',                       
                             'Sans', 'Sathu', 'Savoye LET',                     
                             'Serif', 'Shree Devanagari                         
                             714', 'SignPainter', 'Silom',                      
                             'SimSong', 'Sinhala MN',                           
                             'Sinhala Sangam MN', 'Skia',                       
                             'Snell Roundhand', 'Songti SC',                    
                             'Songti TC', 'Sukhumvit Set',                      
                             'Symbol', 'Tahoma', 'Tamil MN',                    
                             'Tamil Sangam MN', 'Telugu MN',                    
                             'Telugu Sangam MN', 'Thonburi',                    
                             'Times New Roman', 'Toppan                         
                             Bunkyu Gothic', 'Toppan Bunkyu                     
                             Midashi Gothic', 'Toppan Bunkyu                    
                             Midashi Mincho', 'Toppan Bunkyu                    
                             Mincho', 'Trattatello',                            
                             'Trebuchet MS', 'Tsukushi A                        
                             Round Gothic', 'Tsukushi B                         
                             Round Gothic', 'Verdana',                          
                             'Waseem', 'Wawati SC', 'Wawati                     
                             TC', 'Webdings', 'Weibei SC',                      
                             'Weibei TC', 'Wingdings',                          
                             'Wingdings 2', 'Wingdings 3',                      
                             'Xingkai SC', 'Xingkai TC',                        
                             'YuGothic', 'YuKyokasho',                          
                             'YuKyokasho Yoko', 'YuMincho',                     
                             'YuMincho +36p Kana', 'Yuanti                      
                             SC', 'Yuanti TC', 'Yuppy SC',                      
                             'Yuppy TC', 'Zapf Dingbats',                       
                             'Zapfino', 'cursive',                              
                             'fantasy', 'system-ui'].                           
                    WARNING  Font Noto Sans CJK SC not in    text_mobject.py:464
                             ['.AppleSystemUIFont', 'Academy                    
                             Engraved LET', 'Al Bayan', 'Al                     
                             Nile', 'Al Tarikh', 'American                      
                             Typewriter', 'Andale Mono',                        
                             'Apple Braille', 'Apple                            
                             Chancery', 'Apple Color Emoji',                    
                             'Apple LiGothic', 'Apple                           
                             LiSung', 'Apple SD Gothic Neo',                    
                             'Apple Symbols', 'AppleGothic',                    
                             'AppleMyungjo', 'Arial', 'Arial                    
                             Black', 'Arial Hebrew', 'Arial                     
                             Hebrew Scholar', 'Arial                            
                             Narrow', 'Arial Rounded MT                         
                             Bold', 'Arial Unicode MS',                         
                             'Avenir', 'Avenir Next',                           
                             'Avenir Next Condensed',                           
                             'Ayuthaya', 'BIZ UDGothic',                        
                             'BIZ UDMincho', 'BM Dohyeon',                      
                             'BM Hanna 11yrs Old', 'BM Hanna                    
                             Air', 'BM Hanna Pro', 'BM Jua',                    
                             'BM Kirang Haerang', 'BM                           
                             Yeonsung', 'Baghdad', 'Bangla                      
                             MN', 'Bangla Sangam MN', 'Baoli                    
                             SC', 'Baoli TC', 'Baskerville',                    
                             'Beirut', 'BiauKaiHK',                             
                             'BiauKaiTC', 'Big Caslon',                         
                             'Bodoni 72', 'Bodoni 72                            
                             Oldstyle', 'Bodoni 72                              
                             Smallcaps', 'Bodoni Ornaments',                    
                             'Bradley Hand', 'Brush Script                      
                             MT', 'Chalkboard', 'Chalkboard                     
                             SE', 'Chalkduster', 'Charter',                     
                             'Cochin', 'Comic Sans MS',                         
                             'Copperplate', 'Corsiva                            
                             Hebrew', 'Courier New', 'DIN                       
                             Alternate', 'DIN Condensed',                       
                             'Damascus', 'DecoType Naskh',                      
                             'Devanagari MT', 'Devanagari                       
                             Sangam MN', 'Didot', 'Diwan                        
                             Kufi', 'Diwan Thuluth',                            
                             'Euphemia UCAS', 'Farah',                          
                             'Farisi', 'Futura', 'GB18030                       
                             Bitmap', 'Galvji', 'Geeza Pro',                    
                             'Geneva', 'Georgia', 'Gill                         
                             Sans', 'Grantha Sangam MN',                        
                             'Gujarati MT', 'Gujarati Sangam                    
                             MN', 'GungSeo', 'Gurmukhi MN',                     
                             'Gurmukhi MT', 'Gurmukhi Sangam                    
                             MN', 'Hannotate SC', 'Hannotate                    
                             TC', 'HanziPen SC', 'HanziPen                      
                             TC', 'HeadLineA', 'Hei', 'Heiti                    
                             SC', 'Heiti TC', 'Helvetica',                      
                             'Helvetica Neue', 'Herculanum',                    
                             'Hiragino Maru Gothic ProN',                       
                             'Hiragino Mincho ProN',                            
                             'Hiragino Sans', 'Hiragino Sans                    
                             GB', 'Hoefler Text', 'ITF                          
                             Devanagari', 'ITF Devanagari                       
                             Marathi', 'Impact',                                
                             'InaiMathi', 'Kai', 'Kailasa',                     
                             'Kaiti SC', 'Kaiti TC',                            
                             'Kannada MN', 'Kannada Sangam                      
                             MN', 'Kefa III', 'Khmer MN',                       
                             'Khmer Sangam MN', 'Klee',                         
                             'Kohinoor Bangla', 'Kohinoor                       
                             Devanagari', 'Kohinoor                             
                             Gujarati', 'Kohinoor Telugu',                      
                             'Kokonor', 'Krungthep',                            
                             'KufiStandardGK', 'LXGW                            
                             ZhenKai', 'Lantinghei SC',                         
                             'Lantinghei TC', 'Lao MN', 'Lao                    
                             Sangam MN', 'LiHei Pro',                           
                             'LiSong Pro', 'Libian SC',                         
                             'Libian TC', 'LingWai SC',                         
                             'LingWai TC', 'Lucida Grande',                     
                             'Luminari', 'Malayalam MN',                        
                             'Malayalam Sangam MN', 'Marker                     
                             Felt', 'Menlo', 'Microsoft Sans                    
                             Serif', 'Mishafi', 'Mishafi                        
                             Gold', 'Monaco', 'Monospace',                      
                             'Mshtakan', 'Mukta Mahee',                         
                             'Muna', 'Myanmar MN', 'Myanmar                     
                             Sangam MN', 'Nadeem', 'Nanum                       
                             Brush Script', 'Nanum Gothic',                     
                             'Nanum Myeongjo', 'Nanum Pen                       
                             Script', 'New Peninim MT',                         
                             'Noteworthy', 'Noto Nastaliq                       
                             Urdu', 'Noto Sans Batak', 'Noto                    
                             Sans Kannada', 'Noto Sans                          
                             Myanmar', 'Noto Sans NKo',                         
                             'Noto Sans Oriya', 'Noto Sans                      
                             Syriac', 'Noto Sans Tagalog',                      
                             'Noto Serif Myanmar', 'Optima',                    
                             'Oriya MN', 'Oriya Sangam MN',                     
                             'Osaka', 'PCMyungjo', 'PT                          
                             Mono', 'PT Sans', 'PT Sans                         
                             Caption', 'PT Sans Narrow', 'PT                    
                             Serif', 'PT Serif Caption',                        
                             'Palatino', 'Papyrus', 'Party                      
                             LET', 'Phosphate', 'PilGi',                        
                             'PingFang HK', 'PingFang MO',                      
                             'PingFang SC', 'PingFang TC',                      
                             'Plantagenet Cherokee',                            
                             'Raanana', 'Rockwell',                             
                             'STFangsong', 'STHeiti', 'STIX                     
                             Two Math', 'STIX Two Text',                        
                             'STKaiti', 'STSong', 'Sana',                       
                             'Sans', 'Sathu', 'Savoye LET',                     
                             'Serif', 'Shree Devanagari                         
                             714', 'SignPainter', 'Silom',                      
                             'SimSong', 'Sinhala MN',                           
                             'Sinhala Sangam MN', 'Skia',                       
                             'Snell Roundhand', 'Songti SC',                    
                             'Songti TC', 'Sukhumvit Set',                      
                             'Symbol', 'Tahoma', 'Tamil MN',                    
                             'Tamil Sangam MN', 'Telugu MN',                    
                             'Telugu Sangam MN', 'Thonburi',                    
                             'Times New Roman', 'Toppan                         
                             Bunkyu Gothic', 'Toppan Bunkyu                     
                             Midashi Gothic', 'Toppan Bunkyu                    
                             Midashi Mincho', 'Toppan Bunkyu                    
                             Mincho', 'Trattatello',                            
                             'Trebuchet MS', 'Tsukushi A                        
                             Round Gothic', 'Tsukushi B                         
                             Round Gothic', 'Verdana',                          
                             'Waseem', 'Wawati SC', 'Wawati                     
                             TC', 'Webdings', 'Weibei SC',                      
                             'Weibei TC', 'Wingdings',                          
                             'Wingdings 2', 'Wingdings 3',                      
                             'Xingkai SC', 'Xingkai TC',                        
                             'YuGothic', 'YuKyokasho',                          
                             'YuKyokasho Yoko', 'YuMincho',                     
                             'YuMincho +36p Kana', 'Yuanti                      
                             SC', 'Yuanti TC', 'Yuppy SC',                      
                             'Yuppy TC', 'Zapf Dingbats',                       
                             'Zapfino', 'cursive',                              
                             'fantasy', 'system-ui'].                           
                    WARNING  Font Noto Sans CJK SC not in    text_mobject.py:464
                             ['.AppleSystemUIFont', 'Academy                    
                             Engraved LET', 'Al Bayan', 'Al                     
                             Nile', 'Al Tarikh', 'American                      
                             Typewriter', 'Andale Mono',                        
                             'Apple Braille', 'Apple                            
                             Chancery', 'Apple Color Emoji',                    
                             'Apple LiGothic', 'Apple                           
                             LiSung', 'Apple SD Gothic Neo',                    
                             'Apple Symbols', 'AppleGothic',                    
                             'AppleMyungjo', 'Arial', 'Arial                    
                             Black', 'Arial Hebrew', 'Arial                     
                             Hebrew Scholar', 'Arial                            
                             Narrow', 'Arial Rounded MT                         
                             Bold', 'Arial Unicode MS',                         
                             'Avenir', 'Avenir Next',                           
                             'Avenir Next Condensed',                           
                             'Ayuthaya', 'BIZ UDGothic',                        
                             'BIZ UDMincho', 'BM Dohyeon',                      
                             'BM Hanna 11yrs Old', 'BM Hanna                    
                             Air', 'BM Hanna Pro', 'BM Jua',                    
                             'BM Kirang Haerang', 'BM                           
                             Yeonsung', 'Baghdad', 'Bangla                      
                             MN', 'Bangla Sangam MN', 'Baoli                    
                             SC', 'Baoli TC', 'Baskerville',                    
                             'Beirut', 'BiauKaiHK',                             
                             'BiauKaiTC', 'Big Caslon',                         
                             'Bodoni 72', 'Bodoni 72                            
                             Oldstyle', 'Bodoni 72                              
                             Smallcaps', 'Bodoni Ornaments',                    
                             'Bradley Hand', 'Brush Script                      
                             MT', 'Chalkboard', 'Chalkboard                     
                             SE', 'Chalkduster', 'Charter',                     
                             'Cochin', 'Comic Sans MS',                         
                             'Copperplate', 'Corsiva                            
                             Hebrew', 'Courier New', 'DIN                       
                             Alternate', 'DIN Condensed',                       
                             'Damascus', 'DecoType Naskh',                      
                             'Devanagari MT', 'Devanagari                       
                             Sangam MN', 'Didot', 'Diwan                        
                             Kufi', 'Diwan Thuluth',                            
                             'Euphemia UCAS', 'Farah',                          
                             'Farisi', 'Futura', 'GB18030                       
                             Bitmap', 'Galvji', 'Geeza Pro',                    
                             'Geneva', 'Georgia', 'Gill                         
                             Sans', 'Grantha Sangam MN',                        
                             'Gujarati MT', 'Gujarati Sangam                    
                             MN', 'GungSeo', 'Gurmukhi MN',                     
                             'Gurmukhi MT', 'Gurmukhi Sangam                    
                             MN', 'Hannotate SC', 'Hannotate                    
                             TC', 'HanziPen SC', 'HanziPen                      
                             TC', 'HeadLineA', 'Hei', 'Heiti                    
                             SC', 'Heiti TC', 'Helvetica',                      
                             'Helvetica Neue', 'Herculanum',                    
                             'Hiragino Maru Gothic ProN',                       
                             'Hiragino Mincho ProN',                            
                             'Hiragino Sans', 'Hiragino Sans                    
                             GB', 'Hoefler Text', 'ITF                          
                             Devanagari', 'ITF Devanagari                       
                             Marathi', 'Impact',                                
                             'InaiMathi', 'Kai', 'Kailasa',                     
                             'Kaiti SC', 'Kaiti TC',                            
                             'Kannada MN', 'Kannada Sangam                      
                             MN', 'Kefa III', 'Khmer MN',                       
                             'Khmer Sangam MN', 'Klee',                         
                             'Kohinoor Bangla', 'Kohinoor                       
                             Devanagari', 'Kohinoor                             
                             Gujarati', 'Kohinoor Telugu',                      
                             'Kokonor', 'Krungthep',                            
                             'KufiStandardGK', 'LXGW                            
                             ZhenKai', 'Lantinghei SC',                         
                             'Lantinghei TC', 'Lao MN', 'Lao                    
                             Sangam MN', 'LiHei Pro',                           
                             'LiSong Pro', 'Libian SC',                         
                             'Libian TC', 'LingWai SC',                         
                             'LingWai TC', 'Lucida Grande',                     
                             'Luminari', 'Malayalam MN',                        
                             'Malayalam Sangam MN', 'Marker                     
                             Felt', 'Menlo', 'Microsoft Sans                    
                             Serif', 'Mishafi', 'Mishafi                        
                             Gold', 'Monaco', 'Monospace',                      
                             'Mshtakan', 'Mukta Mahee',                         
                             'Muna', 'Myanmar MN', 'Myanmar                     
                             Sangam MN', 'Nadeem', 'Nanum                       
                             Brush Script', 'Nanum Gothic',                     
                             'Nanum Myeongjo', 'Nanum Pen                       
                             Script', 'New Peninim MT',                         
                             'Noteworthy', 'Noto Nastaliq                       
                             Urdu', 'Noto Sans Batak', 'Noto                    
                             Sans Kannada', 'Noto Sans                          
                             Myanmar', 'Noto Sans NKo',                         
                             'Noto Sans Oriya', 'Noto Sans                      
                             Syriac', 'Noto Sans Tagalog',                      
                             'Noto Serif Myanmar', 'Optima',                    
                             'Oriya MN', 'Oriya Sangam MN',                     
                             'Osaka', 'PCMyungjo', 'PT                          
                             Mono', 'PT Sans', 'PT Sans                         
                             Caption', 'PT Sans Narrow', 'PT                    
                             Serif', 'PT Serif Caption',                        
                             'Palatino', 'Papyrus', 'Party                      
                             LET', 'Phosphate', 'PilGi',                        
                             'PingFang HK', 'PingFang MO',                      
                             'PingFang SC', 'PingFang TC',                      
                             'Plantagenet Cherokee',                            
                             'Raanana', 'Rockwell',                             
                             'STFangsong', 'STHeiti', 'STIX                     
                             Two Math', 'STIX Two Text',                        
                             'STKaiti', 'STSong', 'Sana',                       
                             'Sans', 'Sathu', 'Savoye LET',                     
                             'Serif', 'Shree Devanagari                         
                             714', 'SignPainter', 'Silom',                      
                             'SimSong', 'Sinhala MN',                           
                             'Sinhala Sangam MN', 'Skia',                       
                             'Snell Roundhand', 'Songti SC',                    
                             'Songti TC', 'Sukhumvit Set',                      
                             'Symbol', 'Tahoma', 'Tamil MN',                    
                             'Tamil Sangam MN', 'Telugu MN',                    
                             'Telugu Sangam MN', 'Thonburi',                    
                             'Times New Roman', 'Toppan                         
                             Bunkyu Gothic', 'Toppan Bunkyu                     
                             Midashi Gothic', 'Toppan Bunkyu                    
                             Midashi Mincho', 'Toppan Bunkyu                    
                             Mincho', 'Trattatello',                            
                             'Trebuchet MS', 'Tsukushi A                        
                             Round Gothic', 'Tsukushi B                         
                             Round Gothic', 'Verdana',                          
                             'Waseem', 'Wawati SC', 'Wawati                     
                             TC', 'Webdings', 'Weibei SC',                      
                             'Weibei TC', 'Wingdings',                          
                             'Wingdings 2', 'Wingdings 3',                      
                             'Xingkai SC', 'Xingkai TC',                        
                             'YuGothic', 'YuKyokasho',                          
                             'YuKyokasho Yoko', 'YuMincho',                     
                             'YuMincho +36p Kana', 'Yuanti                      
                             SC', 'Yuanti TC', 'Yuppy SC',                      
                             'Yuppy TC', 'Zapf Dingbats',                       
                             'Zapfino', 'cursive',                              
                             'fantasy', 'system-ui'].                           
                    WARNING  Font Noto Sans CJK SC not in    text_mobject.py:464
                             ['.AppleSystemUIFont', 'Academy                    
                             Engraved LET', 'Al Bayan', 'Al                     
                             Nile', 'Al Tarikh', 'American                      
                             Typewriter', 'Andale Mono',                        
                             'Apple Braille', 'Apple                            
                             Chancery', 'Apple Color Emoji',                    
                             'Apple LiGothic', 'Apple                           
                             LiSung', 'Apple SD Gothic Neo',                    
                             'Apple Symbols', 'AppleGothic',                    
                             'AppleMyungjo', 'Arial', 'Arial                    
                             Black', 'Arial Hebrew', 'Arial                     
                             Hebrew Scholar', 'Arial                            
                             Narrow', 'Arial Rounded MT                         
                             Bold', 'Arial Unicode MS',                         
                             'Avenir', 'Avenir Next',                           
                             'Avenir Next Condensed',                           
                             'Ayuthaya', 'BIZ UDGothic',                        
                             'BIZ UDMincho', 'BM Dohyeon',                      
                             'BM Hanna 11yrs Old', 'BM Hanna                    
                             Air', 'BM Hanna Pro', 'BM Jua',                    
                             'BM Kirang Haerang', 'BM                           
                             Yeonsung', 'Baghdad', 'Bangla                      
                             MN', 'Bangla Sangam MN', 'Baoli                    
                             SC', 'Baoli TC', 'Baskerville',                    
                             'Beirut', 'BiauKaiHK',                             
                             'BiauKaiTC', 'Big Caslon',                         
                             'Bodoni 72', 'Bodoni 72                            
                             Oldstyle', 'Bodoni 72                              
                             Smallcaps', 'Bodoni Ornaments',                    
                             'Bradley Hand', 'Brush Script                      
                             MT', 'Chalkboard', 'Chalkboard                     
                             SE', 'Chalkduster', 'Charter',                     
                             'Cochin', 'Comic Sans MS',                         
                             'Copperplate', 'Corsiva                            
                             Hebrew', 'Courier New', 'DIN                       
                             Alternate', 'DIN Condensed',                       
                             'Damascus', 'DecoType Naskh',                      
                             'Devanagari MT', 'Devanagari                       
                             Sangam MN', 'Didot', 'Diwan                        
                             Kufi', 'Diwan Thuluth',                            
                             'Euphemia UCAS', 'Farah',                          
                             'Farisi', 'Futura', 'GB18030                       
                             Bitmap', 'Galvji', 'Geeza Pro',                    
                             'Geneva', 'Georgia', 'Gill                         
                             Sans', 'Grantha Sangam MN',                        
                             'Gujarati MT', 'Gujarati Sangam                    
                             MN', 'GungSeo', 'Gurmukhi MN',                     
                             'Gurmukhi MT', 'Gurmukhi Sangam                    
                             MN', 'Hannotate SC', 'Hannotate                    
                             TC', 'HanziPen SC', 'HanziPen                      
                             TC', 'HeadLineA', 'Hei', 'Heiti                    
                             SC', 'Heiti TC', 'Helvetica',                      
                             'Helvetica Neue', 'Herculanum',                    
                             'Hiragino Maru Gothic ProN',                       
                             'Hiragino Mincho ProN',                            
                             'Hiragino Sans', 'Hiragino Sans                    
                             GB', 'Hoefler Text', 'ITF                          
                             Devanagari', 'ITF Devanagari                       
                             Marathi', 'Impact',                                
                             'InaiMathi', 'Kai', 'Kailasa',                     
                             'Kaiti SC', 'Kaiti TC',                            
                             'Kannada MN', 'Kannada Sangam                      
                             MN', 'Kefa III', 'Khmer MN',                       
                             'Khmer Sangam MN', 'Klee',                         
                             'Kohinoor Bangla', 'Kohinoor                       
                             Devanagari', 'Kohinoor                             
                             Gujarati', 'Kohinoor Telugu',                      
                             'Kokonor', 'Krungthep',                            
                             'KufiStandardGK', 'LXGW                            
                             ZhenKai', 'Lantinghei SC',                         
                             'Lantinghei TC', 'Lao MN', 'Lao                    
                             Sangam MN', 'LiHei Pro',                           
                             'LiSong Pro', 'Libian SC',                         
                             'Libian TC', 'LingWai SC',                         
                             'LingWai TC', 'Lucida Grande',                     
                             'Luminari', 'Malayalam MN',                        
                             'Malayalam Sangam MN', 'Marker                     
                             Felt', 'Menlo', 'Microsoft Sans                    
                             Serif', 'Mishafi', 'Mishafi                        
                             Gold', 'Monaco', 'Monospace',                      
                             'Mshtakan', 'Mukta Mahee',                         
                             'Muna', 'Myanmar MN', 'Myanmar                     
                             Sangam MN', 'Nadeem', 'Nanum                       
                             Brush Script', 'Nanum Gothic',                     
                             'Nanum Myeongjo', 'Nanum Pen                       
                             Script', 'New Peninim MT',                         
                             'Noteworthy', 'Noto Nastaliq                       
                             Urdu', 'Noto Sans Batak', 'Noto                    
                             Sans Kannada', 'Noto Sans                          
                             Myanmar', 'Noto Sans NKo',                         
                             'Noto Sans Oriya', 'Noto Sans                      
                             Syriac', 'Noto Sans Tagalog',                      
                             'Noto Serif Myanmar', 'Optima',                    
                             'Oriya MN', 'Oriya Sangam MN',                     
                             'Osaka', 'PCMyungjo', 'PT                          
                             Mono', 'PT Sans', 'PT Sans                         
                             Caption', 'PT Sans Narrow', 'PT                    
                             Serif', 'PT Serif Caption',                        
                             'Palatino', 'Papyrus', 'Party                      
                             LET', 'Phosphate', 'PilGi',                        
                             'PingFang HK', 'PingFang MO',                      
                             'PingFang SC', 'PingFang TC',                      
                             'Plantagenet Cherokee',                            
                             'Raanana', 'Rockwell',                             
                             'STFangsong', 'STHeiti', 'STIX                     
                             Two Math', 'STIX Two Text',                        
                             'STKaiti', 'STSong', 'Sana',                       
                             'Sans', 'Sathu', 'Savoye LET',                     
                             'Serif', 'Shree Devanagari                         
                             714', 'SignPainter', 'Silom',                      
                             'SimSong', 'Sinhala MN',                           
                             'Sinhala Sangam MN', 'Skia',                       
                             'Snell Roundhand', 'Songti SC',                    
                             'Songti TC', 'Sukhumvit Set',                      
                             'Symbol', 'Tahoma', 'Tamil MN',                    
                             'Tamil Sangam MN', 'Telugu MN',                    
                             'Telugu Sangam MN', 'Thonburi',                    
                             'Times New Roman', 'Toppan                         
                             Bunkyu Gothic', 'Toppan Bunkyu                     
                             Midashi Gothic', 'Toppan Bunkyu                    
                             Midashi Mincho', 'Toppan Bunkyu                    
                             Mincho', 'Trattatello',                            
                             'Trebuchet MS', 'Tsukushi A                        
                             Round Gothic', 'Tsukushi B                         
                             Round Gothic', 'Verdana',                          
                             'Waseem', 'Wawati SC', 'Wawati                     
                             TC', 'Webdings', 'Weibei SC',                      
                             'Weibei TC', 'Wingdings',                          
                             'Wingdings 2', 'Wingdings 3',                      
                             'Xingkai SC', 'Xingkai TC',                        
                             'YuGothic', 'YuKyokasho',                          
                             'YuKyokasho Yoko', 'YuMincho',                     
                             'YuMincho +36p Kana', 'Yuanti                      
                             SC', 'Yuanti TC', 'Yuppy SC',                      
                             'Yuppy TC', 'Zapf Dingbats',                       
                             'Zapfino', 'cursive',                              
                             'fantasy', 'system-ui'].                           
                    WARNING  Font Noto Sans CJK SC not in    text_mobject.py:464
                             ['.AppleSystemUIFont', 'Academy                    
                             Engraved LET', 'Al Bayan', 'Al                     
                             Nile', 'Al Tarikh', 'American                      
                             Typewriter', 'Andale Mono',                        
                             'Apple Braille', 'Apple                            
                             Chancery', 'Apple Color Emoji',                    
                             'Apple LiGothic', 'Apple                           
                             LiSung', 'Apple SD Gothic Neo',                    
                             'Apple Symbols', 'AppleGothic',                    
                             'AppleMyungjo', 'Arial', 'Arial                    
                             Black', 'Arial Hebrew', 'Arial                     
                             Hebrew Scholar', 'Arial                            
                             Narrow', 'Arial Rounded MT                         
                             Bold', 'Arial Unicode MS',                         
                             'Avenir', 'Avenir Next',                           
                             'Avenir Next Condensed',                           
                             'Ayuthaya', 'BIZ UDGothic',                        
                             'BIZ UDMincho', 'BM Dohyeon',                      
                             'BM Hanna 11yrs Old', 'BM Hanna                    
                             Air', 'BM Hanna Pro', 'BM Jua',                    
                             'BM Kirang Haerang', 'BM                           
                             Yeonsung', 'Baghdad', 'Bangla                      
                             MN', 'Bangla Sangam MN', 'Baoli                    
                             SC', 'Baoli TC', 'Baskerville',                    
                             'Beirut', 'BiauKaiHK',                             
                             'BiauKaiTC', 'Big Caslon',                         
                             'Bodoni 72', 'Bodoni 72                            
                             Oldstyle', 'Bodoni 72                              
                             Smallcaps', 'Bodoni Ornaments',                    
                             'Bradley Hand', 'Brush Script                      
                             MT', 'Chalkboard', 'Chalkboard                     
                             SE', 'Chalkduster', 'Charter',                     
                             'Cochin', 'Comic Sans MS',                         
                             'Copperplate', 'Corsiva                            
                             Hebrew', 'Courier New', 'DIN                       
                             Alternate', 'DIN Condensed',                       
                             'Damascus', 'DecoType Naskh',                      
                             'Devanagari MT', 'Devanagari                       
                             Sangam MN', 'Didot', 'Diwan                        
                             Kufi', 'Diwan Thuluth',                            
                             'Euphemia UCAS', 'Farah',                          
                             'Farisi', 'Futura', 'GB18030                       
                             Bitmap', 'Galvji', 'Geeza Pro',                    
                             'Geneva', 'Georgia', 'Gill                         
                             Sans', 'Grantha Sangam MN',                        
                             'Gujarati MT', 'Gujarati Sangam                    
                             MN', 'GungSeo', 'Gurmukhi MN',                     
                             'Gurmukhi MT', 'Gurmukhi Sangam                    
                             MN', 'Hannotate SC', 'Hannotate                    
                             TC', 'HanziPen SC', 'HanziPen                      
                             TC', 'HeadLineA', 'Hei', 'Heiti                    
                             SC', 'Heiti TC', 'Helvetica',                      
                             'Helvetica Neue', 'Herculanum',                    
                             'Hiragino Maru Gothic ProN',                       
                             'Hiragino Mincho ProN',                            
                             'Hiragino Sans', 'Hiragino Sans                    
                             GB', 'Hoefler Text', 'ITF                          
                             Devanagari', 'ITF Devanagari                       
                             Marathi', 'Impact',                                
                             'InaiMathi', 'Kai', 'Kailasa',                     
                             'Kaiti SC', 'Kaiti TC',                            
                             'Kannada MN', 'Kannada Sangam                      
                             MN', 'Kefa III', 'Khmer MN',                       
                             'Khmer Sangam MN', 'Klee',                         
                             'Kohinoor Bangla', 'Kohinoor                       
                             Devanagari', 'Kohinoor                             
                             Gujarati', 'Kohinoor Telugu',                      
                             'Kokonor', 'Krungthep',                            
                             'KufiStandardGK', 'LXGW                            
                             ZhenKai', 'Lantinghei SC',                         
                             'Lantinghei TC', 'Lao MN', 'Lao                    
                             Sangam MN', 'LiHei Pro',                           
                             'LiSong Pro', 'Libian SC',                         
                             'Libian TC', 'LingWai SC',                         
                             'LingWai TC', 'Lucida Grande',                     
                             'Luminari', 'Malayalam MN',                        
                             'Malayalam Sangam MN', 'Marker                     
                             Felt', 'Menlo', 'Microsoft Sans                    
                             Serif', 'Mishafi', 'Mishafi                        
                             Gold', 'Monaco', 'Monospace',                      
                             'Mshtakan', 'Mukta Mahee',                         
                             'Muna', 'Myanmar MN', 'Myanmar                     
                             Sangam MN', 'Nadeem', 'Nanum                       
                             Brush Script', 'Nanum Gothic',                     
                             'Nanum Myeongjo', 'Nanum Pen                       
                             Script', 'New Peninim MT',                         
                             'Noteworthy', 'Noto Nastaliq                       
                             Urdu', 'Noto Sans Batak', 'Noto                    
                             Sans Kannada', 'Noto Sans                          
                             Myanmar', 'Noto Sans NKo',                         
                             'Noto Sans Oriya', 'Noto Sans                      
                             Syriac', 'Noto Sans Tagalog',                      
                             'Noto Serif Myanmar', 'Optima',                    
                             'Oriya MN', 'Oriya Sangam MN',                     
                             'Osaka', 'PCMyungjo', 'PT                          
                             Mono', 'PT Sans', 'PT Sans                         
                             Caption', 'PT Sans Narrow', 'PT                    
                             Serif', 'PT Serif Caption',                        
                             'Palatino', 'Papyrus', 'Party                      
                             LET', 'Phosphate', 'PilGi',                        
                             'PingFang HK', 'PingFang MO',                      
                             'PingFang SC', 'PingFang TC',                      
                             'Plantagenet Cherokee',                            
                             'Raanana', 'Rockwell',                             
                             'STFangsong', 'STHeiti', 'STIX                     
                             Two Math', 'STIX Two Text',                        
                             'STKaiti', 'STSong', 'Sana',                       
                             'Sans', 'Sathu', 'Savoye LET',                     
                             'Serif', 'Shree Devanagari                         
                             714', 'SignPainter', 'Silom',                      
                             'SimSong', 'Sinhala MN',                           
                             'Sinhala Sangam MN', 'Skia',                       
                             'Snell Roundhand', 'Songti SC',                    
                             'Songti TC', 'Sukhumvit Set',                      
                             'Symbol', 'Tahoma', 'Tamil MN',                    
                             'Tamil Sangam MN', 'Telugu MN',                    
                             'Telugu Sangam MN', 'Thonburi',                    
                             'Times New Roman', 'Toppan                         
                             Bunkyu Gothic', 'Toppan Bunkyu                     
                             Midashi Gothic', 'Toppan Bunkyu                    
                             Midashi Mincho', 'Toppan Bunkyu                    
                             Mincho', 'Trattatello',                            
                             'Trebuchet MS', 'Tsukushi A                        
                             Round Gothic', 'Tsukushi B                         
                             Round Gothic', 'Verdana',                          
                             'Waseem', 'Wawati SC', 'Wawati                     
                             TC', 'Webdings', 'Weibei SC',                      
                             'Weibei TC', 'Wingdings',                          
                             'Wingdings 2', 'Wingdings 3',                      
                             'Xingkai SC', 'Xingkai TC',                        
                             'YuGothic', 'YuKyokasho',                          
                             'YuKyokasho Yoko', 'YuMincho',                     
                             'YuMincho +36p Kana', 'Yuanti                      
                             SC', 'Yuanti TC', 'Yuppy SC',                      
                             'Yuppy TC', 'Zapf Dingbats',                       
                             'Zapfino', 'cursive',                              
                             'fantasy', 'system-ui'].                           
                    WARNING  Font Noto Sans CJK SC not in    text_mobject.py:464
                             ['.AppleSystemUIFont', 'Academy                    
                             Engraved LET', 'Al Bayan', 'Al                     
                             Nile', 'Al Tarikh', 'American                      
                             Typewriter', 'Andale Mono',                        
                             'Apple Braille', 'Apple                            
                             Chancery', 'Apple Color Emoji',                    
                             'Apple LiGothic', 'Apple                           
                             LiSung', 'Apple SD Gothic Neo',                    
                             'Apple Symbols', 'AppleGothic',                    
                             'AppleMyungjo', 'Arial', 'Arial                    
                             Black', 'Arial Hebrew', 'Arial                     
                             Hebrew Scholar', 'Arial                            
                             Narrow', 'Arial Rounded MT                         
                             Bold', 'Arial Unicode MS',                         
                             'Avenir', 'Avenir Next',                           
                             'Avenir Next Condensed',                           
                             'Ayuthaya', 'BIZ UDGothic',                        
                             'BIZ UDMincho', 'BM Dohyeon',                      
                             'BM Hanna 11yrs Old', 'BM Hanna                    
                             Air', 'BM Hanna Pro', 'BM Jua',                    
                             'BM Kirang Haerang', 'BM                           
                             Yeonsung', 'Baghdad', 'Bangla                      
                             MN', 'Bangla Sangam MN', 'Baoli                    
                             SC', 'Baoli TC', 'Baskerville',                    
                             'Beirut', 'BiauKaiHK',                             
                             'BiauKaiTC', 'Big Caslon',                         
                             'Bodoni 72', 'Bodoni 72                            
                             Oldstyle', 'Bodoni 72                              
                             Smallcaps', 'Bodoni Ornaments',                    
                             'Bradley Hand', 'Brush Script                      
                             MT', 'Chalkboard', 'Chalkboard                     
                             SE', 'Chalkduster', 'Charter',                     
                             'Cochin', 'Comic Sans MS',                         
                             'Copperplate', 'Corsiva                            
                             Hebrew', 'Courier New', 'DIN                       
                             Alternate', 'DIN Condensed',                       
                             'Damascus', 'DecoType Naskh',                      
                             'Devanagari MT', 'Devanagari                       
                             Sangam MN', 'Didot', 'Diwan                        
                             Kufi', 'Diwan Thuluth',                            
                             'Euphemia UCAS', 'Farah',                          
                             'Farisi', 'Futura', 'GB18030                       
                             Bitmap', 'Galvji', 'Geeza Pro',                    
                             'Geneva', 'Georgia', 'Gill                         
                             Sans', 'Grantha Sangam MN',                        
                             'Gujarati MT', 'Gujarati Sangam                    
                             MN', 'GungSeo', 'Gurmukhi MN',                     
                             'Gurmukhi MT', 'Gurmukhi Sangam                    
                             MN', 'Hannotate SC', 'Hannotate                    
                             TC', 'HanziPen SC', 'HanziPen                      
                             TC', 'HeadLineA', 'Hei', 'Heiti                    
                             SC', 'Heiti TC', 'Helvetica',                      
                             'Helvetica Neue', 'Herculanum',                    
                             'Hiragino Maru Gothic ProN',                       
                             'Hiragino Mincho ProN',                            
                             'Hiragino Sans', 'Hiragino Sans                    
                             GB', 'Hoefler Text', 'ITF                          
                             Devanagari', 'ITF Devanagari                       
                             Marathi', 'Impact',                                
                             'InaiMathi', 'Kai', 'Kailasa',                     
                             'Kaiti SC', 'Kaiti TC',                            
                             'Kannada MN', 'Kannada Sangam                      
                             MN', 'Kefa III', 'Khmer MN',                       
                             'Khmer Sangam MN', 'Klee',                         
                             'Kohinoor Bangla', 'Kohinoor                       
                             Devanagari', 'Kohinoor                             
                             Gujarati', 'Kohinoor Telugu',                      
                             'Kokonor', 'Krungthep',                            
                             'KufiStandardGK', 'LXGW                            
                             ZhenKai', 'Lantinghei SC',                         
                             'Lantinghei TC', 'Lao MN', 'Lao                    
                             Sangam MN', 'LiHei Pro',                           
                             'LiSong Pro', 'Libian SC',                         
                             'Libian TC', 'LingWai SC',                         
                             'LingWai TC', 'Lucida Grande',                     
                             'Luminari', 'Malayalam MN',                        
                             'Malayalam Sangam MN', 'Marker                     
                             Felt', 'Menlo', 'Microsoft Sans                    
                             Serif', 'Mishafi', 'Mishafi                        
                             Gold', 'Monaco', 'Monospace',                      
                             'Mshtakan', 'Mukta Mahee',                         
                             'Muna', 'Myanmar MN', 'Myanmar                     
                             Sangam MN', 'Nadeem', 'Nanum                       
                             Brush Script', 'Nanum Gothic',                     
                             'Nanum Myeongjo', 'Nanum Pen                       
                             Script', 'New Peninim MT',                         
                             'Noteworthy', 'Noto Nastaliq                       
                             Urdu', 'Noto Sans Batak', 'Noto                    
                             Sans Kannada', 'Noto Sans                          
                             Myanmar', 'Noto Sans NKo',                         
                             'Noto Sans Oriya', 'Noto Sans                      
                             Syriac', 'Noto Sans Tagalog',                      
                             'Noto Serif Myanmar', 'Optima',                    
                             'Oriya MN', 'Oriya Sangam MN',                     
                             'Osaka', 'PCMyungjo', 'PT                          
                             Mono', 'PT Sans', 'PT Sans                         
                             Caption', 'PT Sans Narrow', 'PT                    
                             Serif', 'PT Serif Caption',                        
                             'Palatino', 'Papyrus', 'Party                      
                             LET', 'Phosphate', 'PilGi',                        
                             'PingFang HK', 'PingFang MO',                      
                             'PingFang SC', 'PingFang TC',                      
                             'Plantagenet Cherokee',                            
                             'Raanana', 'Rockwell',                             
                             'STFangsong', 'STHeiti', 'STIX                     
                             Two Math', 'STIX Two Text',                        
                             'STKaiti', 'STSong', 'Sana',                       
                             'Sans', 'Sathu', 'Savoye LET',                     
                             'Serif', 'Shree Devanagari                         
                             714', 'SignPainter', 'Silom',                      
                             'SimSong', 'Sinhala MN',                           
                             'Sinhala Sangam MN', 'Skia',                       
                             'Snell Roundhand', 'Songti SC',                    
                             'Songti TC', 'Sukhumvit Set',                      
                             'Symbol', 'Tahoma', 'Tamil MN',                    
                             'Tamil Sangam MN', 'Telugu MN',                    
                             'Telugu Sangam MN', 'Thonburi',                    
                             'Times New Roman', 'Toppan                         
                             Bunkyu Gothic', 'Toppan Bunkyu                     
                             Midashi Gothic', 'Toppan Bunkyu                    
                             Midashi Mincho', 'Toppan Bunkyu                    
                             Mincho', 'Trattatello',                            
                             'Trebuchet MS', 'Tsukushi A                        
                             Round Gothic', 'Tsukushi B                         
                             Round Gothic', 'Verdana',                          
                             'Waseem', 'Wawati SC', 'Wawati                     
                             TC', 'Webdings', 'Weibei SC',                      
                             'Weibei TC', 'Wingdings',                          
                             'Wingdings 2', 'Wingdings 3',                      
                             'Xingkai SC', 'Xingkai TC',                        
                             'YuGothic', 'YuKyokasho',                          
                             'YuKyokasho Yoko', 'YuMincho',                     
                             'YuMincho +36p Kana', 'Yuanti                      
                             SC', 'Yuanti TC', 'Yuppy SC',                      
                             'Yuppy TC', 'Zapf Dingbats',                       
                             'Zapfino', 'cursive',                              
                             'fantasy', 'system-ui'].                           
                    WARNING  Font Noto Sans CJK SC not in    text_mobject.py:464
                             ['.AppleSystemUIFont', 'Academy                    
                             Engraved LET', 'Al Bayan', 'Al                     
                             Nile', 'Al Tarikh', 'American                      
                             Typewriter', 'Andale Mono',                        
                             'Apple Braille', 'Apple                            
                             Chancery', 'Apple Color Emoji',                    
                             'Apple LiGothic', 'Apple                           
                             LiSung', 'Apple SD Gothic Neo',                    
                             'Apple Symbols', 'AppleGothic',                    
                             'AppleMyungjo', 'Arial', 'Arial                    
                             Black', 'Arial Hebrew', 'Arial                     
                             Hebrew Scholar', 'Arial                            
                             Narrow', 'Arial Rounded MT                         
                             Bold', 'Arial Unicode MS',                         
                             'Avenir', 'Avenir Next',                           
                             'Avenir Next Condensed',                           
                             'Ayuthaya', 'BIZ UDGothic',                        
                             'BIZ UDMincho', 'BM Dohyeon',                      
                             'BM Hanna 11yrs Old', 'BM Hanna                    
                             Air', 'BM Hanna Pro', 'BM Jua',                    
                             'BM Kirang Haerang', 'BM                           
                             Yeonsung', 'Baghdad', 'Bangla                      
                             MN', 'Bangla Sangam MN', 'Baoli                    
                             SC', 'Baoli TC', 'Baskerville',                    
                             'Beirut', 'BiauKaiHK',                             
                             'BiauKaiTC', 'Big Caslon',                         
                             'Bodoni 72', 'Bodoni 72                            
                             Oldstyle', 'Bodoni 72                              
                             Smallcaps', 'Bodoni Ornaments',                    
                             'Bradley Hand', 'Brush Script                      
                             MT', 'Chalkboard', 'Chalkboard                     
                             SE', 'Chalkduster', 'Charter',                     
                             'Cochin', 'Comic Sans MS',                         
                             'Copperplate', 'Corsiva                            
                             Hebrew', 'Courier New', 'DIN                       
                             Alternate', 'DIN Condensed',                       
                             'Damascus', 'DecoType Naskh',                      
                             'Devanagari MT', 'Devanagari                       
                             Sangam MN', 'Didot', 'Diwan                        
                             Kufi', 'Diwan Thuluth',                            
                             'Euphemia UCAS', 'Farah',                          
                             'Farisi', 'Futura', 'GB18030                       
                             Bitmap', 'Galvji', 'Geeza Pro',                    
                             'Geneva', 'Georgia', 'Gill                         
                             Sans', 'Grantha Sangam MN',                        
                             'Gujarati MT', 'Gujarati Sangam                    
                             MN', 'GungSeo', 'Gurmukhi MN',                     
                             'Gurmukhi MT', 'Gurmukhi Sangam                    
                             MN', 'Hannotate SC', 'Hannotate                    
                             TC', 'HanziPen SC', 'HanziPen                      
                             TC', 'HeadLineA', 'Hei', 'Heiti                    
                             SC', 'Heiti TC', 'Helvetica',                      
                             'Helvetica Neue', 'Herculanum',                    
                             'Hiragino Maru Gothic ProN',                       
                             'Hiragino Mincho ProN',                            
                             'Hiragino Sans', 'Hiragino Sans                    
                             GB', 'Hoefler Text', 'ITF                          
                             Devanagari', 'ITF Devanagari                       
                             Marathi', 'Impact',                                
                             'InaiMathi', 'Kai', 'Kailasa',                     
                             'Kaiti SC', 'Kaiti TC',                            
                             'Kannada MN', 'Kannada Sangam                      
                             MN', 'Kefa III', 'Khmer MN',                       
                             'Khmer Sangam MN', 'Klee',                         
                             'Kohinoor Bangla', 'Kohinoor                       
                             Devanagari', 'Kohinoor                             
                             Gujarati', 'Kohinoor Telugu',                      
                             'Kokonor', 'Krungthep',                            
                             'KufiStandardGK', 'LXGW                            
                             ZhenKai', 'Lantinghei SC',                         
                             'Lantinghei TC', 'Lao MN', 'Lao                    
                             Sangam MN', 'LiHei Pro',                           
                             'LiSong Pro', 'Libian SC',                         
                             'Libian TC', 'LingWai SC',                         
                             'LingWai TC', 'Lucida Grande',                     
                             'Luminari', 'Malayalam MN',                        
                             'Malayalam Sangam MN', 'Marker                     
                             Felt', 'Menlo', 'Microsoft Sans                    
                             Serif', 'Mishafi', 'Mishafi                        
                             Gold', 'Monaco', 'Monospace',                      
                             'Mshtakan', 'Mukta Mahee',                         
                             'Muna', 'Myanmar MN', 'Myanmar                     
                             Sangam MN', 'Nadeem', 'Nanum                       
                             Brush Script', 'Nanum Gothic',                     
                             'Nanum Myeongjo', 'Nanum Pen                       
                             Script', 'New Peninim MT',                         
                             'Noteworthy', 'Noto Nastaliq                       
                             Urdu', 'Noto Sans Batak', 'Noto                    
                             Sans Kannada', 'Noto Sans                          
                             Myanmar', 'Noto Sans NKo',                         
                             'Noto Sans Oriya', 'Noto Sans                      
                             Syriac', 'Noto Sans Tagalog',                      
                             'Noto Serif Myanmar', 'Optima',                    
                             'Oriya MN', 'Oriya Sangam MN',                     
                             'Osaka', 'PCMyungjo', 'PT                          
                             Mono', 'PT Sans', 'PT Sans                         
                             Caption', 'PT Sans Narrow', 'PT                    
                             Serif', 'PT Serif Caption',                        
                             'Palatino', 'Papyrus', 'Party                      
                             LET', 'Phosphate', 'PilGi',                        
                             'PingFang HK', 'PingFang MO',                      
                             'PingFang SC', 'PingFang TC',                      
                             'Plantagenet Cherokee',                            
                             'Raanana', 'Rockwell',                             
                             'STFangsong', 'STHeiti', 'STIX                     
                             Two Math', 'STIX Two Text',                        
                             'STKaiti', 'STSong', 'Sana',                       
                             'Sans', 'Sathu', 'Savoye LET',                     
                             'Serif', 'Shree Devanagari                         
                             714', 'SignPainter', 'Silom',                      
                             'SimSong', 'Sinhala MN',                           
                             'Sinhala Sangam MN', 'Skia',                       
                             'Snell Roundhand', 'Songti SC',                    
                             'Songti TC', 'Sukhumvit Set',                      
                             'Symbol', 'Tahoma', 'Tamil MN',                    
                             'Tamil Sangam MN', 'Telugu MN',                    
                             'Telugu Sangam MN', 'Thonburi',                    
                             'Times New Roman', 'Toppan                         
                             Bunkyu Gothic', 'Toppan Bunkyu                     
                             Midashi Gothic', 'Toppan Bunkyu                    
                             Midashi Mincho', 'Toppan Bunkyu                    
                             Mincho', 'Trattatello',                            
                             'Trebuchet MS', 'Tsukushi A                        
                             Round Gothic', 'Tsukushi B                         
                             Round Gothic', 'Verdana',                          
                             'Waseem', 'Wawati SC', 'Wawati                     
                             TC', 'Webdings', 'Weibei SC',                      
                             'Weibei TC', 'Wingdings',                          
                             'Wingdings 2', 'Wingdings 3',                      
                             'Xingkai SC', 'Xingkai TC',                        
                             'YuGothic', 'YuKyokasho',                          
                             'YuKyokasho Yoko', 'YuMincho',                     
                             'YuMincho +36p Kana', 'Yuanti                      
                             SC', 'Yuanti TC', 'Yuppy SC',                      
                             'Yuppy TC', 'Zapf Dingbats',                       
                             'Zapfino', 'cursive',                              
                             'fantasy', 'system-ui'].                           
                    WARNING  Font Noto Sans CJK SC not in    text_mobject.py:464
                             ['.AppleSystemUIFont', 'Academy                    
                             Engraved LET', 'Al Bayan', 'Al                     
                             Nile', 'Al Tarikh', 'American                      
                             Typewriter', 'Andale Mono',                        
                             'Apple Braille', 'Apple                            
                             Chancery', 'Apple Color Emoji',                    
                             'Apple LiGothic', 'Apple                           
                             LiSung', 'Apple SD Gothic Neo',                    
                             'Apple Symbols', 'AppleGothic',                    
                             'AppleMyungjo', 'Arial', 'Arial                    
                             Black', 'Arial Hebrew', 'Arial                     
                             Hebrew Scholar', 'Arial                            
                             Narrow', 'Arial Rounded MT                         
                             Bold', 'Arial Unicode MS',                         
                             'Avenir', 'Avenir Next',                           
                             'Avenir Next Condensed',                           
                             'Ayuthaya', 'BIZ UDGothic',                        
                             'BIZ UDMincho', 'BM Dohyeon',                      
                             'BM Hanna 11yrs Old', 'BM Hanna                    
                             Air', 'BM Hanna Pro', 'BM Jua',                    
                             'BM Kirang Haerang', 'BM                           
                             Yeonsung', 'Baghdad', 'Bangla                      
                             MN', 'Bangla Sangam MN', 'Baoli                    
                             SC', 'Baoli TC', 'Baskerville',                    
                             'Beirut', 'BiauKaiHK',                             
                             'BiauKaiTC', 'Big Caslon',                         
                             'Bodoni 72', 'Bodoni 72                            
                             Oldstyle', 'Bodoni 72                              
                             Smallcaps', 'Bodoni Ornaments',                    
                             'Bradley Hand', 'Brush Script                      
                             MT', 'Chalkboard', 'Chalkboard                     
                             SE', 'Chalkduster', 'Charter',                     
                             'Cochin', 'Comic Sans MS',                         
                             'Copperplate', 'Corsiva                            
                             Hebrew', 'Courier New', 'DIN                       
                             Alternate', 'DIN Condensed',                       
                             'Damascus', 'DecoType Naskh',                      
                             'Devanagari MT', 'Devanagari                       
                             Sangam MN', 'Didot', 'Diwan                        
                             Kufi', 'Diwan Thuluth',                            
                             'Euphemia UCAS', 'Farah',                          
                             'Farisi', 'Futura', 'GB18030                       
                             Bitmap', 'Galvji', 'Geeza Pro',                    
                             'Geneva', 'Georgia', 'Gill                         
                             Sans', 'Grantha Sangam MN',                        
                             'Gujarati MT', 'Gujarati Sangam                    
                             MN', 'GungSeo', 'Gurmukhi MN',                     
                             'Gurmukhi MT', 'Gurmukhi Sangam                    
                             MN', 'Hannotate SC', 'Hannotate                    
                             TC', 'HanziPen SC', 'HanziPen                      
                             TC', 'HeadLineA', 'Hei', 'Heiti                    
                             SC', 'Heiti TC', 'Helvetica',                      
                             'Helvetica Neue', 'Herculanum',                    
                             'Hiragino Maru Gothic ProN',                       
                             'Hiragino Mincho ProN',                            
                             'Hiragino Sans', 'Hiragino Sans                    
                             GB', 'Hoefler Text', 'ITF                          
                             Devanagari', 'ITF Devanagari                       
                             Marathi', 'Impact',                                
                             'InaiMathi', 'Kai', 'Kailasa',                     
                             'Kaiti SC', 'Kaiti TC',                            
                             'Kannada MN', 'Kannada Sangam                      
                             MN', 'Kefa III', 'Khmer MN',                       
                             'Khmer Sangam MN', 'Klee',                         
                             'Kohinoor Bangla', 'Kohinoor                       
                             Devanagari', 'Kohinoor                             
                             Gujarati', 'Kohinoor Telugu',                      
                             'Kokonor', 'Krungthep',                            
                             'KufiStandardGK', 'LXGW                            
                             ZhenKai', 'Lantinghei SC',                         
                             'Lantinghei TC', 'Lao MN', 'Lao                    
                             Sangam MN', 'LiHei Pro',                           
                             'LiSong Pro', 'Libian SC',                         
                             'Libian TC', 'LingWai SC',                         
                             'LingWai TC', 'Lucida Grande',                     
                             'Luminari', 'Malayalam MN',                        
                             'Malayalam Sangam MN', 'Marker                     
                             Felt', 'Menlo', 'Microsoft Sans                    
                             Serif', 'Mishafi', 'Mishafi                        
                             Gold', 'Monaco', 'Monospace',                      
                             'Mshtakan', 'Mukta Mahee',                         
                             'Muna', 'Myanmar MN', 'Myanmar                     
                             Sangam MN', 'Nadeem', 'Nanum                       
                             Brush Script', 'Nanum Gothic',                     
                             'Nanum Myeongjo', 'Nanum Pen                       
                             Script', 'New Peninim MT',                         
                             'Noteworthy', 'Noto Nastaliq                       
                             Urdu', 'Noto Sans Batak', 'Noto                    
                             Sans Kannada', 'Noto Sans                          
                             Myanmar', 'Noto Sans NKo',                         
                             'Noto Sans Oriya', 'Noto Sans                      
                             Syriac', 'Noto Sans Tagalog',                      
                             'Noto Serif Myanmar', 'Optima',                    
                             'Oriya MN', 'Oriya Sangam MN',                     
                             'Osaka', 'PCMyungjo', 'PT                          
                             Mono', 'PT Sans', 'PT Sans                         
                             Caption', 'PT Sans Narrow', 'PT                    
                             Serif', 'PT Serif Caption',                        
                             'Palatino', 'Papyrus', 'Party                      
                             LET', 'Phosphate', 'PilGi',                        
                             'PingFang HK', 'PingFang MO',                      
                             'PingFang SC', 'PingFang TC',                      
                             'Plantagenet Cherokee',                            
                             'Raanana', 'Rockwell',                             
                             'STFangsong', 'STHeiti', 'STIX                     
                             Two Math', 'STIX Two Text',                        
                             'STKaiti', 'STSong', 'Sana',                       
                             'Sans', 'Sathu', 'Savoye LET',                     
                             'Serif', 'Shree Devanagari                         
                             714', 'SignPainter', 'Silom',                      
                             'SimSong', 'Sinhala MN',                           
                             'Sinhala Sangam MN', 'Skia',                       
                             'Snell Roundhand', 'Songti SC',                    
                             'Songti TC', 'Sukhumvit Set',                      
                             'Symbol', 'Tahoma', 'Tamil MN',                    
                             'Tamil Sangam MN', 'Telugu MN',                    
                             'Telugu Sangam MN', 'Thonburi',                    
                             'Times New Roman', 'Toppan                         
                             Bunkyu Gothic', 'Toppan Bunkyu                     
                             Midashi Gothic', 'Toppan Bunkyu                    
                             Midashi Mincho', 'Toppan Bunkyu                    
                             Mincho', 'Trattatello',                            
                             'Trebuchet MS', 'Tsukushi A                        
                             Round Gothic', 'Tsukushi B                         
                             Round Gothic', 'Verdana',                          
                             'Waseem', 'Wawati SC', 'Wawati                     
                             TC', 'Webdings', 'Weibei SC',                      
                             'Weibei TC', 'Wingdings',                          
                             'Wingdings 2', 'Wingdings 3',                      
                             'Xingkai SC', 'Xingkai TC',                        
                             'YuGothic', 'YuKyokasho',                          
                             'YuKyokasho Yoko', 'YuMincho',                     
                             'YuMincho +36p Kana', 'Yuanti                      
                             SC', 'Yuanti TC', 'Yuppy SC',                      
                             'Yuppy TC', 'Zapf Dingbats',                       
                             'Zapfino', 'cursive',                              
                             'fantasy', 'system-ui'].                           
Animation 67: FadeIn(VGroup of 2 submobjects):   0%|          | 0/30 [00:00<?, ?it/s]Animation 67: FadeIn(VGroup of 2 submobjects):  37%|███▋      | 11/30 [00:00<00:00, 105.22it/s]Animation 67: FadeIn(VGroup of 2 submobjects):  73%|███████▎  | 22/30 [00:00<00:00, 101.47it/s]                                                                                               [02/27/26 10:59:48] INFO     Animation 67 : Partial     scene_file_writer.py:590
                             movie file written in                              
                             '/Users/mx/Desktop/manim_m                         
                             ath/高中/高一/第二学期/第                          
                             五章-三角比/002任意角的三                          
                             角比/media/videos/any_angl                         
                             e_trigonometry/1920p60/par                         
                             tial_movie_files/AnyAngleT                         
                             rigonometry/656162490_1593                         
                             938834_378326597.mp4'                              
                    INFO     Animation 68 : Partial     scene_file_writer.py:590
                             movie file written in                              
                             '/Users/mx/Desktop/manim_m                         
                             ath/高中/高一/第二学期/第                          
                             五章-三角比/002任意角的三                          
                             角比/media/videos/any_angl                         
                             e_trigonometry/1920p60/par                         
                             tial_movie_files/AnyAngleT                         
                             rigonometry/656162490_3585                         
                             970359_3506271220.mp4'                             
Animation 69: FadeIn(VGroup of 2 submobjects):   0%|          | 0/30 [00:00<?, ?it/s]Animation 69: FadeIn(VGroup of 2 submobjects):  37%|███▋      | 11/30 [00:00<00:00, 105.24it/s]Animation 69: FadeIn(VGroup of 2 submobjects):  77%|███████▋  | 23/30 [00:00<00:00, 108.04it/s]                                                                                               [02/27/26 10:59:49] INFO     Animation 69 : Partial     scene_file_writer.py:590
                             movie file written in                              
                             '/Users/mx/Desktop/manim_m                         
                             ath/高中/高一/第二学期/第                          
                             五章-三角比/002任意角的三                          
                             角比/media/videos/any_angl                         
                             e_trigonometry/1920p60/par                         
                             tial_movie_files/AnyAngleT                         
                             rigonometry/656162490_2199                         
                             114060_1199603045.mp4'                             
[02/27/26 10:59:50] INFO     Animation 70 : Partial     scene_file_writer.py:590
                             movie file written in                              
                             '/Users/mx/Desktop/manim_m                         
                             ath/高中/高一/第二学期/第                          
                             五章-三角比/002任意角的三                          
                             角比/media/videos/any_angl                         
                             e_trigonometry/1920p60/par                         
                             tial_movie_files/AnyAngleT                         
                             rigonometry/656162490_3585                         
                             970359_831610671.mp4'                              
Animation 71: FadeIn(VGroup of 2 submobjects):   0%|          | 0/30 [00:00<?, ?it/s]Animation 71: FadeIn(VGroup of 2 submobjects):  33%|███▎      | 10/30 [00:00<00:00, 98.04it/s]Animation 71: FadeIn(VGroup of 2 submobjects):  70%|███████   | 21/30 [00:00<00:00, 103.99it/s]                                                                                               [02/27/26 10:59:51] INFO     Animation 71 : Partial     scene_file_writer.py:590
                             movie file written in                              
                             '/Users/mx/Desktop/manim_m                         
                             ath/高中/高一/第二学期/第                          
                             五章-三角比/002任意角的三                          
                             角比/media/videos/any_angl                         
                             e_trigonometry/1920p60/par                         
                             tial_movie_files/AnyAngleT                         
                             rigonometry/656162490_1759                         
                             193369_3138990150.mp4'                             
[02/27/26 10:59:52] INFO     Animation 72 : Partial     scene_file_writer.py:590
                             movie file written in                              
                             '/Users/mx/Desktop/manim_m                         
                             ath/高中/高一/第二学期/第                          
                             五章-三角比/002任意角的三                          
                             角比/media/videos/any_angl                         
                             e_trigonometry/1920p60/par                         
                             tial_movie_files/AnyAngleT                         
                             rigonometry/656162490_3585                         
                             970359_1694603536.mp4'                             
Animation 73: FadeIn(VGroup of 2 submobjects):   0%|          | 0/30 [00:00<?, ?it/s]Animation 73: FadeIn(VGroup of 2 submobjects):  17%|█▋        | 5/30 [00:00<00:00, 49.10it/s]Animation 73: FadeIn(VGroup of 2 submobjects):  47%|████▋     | 14/30 [00:00<00:00, 68.70it/s]Animation 73: FadeIn(VGroup of 2 submobjects):  87%|████████▋ | 26/30 [00:00<00:00, 89.55it/s]                                                                                              [02/27/26 10:59:53] INFO     Animation 73 : Partial     scene_file_writer.py:590
                             movie file written in                              
                             '/Users/mx/Desktop/manim_m                         
                             ath/高中/高一/第二学期/第                          
                             五章-三角比/002任意角的三                          
                             角比/media/videos/any_angl                         
                             e_trigonometry/1920p60/par                         
                             tial_movie_files/AnyAngleT                         
                             rigonometry/656162490_2932                         
                             829762_3454811313.mp4'                             
                    INFO     Animation 74 : Partial     scene_file_writer.py:590
                             movie file written in                              
                             '/Users/mx/Desktop/manim_m                         
                             ath/高中/高一/第二学期/第                          
                             五章-三角比/002任意角的三                          
                             角比/media/videos/any_angl                         
                             e_trigonometry/1920p60/par                         
                             tial_movie_files/AnyAngleT                         
                             rigonometry/656162490_3585                         
                             970359_4079368817.mp4'                             
[02/27/26 10:59:55] INFO     Animation 75 : Partial     scene_file_writer.py:590
                             movie file written in                              
                             '/Users/mx/Desktop/manim_m                         
                             ath/高中/高一/第二学期/第                          
                             五章-三角比/002任意角的三                          
                             角比/media/videos/any_angl                         
                             e_trigonometry/1920p60/par                         
                             tial_movie_files/AnyAngleT                         
                             rigonometry/656162490_2950                         
                             721455_3202000470.mp4'                             
Animation 76: _MethodAnimation(Text('一全二正弦三正切四余弦')):   0%|          | 0/48 [00:00<?, ?it/s]Animation 76: _MethodAnimation(Text('一全二正弦三正切四余弦')):   8%|▊         | 4/48 [00:00<00:01, 33.54it/s]Animation 76: _MethodAnimation(Text('一全二正弦三正切四余弦')):  17%|█▋        | 8/48 [00:00<00:01, 33.05it/s]Animation 76: _MethodAnimation(Text('一全二正弦三正切四余弦')):  25%|██▌       | 12/48 [00:00<00:01, 33.82it/s]Animation 76: _MethodAnimation(Text('一全二正弦三正切四余弦')):  35%|███▌      | 17/48 [00:00<00:00, 36.92it/s]Animation 76: _MethodAnimation(Text('一全二正弦三正切四余弦')):  44%|████▍     | 21/48 [00:00<00:00, 36.81it/s]Animation 76: _MethodAnimation(Text('一全二正弦三正切四余弦')):  52%|█████▏    | 25/48 [00:00<00:00, 24.06it/s]Animation 76: _MethodAnimation(Text('一全二正弦三正切四余弦')):  62%|██████▎   | 30/48 [00:00<00:00, 29.44it/s]Animation 76: _MethodAnimation(Text('一全二正弦三正切四余弦')):  73%|███████▎  | 35/48 [00:01<00:00, 33.73it/s]Animation 76: _MethodAnimation(Text('一全二正弦三正切四余弦')):  83%|████████▎ | 40/48 [00:01<00:00, 37.26it/s]Animation 76: _MethodAnimation(Text('一全二正弦三正切四余弦')):  96%|█████████▌| 46/48 [00:01<00:00, 40.91it/s]                                                                                                               [02/27/26 10:59:57] INFO     Animation 76 : Partial     scene_file_writer.py:590
                             movie file written in                              
                             '/Users/mx/Desktop/manim_m                         
                             ath/高中/高一/第二学期/第                          
                             五章-三角比/002任意角的三                          
                             角比/media/videos/any_angl                         
                             e_trigonometry/1920p60/par                         
                             tial_movie_files/AnyAngleT                         
                             rigonometry/656162490_2230                         
                             328829_1432713537.mp4'                             
Animation 77: _MethodAnimation(Text('一全二正弦三正切四余弦')):   0%|          | 0/30 [00:00<?, ?it/s]Animation 77: _MethodAnimation(Text('一全二正弦三正切四余弦')):  17%|█▋        | 5/30 [00:00<00:00, 45.84it/s]Animation 77: _MethodAnimation(Text('一全二正弦三正切四余弦')):  33%|███▎      | 10/30 [00:00<00:00, 47.09it/s]Animation 77: _MethodAnimation(Text('一全二正弦三正切四余弦')):  50%|█████     | 15/30 [00:00<00:00, 47.86it/s]Animation 77: _MethodAnimation(Text('一全二正弦三正切四余弦')):  67%|██████▋   | 20/30 [00:00<00:00, 47.74it/s]Animation 77: _MethodAnimation(Text('一全二正弦三正切四余弦')):  83%|████████▎ | 25/30 [00:00<00:00, 47.52it/s]Animation 77: _MethodAnimation(Text('一全二正弦三正切四余弦')): 100%|██████████| 30/30 [00:00<00:00, 47.42it/s]                                                                                                               [02/27/26 10:59:59] INFO     Animation 77 : Partial     scene_file_writer.py:590
                             movie file written in                              
                             '/Users/mx/Desktop/manim_m                         
                             ath/高中/高一/第二学期/第                          
                             五章-三角比/002任意角的三                          
                             角比/media/videos/any_angl                         
                             e_trigonometry/1920p60/par                         
                             tial_movie_files/AnyAngleT                         
                             rigonometry/656162490_6916                         
                             53526_1432713537.mp4'                              
[02/27/26 11:00:00] INFO     Animation 78 : Partial     scene_file_writer.py:590
                             movie file written in                              
                             '/Users/mx/Desktop/manim_m                         
                             ath/高中/高一/第二学期/第                          
                             五章-三角比/002任意角的三                          
                             角比/media/videos/any_angl                         
                             e_trigonometry/1920p60/par                         
                             tial_movie_files/AnyAngleT                         
                             rigonometry/656162490_3366                         
                             045169_2663299422.mp4'                             
Animation 79: FadeOut(Text('记忆口诀')), etc.:   0%|          | 0/36 [00:00<?, ?it/s]Animation 79: FadeOut(Text('记忆口诀')), etc.:  11%|█         | 4/36 [00:00<00:00, 38.19it/s]Animation 79: FadeOut(Text('记忆口诀')), etc.:  22%|██▏       | 8/36 [00:00<00:00, 36.75it/s]Animation 79: FadeOut(Text('记忆口诀')), etc.:  33%|███▎      | 12/36 [00:00<00:00, 37.40it/s]Animation 79: FadeOut(Text('记忆口诀')), etc.:  44%|████▍     | 16/36 [00:00<00:00, 37.63it/s]Animation 79: FadeOut(Text('记忆口诀')), etc.:  56%|█████▌    | 20/36 [00:00<00:00, 38.18it/s]Animation 79: FadeOut(Text('记忆口诀')), etc.:  67%|██████▋   | 24/36 [00:00<00:00, 38.01it/s]Animation 79: FadeOut(Text('记忆口诀')), etc.:  78%|███████▊  | 28/36 [00:00<00:00, 37.66it/s]Animation 79: FadeOut(Text('记忆口诀')), etc.:  89%|████████▉ | 32/36 [00:00<00:00, 37.74it/s]                                                                                              [02/27/26 11:00:03] INFO     Animation 79 : Partial     scene_file_writer.py:590
                             movie file written in                              
                             '/Users/mx/Desktop/manim_m                         
                             ath/高中/高一/第二学期/第                          
                             五章-三角比/002任意角的三                          
                             角比/media/videos/any_angl                         
                             e_trigonometry/1920p60/par                         
                             tial_movie_files/AnyAngleT                         
                             rigonometry/656162490_1999                         
                             25623_4075054303.mp4'                              
                    WARNING  Font Noto Sans CJK SC not in    text_mobject.py:464
                             ['.AppleSystemUIFont', 'Academy                    
                             Engraved LET', 'Al Bayan', 'Al                     
                             Nile', 'Al Tarikh', 'American                      
                             Typewriter', 'Andale Mono',                        
                             'Apple Braille', 'Apple                            
                             Chancery', 'Apple Color Emoji',                    
                             'Apple LiGothic', 'Apple                           
                             LiSung', 'Apple SD Gothic Neo',                    
                             'Apple Symbols', 'AppleGothic',                    
                             'AppleMyungjo', 'Arial', 'Arial                    
                             Black', 'Arial Hebrew', 'Arial                     
                             Hebrew Scholar', 'Arial                            
                             Narrow', 'Arial Rounded MT                         
                             Bold', 'Arial Unicode MS',                         
                             'Avenir', 'Avenir Next',                           
                             'Avenir Next Condensed',                           
                             'Ayuthaya', 'BIZ UDGothic',                        
                             'BIZ UDMincho', 'BM Dohyeon',                      
                             'BM Hanna 11yrs Old', 'BM Hanna                    
                             Air', 'BM Hanna Pro', 'BM Jua',                    
                             'BM Kirang Haerang', 'BM                           
                             Yeonsung', 'Baghdad', 'Bangla                      
                             MN', 'Bangla Sangam MN', 'Baoli                    
                             SC', 'Baoli TC', 'Baskerville',                    
                             'Beirut', 'BiauKaiHK',                             
                             'BiauKaiTC', 'Big Caslon',                         
                             'Bodoni 72', 'Bodoni 72                            
                             Oldstyle', 'Bodoni 72                              
                             Smallcaps', 'Bodoni Ornaments',                    
                             'Bradley Hand', 'Brush Script                      
                             MT', 'Chalkboard', 'Chalkboard                     
                             SE', 'Chalkduster', 'Charter',                     
                             'Cochin', 'Comic Sans MS',                         
                             'Copperplate', 'Corsiva                            
                             Hebrew', 'Courier New', 'DIN                       
                             Alternate', 'DIN Condensed',                       
                             'Damascus', 'DecoType Naskh',                      
                             'Devanagari MT', 'Devanagari                       
                             Sangam MN', 'Didot', 'Diwan                        
                             Kufi', 'Diwan Thuluth',                            
                             'Euphemia UCAS', 'Farah',                          
                             'Farisi', 'Futura', 'GB18030                       
                             Bitmap', 'Galvji', 'Geeza Pro',                    
                             'Geneva', 'Georgia', 'Gill                         
                             Sans', 'Grantha Sangam MN',                        
                             'Gujarati MT', 'Gujarati Sangam                    
                             MN', 'GungSeo', 'Gurmukhi MN',                     
                             'Gurmukhi MT', 'Gurmukhi Sangam                    
                             MN', 'Hannotate SC', 'Hannotate                    
                             TC', 'HanziPen SC', 'HanziPen                      
                             TC', 'HeadLineA', 'Hei', 'Heiti                    
                             SC', 'Heiti TC', 'Helvetica',                      
                             'Helvetica Neue', 'Herculanum',                    
                             'Hiragino Maru Gothic ProN',                       
                             'Hiragino Mincho ProN',                            
                             'Hiragino Sans', 'Hiragino Sans                    
                             GB', 'Hoefler Text', 'ITF                          
                             Devanagari', 'ITF Devanagari                       
                             Marathi', 'Impact',                                
                             'InaiMathi', 'Kai', 'Kailasa',                     
                             'Kaiti SC', 'Kaiti TC',                            
                             'Kannada MN', 'Kannada Sangam                      
                             MN', 'Kefa III', 'Khmer MN',                       
                             'Khmer Sangam MN', 'Klee',                         
                             'Kohinoor Bangla', 'Kohinoor                       
                             Devanagari', 'Kohinoor                             
                             Gujarati', 'Kohinoor Telugu',                      
                             'Kokonor', 'Krungthep',                            
                             'KufiStandardGK', 'LXGW                            
                             ZhenKai', 'Lantinghei SC',                         
                             'Lantinghei TC', 'Lao MN', 'Lao                    
                             Sangam MN', 'LiHei Pro',                           
                             'LiSong Pro', 'Libian SC',                         
                             'Libian TC', 'LingWai SC',                         
                             'LingWai TC', 'Lucida Grande',                     
                             'Luminari', 'Malayalam MN',                        
                             'Malayalam Sangam MN', 'Marker                     
                             Felt', 'Menlo', 'Microsoft Sans                    
                             Serif', 'Mishafi', 'Mishafi                        
                             Gold', 'Monaco', 'Monospace',                      
                             'Mshtakan', 'Mukta Mahee',                         
                             'Muna', 'Myanmar MN', 'Myanmar                     
                             Sangam MN', 'Nadeem', 'Nanum                       
                             Brush Script', 'Nanum Gothic',                     
                             'Nanum Myeongjo', 'Nanum Pen                       
                             Script', 'New Peninim MT',                         
                             'Noteworthy', 'Noto Nastaliq                       
                             Urdu', 'Noto Sans Batak', 'Noto                    
                             Sans Kannada', 'Noto Sans                          
                             Myanmar', 'Noto Sans NKo',                         
                             'Noto Sans Oriya', 'Noto Sans                      
                             Syriac', 'Noto Sans Tagalog',                      
                             'Noto Serif Myanmar', 'Optima',                    
                             'Oriya MN', 'Oriya Sangam MN',                     
                             'Osaka', 'PCMyungjo', 'PT                          
                             Mono', 'PT Sans', 'PT Sans                         
                             Caption', 'PT Sans Narrow', 'PT                    
                             Serif', 'PT Serif Caption',                        
                             'Palatino', 'Papyrus', 'Party                      
                             LET', 'Phosphate', 'PilGi',                        
                             'PingFang HK', 'PingFang MO',                      
                             'PingFang SC', 'PingFang TC',                      
                             'Plantagenet Cherokee',                            
                             'Raanana', 'Rockwell',                             
                             'STFangsong', 'STHeiti', 'STIX                     
                             Two Math', 'STIX Two Text',                        
                             'STKaiti', 'STSong', 'Sana',                       
                             'Sans', 'Sathu', 'Savoye LET',                     
                             'Serif', 'Shree Devanagari                         
                             714', 'SignPainter', 'Silom',                      
                             'SimSong', 'Sinhala MN',                           
                             'Sinhala Sangam MN', 'Skia',                       
                             'Snell Roundhand', 'Songti SC',                    
                             'Songti TC', 'Sukhumvit Set',                      
                             'Symbol', 'Tahoma', 'Tamil MN',                    
                             'Tamil Sangam MN', 'Telugu MN',                    
                             'Telugu Sangam MN', 'Thonburi',                    
                             'Times New Roman', 'Toppan                         
                             Bunkyu Gothic', 'Toppan Bunkyu                     
                             Midashi Gothic', 'Toppan Bunkyu                    
                             Midashi Mincho', 'Toppan Bunkyu                    
                             Mincho', 'Trattatello',                            
                             'Trebuchet MS', 'Tsukushi A                        
                             Round Gothic', 'Tsukushi B                         
                             Round Gothic', 'Verdana',                          
                             'Waseem', 'Wawati SC', 'Wawati                     
                             TC', 'Webdings', 'Weibei SC',                      
                             'Weibei TC', 'Wingdings',                          
                             'Wingdings 2', 'Wingdings 3',                      
                             'Xingkai SC', 'Xingkai TC',                        
                             'YuGothic', 'YuKyokasho',                          
                             'YuKyokasho Yoko', 'YuMincho',                     
                             'YuMincho +36p Kana', 'Yuanti                      
                             SC', 'Yuanti TC', 'Yuppy SC',                      
                             'Yuppy TC', 'Zapf Dingbats',                       
                             'Zapfino', 'cursive',                              
                             'fantasy', 'system-ui'].                           
Animation 80: FadeIn(Text('角度旋转演示')):   0%|          | 0/36 [00:00<?, ?it/s]Animation 80: FadeIn(Text('角度旋转演示')):   8%|▊         | 3/36 [00:00<00:01, 23.79it/s]Animation 80: FadeIn(Text('角度旋转演示')):  17%|█▋        | 6/36 [00:00<00:01, 15.68it/s]Animation 80: FadeIn(Text('角度旋转演示')):  25%|██▌       | 9/36 [00:00<00:01, 19.50it/s]Animation 80: FadeIn(Text('角度旋转演示')):  50%|█████     | 18/36 [00:00<00:00, 40.16it/s]Animation 80: FadeIn(Text('角度旋转演示')):  83%|████████▎ | 30/36 [00:00<00:00, 62.78it/s]                                                                                           [02/27/26 11:00:04] INFO     Animation 80 : Partial     scene_file_writer.py:590
                             movie file written in                              
                             '/Users/mx/Desktop/manim_m                         
                             ath/高中/高一/第二学期/第                          
                             五章-三角比/002任意角的三                          
                             角比/media/videos/any_angl                         
                             e_trigonometry/1920p60/par                         
                             tial_movie_files/AnyAngleT                         
                             rigonometry/656162490_2091                         
                             023015_42925216.mp4'                               
                    INFO     Writing                     tex_file_writing.py:110
                             \special{dvisvgm:raw <g                            
                             id='unique000'>}x =                                
                             1.00\special{dvisvgm:raw                           
                             </g>} to                                           
                             media/Tex/a700aefa436059ae.                        
                             tex                                                
[02/27/26 11:00:05] INFO     Writing                     tex_file_writing.py:110
                             \special{dvisvgm:raw <g                            
                             id='unique000'>}y =                                
                             0.00\special{dvisvgm:raw                           
                             </g>} to                                           
                             media/Tex/0c930a56bdfce4c5.                        
                             tex                                                
Animation 81: _MethodAnimation(ValueTracker):   0%|          | 0/480 [00:00<?, ?it/s]                                                                                     ╭───────────────────── Traceback (most recent call last) ──────────────────────╮
│ /opt/homebrew/Caskroom/miniconda/base/lib/python3.11/site-packages/manim/cli │
│ /render/commands.py:125 in render                                            │
│                                                                              │
│   122 │   │   │   try:                                                       │
│   123 │   │   │   │   with tempconfig({}):                                   │
│   124 │   │   │   │   │   scene = SceneClass()                               │
│ ❱ 125 │   │   │   │   │   scene.render()                                     │
│   126 │   │   │   except Exception:                                          │
│   127 │   │   │   │   error_console.print_exception()                        │
│   128 │   │   │   │   sys.exit(1)                                            │
│                                                                              │
│ /opt/homebrew/Caskroom/miniconda/base/lib/python3.11/site-packages/manim/sce │
│ ne/scene.py:259 in render                                                    │
│                                                                              │
│    256 │   │   """                                                           │
│    257 │   │   self.setup()                                                  │
│    258 │   │   try:                                                          │
│ ❱  259 │   │   │   self.construct()                                          │
│    260 │   │   except EndSceneEarlyException:                                │
│    261 │   │   │   pass                                                      │
│    262 │   │   except RerunSceneException:                                   │
│                                                                              │
│ /Users/mx/Desktop/manim_math/高中/高一/第二学期/第五章-三角比/002任意角的三  │
│ 角比/any_angle_trigonometry.py:62 in construct                               │
│                                                                              │
│     59 │   │   self.show_quadrant_3()                                        │
│     60 │   │   self.show_quadrant_4()                                        │
│     61 │   │   self.show_sign_rule_mnemonic()                                │
│ ❱   62 │   │   self.show_rotation_demo()                                     │
│     63 │   │   self.show_outro()                                             │
│     64 │                                                                     │
│     65 │   def setup_geometry(self):                                         │
│                                                                              │
│ /Users/mx/Desktop/manim_math/高中/高一/第二学期/第五章-三角比/002任意角的三  │
│ 角比/any_angle_trigonometry.py:981 in show_rotation_demo                     │
│                                                                              │
│    978 │   │   self.add(terminal_line, angle_arc, dot_P, proj_x, proj_y, coo │
│    979 │   │                                                                 │
│    980 │   │   # 旋转一圈                                                    │
│ ❱  981 │   │   self.play(                                                    │
│    982 │   │   │   angle_tracker.animate.set_value(2 * PI),                  │
│    983 │   │   │   run_time=8,                                               │
│    984 │   │   │   rate_func=linear                                          │
│                                                                              │
│ /opt/homebrew/Caskroom/miniconda/base/lib/python3.11/site-packages/manim/sce │
│ ne/scene.py:1177 in play                                                     │
│                                                                              │
│   1174 │   │   │   return                                                    │
│   1175 │   │                                                                 │
│   1176 │   │   start_time = self.time                                        │
│ ❱ 1177 │   │   self.renderer.play(self, *args, **kwargs)                     │
│   1178 │   │   run_time = self.time - start_time                             │
│   1179 │   │   if subcaption:                                                │
│   1180 │   │   │   if subcaption_duration is None:                           │
│                                                                              │
│ /opt/homebrew/Caskroom/miniconda/base/lib/python3.11/site-packages/manim/ren │
│ derer/cairo_renderer.py:120 in play                                          │
│                                                                              │
│   117 │   │   │   # In this case, as there is only a wait, it will be the le │
│   118 │   │   │   self.freeze_current_frame(scene.duration)                  │
│   119 │   │   else:                                                          │
│ ❱ 120 │   │   │   scene.play_internal()                                      │
│   121 │   │   self.file_writer.end_animation(not self.skip_animations)       │
│   122 │   │                                                                  │
│   123 │   │   self.num_plays += 1                                            │
│                                                                              │
│ /opt/homebrew/Caskroom/miniconda/base/lib/python3.11/site-packages/manim/sce │
│ ne/scene.py:1352 in play_internal                                            │
│                                                                              │
│   1349 │   │   │   self.duration,                                            │
│   1350 │   │   )                                                             │
│   1351 │   │   for t in self.time_progression:                               │
│ ❱ 1352 │   │   │   self.update_to_time(t)                                    │
│   1353 │   │   │   if not skip_rendering and not self.skip_animation_preview │
│   1354 │   │   │   │   self.renderer.render(self, t, self.moving_mobjects)   │
│   1355 │   │   │   if self.stop_condition is not None and self.stop_conditio │
│                                                                              │
│ /opt/homebrew/Caskroom/miniconda/base/lib/python3.11/site-packages/manim/sce │
│ ne/scene.py:1678 in update_to_time                                           │
│                                                                              │
│   1675 │   │   │   animation.update_mobjects(dt)                             │
│   1676 │   │   │   alpha = t / animation.run_time                            │
│   1677 │   │   │   animation.interpolate(alpha)                              │
│ ❱ 1678 │   │   self.update_mobjects(dt)                                      │
│   1679 │   │   self.update_meshes(dt)                                        │
│   1680 │   │   self.update_self(dt)                                          │
│   1681                                                                       │
│                                                                              │
│ /opt/homebrew/Caskroom/miniconda/base/lib/python3.11/site-packages/manim/sce │
│ ne/scene.py:381 in update_mobjects                                           │
│                                                                              │
│    378 │   │   │   Change in time between updates. Defaults (mostly) to 1/fr │
│    379 │   │   """                                                           │
│    380 │   │   for mobj in self.mobjects:                                    │
│ ❱  381 │   │   │   mobj.update(dt)                                           │
│    382 │                                                                     │
│    383 │   def update_meshes(self, dt: float) -> None:                       │
│    384 │   │   for obj in self.meshes:                                       │
│                                                                              │
│ /opt/homebrew/Caskroom/miniconda/base/lib/python3.11/site-packages/manim/mob │
│ ject/mobject.py:938 in update                                                │
│                                                                              │
│    935 │   │   │   │   if "dt" in inspect.signature(updater).parameters:     │
│    936 │   │   │   │   │   updater(self, dt)                                 │
│    937 │   │   │   │   else:                                                 │
│ ❱  938 │   │   │   │   │   updater(self)                                     │
│    939 │   │   if recursive:                                                 │
│    940 │   │   │   for submob in self.submobjects:                           │
│    941 │   │   │   │   submob.update(dt, recursive=recursive)                │
│                                                                              │
│ /opt/homebrew/Caskroom/miniconda/base/lib/python3.11/site-packages/manim/ani │
│ mation/updaters/mobject_update_utils.py:105 in <lambda>                      │
│                                                                              │
│   102 │   │   │   │   self.play(alpha.animate.set_value(1), rate_func=linear │
│   103 │   """                                                                │
│   104 │   mob = func()                                                       │
│ ❱ 105 │   mob.add_updater(lambda _: mob.become(func()))                      │
│   106 │   return mob                                                         │
│   107                                                                        │
│   108                                                                        │
│                                                                              │
│ /opt/homebrew/Caskroom/miniconda/base/lib/python3.11/site-packages/manim/mob │
│ ject/mobject.py:3208 in become                                               │
│                                                                              │
│   3205 │   │   │   if match_center:                                          │
│   3206 │   │   │   │   mobject.move_to(self.get_center())                    │
│   3207 │   │                                                                 │
│ ❱ 3208 │   │   self.align_data(mobject, skip_point_alignment=True)           │
│   3209 │   │   for sm1, sm2 in zip(self.get_family(), mobject.get_family(),  │
│   3210 │   │   │   sm1.points = np.array(sm2.points)                         │
│   3211 │   │   │   sm1.interpolate_color(sm1, sm2, 1)                        │
│                                                                              │
│ /opt/homebrew/Caskroom/miniconda/base/lib/python3.11/site-packages/manim/mob │
│ ject/mobject.py:2928 in align_data                                           │
│                                                                              │
│   2925 │   │   │   self.align_points(mobject)                                │
│   2926 │   │   # Recurse                                                     │
│   2927 │   │   for m1, m2 in zip(self.submobjects, mobject.submobjects, stri │
│ ❱ 2928 │   │   │   m1.align_data(m2)                                         │
│   2929 │                                                                     │
│   2930 │   def get_point_mobject(self, center=None):                         │
│   2931 │   │   """The simplest :class:`~.Mobject` to be transformed to or fr │
│                                                                              │
│ /opt/homebrew/Caskroom/miniconda/base/lib/python3.11/site-packages/manim/mob │
│ ject/mobject.py:2925 in align_data                                           │
│                                                                              │
│   2922 │   │   self.null_point_align(mobject)                                │
│   2923 │   │   self.align_submobjects(mobject)                               │
│   2924 │   │   if not skip_point_alignment:                                  │
│ ❱ 2925 │   │   │   self.align_points(mobject)                                │
│   2926 │   │   # Recurse                                                     │
│   2927 │   │   for m1, m2 in zip(self.submobjects, mobject.submobjects, stri │
│   2928 │   │   │   m1.align_data(m2)                                         │
│                                                                              │
│ /opt/homebrew/Caskroom/miniconda/base/lib/python3.11/site-packages/manim/mob │
│ ject/types/vectorized_mobject.py:1786 in align_points                        │
│                                                                              │
│   1783 │   │                                                                 │
│   1784 │   │   for n in range(n_subpaths):                                   │
│   1785 │   │   │   # For each pair of subpaths, add points until they are th │
│ ❱ 1786 │   │   │   sp1 = get_nth_subpath(subpaths1, n)                       │
│   1787 │   │   │   sp2 = get_nth_subpath(subpaths2, n)                       │
│   1788 │   │   │   diff1 = max(0, (len(sp2) - len(sp1)) // nppcc)            │
│   1789 │   │   │   diff2 = max(0, (len(sp1) - len(sp2)) // nppcc)            │
│                                                                              │
│ /opt/homebrew/Caskroom/miniconda/base/lib/python3.11/site-packages/manim/mob │
│ ject/types/vectorized_mobject.py:1772 in get_nth_subpath                     │
│                                                                              │
│   1769 │   │   def get_nth_subpath(path_list, n):                            │
│   1770 │   │   │   if n >= len(path_list):                                   │
│   1771 │   │   │   │   # Create a null path at the very end                  │
│ ❱ 1772 │   │   │   │   return [path_list[-1][-1]] * nppcc                    │
│   1773 │   │   │   path = path_list[n]                                       │
│   1774 │   │   │   # Check for useless points at the end of the path and rem │
│   1775 │   │   │   # https://github.com/ManimCommunity/manim/issues/1959     │
╰──────────────────────────────────────────────────────────────────────────────╯
IndexError: list index out of range
/opt/homebrew/Caskroom/miniconda/base/lib/python3.11/multiprocessing/resource_tracker.py:254: UserWarning: resource_tracker: There appear to be 1 leaked semaphore objects to clean up at shutdown
  warnings.warn('resource_tracker: There appear to be %d '
