Manim Community v0.20.0

✓ 几何验证通过
[02/27/26 11:42:36] WARNING  Font Noto Sans CJK SC not in    text_mobject.py:464
                             ['.AppleSystemUIFont', 'Academy                    
                             Engraved LET', 'Al Bayan', 'Al                     
                             Nile', 'Al Tarikh', 'American                      
                             Typewriter', 'Andale Mono',                        
                             'Apple Braille', 'Apple                            
                             Chancery', 'Apple Color Emoji',                    
                             'Apple LiGothic', 'Apple                           
                             LiSung', 'Apple SD Gothic Neo',                    
                             'Apple Symbols', 'AppleGothic',                    
                             'AppleMyungjo', 'Arial', 'Arial                    
                             Black', 'Arial Hebrew', 'Arial                     
                             Hebrew Scholar', 'Arial                            
                             Narrow', 'Arial Rounded MT                         
                             Bold', 'Arial Unicode MS',                         
                             'Avenir', 'Avenir Next',                           
                             'Avenir Next Condensed',                           
                             'Ayuthaya', 'BIZ UDGothic',                        
                             'BIZ UDMincho', 'BM Dohyeon',                      
                             'BM Hanna 11yrs Old', 'BM Hanna                    
                             Air', 'BM Hanna Pro', 'BM Jua',                    
                             'BM Kirang Haerang', 'BM                           
                             Yeonsung', 'Baghdad', 'Bangla                      
                             MN', 'Bangla Sangam MN', 'Baoli                    
                             SC', 'Baoli TC', 'Baskerville',                    
                             'Beirut', 'BiauKaiHK',                             
                             'BiauKaiTC', 'Big Caslon',                         
                             'Bodoni 72', 'Bodoni 72                            
                             Oldstyle', 'Bodoni 72                              
                             Smallcaps', 'Bodoni Ornaments',                    
                             'Bradley Hand', 'Brush Script                      
                             MT', 'Chalkboard', 'Chalkboard                     
                             SE', 'Chalkduster', 'Charter',                     
                             'Cochin', 'Comic Sans MS',                         
                             'Copperplate', 'Corsiva                            
                             Hebrew', 'Courier New', 'DIN                       
                             Alternate', 'DIN Condensed',                       
                             'Damascus', 'DecoType Naskh',                      
                             'Devanagari MT', 'Devanagari                       
                             Sangam MN', 'Didot', 'Diwan                        
                             Kufi', 'Diwan Thuluth',                            
                             'Euphemia UCAS', 'Farah',                          
                             'Farisi', 'Futura', 'GB18030                       
                             Bitmap', 'Galvji', 'Geeza Pro',                    
                             'Geneva', 'Georgia', 'Gill                         
                             Sans', 'Grantha Sangam MN',                        
                             'Gujarati MT', 'Gujarati Sangam                    
                             MN', 'GungSeo', 'Gurmukhi MN',                     
                             'Gurmukhi MT', 'Gurmukhi Sangam                    
                             MN', 'Hannotate SC', 'Hannotate                    
                             TC', 'HanziPen SC', 'HanziPen                      
                             TC', 'HeadLineA', 'Hei', 'Heiti                    
                             SC', 'Heiti TC', 'Helvetica',                      
                             'Helvetica Neue', 'Herculanum',                    
                             'Hiragino Maru Gothic ProN',                       
                             'Hiragino Mincho ProN',                            
                             'Hiragino Sans', 'Hiragino Sans                    
                             GB', 'Hoefler Text', 'ITF                          
                             Devanagari', 'ITF Devanagari                       
                             Marathi', 'Impact',                                
                             'InaiMathi', 'Kai', 'Kailasa',                     
                             'Kaiti SC', 'Kaiti TC',                            
                             'Kannada MN', 'Kannada Sangam                      
                             MN', 'Kefa III', 'Khmer MN',                       
                             'Khmer Sangam MN', 'Klee',                         
                             'Kohinoor Bangla', 'Kohinoor                       
                             Devanagari', 'Kohinoor                             
                             Gujarati', 'Kohinoor Telugu',                      
                             'Kokonor', 'Krungthep',                            
                             'KufiStandardGK', 'LXGW                            
                             ZhenKai', 'Lantinghei SC',                         
                             'Lantinghei TC', 'Lao MN', 'Lao                    
                             Sangam MN', 'LiHei Pro',                           
                             'LiSong Pro', 'Libian SC',                         
                             'Libian TC', 'LingWai SC',                         
                             'LingWai TC', 'Lucida Grande',                     
                             'Luminari', 'Malayalam MN',                        
                             'Malayalam Sangam MN', 'Marker                     
                             Felt', 'Menlo', 'Microsoft Sans                    
                             Serif', 'Mishafi', 'Mishafi                        
                             Gold', 'Monaco', 'Monospace',                      
                             'Mshtakan', 'Mukta Mahee',                         
                             'Muna', 'Myanmar MN', 'Myanmar                     
                             Sangam MN', 'Nadeem', 'Nanum                       
                             Brush Script', 'Nanum Gothic',                     
                             'Nanum Myeongjo', 'Nanum Pen                       
                             Script', 'New Peninim MT',                         
                             'Noteworthy', 'Noto Nastaliq                       
                             Urdu', 'Noto Sans Batak', 'Noto                    
                             Sans Kannada', 'Noto Sans                          
                             Myanmar', 'Noto Sans NKo',                         
                             'Noto Sans Oriya', 'Noto Sans                      
                             Syriac', 'Noto Sans Tagalog',                      
                             'Noto Serif Myanmar', 'Optima',                    
                             'Oriya MN', 'Oriya Sangam MN',                     
                             'Osaka', 'PCMyungjo', 'PT                          
                             Mono', 'PT Sans', 'PT Sans                         
                             Caption', 'PT Sans Narrow', 'PT                    
                             Serif', 'PT Serif Caption',                        
                             'Palatino', 'Papyrus', 'Party                      
                             LET', 'Phosphate', 'PilGi',                        
                             'PingFang HK', 'PingFang MO',                      
                             'PingFang SC', 'PingFang TC',                      
                             'Plantagenet Cherokee',                            
                             'Raanana', 'Rockwell',                             
                             'STFangsong', 'STHeiti', 'STIX                     
                             Two Math', 'STIX Two Text',                        
                             'STKaiti', 'STSong', 'Sana',                       
                             'Sans', 'Sathu', 'Savoye LET',                     
                             'Serif', 'Shree Devanagari                         
                             714', 'SignPainter', 'Silom',                      
                             'SimSong', 'Sinhala MN',                           
                             'Sinhala Sangam MN', 'Skia',                       
                             'Snell Roundhand', 'Songti SC',                    
                             'Songti TC', 'Sukhumvit Set',                      
                             'Symbol', 'Tahoma', 'Tamil MN',                    
                             'Tamil Sangam MN', 'Telugu MN',                    
                             'Telugu Sangam MN', 'Thonburi',                    
                             'Times New Roman', 'Toppan                         
                             Bunkyu Gothic', 'Toppan Bunkyu                     
                             Midashi Gothic', 'Toppan Bunkyu                    
                             Midashi Mincho', 'Toppan Bunkyu                    
                             Mincho', 'Trattatello',                            
                             'Trebuchet MS', 'Tsukushi A                        
                             Round Gothic', 'Tsukushi B                         
                             Round Gothic', 'Verdana',                          
                             'Waseem', 'Wawati SC', 'Wawati                     
                             TC', 'Webdings', 'Weibei SC',                      
                             'Weibei TC', 'Wingdings',                          
                             'Wingdings 2', 'Wingdings 3',                      
                             'Xingkai SC', 'Xingkai TC',                        
                             'YuGothic', 'YuKyokasho',                          
                             'YuKyokasho Yoko', 'YuMincho',                     
                             'YuMincho +36p Kana', 'Yuanti                      
                             SC', 'Yuanti TC', 'Yuppy SC',                      
                             'Yuppy TC', 'Zapf Dingbats',                       
                             'Zapfino', 'cursive',                              
                             'fantasy', 'system-ui'].                           
                    INFO     Animation 0 : Using cached     cairo_renderer.py:94
                             data (hash :                                       
                             3748413652_1559904736_22313245                     
                             7)                                                 
Animation 0: FadeIn(Text('上海初高中数学直通车 @emptyandcalm')):   0%|          | 0/1 [00:00<?, ?it/s]                                                                                                                          WARNING  Font Noto Sans CJK SC not in    text_mobject.py:464
                             ['.AppleSystemUIFont', 'Academy                    
                             Engraved LET', 'Al Bayan', 'Al                     
                             Nile', 'Al Tarikh', 'American                      
                             Typewriter', 'Andale Mono',                        
                             'Apple Braille', 'Apple                            
                             Chancery', 'Apple Color Emoji',                    
                             'Apple LiGothic', 'Apple                           
                             LiSung', 'Apple SD Gothic Neo',                    
                             'Apple Symbols', 'AppleGothic',                    
                             'AppleMyungjo', 'Arial', 'Arial                    
                             Black', 'Arial Hebrew', 'Arial                     
                             Hebrew Scholar', 'Arial                            
                             Narrow', 'Arial Rounded MT                         
                             Bold', 'Arial Unicode MS',                         
                             'Avenir', 'Avenir Next',                           
                             'Avenir Next Condensed',                           
                             'Ayuthaya', 'BIZ UDGothic',                        
                             'BIZ UDMincho', 'BM Dohyeon',                      
                             'BM Hanna 11yrs Old', 'BM Hanna                    
                             Air', 'BM Hanna Pro', 'BM Jua',                    
                             'BM Kirang Haerang', 'BM                           
                             Yeonsung', 'Baghdad', 'Bangla                      
                             MN', 'Bangla Sangam MN', 'Baoli                    
                             SC', 'Baoli TC', 'Baskerville',                    
                             'Beirut', 'BiauKaiHK',                             
                             'BiauKaiTC', 'Big Caslon',                         
                             'Bodoni 72', 'Bodoni 72                            
                             Oldstyle', 'Bodoni 72                              
                             Smallcaps', 'Bodoni Ornaments',                    
                             'Bradley Hand', 'Brush Script                      
                             MT', 'Chalkboard', 'Chalkboard                     
                             SE', 'Chalkduster', 'Charter',                     
                             'Cochin', 'Comic Sans MS',                         
                             'Copperplate', 'Corsiva                            
                             Hebrew', 'Courier New', 'DIN                       
                             Alternate', 'DIN Condensed',                       
                             'Damascus', 'DecoType Naskh',                      
                             'Devanagari MT', 'Devanagari                       
                             Sangam MN', 'Didot', 'Diwan                        
                             Kufi', 'Diwan Thuluth',                            
                             'Euphemia UCAS', 'Farah',                          
                             'Farisi', 'Futura', 'GB18030                       
                             Bitmap', 'Galvji', 'Geeza Pro',                    
                             'Geneva', 'Georgia', 'Gill                         
                             Sans', 'Grantha Sangam MN',                        
                             'Gujarati MT', 'Gujarati Sangam                    
                             MN', 'GungSeo', 'Gurmukhi MN',                     
                             'Gurmukhi MT', 'Gurmukhi Sangam                    
                             MN', 'Hannotate SC', 'Hannotate                    
                             TC', 'HanziPen SC', 'HanziPen                      
                             TC', 'HeadLineA', 'Hei', 'Heiti                    
                             SC', 'Heiti TC', 'Helvetica',                      
                             'Helvetica Neue', 'Herculanum',                    
                             'Hiragino Maru Gothic ProN',                       
                             'Hiragino Mincho ProN',                            
                             'Hiragino Sans', 'Hiragino Sans                    
                             GB', 'Hoefler Text', 'ITF                          
                             Devanagari', 'ITF Devanagari                       
                             Marathi', 'Impact',                                
                             'InaiMathi', 'Kai', 'Kailasa',                     
                             'Kaiti SC', 'Kaiti TC',                            
                             'Kannada MN', 'Kannada Sangam                      
                             MN', 'Kefa III', 'Khmer MN',                       
                             'Khmer Sangam MN', 'Klee',                         
                             'Kohinoor Bangla', 'Kohinoor                       
                             Devanagari', 'Kohinoor                             
                             Gujarati', 'Kohinoor Telugu',                      
                             'Kokonor', 'Krungthep',                            
                             'KufiStandardGK', 'LXGW                            
                             ZhenKai', 'Lantinghei SC',                         
                             'Lantinghei TC', 'Lao MN', 'Lao                    
                             Sangam MN', 'LiHei Pro',                           
                             'LiSong Pro', 'Libian SC',                         
                             'Libian TC', 'LingWai SC',                         
                             'LingWai TC', 'Lucida Grande',                     
                             'Luminari', 'Malayalam MN',                        
                             'Malayalam Sangam MN', 'Marker                     
                             Felt', 'Menlo', 'Microsoft Sans                    
                             Serif', 'Mishafi', 'Mishafi                        
                             Gold', 'Monaco', 'Monospace',                      
                             'Mshtakan', 'Mukta Mahee',                         
                             'Muna', 'Myanmar MN', 'Myanmar                     
                             Sangam MN', 'Nadeem', 'Nanum                       
                             Brush Script', 'Nanum Gothic',                     
                             'Nanum Myeongjo', 'Nanum Pen                       
                             Script', 'New Peninim MT',                         
                             'Noteworthy', 'Noto Nastaliq                       
                             Urdu', 'Noto Sans Batak', 'Noto                    
                             Sans Kannada', 'Noto Sans                          
                             Myanmar', 'Noto Sans NKo',                         
                             'Noto Sans Oriya', 'Noto Sans                      
                             Syriac', 'Noto Sans Tagalog',                      
                             'Noto Serif Myanmar', 'Optima',                    
                             'Oriya MN', 'Oriya Sangam MN',                     
                             'Osaka', 'PCMyungjo', 'PT                          
                             Mono', 'PT Sans', 'PT Sans                         
                             Caption', 'PT Sans Narrow', 'PT                    
                             Serif', 'PT Serif Caption',                        
                             'Palatino', 'Papyrus', 'Party                      
                             LET', 'Phosphate', 'PilGi',                        
                             'PingFang HK', 'PingFang MO',                      
                             'PingFang SC', 'PingFang TC',                      
                             'Plantagenet Cherokee',                            
                             'Raanana', 'Rockwell',                             
                             'STFangsong', 'STHeiti', 'STIX                     
                             Two Math', 'STIX Two Text',                        
                             'STKaiti', 'STSong', 'Sana',                       
                             'Sans', 'Sathu', 'Savoye LET',                     
                             'Serif', 'Shree Devanagari                         
                             714', 'SignPainter', 'Silom',                      
                             'SimSong', 'Sinhala MN',                           
                             'Sinhala Sangam MN', 'Skia',                       
                             'Snell Roundhand', 'Songti SC',                    
                             'Songti TC', 'Sukhumvit Set',                      
                             'Symbol', 'Tahoma', 'Tamil MN',                    
                             'Tamil Sangam MN', 'Telugu MN',                    
                             'Telugu Sangam MN', 'Thonburi',                    
                             'Times New Roman', 'Toppan                         
                             Bunkyu Gothic', 'Toppan Bunkyu                     
                             Midashi Gothic', 'Toppan Bunkyu                    
                             Midashi Mincho', 'Toppan Bunkyu                    
                             Mincho', 'Trattatello',                            
                             'Trebuchet MS', 'Tsukushi A                        
                             Round Gothic', 'Tsukushi B                         
                             Round Gothic', 'Verdana',                          
                             'Waseem', 'Wawati SC', 'Wawati                     
                             TC', 'Webdings', 'Weibei SC',                      
                             'Weibei TC', 'Wingdings',                          
                             'Wingdings 2', 'Wingdings 3',                      
                             'Xingkai SC', 'Xingkai TC',                        
                             'YuGothic', 'YuKyokasho',                          
                             'YuKyokasho Yoko', 'YuMincho',                     
                             'YuMincho +36p Kana', 'Yuanti                      
                             SC', 'Yuanti TC', 'Yuppy SC',                      
                             'Yuppy TC', 'Zapf Dingbats',                       
                             'Zapfino', 'cursive',                              
                             'fantasy', 'system-ui'].                           
                    WARNING  Font Noto Sans CJK SC not in    text_mobject.py:464
                             ['.AppleSystemUIFont', 'Academy                    
                             Engraved LET', 'Al Bayan', 'Al                     
                             Nile', 'Al Tarikh', 'American                      
                             Typewriter', 'Andale Mono',                        
                             'Apple Braille', 'Apple                            
                             Chancery', 'Apple Color Emoji',                    
                             'Apple LiGothic', 'Apple                           
                             LiSung', 'Apple SD Gothic Neo',                    
                             'Apple Symbols', 'AppleGothic',                    
                             'AppleMyungjo', 'Arial', 'Arial                    
                             Black', 'Arial Hebrew', 'Arial                     
                             Hebrew Scholar', 'Arial                            
                             Narrow', 'Arial Rounded MT                         
                             Bold', 'Arial Unicode MS',                         
                             'Avenir', 'Avenir Next',                           
                             'Avenir Next Condensed',                           
                             'Ayuthaya', 'BIZ UDGothic',                        
                             'BIZ UDMincho', 'BM Dohyeon',                      
                             'BM Hanna 11yrs Old', 'BM Hanna                    
                             Air', 'BM Hanna Pro', 'BM Jua',                    
                             'BM Kirang Haerang', 'BM                           
                             Yeonsung', 'Baghdad', 'Bangla                      
                             MN', 'Bangla Sangam MN', 'Baoli                    
                             SC', 'Baoli TC', 'Baskerville',                    
                             'Beirut', 'BiauKaiHK',                             
                             'BiauKaiTC', 'Big Caslon',                         
                             'Bodoni 72', 'Bodoni 72                            
                             Oldstyle', 'Bodoni 72                              
                             Smallcaps', 'Bodoni Ornaments',                    
                             'Bradley Hand', 'Brush Script                      
                             MT', 'Chalkboard', 'Chalkboard                     
                             SE', 'Chalkduster', 'Charter',                     
                             'Cochin', 'Comic Sans MS',                         
                             'Copperplate', 'Corsiva                            
                             Hebrew', 'Courier New', 'DIN                       
                             Alternate', 'DIN Condensed',                       
                             'Damascus', 'DecoType Naskh',                      
                             'Devanagari MT', 'Devanagari                       
                             Sangam MN', 'Didot', 'Diwan                        
                             Kufi', 'Diwan Thuluth',                            
                             'Euphemia UCAS', 'Farah',                          
                             'Farisi', 'Futura', 'GB18030                       
                             Bitmap', 'Galvji', 'Geeza Pro',                    
                             'Geneva', 'Georgia', 'Gill                         
                             Sans', 'Grantha Sangam MN',                        
                             'Gujarati MT', 'Gujarati Sangam                    
                             MN', 'GungSeo', 'Gurmukhi MN',                     
                             'Gurmukhi MT', 'Gurmukhi Sangam                    
                             MN', 'Hannotate SC', 'Hannotate                    
                             TC', 'HanziPen SC', 'HanziPen                      
                             TC', 'HeadLineA', 'Hei', 'Heiti                    
                             SC', 'Heiti TC', 'Helvetica',                      
                             'Helvetica Neue', 'Herculanum',                    
                             'Hiragino Maru Gothic ProN',                       
                             'Hiragino Mincho ProN',                            
                             'Hiragino Sans', 'Hiragino Sans                    
                             GB', 'Hoefler Text', 'ITF                          
                             Devanagari', 'ITF Devanagari                       
                             Marathi', 'Impact',                                
                             'InaiMathi', 'Kai', 'Kailasa',                     
                             'Kaiti SC', 'Kaiti TC',                            
                             'Kannada MN', 'Kannada Sangam                      
                             MN', 'Kefa III', 'Khmer MN',                       
                             'Khmer Sangam MN', 'Klee',                         
                             'Kohinoor Bangla', 'Kohinoor                       
                             Devanagari', 'Kohinoor                             
                             Gujarati', 'Kohinoor Telugu',                      
                             'Kokonor', 'Krungthep',                            
                             'KufiStandardGK', 'LXGW                            
                             ZhenKai', 'Lantinghei SC',                         
                             'Lantinghei TC', 'Lao MN', 'Lao                    
                             Sangam MN', 'LiHei Pro',                           
                             'LiSong Pro', 'Libian SC',                         
                             'Libian TC', 'LingWai SC',                         
                             'LingWai TC', 'Lucida Grande',                     
                             'Luminari', 'Malayalam MN',                        
                             'Malayalam Sangam MN', 'Marker                     
                             Felt', 'Menlo', 'Microsoft Sans                    
                             Serif', 'Mishafi', 'Mishafi                        
                             Gold', 'Monaco', 'Monospace',                      
                             'Mshtakan', 'Mukta Mahee',                         
                             'Muna', 'Myanmar MN', 'Myanmar                     
                             Sangam MN', 'Nadeem', 'Nanum                       
                             Brush Script', 'Nanum Gothic',                     
                             'Nanum Myeongjo', 'Nanum Pen                       
                             Script', 'New Peninim MT',                         
                             'Noteworthy', 'Noto Nastaliq                       
                             Urdu', 'Noto Sans Batak', 'Noto                    
                             Sans Kannada', 'Noto Sans                          
                             Myanmar', 'Noto Sans NKo',                         
                             'Noto Sans Oriya', 'Noto Sans                      
                             Syriac', 'Noto Sans Tagalog',                      
                             'Noto Serif Myanmar', 'Optima',                    
                             'Oriya MN', 'Oriya Sangam MN',                     
                             'Osaka', 'PCMyungjo', 'PT                          
                             Mono', 'PT Sans', 'PT Sans                         
                             Caption', 'PT Sans Narrow', 'PT                    
                             Serif', 'PT Serif Caption',                        
                             'Palatino', 'Papyrus', 'Party                      
                             LET', 'Phosphate', 'PilGi',                        
                             'PingFang HK', 'PingFang MO',                      
                             'PingFang SC', 'PingFang TC',                      
                             'Plantagenet Cherokee',                            
                             'Raanana', 'Rockwell',                             
                             'STFangsong', 'STHeiti', 'STIX                     
                             Two Math', 'STIX Two Text',                        
                             'STKaiti', 'STSong', 'Sana',                       
                             'Sans', 'Sathu', 'Savoye LET',                     
                             'Serif', 'Shree Devanagari                         
                             714', 'SignPainter', 'Silom',                      
                             'SimSong', 'Sinhala MN',                           
                             'Sinhala Sangam MN', 'Skia',                       
                             'Snell Roundhand', 'Songti SC',                    
                             'Songti TC', 'Sukhumvit Set',                      
                             'Symbol', 'Tahoma', 'Tamil MN',                    
                             'Tamil Sangam MN', 'Telugu MN',                    
                             'Telugu Sangam MN', 'Thonburi',                    
                             'Times New Roman', 'Toppan                         
                             Bunkyu Gothic', 'Toppan Bunkyu                     
                             Midashi Gothic', 'Toppan Bunkyu                    
                             Midashi Mincho', 'Toppan Bunkyu                    
                             Mincho', 'Trattatello',                            
                             'Trebuchet MS', 'Tsukushi A                        
                             Round Gothic', 'Tsukushi B                         
                             Round Gothic', 'Verdana',                          
                             'Waseem', 'Wawati SC', 'Wawati                     
                             TC', 'Webdings', 'Weibei SC',                      
                             'Weibei TC', 'Wingdings',                          
                             'Wingdings 2', 'Wingdings 3',                      
                             'Xingkai SC', 'Xingkai TC',                        
                             'YuGothic', 'YuKyokasho',                          
                             'YuKyokasho Yoko', 'YuMincho',                     
                             'YuMincho +36p Kana', 'Yuanti                      
                             SC', 'Yuanti TC', 'Yuppy SC',                      
                             'Yuppy TC', 'Zapf Dingbats',                       
                             'Zapfino', 'cursive',                              
                             'fantasy', 'system-ui'].                           
                    INFO     Animation 1 : Using cached     cairo_renderer.py:94
                             data (hash :                                       
                             656162490_2612279854_113461608                     
                             5)                                                 
Animation 1: Write(Text('锐角的 sin、cos、tan 你会算')):   0%|          | 0/1 [00:00<?, ?it/s]                                                                                              [02/27/26 11:42:37] INFO     Animation 2 : Using cached     cairo_renderer.py:94
                             data (hash :                                       
                             656162490_3394500337_270057984                     
                             )                                                  
                    INFO     Animation 3 : Using cached     cairo_renderer.py:94
                             data (hash :                                       
                             656162490_1832462702_39890731)                     
Animation 3: Write(Text('那钝角、负角呢?')):   0%|          | 0/1 [00:00<?, ?it/s]                                                                                                      INFO     Animation 4 : Using cached     cairo_renderer.py:94
                             data (hash :                                       
                             656162490_1572642225_135281865                     
                             1)                                                 
Animation 4: FadeIn(VGroup of 3 submobjects):   0%|          | 0/1 [00:00<?, ?it/s]                                                                                                       INFO     Animation 5 : Using cached     cairo_renderer.py:94
                             data (hash :                                       
                             656162490_1193558207_276061888                     
                             6)                                                 
Animation 5: Indicate(MathTex('120^\\circ')), etc.:   0%|          | 0/1 [00:00<?, ?it/s]                                                                                         [02/27/26 11:42:38] INFO     Animation 6 : Using cached     cairo_renderer.py:94
                             data (hash :                                       
                             656162490_1433877407_199600650                     
                             9)                                                 
                    INFO     Animation 7 : Using cached     cairo_renderer.py:94
                             data (hash :                                       
                             656162490_3555599947_103826600                     
                             6)                                                 
Animation 7: FadeOut(Text('锐角的 sin、cos、tan 你会算')), etc.:   0%|          | 0/1 [00:00<?, ?it/s]                                                                                                                          WARNING  Font Noto Sans CJK SC not in    text_mobject.py:464
                             ['.AppleSystemUIFont', 'Academy                    
                             Engraved LET', 'Al Bayan', 'Al                     
                             Nile', 'Al Tarikh', 'American                      
                             Typewriter', 'Andale Mono',                        
                             'Apple Braille', 'Apple                            
                             Chancery', 'Apple Color Emoji',                    
                             'Apple LiGothic', 'Apple                           
                             LiSung', 'Apple SD Gothic Neo',                    
                             'Apple Symbols', 'AppleGothic',                    
                             'AppleMyungjo', 'Arial', 'Arial                    
                             Black', 'Arial Hebrew', 'Arial                     
                             Hebrew Scholar', 'Arial                            
                             Narrow', 'Arial Rounded MT                         
                             Bold', 'Arial Unicode MS',                         
                             'Avenir', 'Avenir Next',                           
                             'Avenir Next Condensed',                           
                             'Ayuthaya', 'BIZ UDGothic',                        
                             'BIZ UDMincho', 'BM Dohyeon',                      
                             'BM Hanna 11yrs Old', 'BM Hanna                    
                             Air', 'BM Hanna Pro', 'BM Jua',                    
                             'BM Kirang Haerang', 'BM                           
                             Yeonsung', 'Baghdad', 'Bangla                      
                             MN', 'Bangla Sangam MN', 'Baoli                    
                             SC', 'Baoli TC', 'Baskerville',                    
                             'Beirut', 'BiauKaiHK',                             
                             'BiauKaiTC', 'Big Caslon',                         
                             'Bodoni 72', 'Bodoni 72                            
                             Oldstyle', 'Bodoni 72                              
                             Smallcaps', 'Bodoni Ornaments',                    
                             'Bradley Hand', 'Brush Script                      
                             MT', 'Chalkboard', 'Chalkboard                     
                             SE', 'Chalkduster', 'Charter',                     
                             'Cochin', 'Comic Sans MS',                         
                             'Copperplate', 'Corsiva                            
                             Hebrew', 'Courier New', 'DIN                       
                             Alternate', 'DIN Condensed',                       
                             'Damascus', 'DecoType Naskh',                      
                             'Devanagari MT', 'Devanagari                       
                             Sangam MN', 'Didot', 'Diwan                        
                             Kufi', 'Diwan Thuluth',                            
                             'Euphemia UCAS', 'Farah',                          
                             'Farisi', 'Futura', 'GB18030                       
                             Bitmap', 'Galvji', 'Geeza Pro',                    
                             'Geneva', 'Georgia', 'Gill                         
                             Sans', 'Grantha Sangam MN',                        
                             'Gujarati MT', 'Gujarati Sangam                    
                             MN', 'GungSeo', 'Gurmukhi MN',                     
                             'Gurmukhi MT', 'Gurmukhi Sangam                    
                             MN', 'Hannotate SC', 'Hannotate                    
                             TC', 'HanziPen SC', 'HanziPen                      
                             TC', 'HeadLineA', 'Hei', 'Heiti                    
                             SC', 'Heiti TC', 'Helvetica',                      
                             'Helvetica Neue', 'Herculanum',                    
                             'Hiragino Maru Gothic ProN',                       
                             'Hiragino Mincho ProN',                            
                             'Hiragino Sans', 'Hiragino Sans                    
                             GB', 'Hoefler Text', 'ITF                          
                             Devanagari', 'ITF Devanagari                       
                             Marathi', 'Impact',                                
                             'InaiMathi', 'Kai', 'Kailasa',                     
                             'Kaiti SC', 'Kaiti TC',                            
                             'Kannada MN', 'Kannada Sangam                      
                             MN', 'Kefa III', 'Khmer MN',                       
                             'Khmer Sangam MN', 'Klee',                         
                             'Kohinoor Bangla', 'Kohinoor                       
                             Devanagari', 'Kohinoor                             
                             Gujarati', 'Kohinoor Telugu',                      
                             'Kokonor', 'Krungthep',                            
                             'KufiStandardGK', 'LXGW                            
                             ZhenKai', 'Lantinghei SC',                         
                             'Lantinghei TC', 'Lao MN', 'Lao                    
                             Sangam MN', 'LiHei Pro',                           
                             'LiSong Pro', 'Libian SC',                         
                             'Libian TC', 'LingWai SC',                         
                             'LingWai TC', 'Lucida Grande',                     
                             'Luminari', 'Malayalam MN',                        
                             'Malayalam Sangam MN', 'Marker                     
                             Felt', 'Menlo', 'Microsoft Sans                    
                             Serif', 'Mishafi', 'Mishafi                        
                             Gold', 'Monaco', 'Monospace',                      
                             'Mshtakan', 'Mukta Mahee',                         
                             'Muna', 'Myanmar MN', 'Myanmar                     
                             Sangam MN', 'Nadeem', 'Nanum                       
                             Brush Script', 'Nanum Gothic',                     
                             'Nanum Myeongjo', 'Nanum Pen                       
                             Script', 'New Peninim MT',                         
                             'Noteworthy', 'Noto Nastaliq                       
                             Urdu', 'Noto Sans Batak', 'Noto                    
                             Sans Kannada', 'Noto Sans                          
                             Myanmar', 'Noto Sans NKo',                         
                             'Noto Sans Oriya', 'Noto Sans                      
                             Syriac', 'Noto Sans Tagalog',                      
                             'Noto Serif Myanmar', 'Optima',                    
                             'Oriya MN', 'Oriya Sangam MN',                     
                             'Osaka', 'PCMyungjo', 'PT                          
                             Mono', 'PT Sans', 'PT Sans                         
                             Caption', 'PT Sans Narrow', 'PT                    
                             Serif', 'PT Serif Caption',                        
                             'Palatino', 'Papyrus', 'Party                      
                             LET', 'Phosphate', 'PilGi',                        
                             'PingFang HK', 'PingFang MO',                      
                             'PingFang SC', 'PingFang TC',                      
                             'Plantagenet Cherokee',                            
                             'Raanana', 'Rockwell',                             
                             'STFangsong', 'STHeiti', 'STIX                     
                             Two Math', 'STIX Two Text',                        
                             'STKaiti', 'STSong', 'Sana',                       
                             'Sans', 'Sathu', 'Savoye LET',                     
                             'Serif', 'Shree Devanagari                         
                             714', 'SignPainter', 'Silom',                      
                             'SimSong', 'Sinhala MN',                           
                             'Sinhala Sangam MN', 'Skia',                       
                             'Snell Roundhand', 'Songti SC',                    
                             'Songti TC', 'Sukhumvit Set',                      
                             'Symbol', 'Tahoma', 'Tamil MN',                    
                             'Tamil Sangam MN', 'Telugu MN',                    
                             'Telugu Sangam MN', 'Thonburi',                    
                             'Times New Roman', 'Toppan                         
                             Bunkyu Gothic', 'Toppan Bunkyu                     
                             Midashi Gothic', 'Toppan Bunkyu                    
                             Midashi Mincho', 'Toppan Bunkyu                    
                             Mincho', 'Trattatello',                            
                             'Trebuchet MS', 'Tsukushi A                        
                             Round Gothic', 'Tsukushi B                         
                             Round Gothic', 'Verdana',                          
                             'Waseem', 'Wawati SC', 'Wawati                     
                             TC', 'Webdings', 'Weibei SC',                      
                             'Weibei TC', 'Wingdings',                          
                             'Wingdings 2', 'Wingdings 3',                      
                             'Xingkai SC', 'Xingkai TC',                        
                             'YuGothic', 'YuKyokasho',                          
                             'YuKyokasho Yoko', 'YuMincho',                     
                             'YuMincho +36p Kana', 'Yuanti                      
                             SC', 'Yuanti TC', 'Yuppy SC',                      
                             'Yuppy TC', 'Zapf Dingbats',                       
                             'Zapfino', 'cursive',                              
                             'fantasy', 'system-ui'].                           
                    INFO     Animation 8 : Using cached     cairo_renderer.py:94
                             data (hash :                                       
                             656162490_1605138277_261622074                     
                             0)                                                 
Animation 8: FadeIn(Text('单位圆上的三角函数')):   0%|          | 0/1 [00:00<?, ?it/s]                                                                                                          INFO     Animation 9 : Using cached     cairo_renderer.py:94
                             data (hash :                                       
                             656162490_1725183736_615894306                     
                             )                                                  
Animation 9: Create(Axes of 2 submobjects), etc.:   0%|          | 0/1 [00:00<?, ?it/s]                                                                                                           WARNING  Font Noto Sans CJK SC not in    text_mobject.py:464
                             ['.AppleSystemUIFont', 'Academy                    
                             Engraved LET', 'Al Bayan', 'Al                     
                             Nile', 'Al Tarikh', 'American                      
                             Typewriter', 'Andale Mono',                        
                             'Apple Braille', 'Apple                            
                             Chancery', 'Apple Color Emoji',                    
                             'Apple LiGothic', 'Apple                           
                             LiSung', 'Apple SD Gothic Neo',                    
                             'Apple Symbols', 'AppleGothic',                    
                             'AppleMyungjo', 'Arial', 'Arial                    
                             Black', 'Arial Hebrew', 'Arial                     
                             Hebrew Scholar', 'Arial                            
                             Narrow', 'Arial Rounded MT                         
                             Bold', 'Arial Unicode MS',                         
                             'Avenir', 'Avenir Next',                           
                             'Avenir Next Condensed',                           
                             'Ayuthaya', 'BIZ UDGothic',                        
                             'BIZ UDMincho', 'BM Dohyeon',                      
                             'BM Hanna 11yrs Old', 'BM Hanna                    
                             Air', 'BM Hanna Pro', 'BM Jua',                    
                             'BM Kirang Haerang', 'BM                           
                             Yeonsung', 'Baghdad', 'Bangla                      
                             MN', 'Bangla Sangam MN', 'Baoli                    
                             SC', 'Baoli TC', 'Baskerville',                    
                             'Beirut', 'BiauKaiHK',                             
                             'BiauKaiTC', 'Big Caslon',                         
                             'Bodoni 72', 'Bodoni 72                            
                             Oldstyle', 'Bodoni 72                              
                             Smallcaps', 'Bodoni Ornaments',                    
                             'Bradley Hand', 'Brush Script                      
                             MT', 'Chalkboard', 'Chalkboard                     
                             SE', 'Chalkduster', 'Charter',                     
                             'Cochin', 'Comic Sans MS',                         
                             'Copperplate', 'Corsiva                            
                             Hebrew', 'Courier New', 'DIN                       
                             Alternate', 'DIN Condensed',                       
                             'Damascus', 'DecoType Naskh',                      
                             'Devanagari MT', 'Devanagari                       
                             Sangam MN', 'Didot', 'Diwan                        
                             Kufi', 'Diwan Thuluth',                            
                             'Euphemia UCAS', 'Farah',                          
                             'Farisi', 'Futura', 'GB18030                       
                             Bitmap', 'Galvji', 'Geeza Pro',                    
                             'Geneva', 'Georgia', 'Gill                         
                             Sans', 'Grantha Sangam MN',                        
                             'Gujarati MT', 'Gujarati Sangam                    
                             MN', 'GungSeo', 'Gurmukhi MN',                     
                             'Gurmukhi MT', 'Gurmukhi Sangam                    
                             MN', 'Hannotate SC', 'Hannotate                    
                             TC', 'HanziPen SC', 'HanziPen                      
                             TC', 'HeadLineA', 'Hei', 'Heiti                    
                             SC', 'Heiti TC', 'Helvetica',                      
                             'Helvetica Neue', 'Herculanum',                    
                             'Hiragino Maru Gothic ProN',                       
                             'Hiragino Mincho ProN',                            
                             'Hiragino Sans', 'Hiragino Sans                    
                             GB', 'Hoefler Text', 'ITF                          
                             Devanagari', 'ITF Devanagari                       
                             Marathi', 'Impact',                                
                             'InaiMathi', 'Kai', 'Kailasa',                     
                             'Kaiti SC', 'Kaiti TC',                            
                             'Kannada MN', 'Kannada Sangam                      
                             MN', 'Kefa III', 'Khmer MN',                       
                             'Khmer Sangam MN', 'Klee',                         
                             'Kohinoor Bangla', 'Kohinoor                       
                             Devanagari', 'Kohinoor                             
                             Gujarati', 'Kohinoor Telugu',                      
                             'Kokonor', 'Krungthep',                            
                             'KufiStandardGK', 'LXGW                            
                             ZhenKai', 'Lantinghei SC',                         
                             'Lantinghei TC', 'Lao MN', 'Lao                    
                             Sangam MN', 'LiHei Pro',                           
                             'LiSong Pro', 'Libian SC',                         
                             'Libian TC', 'LingWai SC',                         
                             'LingWai TC', 'Lucida Grande',                     
                             'Luminari', 'Malayalam MN',                        
                             'Malayalam Sangam MN', 'Marker                     
                             Felt', 'Menlo', 'Microsoft Sans                    
                             Serif', 'Mishafi', 'Mishafi                        
                             Gold', 'Monaco', 'Monospace',                      
                             'Mshtakan', 'Mukta Mahee',                         
                             'Muna', 'Myanmar MN', 'Myanmar                     
                             Sangam MN', 'Nadeem', 'Nanum                       
                             Brush Script', 'Nanum Gothic',                     
                             'Nanum Myeongjo', 'Nanum Pen                       
                             Script', 'New Peninim MT',                         
                             'Noteworthy', 'Noto Nastaliq                       
                             Urdu', 'Noto Sans Batak', 'Noto                    
                             Sans Kannada', 'Noto Sans                          
                             Myanmar', 'Noto Sans NKo',                         
                             'Noto Sans Oriya', 'Noto Sans                      
                             Syriac', 'Noto Sans Tagalog',                      
                             'Noto Serif Myanmar', 'Optima',                    
                             'Oriya MN', 'Oriya Sangam MN',                     
                             'Osaka', 'PCMyungjo', 'PT                          
                             Mono', 'PT Sans', 'PT Sans                         
                             Caption', 'PT Sans Narrow', 'PT                    
                             Serif', 'PT Serif Caption',                        
                             'Palatino', 'Papyrus', 'Party                      
                             LET', 'Phosphate', 'PilGi',                        
                             'PingFang HK', 'PingFang MO',                      
                             'PingFang SC', 'PingFang TC',                      
                             'Plantagenet Cherokee',                            
                             'Raanana', 'Rockwell',                             
                             'STFangsong', 'STHeiti', 'STIX                     
                             Two Math', 'STIX Two Text',                        
                             'STKaiti', 'STSong', 'Sana',                       
                             'Sans', 'Sathu', 'Savoye LET',                     
                             'Serif', 'Shree Devanagari                         
                             714', 'SignPainter', 'Silom',                      
                             'SimSong', 'Sinhala MN',                           
                             'Sinhala Sangam MN', 'Skia',                       
                             'Snell Roundhand', 'Songti SC',                    
                             'Songti TC', 'Sukhumvit Set',                      
                             'Symbol', 'Tahoma', 'Tamil MN',                    
                             'Tamil Sangam MN', 'Telugu MN',                    
                             'Telugu Sangam MN', 'Thonburi',                    
                             'Times New Roman', 'Toppan                         
                             Bunkyu Gothic', 'Toppan Bunkyu                     
                             Midashi Gothic', 'Toppan Bunkyu                    
                             Midashi Mincho', 'Toppan Bunkyu                    
                             Mincho', 'Trattatello',                            
                             'Trebuchet MS', 'Tsukushi A                        
                             Round Gothic', 'Tsukushi B                         
                             Round Gothic', 'Verdana',                          
                             'Waseem', 'Wawati SC', 'Wawati                     
                             TC', 'Webdings', 'Weibei SC',                      
                             'Weibei TC', 'Wingdings',                          
                             'Wingdings 2', 'Wingdings 3',                      
                             'Xingkai SC', 'Xingkai TC',                        
                             'YuGothic', 'YuKyokasho',                          
                             'YuKyokasho Yoko', 'YuMincho',                     
                             'YuMincho +36p Kana', 'Yuanti                      
                             SC', 'Yuanti TC', 'Yuppy SC',                      
                             'Yuppy TC', 'Zapf Dingbats',                       
                             'Zapfino', 'cursive',                              
                             'fantasy', 'system-ui'].                           
                    INFO     Animation 10 : Using cached    cairo_renderer.py:94
                             data (hash :                                       
                             656162490_2235505328_418847816                     
                             )                                                  
Animation 10: Create(Circle):   0%|          | 0/1 [00:00<?, ?it/s]                                                                   [02/27/26 11:42:39] INFO     Animation 11 : Using cached    cairo_renderer.py:94
                             data (hash :                                       
                             656162490_1027190374_488002974                     
                             )                                                  
Animation 11: FadeIn(Text('单位圆')):   0%|          | 0/1 [00:00<?, ?it/s]                                                                                               INFO     Animation 12 : Using cached    cairo_renderer.py:94
                             data (hash :                                       
                             656162490_1433877407_640372015                     
                             )                                                  
                    WARNING  Font Noto Sans CJK SC not in    text_mobject.py:464
                             ['.AppleSystemUIFont', 'Academy                    
                             Engraved LET', 'Al Bayan', 'Al                     
                             Nile', 'Al Tarikh', 'American                      
                             Typewriter', 'Andale Mono',                        
                             'Apple Braille', 'Apple                            
                             Chancery', 'Apple Color Emoji',                    
                             'Apple LiGothic', 'Apple                           
                             LiSung', 'Apple SD Gothic Neo',                    
                             'Apple Symbols', 'AppleGothic',                    
                             'AppleMyungjo', 'Arial', 'Arial                    
                             Black', 'Arial Hebrew', 'Arial                     
                             Hebrew Scholar', 'Arial                            
                             Narrow', 'Arial Rounded MT                         
                             Bold', 'Arial Unicode MS',                         
                             'Avenir', 'Avenir Next',                           
                             'Avenir Next Condensed',                           
                             'Ayuthaya', 'BIZ UDGothic',                        
                             'BIZ UDMincho', 'BM Dohyeon',                      
                             'BM Hanna 11yrs Old', 'BM Hanna                    
                             Air', 'BM Hanna Pro', 'BM Jua',                    
                             'BM Kirang Haerang', 'BM                           
                             Yeonsung', 'Baghdad', 'Bangla                      
                             MN', 'Bangla Sangam MN', 'Baoli                    
                             SC', 'Baoli TC', 'Baskerville',                    
                             'Beirut', 'BiauKaiHK',                             
                             'BiauKaiTC', 'Big Caslon',                         
                             'Bodoni 72', 'Bodoni 72                            
                             Oldstyle', 'Bodoni 72                              
                             Smallcaps', 'Bodoni Ornaments',                    
                             'Bradley Hand', 'Brush Script                      
                             MT', 'Chalkboard', 'Chalkboard                     
                             SE', 'Chalkduster', 'Charter',                     
                             'Cochin', 'Comic Sans MS',                         
                             'Copperplate', 'Corsiva                            
                             Hebrew', 'Courier New', 'DIN                       
                             Alternate', 'DIN Condensed',                       
                             'Damascus', 'DecoType Naskh',                      
                             'Devanagari MT', 'Devanagari                       
                             Sangam MN', 'Didot', 'Diwan                        
                             Kufi', 'Diwan Thuluth',                            
                             'Euphemia UCAS', 'Farah',                          
                             'Farisi', 'Futura', 'GB18030                       
                             Bitmap', 'Galvji', 'Geeza Pro',                    
                             'Geneva', 'Georgia', 'Gill                         
                             Sans', 'Grantha Sangam MN',                        
                             'Gujarati MT', 'Gujarati Sangam                    
                             MN', 'GungSeo', 'Gurmukhi MN',                     
                             'Gurmukhi MT', 'Gurmukhi Sangam                    
                             MN', 'Hannotate SC', 'Hannotate                    
                             TC', 'HanziPen SC', 'HanziPen                      
                             TC', 'HeadLineA', 'Hei', 'Heiti                    
                             SC', 'Heiti TC', 'Helvetica',                      
                             'Helvetica Neue', 'Herculanum',                    
                             'Hiragino Maru Gothic ProN',                       
                             'Hiragino Mincho ProN',                            
                             'Hiragino Sans', 'Hiragino Sans                    
                             GB', 'Hoefler Text', 'ITF                          
                             Devanagari', 'ITF Devanagari                       
                             Marathi', 'Impact',                                
                             'InaiMathi', 'Kai', 'Kailasa',                     
                             'Kaiti SC', 'Kaiti TC',                            
                             'Kannada MN', 'Kannada Sangam                      
                             MN', 'Kefa III', 'Khmer MN',                       
                             'Khmer Sangam MN', 'Klee',                         
                             'Kohinoor Bangla', 'Kohinoor                       
                             Devanagari', 'Kohinoor                             
                             Gujarati', 'Kohinoor Telugu',                      
                             'Kokonor', 'Krungthep',                            
                             'KufiStandardGK', 'LXGW                            
                             ZhenKai', 'Lantinghei SC',                         
                             'Lantinghei TC', 'Lao MN', 'Lao                    
                             Sangam MN', 'LiHei Pro',                           
                             'LiSong Pro', 'Libian SC',                         
                             'Libian TC', 'LingWai SC',                         
                             'LingWai TC', 'Lucida Grande',                     
                             'Luminari', 'Malayalam MN',                        
                             'Malayalam Sangam MN', 'Marker                     
                             Felt', 'Menlo', 'Microsoft Sans                    
                             Serif', 'Mishafi', 'Mishafi                        
                             Gold', 'Monaco', 'Monospace',                      
                             'Mshtakan', 'Mukta Mahee',                         
                             'Muna', 'Myanmar MN', 'Myanmar                     
                             Sangam MN', 'Nadeem', 'Nanum                       
                             Brush Script', 'Nanum Gothic',                     
                             'Nanum Myeongjo', 'Nanum Pen                       
                             Script', 'New Peninim MT',                         
                             'Noteworthy', 'Noto Nastaliq                       
                             Urdu', 'Noto Sans Batak', 'Noto                    
                             Sans Kannada', 'Noto Sans                          
                             Myanmar', 'Noto Sans NKo',                         
                             'Noto Sans Oriya', 'Noto Sans                      
                             Syriac', 'Noto Sans Tagalog',                      
                             'Noto Serif Myanmar', 'Optima',                    
                             'Oriya MN', 'Oriya Sangam MN',                     
                             'Osaka', 'PCMyungjo', 'PT                          
                             Mono', 'PT Sans', 'PT Sans                         
                             Caption', 'PT Sans Narrow', 'PT                    
                             Serif', 'PT Serif Caption',                        
                             'Palatino', 'Papyrus', 'Party                      
                             LET', 'Phosphate', 'PilGi',                        
                             'PingFang HK', 'PingFang MO',                      
                             'PingFang SC', 'PingFang TC',                      
                             'Plantagenet Cherokee',                            
                             'Raanana', 'Rockwell',                             
                             'STFangsong', 'STHeiti', 'STIX                     
                             Two Math', 'STIX Two Text',                        
                             'STKaiti', 'STSong', 'Sana',                       
                             'Sans', 'Sathu', 'Savoye LET',                     
                             'Serif', 'Shree Devanagari                         
                             714', 'SignPainter', 'Silom',                      
                             'SimSong', 'Sinhala MN',                           
                             'Sinhala Sangam MN', 'Skia',                       
                             'Snell Roundhand', 'Songti SC',                    
                             'Songti TC', 'Sukhumvit Set',                      
                             'Symbol', 'Tahoma', 'Tamil MN',                    
                             'Tamil Sangam MN', 'Telugu MN',                    
                             'Telugu Sangam MN', 'Thonburi',                    
                             'Times New Roman', 'Toppan                         
                             Bunkyu Gothic', 'Toppan Bunkyu                     
                             Midashi Gothic', 'Toppan Bunkyu                    
                             Midashi Mincho', 'Toppan Bunkyu                    
                             Mincho', 'Trattatello',                            
                             'Trebuchet MS', 'Tsukushi A                        
                             Round Gothic', 'Tsukushi B                         
                             Round Gothic', 'Verdana',                          
                             'Waseem', 'Wawati SC', 'Wawati                     
                             TC', 'Webdings', 'Weibei SC',                      
                             'Weibei TC', 'Wingdings',                          
                             'Wingdings 2', 'Wingdings 3',                      
                             'Xingkai SC', 'Xingkai TC',                        
                             'YuGothic', 'YuKyokasho',                          
                             'YuKyokasho Yoko', 'YuMincho',                     
                             'YuMincho +36p Kana', 'Yuanti                      
                             SC', 'Yuanti TC', 'Yuppy SC',                      
                             'Yuppy TC', 'Zapf Dingbats',                       
                             'Zapfino', 'cursive',                              
                             'fantasy', 'system-ui'].                           
                    INFO     Animation 13 : Using cached    cairo_renderer.py:94
                             data (hash :                                       
                             656162490_2563228629_991689154                     
                             )                                                  
Animation 13: FadeIn(Text('设角α的终边与单位圆交于点 P(x, y)')):   0%|          | 0/1 [00:00<?, ?it/s]                                                                                                                          INFO     Animation 14 : Using cached    cairo_renderer.py:94
                             data (hash :                                       
                             656162490_1613987880_428653274                     
                             4)                                                 
Animation 14: Write(MathTex('\\sin\\alpha = y')):   0%|          | 0/1 [00:00<?, ?it/s]                                                                                       [02/27/26 11:42:40] INFO     Animation 15 : Using cached    cairo_renderer.py:94
                             data (hash :                                       
                             656162490_3585970359_292398986                     
                             2)                                                 
                    INFO     Animation 16 : Using cached    cairo_renderer.py:94
                             data (hash :                                       
                             656162490_861601404_199907701)                     
Animation 16: Write(MathTex('\\cos\\alpha = x')):   0%|          | 0/1 [00:00<?, ?it/s]                                                                                                           INFO     Animation 17 : Using cached    cairo_renderer.py:94
                             data (hash :                                       
                             656162490_3585970359_310532713                     
                             4)                                                 
                    INFO     Animation 18 : Using cached    cairo_renderer.py:94
                             data (hash :                                       
                             656162490_1085670857_237415609                     
                             7)                                                 
Animation 18: Write(MathTex('\\tan\\alpha = \\frac{y}{x}')):   0%|          | 0/1 [00:00<?, ?it/s]                                                                                                  [02/27/26 11:42:41] INFO     Animation 19 : Using cached    cairo_renderer.py:94
                             data (hash :                                       
                             656162490_3585970359_114782351                     
                             1)                                                 
                    INFO     Animation 20 : Using cached    cairo_renderer.py:94
                             data (hash :                                       
                             656162490_3366045169_167035584                     
                             8)                                                 
                    INFO     Animation 21 : Using cached    cairo_renderer.py:94
                             data (hash :                                       
                             656162490_3668941989_496175196                     
                             )                                                  
Animation 21: FadeOut(Text('单位圆上的三角函数')), etc.:   0%|          | 0/1 [00:00<?, ?it/s]                                                                                              [02/27/26 11:42:42] WARNING  Font Noto Sans CJK SC not in    text_mobject.py:464
                             ['.AppleSystemUIFont', 'Academy                    
                             Engraved LET', 'Al Bayan', 'Al                     
                             Nile', 'Al Tarikh', 'American                      
                             Typewriter', 'Andale Mono',                        
                             'Apple Braille', 'Apple                            
                             Chancery', 'Apple Color Emoji',                    
                             'Apple LiGothic', 'Apple                           
                             LiSung', 'Apple SD Gothic Neo',                    
                             'Apple Symbols', 'AppleGothic',                    
                             'AppleMyungjo', 'Arial', 'Arial                    
                             Black', 'Arial Hebrew', 'Arial                     
                             Hebrew Scholar', 'Arial                            
                             Narrow', 'Arial Rounded MT                         
                             Bold', 'Arial Unicode MS',                         
                             'Avenir', 'Avenir Next',                           
                             'Avenir Next Condensed',                           
                             'Ayuthaya', 'BIZ UDGothic',                        
                             'BIZ UDMincho', 'BM Dohyeon',                      
                             'BM Hanna 11yrs Old', 'BM Hanna                    
                             Air', 'BM Hanna Pro', 'BM Jua',                    
                             'BM Kirang Haerang', 'BM                           
                             Yeonsung', 'Baghdad', 'Bangla                      
                             MN', 'Bangla Sangam MN', 'Baoli                    
                             SC', 'Baoli TC', 'Baskerville',                    
                             'Beirut', 'BiauKaiHK',                             
                             'BiauKaiTC', 'Big Caslon',                         
                             'Bodoni 72', 'Bodoni 72                            
                             Oldstyle', 'Bodoni 72                              
                             Smallcaps', 'Bodoni Ornaments',                    
                             'Bradley Hand', 'Brush Script                      
                             MT', 'Chalkboard', 'Chalkboard                     
                             SE', 'Chalkduster', 'Charter',                     
                             'Cochin', 'Comic Sans MS',                         
                             'Copperplate', 'Corsiva                            
                             Hebrew', 'Courier New', 'DIN                       
                             Alternate', 'DIN Condensed',                       
                             'Damascus', 'DecoType Naskh',                      
                             'Devanagari MT', 'Devanagari                       
                             Sangam MN', 'Didot', 'Diwan                        
                             Kufi', 'Diwan Thuluth',                            
                             'Euphemia UCAS', 'Farah',                          
                             'Farisi', 'Futura', 'GB18030                       
                             Bitmap', 'Galvji', 'Geeza Pro',                    
                             'Geneva', 'Georgia', 'Gill                         
                             Sans', 'Grantha Sangam MN',                        
                             'Gujarati MT', 'Gujarati Sangam                    
                             MN', 'GungSeo', 'Gurmukhi MN',                     
                             'Gurmukhi MT', 'Gurmukhi Sangam                    
                             MN', 'Hannotate SC', 'Hannotate                    
                             TC', 'HanziPen SC', 'HanziPen                      
                             TC', 'HeadLineA', 'Hei', 'Heiti                    
                             SC', 'Heiti TC', 'Helvetica',                      
                             'Helvetica Neue', 'Herculanum',                    
                             'Hiragino Maru Gothic ProN',                       
                             'Hiragino Mincho ProN',                            
                             'Hiragino Sans', 'Hiragino Sans                    
                             GB', 'Hoefler Text', 'ITF                          
                             Devanagari', 'ITF Devanagari                       
                             Marathi', 'Impact',                                
                             'InaiMathi', 'Kai', 'Kailasa',                     
                             'Kaiti SC', 'Kaiti TC',                            
                             'Kannada MN', 'Kannada Sangam                      
                             MN', 'Kefa III', 'Khmer MN',                       
                             'Khmer Sangam MN', 'Klee',                         
                             'Kohinoor Bangla', 'Kohinoor                       
                             Devanagari', 'Kohinoor                             
                             Gujarati', 'Kohinoor Telugu',                      
                             'Kokonor', 'Krungthep',                            
                             'KufiStandardGK', 'LXGW                            
                             ZhenKai', 'Lantinghei SC',                         
                             'Lantinghei TC', 'Lao MN', 'Lao                    
                             Sangam MN', 'LiHei Pro',                           
                             'LiSong Pro', 'Libian SC',                         
                             'Libian TC', 'LingWai SC',                         
                             'LingWai TC', 'Lucida Grande',                     
                             'Luminari', 'Malayalam MN',                        
                             'Malayalam Sangam MN', 'Marker                     
                             Felt', 'Menlo', 'Microsoft Sans                    
                             Serif', 'Mishafi', 'Mishafi                        
                             Gold', 'Monaco', 'Monospace',                      
                             'Mshtakan', 'Mukta Mahee',                         
                             'Muna', 'Myanmar MN', 'Myanmar                     
                             Sangam MN', 'Nadeem', 'Nanum                       
                             Brush Script', 'Nanum Gothic',                     
                             'Nanum Myeongjo', 'Nanum Pen                       
                             Script', 'New Peninim MT',                         
                             'Noteworthy', 'Noto Nastaliq                       
                             Urdu', 'Noto Sans Batak', 'Noto                    
                             Sans Kannada', 'Noto Sans                          
                             Myanmar', 'Noto Sans NKo',                         
                             'Noto Sans Oriya', 'Noto Sans                      
                             Syriac', 'Noto Sans Tagalog',                      
                             'Noto Serif Myanmar', 'Optima',                    
                             'Oriya MN', 'Oriya Sangam MN',                     
                             'Osaka', 'PCMyungjo', 'PT                          
                             Mono', 'PT Sans', 'PT Sans                         
                             Caption', 'PT Sans Narrow', 'PT                    
                             Serif', 'PT Serif Caption',                        
                             'Palatino', 'Papyrus', 'Party                      
                             LET', 'Phosphate', 'PilGi',                        
                             'PingFang HK', 'PingFang MO',                      
                             'PingFang SC', 'PingFang TC',                      
                             'Plantagenet Cherokee',                            
                             'Raanana', 'Rockwell',                             
                             'STFangsong', 'STHeiti', 'STIX                     
                             Two Math', 'STIX Two Text',                        
                             'STKaiti', 'STSong', 'Sana',                       
                             'Sans', 'Sathu', 'Savoye LET',                     
                             'Serif', 'Shree Devanagari                         
                             714', 'SignPainter', 'Silom',                      
                             'SimSong', 'Sinhala MN',                           
                             'Sinhala Sangam MN', 'Skia',                       
                             'Snell Roundhand', 'Songti SC',                    
                             'Songti TC', 'Sukhumvit Set',                      
                             'Symbol', 'Tahoma', 'Tamil MN',                    
                             'Tamil Sangam MN', 'Telugu MN',                    
                             'Telugu Sangam MN', 'Thonburi',                    
                             'Times New Roman', 'Toppan                         
                             Bunkyu Gothic', 'Toppan Bunkyu                     
                             Midashi Gothic', 'Toppan Bunkyu                    
                             Midashi Mincho', 'Toppan Bunkyu                    
                             Mincho', 'Trattatello',                            
                             'Trebuchet MS', 'Tsukushi A                        
                             Round Gothic', 'Tsukushi B                         
                             Round Gothic', 'Verdana',                          
                             'Waseem', 'Wawati SC', 'Wawati                     
                             TC', 'Webdings', 'Weibei SC',                      
                             'Weibei TC', 'Wingdings',                          
                             'Wingdings 2', 'Wingdings 3',                      
                             'Xingkai SC', 'Xingkai TC',                        
                             'YuGothic', 'YuKyokasho',                          
                             'YuKyokasho Yoko', 'YuMincho',                     
                             'YuMincho +36p Kana', 'Yuanti                      
                             SC', 'Yuanti TC', 'Yuppy SC',                      
                             'Yuppy TC', 'Zapf Dingbats',                       
                             'Zapfino', 'cursive',                              
                             'fantasy', 'system-ui'].                           
                    INFO     Animation 22 : Using cached    cairo_renderer.py:94
                             data (hash :                                       
                             656162490_945443398_2169756652                     
                             )                                                  
Animation 22: FadeIn(Text('第一象限 (0° < α < 90°)')):   0%|          | 0/1 [00:00<?, ?it/s]                                                                                                                INFO     Animation 23 : Using cached    cairo_renderer.py:94
                             data (hash :                                       
                             656162490_519273435_785730192)                     
Animation 23: FadeIn(Polygon):   0%|          | 0/1 [00:00<?, ?it/s]                                                                                        INFO     Animation 24 : Using cached    cairo_renderer.py:94
                             data (hash :                                       
                             656162490_3614475067_241929100                     
                             9)                                                 
Animation 24: Create(Arc), etc.:   0%|          | 0/1 [00:00<?, ?it/s]                                                                                          INFO     Animation 25 : Using cached    cairo_renderer.py:94
                             data (hash :                                       
                             656162490_4180334005_405672824                     
                             7)                                                 
Animation 25: Create(Line):   0%|          | 0/1 [00:00<?, ?it/s]                                                                                     INFO     Animation 26 : Using cached    cairo_renderer.py:94
                             data (hash :                                       
                             656162490_1184077656_133703504                     
                             6)                                                 
Animation 26: FadeIn(Dot), etc.:   0%|          | 0/1 [00:00<?, ?it/s]                                                                      [02/27/26 11:42:43] INFO     Animation 27 : Using cached    cairo_renderer.py:94
                             data (hash :                                       
                             656162490_950772729_3299036411                     
                             )                                                  
Animation 27: Create(DashedLine), etc.:   0%|          | 0/1 [00:00<?, ?it/s]                                                                                                 INFO     Animation 28 : Using cached    cairo_renderer.py:94
                             data (hash :                                       
                             656162490_544842011_2006702071                     
                             )                                                  
Animation 28: FadeIn(VGroup of 3 submobjects), etc.:   0%|          | 0/1 [00:00<?, ?it/s]                                                                                                              WARNING  Font Noto Sans CJK SC not in    text_mobject.py:464
                             ['.AppleSystemUIFont', 'Academy                    
                             Engraved LET', 'Al Bayan', 'Al                     
                             Nile', 'Al Tarikh', 'American                      
                             Typewriter', 'Andale Mono',                        
                             'Apple Braille', 'Apple                            
                             Chancery', 'Apple Color Emoji',                    
                             'Apple LiGothic', 'Apple                           
                             LiSung', 'Apple SD Gothic Neo',                    
                             'Apple Symbols', 'AppleGothic',                    
                             'AppleMyungjo', 'Arial', 'Arial                    
                             Black', 'Arial Hebrew', 'Arial                     
                             Hebrew Scholar', 'Arial                            
                             Narrow', 'Arial Rounded MT                         
                             Bold', 'Arial Unicode MS',                         
                             'Avenir', 'Avenir Next',                           
                             'Avenir Next Condensed',                           
                             'Ayuthaya', 'BIZ UDGothic',                        
                             'BIZ UDMincho', 'BM Dohyeon',                      
                             'BM Hanna 11yrs Old', 'BM Hanna                    
                             Air', 'BM Hanna Pro', 'BM Jua',                    
                             'BM Kirang Haerang', 'BM                           
                             Yeonsung', 'Baghdad', 'Bangla                      
                             MN', 'Bangla Sangam MN', 'Baoli                    
                             SC', 'Baoli TC', 'Baskerville',                    
                             'Beirut', 'BiauKaiHK',                             
                             'BiauKaiTC', 'Big Caslon',                         
                             'Bodoni 72', 'Bodoni 72                            
                             Oldstyle', 'Bodoni 72                              
                             Smallcaps', 'Bodoni Ornaments',                    
                             'Bradley Hand', 'Brush Script                      
                             MT', 'Chalkboard', 'Chalkboard                     
                             SE', 'Chalkduster', 'Charter',                     
                             'Cochin', 'Comic Sans MS',                         
                             'Copperplate', 'Corsiva                            
                             Hebrew', 'Courier New', 'DIN                       
                             Alternate', 'DIN Condensed',                       
                             'Damascus', 'DecoType Naskh',                      
                             'Devanagari MT', 'Devanagari                       
                             Sangam MN', 'Didot', 'Diwan                        
                             Kufi', 'Diwan Thuluth',                            
                             'Euphemia UCAS', 'Farah',                          
                             'Farisi', 'Futura', 'GB18030                       
                             Bitmap', 'Galvji', 'Geeza Pro',                    
                             'Geneva', 'Georgia', 'Gill                         
                             Sans', 'Grantha Sangam MN',                        
                             'Gujarati MT', 'Gujarati Sangam                    
                             MN', 'GungSeo', 'Gurmukhi MN',                     
                             'Gurmukhi MT', 'Gurmukhi Sangam                    
                             MN', 'Hannotate SC', 'Hannotate                    
                             TC', 'HanziPen SC', 'HanziPen                      
                             TC', 'HeadLineA', 'Hei', 'Heiti                    
                             SC', 'Heiti TC', 'Helvetica',                      
                             'Helvetica Neue', 'Herculanum',                    
                             'Hiragino Maru Gothic ProN',                       
                             'Hiragino Mincho ProN',                            
                             'Hiragino Sans', 'Hiragino Sans                    
                             GB', 'Hoefler Text', 'ITF                          
                             Devanagari', 'ITF Devanagari                       
                             Marathi', 'Impact',                                
                             'InaiMathi', 'Kai', 'Kailasa',                     
                             'Kaiti SC', 'Kaiti TC',                            
                             'Kannada MN', 'Kannada Sangam                      
                             MN', 'Kefa III', 'Khmer MN',                       
                             'Khmer Sangam MN', 'Klee',                         
                             'Kohinoor Bangla', 'Kohinoor                       
                             Devanagari', 'Kohinoor                             
                             Gujarati', 'Kohinoor Telugu',                      
                             'Kokonor', 'Krungthep',                            
                             'KufiStandardGK', 'LXGW                            
                             ZhenKai', 'Lantinghei SC',                         
                             'Lantinghei TC', 'Lao MN', 'Lao                    
                             Sangam MN', 'LiHei Pro',                           
                             'LiSong Pro', 'Libian SC',                         
                             'Libian TC', 'LingWai SC',                         
                             'LingWai TC', 'Lucida Grande',                     
                             'Luminari', 'Malayalam MN',                        
                             'Malayalam Sangam MN', 'Marker                     
                             Felt', 'Menlo', 'Microsoft Sans                    
                             Serif', 'Mishafi', 'Mishafi                        
                             Gold', 'Monaco', 'Monospace',                      
                             'Mshtakan', 'Mukta Mahee',                         
                             'Muna', 'Myanmar MN', 'Myanmar                     
                             Sangam MN', 'Nadeem', 'Nanum                       
                             Brush Script', 'Nanum Gothic',                     
                             'Nanum Myeongjo', 'Nanum Pen                       
                             Script', 'New Peninim MT',                         
                             'Noteworthy', 'Noto Nastaliq                       
                             Urdu', 'Noto Sans Batak', 'Noto                    
                             Sans Kannada', 'Noto Sans                          
                             Myanmar', 'Noto Sans NKo',                         
                             'Noto Sans Oriya', 'Noto Sans                      
                             Syriac', 'Noto Sans Tagalog',                      
                             'Noto Serif Myanmar', 'Optima',                    
                             'Oriya MN', 'Oriya Sangam MN',                     
                             'Osaka', 'PCMyungjo', 'PT                          
                             Mono', 'PT Sans', 'PT Sans                         
                             Caption', 'PT Sans Narrow', 'PT                    
                             Serif', 'PT Serif Caption',                        
                             'Palatino', 'Papyrus', 'Party                      
                             LET', 'Phosphate', 'PilGi',                        
                             'PingFang HK', 'PingFang MO',                      
                             'PingFang SC', 'PingFang TC',                      
                             'Plantagenet Cherokee',                            
                             'Raanana', 'Rockwell',                             
                             'STFangsong', 'STHeiti', 'STIX                     
                             Two Math', 'STIX Two Text',                        
                             'STKaiti', 'STSong', 'Sana',                       
                             'Sans', 'Sathu', 'Savoye LET',                     
                             'Serif', 'Shree Devanagari                         
                             714', 'SignPainter', 'Silom',                      
                             'SimSong', 'Sinhala MN',                           
                             'Sinhala Sangam MN', 'Skia',                       
                             'Snell Roundhand', 'Songti SC',                    
                             'Songti TC', 'Sukhumvit Set',                      
                             'Symbol', 'Tahoma', 'Tamil MN',                    
                             'Tamil Sangam MN', 'Telugu MN',                    
                             'Telugu Sangam MN', 'Thonburi',                    
                             'Times New Roman', 'Toppan                         
                             Bunkyu Gothic', 'Toppan Bunkyu                     
                             Midashi Gothic', 'Toppan Bunkyu                    
                             Midashi Mincho', 'Toppan Bunkyu                    
                             Mincho', 'Trattatello',                            
                             'Trebuchet MS', 'Tsukushi A                        
                             Round Gothic', 'Tsukushi B                         
                             Round Gothic', 'Verdana',                          
                             'Waseem', 'Wawati SC', 'Wawati                     
                             TC', 'Webdings', 'Weibei SC',                      
                             'Weibei TC', 'Wingdings',                          
                             'Wingdings 2', 'Wingdings 3',                      
                             'Xingkai SC', 'Xingkai TC',                        
                             'YuGothic', 'YuKyokasho',                          
                             'YuKyokasho Yoko', 'YuMincho',                     
                             'YuMincho +36p Kana', 'Yuanti                      
                             SC', 'Yuanti TC', 'Yuppy SC',                      
                             'Yuppy TC', 'Zapf Dingbats',                       
                             'Zapfino', 'cursive',                              
                             'fantasy', 'system-ui'].                           
                    INFO     Animation 29 : Using cached    cairo_renderer.py:94
                             data (hash :                                       
                             656162490_1257921429_361449275                     
                             )                                                  
Animation 29: FadeIn(VGroup of 2 submobjects):   0%|          | 0/1 [00:00<?, ?it/s]                                                                                                        INFO     Animation 30 : Using cached    cairo_renderer.py:94
                             data (hash :                                       
                             656162490_3366045169_270646798                     
                             3)                                                 
[02/27/26 11:42:44] INFO     Animation 31 : Using cached    cairo_renderer.py:94
                             data (hash :                                       
                             656162490_309006138_650103838)                     
Animation 31: FadeOut(Text('第一象限 (0° < α < 90°)')), etc.:   0%|          | 0/1 [00:00<?, ?it/s]                                                                                                                       WARNING  Font Noto Sans CJK SC not in    text_mobject.py:464
                             ['.AppleSystemUIFont', 'Academy                    
                             Engraved LET', 'Al Bayan', 'Al                     
                             Nile', 'Al Tarikh', 'American                      
                             Typewriter', 'Andale Mono',                        
                             'Apple Braille', 'Apple                            
                             Chancery', 'Apple Color Emoji',                    
                             'Apple LiGothic', 'Apple                           
                             LiSung', 'Apple SD Gothic Neo',                    
                             'Apple Symbols', 'AppleGothic',                    
                             'AppleMyungjo', 'Arial', 'Arial                    
                             Black', 'Arial Hebrew', 'Arial                     
                             Hebrew Scholar', 'Arial                            
                             Narrow', 'Arial Rounded MT                         
                             Bold', 'Arial Unicode MS',                         
                             'Avenir', 'Avenir Next',                           
                             'Avenir Next Condensed',                           
                             'Ayuthaya', 'BIZ UDGothic',                        
                             'BIZ UDMincho', 'BM Dohyeon',                      
                             'BM Hanna 11yrs Old', 'BM Hanna                    
                             Air', 'BM Hanna Pro', 'BM Jua',                    
                             'BM Kirang Haerang', 'BM                           
                             Yeonsung', 'Baghdad', 'Bangla                      
                             MN', 'Bangla Sangam MN', 'Baoli                    
                             SC', 'Baoli TC', 'Baskerville',                    
                             'Beirut', 'BiauKaiHK',                             
                             'BiauKaiTC', 'Big Caslon',                         
                             'Bodoni 72', 'Bodoni 72                            
                             Oldstyle', 'Bodoni 72                              
                             Smallcaps', 'Bodoni Ornaments',                    
                             'Bradley Hand', 'Brush Script                      
                             MT', 'Chalkboard', 'Chalkboard                     
                             SE', 'Chalkduster', 'Charter',                     
                             'Cochin', 'Comic Sans MS',                         
                             'Copperplate', 'Corsiva                            
                             Hebrew', 'Courier New', 'DIN                       
                             Alternate', 'DIN Condensed',                       
                             'Damascus', 'DecoType Naskh',                      
                             'Devanagari MT', 'Devanagari                       
                             Sangam MN', 'Didot', 'Diwan                        
                             Kufi', 'Diwan Thuluth',                            
                             'Euphemia UCAS', 'Farah',                          
                             'Farisi', 'Futura', 'GB18030                       
                             Bitmap', 'Galvji', 'Geeza Pro',                    
                             'Geneva', 'Georgia', 'Gill                         
                             Sans', 'Grantha Sangam MN',                        
                             'Gujarati MT', 'Gujarati Sangam                    
                             MN', 'GungSeo', 'Gurmukhi MN',                     
                             'Gurmukhi MT', 'Gurmukhi Sangam                    
                             MN', 'Hannotate SC', 'Hannotate                    
                             TC', 'HanziPen SC', 'HanziPen                      
                             TC', 'HeadLineA', 'Hei', 'Heiti                    
                             SC', 'Heiti TC', 'Helvetica',                      
                             'Helvetica Neue', 'Herculanum',                    
                             'Hiragino Maru Gothic ProN',                       
                             'Hiragino Mincho ProN',                            
                             'Hiragino Sans', 'Hiragino Sans                    
                             GB', 'Hoefler Text', 'ITF                          
                             Devanagari', 'ITF Devanagari                       
                             Marathi', 'Impact',                                
                             'InaiMathi', 'Kai', 'Kailasa',                     
                             'Kaiti SC', 'Kaiti TC',                            
                             'Kannada MN', 'Kannada Sangam                      
                             MN', 'Kefa III', 'Khmer MN',                       
                             'Khmer Sangam MN', 'Klee',                         
                             'Kohinoor Bangla', 'Kohinoor                       
                             Devanagari', 'Kohinoor                             
                             Gujarati', 'Kohinoor Telugu',                      
                             'Kokonor', 'Krungthep',                            
                             'KufiStandardGK', 'LXGW                            
                             ZhenKai', 'Lantinghei SC',                         
                             'Lantinghei TC', 'Lao MN', 'Lao                    
                             Sangam MN', 'LiHei Pro',                           
                             'LiSong Pro', 'Libian SC',                         
                             'Libian TC', 'LingWai SC',                         
                             'LingWai TC', 'Lucida Grande',                     
                             'Luminari', 'Malayalam MN',                        
                             'Malayalam Sangam MN', 'Marker                     
                             Felt', 'Menlo', 'Microsoft Sans                    
                             Serif', 'Mishafi', 'Mishafi                        
                             Gold', 'Monaco', 'Monospace',                      
                             'Mshtakan', 'Mukta Mahee',                         
                             'Muna', 'Myanmar MN', 'Myanmar                     
                             Sangam MN', 'Nadeem', 'Nanum                       
                             Brush Script', 'Nanum Gothic',                     
                             'Nanum Myeongjo', 'Nanum Pen                       
                             Script', 'New Peninim MT',                         
                             'Noteworthy', 'Noto Nastaliq                       
                             Urdu', 'Noto Sans Batak', 'Noto                    
                             Sans Kannada', 'Noto Sans                          
                             Myanmar', 'Noto Sans NKo',                         
                             'Noto Sans Oriya', 'Noto Sans                      
                             Syriac', 'Noto Sans Tagalog',                      
                             'Noto Serif Myanmar', 'Optima',                    
                             'Oriya MN', 'Oriya Sangam MN',                     
                             'Osaka', 'PCMyungjo', 'PT                          
                             Mono', 'PT Sans', 'PT Sans                         
                             Caption', 'PT Sans Narrow', 'PT                    
                             Serif', 'PT Serif Caption',                        
                             'Palatino', 'Papyrus', 'Party                      
                             LET', 'Phosphate', 'PilGi',                        
                             'PingFang HK', 'PingFang MO',                      
                             'PingFang SC', 'PingFang TC',                      
                             'Plantagenet Cherokee',                            
                             'Raanana', 'Rockwell',                             
                             'STFangsong', 'STHeiti', 'STIX                     
                             Two Math', 'STIX Two Text',                        
                             'STKaiti', 'STSong', 'Sana',                       
                             'Sans', 'Sathu', 'Savoye LET',                     
                             'Serif', 'Shree Devanagari                         
                             714', 'SignPainter', 'Silom',                      
                             'SimSong', 'Sinhala MN',                           
                             'Sinhala Sangam MN', 'Skia',                       
                             'Snell Roundhand', 'Songti SC',                    
                             'Songti TC', 'Sukhumvit Set',                      
                             'Symbol', 'Tahoma', 'Tamil MN',                    
                             'Tamil Sangam MN', 'Telugu MN',                    
                             'Telugu Sangam MN', 'Thonburi',                    
                             'Times New Roman', 'Toppan                         
                             Bunkyu Gothic', 'Toppan Bunkyu                     
                             Midashi Gothic', 'Toppan Bunkyu                    
                             Midashi Mincho', 'Toppan Bunkyu                    
                             Mincho', 'Trattatello',                            
                             'Trebuchet MS', 'Tsukushi A                        
                             Round Gothic', 'Tsukushi B                         
                             Round Gothic', 'Verdana',                          
                             'Waseem', 'Wawati SC', 'Wawati                     
                             TC', 'Webdings', 'Weibei SC',                      
                             'Weibei TC', 'Wingdings',                          
                             'Wingdings 2', 'Wingdings 3',                      
                             'Xingkai SC', 'Xingkai TC',                        
                             'YuGothic', 'YuKyokasho',                          
                             'YuKyokasho Yoko', 'YuMincho',                     
                             'YuMincho +36p Kana', 'Yuanti                      
                             SC', 'Yuanti TC', 'Yuppy SC',                      
                             'Yuppy TC', 'Zapf Dingbats',                       
                             'Zapfino', 'cursive',                              
                             'fantasy', 'system-ui'].                           
                    INFO     Animation 32 : Using cached    cairo_renderer.py:94
                             data (hash :                                       
                             656162490_4088396874_282676931                     
                             0)                                                 
Animation 32: FadeIn(Text('第二象限 (90° < α < 180°)')):   0%|          | 0/1 [00:00<?, ?it/s]                                                                                                                  INFO     Animation 33 : Using cached    cairo_renderer.py:94
                             data (hash :                                       
                             656162490_861945583_570780553)                     
Animation 33: FadeIn(Polygon):   0%|          | 0/1 [00:00<?, ?it/s]                                                                                        INFO     Animation 34 : Using cached    cairo_renderer.py:94
                             data (hash :                                       
                             656162490_3125479907_413775175                     
                             7)                                                 
Animation 34: Create(Arc), etc.:   0%|          | 0/1 [00:00<?, ?it/s]                                                                                          INFO     Animation 35 : Using cached    cairo_renderer.py:94
                             data (hash :                                       
                             656162490_3453326956_282342636                     
                             )                                                  
Animation 35: Create(Line):   0%|          | 0/1 [00:00<?, ?it/s]                                                                 [02/27/26 11:42:45] INFO     Animation 36 : Using cached    cairo_renderer.py:94
                             data (hash :                                       
                             656162490_3175522520_245708846                     
                             )                                                  
Animation 36: FadeIn(Dot), etc.:   0%|          | 0/1 [00:00<?, ?it/s]                                                                                          INFO     Animation 37 : Using cached    cairo_renderer.py:94
                             data (hash :                                       
                             656162490_573325902_2007522282                     
                             )                                                  
Animation 37: Create(DashedLine), etc.:   0%|          | 0/1 [00:00<?, ?it/s]                                                                                                 INFO     Animation 38 : Using cached    cairo_renderer.py:94
                             data (hash :                                       
                             656162490_4127572237_123272325                     
                             6)                                                 
Animation 38: Write(MathTex('x < 0')), etc.:   0%|          | 0/1 [00:00<?, ?it/s]                                                                                                      WARNING  Font Noto Sans CJK SC not in    text_mobject.py:464
                             ['.AppleSystemUIFont', 'Academy                    
                             Engraved LET', 'Al Bayan', 'Al                     
                             Nile', 'Al Tarikh', 'American                      
                             Typewriter', 'Andale Mono',                        
                             'Apple Braille', 'Apple                            
                             Chancery', 'Apple Color Emoji',                    
                             'Apple LiGothic', 'Apple                           
                             LiSung', 'Apple SD Gothic Neo',                    
                             'Apple Symbols', 'AppleGothic',                    
                             'AppleMyungjo', 'Arial', 'Arial                    
                             Black', 'Arial Hebrew', 'Arial                     
                             Hebrew Scholar', 'Arial                            
                             Narrow', 'Arial Rounded MT                         
                             Bold', 'Arial Unicode MS',                         
                             'Avenir', 'Avenir Next',                           
                             'Avenir Next Condensed',                           
                             'Ayuthaya', 'BIZ UDGothic',                        
                             'BIZ UDMincho', 'BM Dohyeon',                      
                             'BM Hanna 11yrs Old', 'BM Hanna                    
                             Air', 'BM Hanna Pro', 'BM Jua',                    
                             'BM Kirang Haerang', 'BM                           
                             Yeonsung', 'Baghdad', 'Bangla                      
                             MN', 'Bangla Sangam MN', 'Baoli                    
                             SC', 'Baoli TC', 'Baskerville',                    
                             'Beirut', 'BiauKaiHK',                             
                             'BiauKaiTC', 'Big Caslon',                         
                             'Bodoni 72', 'Bodoni 72                            
                             Oldstyle', 'Bodoni 72                              
                             Smallcaps', 'Bodoni Ornaments',                    
                             'Bradley Hand', 'Brush Script                      
                             MT', 'Chalkboard', 'Chalkboard                     
                             SE', 'Chalkduster', 'Charter',                     
                             'Cochin', 'Comic Sans MS',                         
                             'Copperplate', 'Corsiva                            
                             Hebrew', 'Courier New', 'DIN                       
                             Alternate', 'DIN Condensed',                       
                             'Damascus', 'DecoType Naskh',                      
                             'Devanagari MT', 'Devanagari                       
                             Sangam MN', 'Didot', 'Diwan                        
                             Kufi', 'Diwan Thuluth',                            
                             'Euphemia UCAS', 'Farah',                          
                             'Farisi', 'Futura', 'GB18030                       
                             Bitmap', 'Galvji', 'Geeza Pro',                    
                             'Geneva', 'Georgia', 'Gill                         
                             Sans', 'Grantha Sangam MN',                        
                             'Gujarati MT', 'Gujarati Sangam                    
                             MN', 'GungSeo', 'Gurmukhi MN',                     
                             'Gurmukhi MT', 'Gurmukhi Sangam                    
                             MN', 'Hannotate SC', 'Hannotate                    
                             TC', 'HanziPen SC', 'HanziPen                      
                             TC', 'HeadLineA', 'Hei', 'Heiti                    
                             SC', 'Heiti TC', 'Helvetica',                      
                             'Helvetica Neue', 'Herculanum',                    
                             'Hiragino Maru Gothic ProN',                       
                             'Hiragino Mincho ProN',                            
                             'Hiragino Sans', 'Hiragino Sans                    
                             GB', 'Hoefler Text', 'ITF                          
                             Devanagari', 'ITF Devanagari                       
                             Marathi', 'Impact',                                
                             'InaiMathi', 'Kai', 'Kailasa',                     
                             'Kaiti SC', 'Kaiti TC',                            
                             'Kannada MN', 'Kannada Sangam                      
                             MN', 'Kefa III', 'Khmer MN',                       
                             'Khmer Sangam MN', 'Klee',                         
                             'Kohinoor Bangla', 'Kohinoor                       
                             Devanagari', 'Kohinoor                             
                             Gujarati', 'Kohinoor Telugu',                      
                             'Kokonor', 'Krungthep',                            
                             'KufiStandardGK', 'LXGW                            
                             ZhenKai', 'Lantinghei SC',                         
                             'Lantinghei TC', 'Lao MN', 'Lao                    
                             Sangam MN', 'LiHei Pro',                           
                             'LiSong Pro', 'Libian SC',                         
                             'Libian TC', 'LingWai SC',                         
                             'LingWai TC', 'Lucida Grande',                     
                             'Luminari', 'Malayalam MN',                        
                             'Malayalam Sangam MN', 'Marker                     
                             Felt', 'Menlo', 'Microsoft Sans                    
                             Serif', 'Mishafi', 'Mishafi                        
                             Gold', 'Monaco', 'Monospace',                      
                             'Mshtakan', 'Mukta Mahee',                         
                             'Muna', 'Myanmar MN', 'Myanmar                     
                             Sangam MN', 'Nadeem', 'Nanum                       
                             Brush Script', 'Nanum Gothic',                     
                             'Nanum Myeongjo', 'Nanum Pen                       
                             Script', 'New Peninim MT',                         
                             'Noteworthy', 'Noto Nastaliq                       
                             Urdu', 'Noto Sans Batak', 'Noto                    
                             Sans Kannada', 'Noto Sans                          
                             Myanmar', 'Noto Sans NKo',                         
                             'Noto Sans Oriya', 'Noto Sans                      
                             Syriac', 'Noto Sans Tagalog',                      
                             'Noto Serif Myanmar', 'Optima',                    
                             'Oriya MN', 'Oriya Sangam MN',                     
                             'Osaka', 'PCMyungjo', 'PT                          
                             Mono', 'PT Sans', 'PT Sans                         
                             Caption', 'PT Sans Narrow', 'PT                    
                             Serif', 'PT Serif Caption',                        
                             'Palatino', 'Papyrus', 'Party                      
                             LET', 'Phosphate', 'PilGi',                        
                             'PingFang HK', 'PingFang MO',                      
                             'PingFang SC', 'PingFang TC',                      
                             'Plantagenet Cherokee',                            
                             'Raanana', 'Rockwell',                             
                             'STFangsong', 'STHeiti', 'STIX                     
                             Two Math', 'STIX Two Text',                        
                             'STKaiti', 'STSong', 'Sana',                       
                             'Sans', 'Sathu', 'Savoye LET',                     
                             'Serif', 'Shree Devanagari                         
                             714', 'SignPainter', 'Silom',                      
                             'SimSong', 'Sinhala MN',                           
                             'Sinhala Sangam MN', 'Skia',                       
                             'Snell Roundhand', 'Songti SC',                    
                             'Songti TC', 'Sukhumvit Set',                      
                             'Symbol', 'Tahoma', 'Tamil MN',                    
                             'Tamil Sangam MN', 'Telugu MN',                    
                             'Telugu Sangam MN', 'Thonburi',                    
                             'Times New Roman', 'Toppan                         
                             Bunkyu Gothic', 'Toppan Bunkyu                     
                             Midashi Gothic', 'Toppan Bunkyu                    
                             Midashi Mincho', 'Toppan Bunkyu                    
                             Mincho', 'Trattatello',                            
                             'Trebuchet MS', 'Tsukushi A                        
                             Round Gothic', 'Tsukushi B                         
                             Round Gothic', 'Verdana',                          
                             'Waseem', 'Wawati SC', 'Wawati                     
                             TC', 'Webdings', 'Weibei SC',                      
                             'Weibei TC', 'Wingdings',                          
                             'Wingdings 2', 'Wingdings 3',                      
                             'Xingkai SC', 'Xingkai TC',                        
                             'YuGothic', 'YuKyokasho',                          
                             'YuKyokasho Yoko', 'YuMincho',                     
                             'YuMincho +36p Kana', 'Yuanti                      
                             SC', 'Yuanti TC', 'Yuppy SC',                      
                             'Yuppy TC', 'Zapf Dingbats',                       
                             'Zapfino', 'cursive',                              
                             'fantasy', 'system-ui'].                           
[02/27/26 11:42:46] INFO     Animation 39 : Using cached    cairo_renderer.py:94
                             data (hash :                                       
                             656162490_3196118835_195420971                     
                             )                                                  
Animation 39: FadeIn(VGroup of 2 submobjects):   0%|          | 0/1 [00:00<?, ?it/s]                                                                                                        WARNING  Font Noto Sans CJK SC not in    text_mobject.py:464
                             ['.AppleSystemUIFont', 'Academy                    
                             Engraved LET', 'Al Bayan', 'Al                     
                             Nile', 'Al Tarikh', 'American                      
                             Typewriter', 'Andale Mono',                        
                             'Apple Braille', 'Apple                            
                             Chancery', 'Apple Color Emoji',                    
                             'Apple LiGothic', 'Apple                           
                             LiSung', 'Apple SD Gothic Neo',                    
                             'Apple Symbols', 'AppleGothic',                    
                             'AppleMyungjo', 'Arial', 'Arial                    
                             Black', 'Arial Hebrew', 'Arial                     
                             Hebrew Scholar', 'Arial                            
                             Narrow', 'Arial Rounded MT                         
                             Bold', 'Arial Unicode MS',                         
                             'Avenir', 'Avenir Next',                           
                             'Avenir Next Condensed',                           
                             'Ayuthaya', 'BIZ UDGothic',                        
                             'BIZ UDMincho', 'BM Dohyeon',                      
                             'BM Hanna 11yrs Old', 'BM Hanna                    
                             Air', 'BM Hanna Pro', 'BM Jua',                    
                             'BM Kirang Haerang', 'BM                           
                             Yeonsung', 'Baghdad', 'Bangla                      
                             MN', 'Bangla Sangam MN', 'Baoli                    
                             SC', 'Baoli TC', 'Baskerville',                    
                             'Beirut', 'BiauKaiHK',                             
                             'BiauKaiTC', 'Big Caslon',                         
                             'Bodoni 72', 'Bodoni 72                            
                             Oldstyle', 'Bodoni 72                              
                             Smallcaps', 'Bodoni Ornaments',                    
                             'Bradley Hand', 'Brush Script                      
                             MT', 'Chalkboard', 'Chalkboard                     
                             SE', 'Chalkduster', 'Charter',                     
                             'Cochin', 'Comic Sans MS',                         
                             'Copperplate', 'Corsiva                            
                             Hebrew', 'Courier New', 'DIN                       
                             Alternate', 'DIN Condensed',                       
                             'Damascus', 'DecoType Naskh',                      
                             'Devanagari MT', 'Devanagari                       
                             Sangam MN', 'Didot', 'Diwan                        
                             Kufi', 'Diwan Thuluth',                            
                             'Euphemia UCAS', 'Farah',                          
                             'Farisi', 'Futura', 'GB18030                       
                             Bitmap', 'Galvji', 'Geeza Pro',                    
                             'Geneva', 'Georgia', 'Gill                         
                             Sans', 'Grantha Sangam MN',                        
                             'Gujarati MT', 'Gujarati Sangam                    
                             MN', 'GungSeo', 'Gurmukhi MN',                     
                             'Gurmukhi MT', 'Gurmukhi Sangam                    
                             MN', 'Hannotate SC', 'Hannotate                    
                             TC', 'HanziPen SC', 'HanziPen                      
                             TC', 'HeadLineA', 'Hei', 'Heiti                    
                             SC', 'Heiti TC', 'Helvetica',                      
                             'Helvetica Neue', 'Herculanum',                    
                             'Hiragino Maru Gothic ProN',                       
                             'Hiragino Mincho ProN',                            
                             'Hiragino Sans', 'Hiragino Sans                    
                             GB', 'Hoefler Text', 'ITF                          
                             Devanagari', 'ITF Devanagari                       
                             Marathi', 'Impact',                                
                             'InaiMathi', 'Kai', 'Kailasa',                     
                             'Kaiti SC', 'Kaiti TC',                            
                             'Kannada MN', 'Kannada Sangam                      
                             MN', 'Kefa III', 'Khmer MN',                       
                             'Khmer Sangam MN', 'Klee',                         
                             'Kohinoor Bangla', 'Kohinoor                       
                             Devanagari', 'Kohinoor                             
                             Gujarati', 'Kohinoor Telugu',                      
                             'Kokonor', 'Krungthep',                            
                             'KufiStandardGK', 'LXGW                            
                             ZhenKai', 'Lantinghei SC',                         
                             'Lantinghei TC', 'Lao MN', 'Lao                    
                             Sangam MN', 'LiHei Pro',                           
                             'LiSong Pro', 'Libian SC',                         
                             'Libian TC', 'LingWai SC',                         
                             'LingWai TC', 'Lucida Grande',                     
                             'Luminari', 'Malayalam MN',                        
                             'Malayalam Sangam MN', 'Marker                     
                             Felt', 'Menlo', 'Microsoft Sans                    
                             Serif', 'Mishafi', 'Mishafi                        
                             Gold', 'Monaco', 'Monospace',                      
                             'Mshtakan', 'Mukta Mahee',                         
                             'Muna', 'Myanmar MN', 'Myanmar                     
                             Sangam MN', 'Nadeem', 'Nanum                       
                             Brush Script', 'Nanum Gothic',                     
                             'Nanum Myeongjo', 'Nanum Pen                       
                             Script', 'New Peninim MT',                         
                             'Noteworthy', 'Noto Nastaliq                       
                             Urdu', 'Noto Sans Batak', 'Noto                    
                             Sans Kannada', 'Noto Sans                          
                             Myanmar', 'Noto Sans NKo',                         
                             'Noto Sans Oriya', 'Noto Sans                      
                             Syriac', 'Noto Sans Tagalog',                      
                             'Noto Serif Myanmar', 'Optima',                    
                             'Oriya MN', 'Oriya Sangam MN',                     
                             'Osaka', 'PCMyungjo', 'PT                          
                             Mono', 'PT Sans', 'PT Sans                         
                             Caption', 'PT Sans Narrow', 'PT                    
                             Serif', 'PT Serif Caption',                        
                             'Palatino', 'Papyrus', 'Party                      
                             LET', 'Phosphate', 'PilGi',                        
                             'PingFang HK', 'PingFang MO',                      
                             'PingFang SC', 'PingFang TC',                      
                             'Plantagenet Cherokee',                            
                             'Raanana', 'Rockwell',                             
                             'STFangsong', 'STHeiti', 'STIX                     
                             Two Math', 'STIX Two Text',                        
                             'STKaiti', 'STSong', 'Sana',                       
                             'Sans', 'Sathu', 'Savoye LET',                     
                             'Serif', 'Shree Devanagari                         
                             714', 'SignPainter', 'Silom',                      
                             'SimSong', 'Sinhala MN',                           
                             'Sinhala Sangam MN', 'Skia',                       
                             'Snell Roundhand', 'Songti SC',                    
                             'Songti TC', 'Sukhumvit Set',                      
                             'Symbol', 'Tahoma', 'Tamil MN',                    
                             'Tamil Sangam MN', 'Telugu MN',                    
                             'Telugu Sangam MN', 'Thonburi',                    
                             'Times New Roman', 'Toppan                         
                             Bunkyu Gothic', 'Toppan Bunkyu                     
                             Midashi Gothic', 'Toppan Bunkyu                    
                             Midashi Mincho', 'Toppan Bunkyu                    
                             Mincho', 'Trattatello',                            
                             'Trebuchet MS', 'Tsukushi A                        
                             Round Gothic', 'Tsukushi B                         
                             Round Gothic', 'Verdana',                          
                             'Waseem', 'Wawati SC', 'Wawati                     
                             TC', 'Webdings', 'Weibei SC',                      
                             'Weibei TC', 'Wingdings',                          
                             'Wingdings 2', 'Wingdings 3',                      
                             'Xingkai SC', 'Xingkai TC',                        
                             'YuGothic', 'YuKyokasho',                          
                             'YuKyokasho Yoko', 'YuMincho',                     
                             'YuMincho +36p Kana', 'Yuanti                      
                             SC', 'Yuanti TC', 'Yuppy SC',                      
                             'Yuppy TC', 'Zapf Dingbats',                       
                             'Zapfino', 'cursive',                              
                             'fantasy', 'system-ui'].                           
                    INFO     Animation 40 : Using cached    cairo_renderer.py:94
                             data (hash :                                       
                             656162490_1860766724_196670957                     
                             4)                                                 
Animation 40: FadeIn(Text('只有 sin 为正!')):   0%|          | 0/1 [00:00<?, ?it/s]                                                                                                       INFO     Animation 41 : Using cached    cairo_renderer.py:94
                             data (hash :                                       
                             656162490_3366045169_190913149                     
                             2)                                                 
                    INFO     Animation 42 : Using cached    cairo_renderer.py:94
                             data (hash :                                       
                             656162490_3163618837_302741870                     
                             3)                                                 
Animation 42: FadeOut(VGroup of 13 submobjects):   0%|          | 0/1 [00:00<?, ?it/s]                                                                                      [02/27/26 11:42:47] WARNING  Font Noto Sans CJK SC not in    text_mobject.py:464
                             ['.AppleSystemUIFont', 'Academy                    
                             Engraved LET', 'Al Bayan', 'Al                     
                             Nile', 'Al Tarikh', 'American                      
                             Typewriter', 'Andale Mono',                        
                             'Apple Braille', 'Apple                            
                             Chancery', 'Apple Color Emoji',                    
                             'Apple LiGothic', 'Apple                           
                             LiSung', 'Apple SD Gothic Neo',                    
                             'Apple Symbols', 'AppleGothic',                    
                             'AppleMyungjo', 'Arial', 'Arial                    
                             Black', 'Arial Hebrew', 'Arial                     
                             Hebrew Scholar', 'Arial                            
                             Narrow', 'Arial Rounded MT                         
                             Bold', 'Arial Unicode MS',                         
                             'Avenir', 'Avenir Next',                           
                             'Avenir Next Condensed',                           
                             'Ayuthaya', 'BIZ UDGothic',                        
                             'BIZ UDMincho', 'BM Dohyeon',                      
                             'BM Hanna 11yrs Old', 'BM Hanna                    
                             Air', 'BM Hanna Pro', 'BM Jua',                    
                             'BM Kirang Haerang', 'BM                           
                             Yeonsung', 'Baghdad', 'Bangla                      
                             MN', 'Bangla Sangam MN', 'Baoli                    
                             SC', 'Baoli TC', 'Baskerville',                    
                             'Beirut', 'BiauKaiHK',                             
                             'BiauKaiTC', 'Big Caslon',                         
                             'Bodoni 72', 'Bodoni 72                            
                             Oldstyle', 'Bodoni 72                              
                             Smallcaps', 'Bodoni Ornaments',                    
                             'Bradley Hand', 'Brush Script                      
                             MT', 'Chalkboard', 'Chalkboard                     
                             SE', 'Chalkduster', 'Charter',                     
                             'Cochin', 'Comic Sans MS',                         
                             'Copperplate', 'Corsiva                            
                             Hebrew', 'Courier New', 'DIN                       
                             Alternate', 'DIN Condensed',                       
                             'Damascus', 'DecoType Naskh',                      
                             'Devanagari MT', 'Devanagari                       
                             Sangam MN', 'Didot', 'Diwan                        
                             Kufi', 'Diwan Thuluth',                            
                             'Euphemia UCAS', 'Farah',                          
                             'Farisi', 'Futura', 'GB18030                       
                             Bitmap', 'Galvji', 'Geeza Pro',                    
                             'Geneva', 'Georgia', 'Gill                         
                             Sans', 'Grantha Sangam MN',                        
                             'Gujarati MT', 'Gujarati Sangam                    
                             MN', 'GungSeo', 'Gurmukhi MN',                     
                             'Gurmukhi MT', 'Gurmukhi Sangam                    
                             MN', 'Hannotate SC', 'Hannotate                    
                             TC', 'HanziPen SC', 'HanziPen                      
                             TC', 'HeadLineA', 'Hei', 'Heiti                    
                             SC', 'Heiti TC', 'Helvetica',                      
                             'Helvetica Neue', 'Herculanum',                    
                             'Hiragino Maru Gothic ProN',                       
                             'Hiragino Mincho ProN',                            
                             'Hiragino Sans', 'Hiragino Sans                    
                             GB', 'Hoefler Text', 'ITF                          
                             Devanagari', 'ITF Devanagari                       
                             Marathi', 'Impact',                                
                             'InaiMathi', 'Kai', 'Kailasa',                     
                             'Kaiti SC', 'Kaiti TC',                            
                             'Kannada MN', 'Kannada Sangam                      
                             MN', 'Kefa III', 'Khmer MN',                       
                             'Khmer Sangam MN', 'Klee',                         
                             'Kohinoor Bangla', 'Kohinoor                       
                             Devanagari', 'Kohinoor                             
                             Gujarati', 'Kohinoor Telugu',                      
                             'Kokonor', 'Krungthep',                            
                             'KufiStandardGK', 'LXGW                            
                             ZhenKai', 'Lantinghei SC',                         
                             'Lantinghei TC', 'Lao MN', 'Lao                    
                             Sangam MN', 'LiHei Pro',                           
                             'LiSong Pro', 'Libian SC',                         
                             'Libian TC', 'LingWai SC',                         
                             'LingWai TC', 'Lucida Grande',                     
                             'Luminari', 'Malayalam MN',                        
                             'Malayalam Sangam MN', 'Marker                     
                             Felt', 'Menlo', 'Microsoft Sans                    
                             Serif', 'Mishafi', 'Mishafi                        
                             Gold', 'Monaco', 'Monospace',                      
                             'Mshtakan', 'Mukta Mahee',                         
                             'Muna', 'Myanmar MN', 'Myanmar                     
                             Sangam MN', 'Nadeem', 'Nanum                       
                             Brush Script', 'Nanum Gothic',                     
                             'Nanum Myeongjo', 'Nanum Pen                       
                             Script', 'New Peninim MT',                         
                             'Noteworthy', 'Noto Nastaliq                       
                             Urdu', 'Noto Sans Batak', 'Noto                    
                             Sans Kannada', 'Noto Sans                          
                             Myanmar', 'Noto Sans NKo',                         
                             'Noto Sans Oriya', 'Noto Sans                      
                             Syriac', 'Noto Sans Tagalog',                      
                             'Noto Serif Myanmar', 'Optima',                    
                             'Oriya MN', 'Oriya Sangam MN',                     
                             'Osaka', 'PCMyungjo', 'PT                          
                             Mono', 'PT Sans', 'PT Sans                         
                             Caption', 'PT Sans Narrow', 'PT                    
                             Serif', 'PT Serif Caption',                        
                             'Palatino', 'Papyrus', 'Party                      
                             LET', 'Phosphate', 'PilGi',                        
                             'PingFang HK', 'PingFang MO',                      
                             'PingFang SC', 'PingFang TC',                      
                             'Plantagenet Cherokee',                            
                             'Raanana', 'Rockwell',                             
                             'STFangsong', 'STHeiti', 'STIX                     
                             Two Math', 'STIX Two Text',                        
                             'STKaiti', 'STSong', 'Sana',                       
                             'Sans', 'Sathu', 'Savoye LET',                     
                             'Serif', 'Shree Devanagari                         
                             714', 'SignPainter', 'Silom',                      
                             'SimSong', 'Sinhala MN',                           
                             'Sinhala Sangam MN', 'Skia',                       
                             'Snell Roundhand', 'Songti SC',                    
                             'Songti TC', 'Sukhumvit Set',                      
                             'Symbol', 'Tahoma', 'Tamil MN',                    
                             'Tamil Sangam MN', 'Telugu MN',                    
                             'Telugu Sangam MN', 'Thonburi',                    
                             'Times New Roman', 'Toppan                         
                             Bunkyu Gothic', 'Toppan Bunkyu                     
                             Midashi Gothic', 'Toppan Bunkyu                    
                             Midashi Mincho', 'Toppan Bunkyu                    
                             Mincho', 'Trattatello',                            
                             'Trebuchet MS', 'Tsukushi A                        
                             Round Gothic', 'Tsukushi B                         
                             Round Gothic', 'Verdana',                          
                             'Waseem', 'Wawati SC', 'Wawati                     
                             TC', 'Webdings', 'Weibei SC',                      
                             'Weibei TC', 'Wingdings',                          
                             'Wingdings 2', 'Wingdings 3',                      
                             'Xingkai SC', 'Xingkai TC',                        
                             'YuGothic', 'YuKyokasho',                          
                             'YuKyokasho Yoko', 'YuMincho',                     
                             'YuMincho +36p Kana', 'Yuanti                      
                             SC', 'Yuanti TC', 'Yuppy SC',                      
                             'Yuppy TC', 'Zapf Dingbats',                       
                             'Zapfino', 'cursive',                              
                             'fantasy', 'system-ui'].                           
                    INFO     Animation 43 : Using cached    cairo_renderer.py:94
                             data (hash :                                       
                             656162490_1094452576_141810187                     
                             8)                                                 
Animation 43: FadeIn(Text('第三象限 (180° < α < 270°)')):   0%|          | 0/1 [00:00<?, ?it/s]                                                                                                                   INFO     Animation 44 : Using cached    cairo_renderer.py:94
                             data (hash :                                       
                             656162490_568442726_1202732583                     
                             )                                                  
Animation 44: FadeIn(Polygon):   0%|          | 0/1 [00:00<?, ?it/s]                                                                                        INFO     Animation 45 : Using cached    cairo_renderer.py:94
                             data (hash :                                       
                             656162490_2923255344_211075814                     
                             8)                                                 
Animation 45: Create(Arc), etc.:   0%|          | 0/1 [00:00<?, ?it/s]                                                                                          INFO     Animation 46 : Using cached    cairo_renderer.py:94
                             data (hash :                                       
                             656162490_1746524189_113189229                     
                             9)                                                 
Animation 46: Create(Line), etc.:   0%|          | 0/1 [00:00<?, ?it/s]                                                                       [02/27/26 11:42:48] INFO     Animation 47 : Using cached    cairo_renderer.py:94
                             data (hash :                                       
                             656162490_869836808_3011098059                     
                             )                                                  
Animation 47: Create(DashedLine), etc.:   0%|          | 0/1 [00:00<?, ?it/s]                                                                                                 INFO     Animation 48 : Using cached    cairo_renderer.py:94
                             data (hash :                                       
                             656162490_2635524175_276723473                     
                             7)                                                 
Animation 48: Write(MathTex('x < 0')), etc.:   0%|          | 0/1 [00:00<?, ?it/s]                                                                                                      WARNING  Font Noto Sans CJK SC not in    text_mobject.py:464
                             ['.AppleSystemUIFont', 'Academy                    
                             Engraved LET', 'Al Bayan', 'Al                     
                             Nile', 'Al Tarikh', 'American                      
                             Typewriter', 'Andale Mono',                        
                             'Apple Braille', 'Apple                            
                             Chancery', 'Apple Color Emoji',                    
                             'Apple LiGothic', 'Apple                           
                             LiSung', 'Apple SD Gothic Neo',                    
                             'Apple Symbols', 'AppleGothic',                    
                             'AppleMyungjo', 'Arial', 'Arial                    
                             Black', 'Arial Hebrew', 'Arial                     
                             Hebrew Scholar', 'Arial                            
                             Narrow', 'Arial Rounded MT                         
                             Bold', 'Arial Unicode MS',                         
                             'Avenir', 'Avenir Next',                           
                             'Avenir Next Condensed',                           
                             'Ayuthaya', 'BIZ UDGothic',                        
                             'BIZ UDMincho', 'BM Dohyeon',                      
                             'BM Hanna 11yrs Old', 'BM Hanna                    
                             Air', 'BM Hanna Pro', 'BM Jua',                    
                             'BM Kirang Haerang', 'BM                           
                             Yeonsung', 'Baghdad', 'Bangla                      
                             MN', 'Bangla Sangam MN', 'Baoli                    
                             SC', 'Baoli TC', 'Baskerville',                    
                             'Beirut', 'BiauKaiHK',                             
                             'BiauKaiTC', 'Big Caslon',                         
                             'Bodoni 72', 'Bodoni 72                            
                             Oldstyle', 'Bodoni 72                              
                             Smallcaps', 'Bodoni Ornaments',                    
                             'Bradley Hand', 'Brush Script                      
                             MT', 'Chalkboard', 'Chalkboard                     
                             SE', 'Chalkduster', 'Charter',                     
                             'Cochin', 'Comic Sans MS',                         
                             'Copperplate', 'Corsiva                            
                             Hebrew', 'Courier New', 'DIN                       
                             Alternate', 'DIN Condensed',                       
                             'Damascus', 'DecoType Naskh',                      
                             'Devanagari MT', 'Devanagari                       
                             Sangam MN', 'Didot', 'Diwan                        
                             Kufi', 'Diwan Thuluth',                            
                             'Euphemia UCAS', 'Farah',                          
                             'Farisi', 'Futura', 'GB18030                       
                             Bitmap', 'Galvji', 'Geeza Pro',                    
                             'Geneva', 'Georgia', 'Gill                         
                             Sans', 'Grantha Sangam MN',                        
                             'Gujarati MT', 'Gujarati Sangam                    
                             MN', 'GungSeo', 'Gurmukhi MN',                     
                             'Gurmukhi MT', 'Gurmukhi Sangam                    
                             MN', 'Hannotate SC', 'Hannotate                    
                             TC', 'HanziPen SC', 'HanziPen                      
                             TC', 'HeadLineA', 'Hei', 'Heiti                    
                             SC', 'Heiti TC', 'Helvetica',                      
                             'Helvetica Neue', 'Herculanum',                    
                             'Hiragino Maru Gothic ProN',                       
                             'Hiragino Mincho ProN',                            
                             'Hiragino Sans', 'Hiragino Sans                    
                             GB', 'Hoefler Text', 'ITF                          
                             Devanagari', 'ITF Devanagari                       
                             Marathi', 'Impact',                                
                             'InaiMathi', 'Kai', 'Kailasa',                     
                             'Kaiti SC', 'Kaiti TC',                            
                             'Kannada MN', 'Kannada Sangam                      
                             MN', 'Kefa III', 'Khmer MN',                       
                             'Khmer Sangam MN', 'Klee',                         
                             'Kohinoor Bangla', 'Kohinoor                       
                             Devanagari', 'Kohinoor                             
                             Gujarati', 'Kohinoor Telugu',                      
                             'Kokonor', 'Krungthep',                            
                             'KufiStandardGK', 'LXGW                            
                             ZhenKai', 'Lantinghei SC',                         
                             'Lantinghei TC', 'Lao MN', 'Lao                    
                             Sangam MN', 'LiHei Pro',                           
                             'LiSong Pro', 'Libian SC',                         
                             'Libian TC', 'LingWai SC',                         
                             'LingWai TC', 'Lucida Grande',                     
                             'Luminari', 'Malayalam MN',                        
                             'Malayalam Sangam MN', 'Marker                     
                             Felt', 'Menlo', 'Microsoft Sans                    
                             Serif', 'Mishafi', 'Mishafi                        
                             Gold', 'Monaco', 'Monospace',                      
                             'Mshtakan', 'Mukta Mahee',                         
                             'Muna', 'Myanmar MN', 'Myanmar                     
                             Sangam MN', 'Nadeem', 'Nanum                       
                             Brush Script', 'Nanum Gothic',                     
                             'Nanum Myeongjo', 'Nanum Pen                       
                             Script', 'New Peninim MT',                         
                             'Noteworthy', 'Noto Nastaliq                       
                             Urdu', 'Noto Sans Batak', 'Noto                    
                             Sans Kannada', 'Noto Sans                          
                             Myanmar', 'Noto Sans NKo',                         
                             'Noto Sans Oriya', 'Noto Sans                      
                             Syriac', 'Noto Sans Tagalog',                      
                             'Noto Serif Myanmar', 'Optima',                    
                             'Oriya MN', 'Oriya Sangam MN',                     
                             'Osaka', 'PCMyungjo', 'PT                          
                             Mono', 'PT Sans', 'PT Sans                         
                             Caption', 'PT Sans Narrow', 'PT                    
                             Serif', 'PT Serif Caption',                        
                             'Palatino', 'Papyrus', 'Party                      
                             LET', 'Phosphate', 'PilGi',                        
                             'PingFang HK', 'PingFang MO',                      
                             'PingFang SC', 'PingFang TC',                      
                             'Plantagenet Cherokee',                            
                             'Raanana', 'Rockwell',                             
                             'STFangsong', 'STHeiti', 'STIX                     
                             Two Math', 'STIX Two Text',                        
                             'STKaiti', 'STSong', 'Sana',                       
                             'Sans', 'Sathu', 'Savoye LET',                     
                             'Serif', 'Shree Devanagari                         
                             714', 'SignPainter', 'Silom',                      
                             'SimSong', 'Sinhala MN',                           
                             'Sinhala Sangam MN', 'Skia',                       
                             'Snell Roundhand', 'Songti SC',                    
                             'Songti TC', 'Sukhumvit Set',                      
                             'Symbol', 'Tahoma', 'Tamil MN',                    
                             'Tamil Sangam MN', 'Telugu MN',                    
                             'Telugu Sangam MN', 'Thonburi',                    
                             'Times New Roman', 'Toppan                         
                             Bunkyu Gothic', 'Toppan Bunkyu                     
                             Midashi Gothic', 'Toppan Bunkyu                    
                             Midashi Mincho', 'Toppan Bunkyu                    
                             Mincho', 'Trattatello',                            
                             'Trebuchet MS', 'Tsukushi A                        
                             Round Gothic', 'Tsukushi B                         
                             Round Gothic', 'Verdana',                          
                             'Waseem', 'Wawati SC', 'Wawati                     
                             TC', 'Webdings', 'Weibei SC',                      
                             'Weibei TC', 'Wingdings',                          
                             'Wingdings 2', 'Wingdings 3',                      
                             'Xingkai SC', 'Xingkai TC',                        
                             'YuGothic', 'YuKyokasho',                          
                             'YuKyokasho Yoko', 'YuMincho',                     
                             'YuMincho +36p Kana', 'Yuanti                      
                             SC', 'Yuanti TC', 'Yuppy SC',                      
                             'Yuppy TC', 'Zapf Dingbats',                       
                             'Zapfino', 'cursive',                              
                             'fantasy', 'system-ui'].                           
                    INFO     Animation 49 : Using cached    cairo_renderer.py:94
                             data (hash :                                       
                             656162490_2363737169_372682667                     
                             8)                                                 
Animation 49: FadeIn(VGroup of 2 submobjects):   0%|          | 0/1 [00:00<?, ?it/s]                                                                                                        WARNING  Font Noto Sans CJK SC not in    text_mobject.py:464
                             ['.AppleSystemUIFont', 'Academy                    
                             Engraved LET', 'Al Bayan', 'Al                     
                             Nile', 'Al Tarikh', 'American                      
                             Typewriter', 'Andale Mono',                        
                             'Apple Braille', 'Apple                            
                             Chancery', 'Apple Color Emoji',                    
                             'Apple LiGothic', 'Apple                           
                             LiSung', 'Apple SD Gothic Neo',                    
                             'Apple Symbols', 'AppleGothic',                    
                             'AppleMyungjo', 'Arial', 'Arial                    
                             Black', 'Arial Hebrew', 'Arial                     
                             Hebrew Scholar', 'Arial                            
                             Narrow', 'Arial Rounded MT                         
                             Bold', 'Arial Unicode MS',                         
                             'Avenir', 'Avenir Next',                           
                             'Avenir Next Condensed',                           
                             'Ayuthaya', 'BIZ UDGothic',                        
                             'BIZ UDMincho', 'BM Dohyeon',                      
                             'BM Hanna 11yrs Old', 'BM Hanna                    
                             Air', 'BM Hanna Pro', 'BM Jua',                    
                             'BM Kirang Haerang', 'BM                           
                             Yeonsung', 'Baghdad', 'Bangla                      
                             MN', 'Bangla Sangam MN', 'Baoli                    
                             SC', 'Baoli TC', 'Baskerville',                    
                             'Beirut', 'BiauKaiHK',                             
                             'BiauKaiTC', 'Big Caslon',                         
                             'Bodoni 72', 'Bodoni 72                            
                             Oldstyle', 'Bodoni 72                              
                             Smallcaps', 'Bodoni Ornaments',                    
                             'Bradley Hand', 'Brush Script                      
                             MT', 'Chalkboard', 'Chalkboard                     
                             SE', 'Chalkduster', 'Charter',                     
                             'Cochin', 'Comic Sans MS',                         
                             'Copperplate', 'Corsiva                            
                             Hebrew', 'Courier New', 'DIN                       
                             Alternate', 'DIN Condensed',                       
                             'Damascus', 'DecoType Naskh',                      
                             'Devanagari MT', 'Devanagari                       
                             Sangam MN', 'Didot', 'Diwan                        
                             Kufi', 'Diwan Thuluth',                            
                             'Euphemia UCAS', 'Farah',                          
                             'Farisi', 'Futura', 'GB18030                       
                             Bitmap', 'Galvji', 'Geeza Pro',                    
                             'Geneva', 'Georgia', 'Gill                         
                             Sans', 'Grantha Sangam MN',                        
                             'Gujarati MT', 'Gujarati Sangam                    
                             MN', 'GungSeo', 'Gurmukhi MN',                     
                             'Gurmukhi MT', 'Gurmukhi Sangam                    
                             MN', 'Hannotate SC', 'Hannotate                    
                             TC', 'HanziPen SC', 'HanziPen                      
                             TC', 'HeadLineA', 'Hei', 'Heiti                    
                             SC', 'Heiti TC', 'Helvetica',                      
                             'Helvetica Neue', 'Herculanum',                    
                             'Hiragino Maru Gothic ProN',                       
                             'Hiragino Mincho ProN',                            
                             'Hiragino Sans', 'Hiragino Sans                    
                             GB', 'Hoefler Text', 'ITF                          
                             Devanagari', 'ITF Devanagari                       
                             Marathi', 'Impact',                                
                             'InaiMathi', 'Kai', 'Kailasa',                     
                             'Kaiti SC', 'Kaiti TC',                            
                             'Kannada MN', 'Kannada Sangam                      
                             MN', 'Kefa III', 'Khmer MN',                       
                             'Khmer Sangam MN', 'Klee',                         
                             'Kohinoor Bangla', 'Kohinoor                       
                             Devanagari', 'Kohinoor                             
                             Gujarati', 'Kohinoor Telugu',                      
                             'Kokonor', 'Krungthep',                            
                             'KufiStandardGK', 'LXGW                            
                             ZhenKai', 'Lantinghei SC',                         
                             'Lantinghei TC', 'Lao MN', 'Lao                    
                             Sangam MN', 'LiHei Pro',                           
                             'LiSong Pro', 'Libian SC',                         
                             'Libian TC', 'LingWai SC',                         
                             'LingWai TC', 'Lucida Grande',                     
                             'Luminari', 'Malayalam MN',                        
                             'Malayalam Sangam MN', 'Marker                     
                             Felt', 'Menlo', 'Microsoft Sans                    
                             Serif', 'Mishafi', 'Mishafi                        
                             Gold', 'Monaco', 'Monospace',                      
                             'Mshtakan', 'Mukta Mahee',                         
                             'Muna', 'Myanmar MN', 'Myanmar                     
                             Sangam MN', 'Nadeem', 'Nanum                       
                             Brush Script', 'Nanum Gothic',                     
                             'Nanum Myeongjo', 'Nanum Pen                       
                             Script', 'New Peninim MT',                         
                             'Noteworthy', 'Noto Nastaliq                       
                             Urdu', 'Noto Sans Batak', 'Noto                    
                             Sans Kannada', 'Noto Sans                          
                             Myanmar', 'Noto Sans NKo',                         
                             'Noto Sans Oriya', 'Noto Sans                      
                             Syriac', 'Noto Sans Tagalog',                      
                             'Noto Serif Myanmar', 'Optima',                    
                             'Oriya MN', 'Oriya Sangam MN',                     
                             'Osaka', 'PCMyungjo', 'PT                          
                             Mono', 'PT Sans', 'PT Sans                         
                             Caption', 'PT Sans Narrow', 'PT                    
                             Serif', 'PT Serif Caption',                        
                             'Palatino', 'Papyrus', 'Party                      
                             LET', 'Phosphate', 'PilGi',                        
                             'PingFang HK', 'PingFang MO',                      
                             'PingFang SC', 'PingFang TC',                      
                             'Plantagenet Cherokee',                            
                             'Raanana', 'Rockwell',                             
                             'STFangsong', 'STHeiti', 'STIX                     
                             Two Math', 'STIX Two Text',                        
                             'STKaiti', 'STSong', 'Sana',                       
                             'Sans', 'Sathu', 'Savoye LET',                     
                             'Serif', 'Shree Devanagari                         
                             714', 'SignPainter', 'Silom',                      
                             'SimSong', 'Sinhala MN',                           
                             'Sinhala Sangam MN', 'Skia',                       
                             'Snell Roundhand', 'Songti SC',                    
                             'Songti TC', 'Sukhumvit Set',                      
                             'Symbol', 'Tahoma', 'Tamil MN',                    
                             'Tamil Sangam MN', 'Telugu MN',                    
                             'Telugu Sangam MN', 'Thonburi',                    
                             'Times New Roman', 'Toppan                         
                             Bunkyu Gothic', 'Toppan Bunkyu                     
                             Midashi Gothic', 'Toppan Bunkyu                    
                             Midashi Mincho', 'Toppan Bunkyu                    
                             Mincho', 'Trattatello',                            
                             'Trebuchet MS', 'Tsukushi A                        
                             Round Gothic', 'Tsukushi B                         
                             Round Gothic', 'Verdana',                          
                             'Waseem', 'Wawati SC', 'Wawati                     
                             TC', 'Webdings', 'Weibei SC',                      
                             'Weibei TC', 'Wingdings',                          
                             'Wingdings 2', 'Wingdings 3',                      
                             'Xingkai SC', 'Xingkai TC',                        
                             'YuGothic', 'YuKyokasho',                          
                             'YuKyokasho Yoko', 'YuMincho',                     
                             'YuMincho +36p Kana', 'Yuanti                      
                             SC', 'Yuanti TC', 'Yuppy SC',                      
                             'Yuppy TC', 'Zapf Dingbats',                       
                             'Zapfino', 'cursive',                              
                             'fantasy', 'system-ui'].                           
[02/27/26 11:42:49] INFO     Animation 50 : Using cached    cairo_renderer.py:94
                             data (hash :                                       
                             656162490_627725349_4291172174                     
                             )                                                  
Animation 50: FadeIn(Text('只有 tan 为正!')):   0%|          | 0/1 [00:00<?, ?it/s]                                                                                                       INFO     Animation 51 : Using cached    cairo_renderer.py:94
                             data (hash :                                       
                             656162490_3366045169_59821573)                     
                    INFO     Animation 52 : Using cached    cairo_renderer.py:94
                             data (hash :                                       
                             656162490_3403582952_248873537                     
                             8)                                                 
Animation 52: FadeOut(VGroup of 13 submobjects):   0%|          | 0/1 [00:00<?, ?it/s]                                                                                                          WARNING  Font Noto Sans CJK SC not in    text_mobject.py:464
                             ['.AppleSystemUIFont', 'Academy                    
                             Engraved LET', 'Al Bayan', 'Al                     
                             Nile', 'Al Tarikh', 'American                      
                             Typewriter', 'Andale Mono',                        
                             'Apple Braille', 'Apple                            
                             Chancery', 'Apple Color Emoji',                    
                             'Apple LiGothic', 'Apple                           
                             LiSung', 'Apple SD Gothic Neo',                    
                             'Apple Symbols', 'AppleGothic',                    
                             'AppleMyungjo', 'Arial', 'Arial                    
                             Black', 'Arial Hebrew', 'Arial                     
                             Hebrew Scholar', 'Arial                            
                             Narrow', 'Arial Rounded MT                         
                             Bold', 'Arial Unicode MS',                         
                             'Avenir', 'Avenir Next',                           
                             'Avenir Next Condensed',                           
                             'Ayuthaya', 'BIZ UDGothic',                        
                             'BIZ UDMincho', 'BM Dohyeon',                      
                             'BM Hanna 11yrs Old', 'BM Hanna                    
                             Air', 'BM Hanna Pro', 'BM Jua',                    
                             'BM Kirang Haerang', 'BM                           
                             Yeonsung', 'Baghdad', 'Bangla                      
                             MN', 'Bangla Sangam MN', 'Baoli                    
                             SC', 'Baoli TC', 'Baskerville',                    
                             'Beirut', 'BiauKaiHK',                             
                             'BiauKaiTC', 'Big Caslon',                         
                             'Bodoni 72', 'Bodoni 72                            
                             Oldstyle', 'Bodoni 72                              
                             Smallcaps', 'Bodoni Ornaments',                    
                             'Bradley Hand', 'Brush Script                      
                             MT', 'Chalkboard', 'Chalkboard                     
                             SE', 'Chalkduster', 'Charter',                     
                             'Cochin', 'Comic Sans MS',                         
                             'Copperplate', 'Corsiva                            
                             Hebrew', 'Courier New', 'DIN                       
                             Alternate', 'DIN Condensed',                       
                             'Damascus', 'DecoType Naskh',                      
                             'Devanagari MT', 'Devanagari                       
                             Sangam MN', 'Didot', 'Diwan                        
                             Kufi', 'Diwan Thuluth',                            
                             'Euphemia UCAS', 'Farah',                          
                             'Farisi', 'Futura', 'GB18030                       
                             Bitmap', 'Galvji', 'Geeza Pro',                    
                             'Geneva', 'Georgia', 'Gill                         
                             Sans', 'Grantha Sangam MN',                        
                             'Gujarati MT', 'Gujarati Sangam                    
                             MN', 'GungSeo', 'Gurmukhi MN',                     
                             'Gurmukhi MT', 'Gurmukhi Sangam                    
                             MN', 'Hannotate SC', 'Hannotate                    
                             TC', 'HanziPen SC', 'HanziPen                      
                             TC', 'HeadLineA', 'Hei', 'Heiti                    
                             SC', 'Heiti TC', 'Helvetica',                      
                             'Helvetica Neue', 'Herculanum',                    
                             'Hiragino Maru Gothic ProN',                       
                             'Hiragino Mincho ProN',                            
                             'Hiragino Sans', 'Hiragino Sans                    
                             GB', 'Hoefler Text', 'ITF                          
                             Devanagari', 'ITF Devanagari                       
                             Marathi', 'Impact',                                
                             'InaiMathi', 'Kai', 'Kailasa',                     
                             'Kaiti SC', 'Kaiti TC',                            
                             'Kannada MN', 'Kannada Sangam                      
                             MN', 'Kefa III', 'Khmer MN',                       
                             'Khmer Sangam MN', 'Klee',                         
                             'Kohinoor Bangla', 'Kohinoor                       
                             Devanagari', 'Kohinoor                             
                             Gujarati', 'Kohinoor Telugu',                      
                             'Kokonor', 'Krungthep',                            
                             'KufiStandardGK', 'LXGW                            
                             ZhenKai', 'Lantinghei SC',                         
                             'Lantinghei TC', 'Lao MN', 'Lao                    
                             Sangam MN', 'LiHei Pro',                           
                             'LiSong Pro', 'Libian SC',                         
                             'Libian TC', 'LingWai SC',                         
                             'LingWai TC', 'Lucida Grande',                     
                             'Luminari', 'Malayalam MN',                        
                             'Malayalam Sangam MN', 'Marker                     
                             Felt', 'Menlo', 'Microsoft Sans                    
                             Serif', 'Mishafi', 'Mishafi                        
                             Gold', 'Monaco', 'Monospace',                      
                             'Mshtakan', 'Mukta Mahee',                         
                             'Muna', 'Myanmar MN', 'Myanmar                     
                             Sangam MN', 'Nadeem', 'Nanum                       
                             Brush Script', 'Nanum Gothic',                     
                             'Nanum Myeongjo', 'Nanum Pen                       
                             Script', 'New Peninim MT',                         
                             'Noteworthy', 'Noto Nastaliq                       
                             Urdu', 'Noto Sans Batak', 'Noto                    
                             Sans Kannada', 'Noto Sans                          
                             Myanmar', 'Noto Sans NKo',                         
                             'Noto Sans Oriya', 'Noto Sans                      
                             Syriac', 'Noto Sans Tagalog',                      
                             'Noto Serif Myanmar', 'Optima',                    
                             'Oriya MN', 'Oriya Sangam MN',                     
                             'Osaka', 'PCMyungjo', 'PT                          
                             Mono', 'PT Sans', 'PT Sans                         
                             Caption', 'PT Sans Narrow', 'PT                    
                             Serif', 'PT Serif Caption',                        
                             'Palatino', 'Papyrus', 'Party                      
                             LET', 'Phosphate', 'PilGi',                        
                             'PingFang HK', 'PingFang MO',                      
                             'PingFang SC', 'PingFang TC',                      
                             'Plantagenet Cherokee',                            
                             'Raanana', 'Rockwell',                             
                             'STFangsong', 'STHeiti', 'STIX                     
                             Two Math', 'STIX Two Text',                        
                             'STKaiti', 'STSong', 'Sana',                       
                             'Sans', 'Sathu', 'Savoye LET',                     
                             'Serif', 'Shree Devanagari                         
                             714', 'SignPainter', 'Silom',                      
                             'SimSong', 'Sinhala MN',                           
                             'Sinhala Sangam MN', 'Skia',                       
                             'Snell Roundhand', 'Songti SC',                    
                             'Songti TC', 'Sukhumvit Set',                      
                             'Symbol', 'Tahoma', 'Tamil MN',                    
                             'Tamil Sangam MN', 'Telugu MN',                    
                             'Telugu Sangam MN', 'Thonburi',                    
                             'Times New Roman', 'Toppan                         
                             Bunkyu Gothic', 'Toppan Bunkyu                     
                             Midashi Gothic', 'Toppan Bunkyu                    
                             Midashi Mincho', 'Toppan Bunkyu                    
                             Mincho', 'Trattatello',                            
                             'Trebuchet MS', 'Tsukushi A                        
                             Round Gothic', 'Tsukushi B                         
                             Round Gothic', 'Verdana',                          
                             'Waseem', 'Wawati SC', 'Wawati                     
                             TC', 'Webdings', 'Weibei SC',                      
                             'Weibei TC', 'Wingdings',                          
                             'Wingdings 2', 'Wingdings 3',                      
                             'Xingkai SC', 'Xingkai TC',                        
                             'YuGothic', 'YuKyokasho',                          
                             'YuKyokasho Yoko', 'YuMincho',                     
                             'YuMincho +36p Kana', 'Yuanti                      
                             SC', 'Yuanti TC', 'Yuppy SC',                      
                             'Yuppy TC', 'Zapf Dingbats',                       
                             'Zapfino', 'cursive',                              
                             'fantasy', 'system-ui'].                           
[02/27/26 11:42:50] INFO     Animation 53 : Using cached    cairo_renderer.py:94
                             data (hash :                                       
                             656162490_3700790445_267395843                     
                             )                                                  
Animation 53: FadeIn(Text('第四象限 (270° < α < 360°)')):   0%|          | 0/1 [00:00<?, ?it/s]                                                                                                                   INFO     Animation 54 : Using cached    cairo_renderer.py:94
                             data (hash :                                       
                             656162490_769823168_1453475931                     
                             )                                                  
Animation 54: FadeIn(Polygon):   0%|          | 0/1 [00:00<?, ?it/s]                                                                                        INFO     Animation 55 : Using cached    cairo_renderer.py:94
                             data (hash :                                       
                             656162490_2990810666_406830926                     
                             5)                                                 
Animation 55: Create(Arc), etc.:   0%|          | 0/1 [00:00<?, ?it/s]                                                                                          INFO     Animation 56 : Using cached    cairo_renderer.py:94
                             data (hash :                                       
                             656162490_3516894113_112067738                     
                             8)                                                 
Animation 56: Create(Line), etc.:   0%|          | 0/1 [00:00<?, ?it/s]                                                                       [02/27/26 11:42:51] INFO     Animation 57 : Using cached    cairo_renderer.py:94
                             data (hash :                                       
                             656162490_167841403_3046107254                     
                             )                                                  
Animation 57: Create(DashedLine), etc.:   0%|          | 0/1 [00:00<?, ?it/s]                                                                                                 INFO     Animation 58 : Using cached    cairo_renderer.py:94
                             data (hash :                                       
                             656162490_2966003965_55661020)                     
Animation 58: Write(MathTex('x > 0')), etc.:   0%|          | 0/1 [00:00<?, ?it/s]                                                                                                      WARNING  Font Noto Sans CJK SC not in    text_mobject.py:464
                             ['.AppleSystemUIFont', 'Academy                    
                             Engraved LET', 'Al Bayan', 'Al                     
                             Nile', 'Al Tarikh', 'American                      
                             Typewriter', 'Andale Mono',                        
                             'Apple Braille', 'Apple                            
                             Chancery', 'Apple Color Emoji',                    
                             'Apple LiGothic', 'Apple                           
                             LiSung', 'Apple SD Gothic Neo',                    
                             'Apple Symbols', 'AppleGothic',                    
                             'AppleMyungjo', 'Arial', 'Arial                    
                             Black', 'Arial Hebrew', 'Arial                     
                             Hebrew Scholar', 'Arial                            
                             Narrow', 'Arial Rounded MT                         
                             Bold', 'Arial Unicode MS',                         
                             'Avenir', 'Avenir Next',                           
                             'Avenir Next Condensed',                           
                             'Ayuthaya', 'BIZ UDGothic',                        
                             'BIZ UDMincho', 'BM Dohyeon',                      
                             'BM Hanna 11yrs Old', 'BM Hanna                    
                             Air', 'BM Hanna Pro', 'BM Jua',                    
                             'BM Kirang Haerang', 'BM                           
                             Yeonsung', 'Baghdad', 'Bangla                      
                             MN', 'Bangla Sangam MN', 'Baoli                    
                             SC', 'Baoli TC', 'Baskerville',                    
                             'Beirut', 'BiauKaiHK',                             
                             'BiauKaiTC', 'Big Caslon',                         
                             'Bodoni 72', 'Bodoni 72                            
                             Oldstyle', 'Bodoni 72                              
                             Smallcaps', 'Bodoni Ornaments',                    
                             'Bradley Hand', 'Brush Script                      
                             MT', 'Chalkboard', 'Chalkboard                     
                             SE', 'Chalkduster', 'Charter',                     
                             'Cochin', 'Comic Sans MS',                         
                             'Copperplate', 'Corsiva                            
                             Hebrew', 'Courier New', 'DIN                       
                             Alternate', 'DIN Condensed',                       
                             'Damascus', 'DecoType Naskh',                      
                             'Devanagari MT', 'Devanagari                       
                             Sangam MN', 'Didot', 'Diwan                        
                             Kufi', 'Diwan Thuluth',                            
                             'Euphemia UCAS', 'Farah',                          
                             'Farisi', 'Futura', 'GB18030                       
                             Bitmap', 'Galvji', 'Geeza Pro',                    
                             'Geneva', 'Georgia', 'Gill                         
                             Sans', 'Grantha Sangam MN',                        
                             'Gujarati MT', 'Gujarati Sangam                    
                             MN', 'GungSeo', 'Gurmukhi MN',                     
                             'Gurmukhi MT', 'Gurmukhi Sangam                    
                             MN', 'Hannotate SC', 'Hannotate                    
                             TC', 'HanziPen SC', 'HanziPen                      
                             TC', 'HeadLineA', 'Hei', 'Heiti                    
                             SC', 'Heiti TC', 'Helvetica',                      
                             'Helvetica Neue', 'Herculanum',                    
                             'Hiragino Maru Gothic ProN',                       
                             'Hiragino Mincho ProN',                            
                             'Hiragino Sans', 'Hiragino Sans                    
                             GB', 'Hoefler Text', 'ITF                          
                             Devanagari', 'ITF Devanagari                       
                             Marathi', 'Impact',                                
                             'InaiMathi', 'Kai', 'Kailasa',                     
                             'Kaiti SC', 'Kaiti TC',                            
                             'Kannada MN', 'Kannada Sangam                      
                             MN', 'Kefa III', 'Khmer MN',                       
                             'Khmer Sangam MN', 'Klee',                         
                             'Kohinoor Bangla', 'Kohinoor                       
                             Devanagari', 'Kohinoor                             
                             Gujarati', 'Kohinoor Telugu',                      
                             'Kokonor', 'Krungthep',                            
                             'KufiStandardGK', 'LXGW                            
                             ZhenKai', 'Lantinghei SC',                         
                             'Lantinghei TC', 'Lao MN', 'Lao                    
                             Sangam MN', 'LiHei Pro',                           
                             'LiSong Pro', 'Libian SC',                         
                             'Libian TC', 'LingWai SC',                         
                             'LingWai TC', 'Lucida Grande',                     
                             'Luminari', 'Malayalam MN',                        
                             'Malayalam Sangam MN', 'Marker                     
                             Felt', 'Menlo', 'Microsoft Sans                    
                             Serif', 'Mishafi', 'Mishafi                        
                             Gold', 'Monaco', 'Monospace',                      
                             'Mshtakan', 'Mukta Mahee',                         
                             'Muna', 'Myanmar MN', 'Myanmar                     
                             Sangam MN', 'Nadeem', 'Nanum                       
                             Brush Script', 'Nanum Gothic',                     
                             'Nanum Myeongjo', 'Nanum Pen                       
                             Script', 'New Peninim MT',                         
                             'Noteworthy', 'Noto Nastaliq                       
                             Urdu', 'Noto Sans Batak', 'Noto                    
                             Sans Kannada', 'Noto Sans                          
                             Myanmar', 'Noto Sans NKo',                         
                             'Noto Sans Oriya', 'Noto Sans                      
                             Syriac', 'Noto Sans Tagalog',                      
                             'Noto Serif Myanmar', 'Optima',                    
                             'Oriya MN', 'Oriya Sangam MN',                     
                             'Osaka', 'PCMyungjo', 'PT                          
                             Mono', 'PT Sans', 'PT Sans                         
                             Caption', 'PT Sans Narrow', 'PT                    
                             Serif', 'PT Serif Caption',                        
                             'Palatino', 'Papyrus', 'Party                      
                             LET', 'Phosphate', 'PilGi',                        
                             'PingFang HK', 'PingFang MO',                      
                             'PingFang SC', 'PingFang TC',                      
                             'Plantagenet Cherokee',                            
                             'Raanana', 'Rockwell',                             
                             'STFangsong', 'STHeiti', 'STIX                     
                             Two Math', 'STIX Two Text',                        
                             'STKaiti', 'STSong', 'Sana',                       
                             'Sans', 'Sathu', 'Savoye LET',                     
                             'Serif', 'Shree Devanagari                         
                             714', 'SignPainter', 'Silom',                      
                             'SimSong', 'Sinhala MN',                           
                             'Sinhala Sangam MN', 'Skia',                       
                             'Snell Roundhand', 'Songti SC',                    
                             'Songti TC', 'Sukhumvit Set',                      
                             'Symbol', 'Tahoma', 'Tamil MN',                    
                             'Tamil Sangam MN', 'Telugu MN',                    
                             'Telugu Sangam MN', 'Thonburi',                    
                             'Times New Roman', 'Toppan                         
                             Bunkyu Gothic', 'Toppan Bunkyu                     
                             Midashi Gothic', 'Toppan Bunkyu                    
                             Midashi Mincho', 'Toppan Bunkyu                    
                             Mincho', 'Trattatello',                            
                             'Trebuchet MS', 'Tsukushi A                        
                             Round Gothic', 'Tsukushi B                         
                             Round Gothic', 'Verdana',                          
                             'Waseem', 'Wawati SC', 'Wawati                     
                             TC', 'Webdings', 'Weibei SC',                      
                             'Weibei TC', 'Wingdings',                          
                             'Wingdings 2', 'Wingdings 3',                      
                             'Xingkai SC', 'Xingkai TC',                        
                             'YuGothic', 'YuKyokasho',                          
                             'YuKyokasho Yoko', 'YuMincho',                     
                             'YuMincho +36p Kana', 'Yuanti                      
                             SC', 'Yuanti TC', 'Yuppy SC',                      
                             'Yuppy TC', 'Zapf Dingbats',                       
                             'Zapfino', 'cursive',                              
                             'fantasy', 'system-ui'].                           
                    INFO     Animation 59 : Using cached    cairo_renderer.py:94
                             data (hash :                                       
                             656162490_36758423_354096015)                      
Animation 59: FadeIn(VGroup of 2 submobjects):   0%|          | 0/1 [00:00<?, ?it/s]                                                                                                        WARNING  Font Noto Sans CJK SC not in    text_mobject.py:464
                             ['.AppleSystemUIFont', 'Academy                    
                             Engraved LET', 'Al Bayan', 'Al                     
                             Nile', 'Al Tarikh', 'American                      
                             Typewriter', 'Andale Mono',                        
                             'Apple Braille', 'Apple                            
                             Chancery', 'Apple Color Emoji',                    
                             'Apple LiGothic', 'Apple                           
                             LiSung', 'Apple SD Gothic Neo',                    
                             'Apple Symbols', 'AppleGothic',                    
                             'AppleMyungjo', 'Arial', 'Arial                    
                             Black', 'Arial Hebrew', 'Arial                     
                             Hebrew Scholar', 'Arial                            
                             Narrow', 'Arial Rounded MT                         
                             Bold', 'Arial Unicode MS',                         
                             'Avenir', 'Avenir Next',                           
                             'Avenir Next Condensed',                           
                             'Ayuthaya', 'BIZ UDGothic',                        
                             'BIZ UDMincho', 'BM Dohyeon',                      
                             'BM Hanna 11yrs Old', 'BM Hanna                    
                             Air', 'BM Hanna Pro', 'BM Jua',                    
                             'BM Kirang Haerang', 'BM                           
                             Yeonsung', 'Baghdad', 'Bangla                      
                             MN', 'Bangla Sangam MN', 'Baoli                    
                             SC', 'Baoli TC', 'Baskerville',                    
                             'Beirut', 'BiauKaiHK',                             
                             'BiauKaiTC', 'Big Caslon',                         
                             'Bodoni 72', 'Bodoni 72                            
                             Oldstyle', 'Bodoni 72                              
                             Smallcaps', 'Bodoni Ornaments',                    
                             'Bradley Hand', 'Brush Script                      
                             MT', 'Chalkboard', 'Chalkboard                     
                             SE', 'Chalkduster', 'Charter',                     
                             'Cochin', 'Comic Sans MS',                         
                             'Copperplate', 'Corsiva                            
                             Hebrew', 'Courier New', 'DIN                       
                             Alternate', 'DIN Condensed',                       
                             'Damascus', 'DecoType Naskh',                      
                             'Devanagari MT', 'Devanagari                       
                             Sangam MN', 'Didot', 'Diwan                        
                             Kufi', 'Diwan Thuluth',                            
                             'Euphemia UCAS', 'Farah',                          
                             'Farisi', 'Futura', 'GB18030                       
                             Bitmap', 'Galvji', 'Geeza Pro',                    
                             'Geneva', 'Georgia', 'Gill                         
                             Sans', 'Grantha Sangam MN',                        
                             'Gujarati MT', 'Gujarati Sangam                    
                             MN', 'GungSeo', 'Gurmukhi MN',                     
                             'Gurmukhi MT', 'Gurmukhi Sangam                    
                             MN', 'Hannotate SC', 'Hannotate                    
                             TC', 'HanziPen SC', 'HanziPen                      
                             TC', 'HeadLineA', 'Hei', 'Heiti                    
                             SC', 'Heiti TC', 'Helvetica',                      
                             'Helvetica Neue', 'Herculanum',                    
                             'Hiragino Maru Gothic ProN',                       
                             'Hiragino Mincho ProN',                            
                             'Hiragino Sans', 'Hiragino Sans                    
                             GB', 'Hoefler Text', 'ITF                          
                             Devanagari', 'ITF Devanagari                       
                             Marathi', 'Impact',                                
                             'InaiMathi', 'Kai', 'Kailasa',                     
                             'Kaiti SC', 'Kaiti TC',                            
                             'Kannada MN', 'Kannada Sangam                      
                             MN', 'Kefa III', 'Khmer MN',                       
                             'Khmer Sangam MN', 'Klee',                         
                             'Kohinoor Bangla', 'Kohinoor                       
                             Devanagari', 'Kohinoor                             
                             Gujarati', 'Kohinoor Telugu',                      
                             'Kokonor', 'Krungthep',                            
                             'KufiStandardGK', 'LXGW                            
                             ZhenKai', 'Lantinghei SC',                         
                             'Lantinghei TC', 'Lao MN', 'Lao                    
                             Sangam MN', 'LiHei Pro',                           
                             'LiSong Pro', 'Libian SC',                         
                             'Libian TC', 'LingWai SC',                         
                             'LingWai TC', 'Lucida Grande',                     
                             'Luminari', 'Malayalam MN',                        
                             'Malayalam Sangam MN', 'Marker                     
                             Felt', 'Menlo', 'Microsoft Sans                    
                             Serif', 'Mishafi', 'Mishafi                        
                             Gold', 'Monaco', 'Monospace',                      
                             'Mshtakan', 'Mukta Mahee',                         
                             'Muna', 'Myanmar MN', 'Myanmar                     
                             Sangam MN', 'Nadeem', 'Nanum                       
                             Brush Script', 'Nanum Gothic',                     
                             'Nanum Myeongjo', 'Nanum Pen                       
                             Script', 'New Peninim MT',                         
                             'Noteworthy', 'Noto Nastaliq                       
                             Urdu', 'Noto Sans Batak', 'Noto                    
                             Sans Kannada', 'Noto Sans                          
                             Myanmar', 'Noto Sans NKo',                         
                             'Noto Sans Oriya', 'Noto Sans                      
                             Syriac', 'Noto Sans Tagalog',                      
                             'Noto Serif Myanmar', 'Optima',                    
                             'Oriya MN', 'Oriya Sangam MN',                     
                             'Osaka', 'PCMyungjo', 'PT                          
                             Mono', 'PT Sans', 'PT Sans                         
                             Caption', 'PT Sans Narrow', 'PT                    
                             Serif', 'PT Serif Caption',                        
                             'Palatino', 'Papyrus', 'Party                      
                             LET', 'Phosphate', 'PilGi',                        
                             'PingFang HK', 'PingFang MO',                      
                             'PingFang SC', 'PingFang TC',                      
                             'Plantagenet Cherokee',                            
                             'Raanana', 'Rockwell',                             
                             'STFangsong', 'STHeiti', 'STIX                     
                             Two Math', 'STIX Two Text',                        
                             'STKaiti', 'STSong', 'Sana',                       
                             'Sans', 'Sathu', 'Savoye LET',                     
                             'Serif', 'Shree Devanagari                         
                             714', 'SignPainter', 'Silom',                      
                             'SimSong', 'Sinhala MN',                           
                             'Sinhala Sangam MN', 'Skia',                       
                             'Snell Roundhand', 'Songti SC',                    
                             'Songti TC', 'Sukhumvit Set',                      
                             'Symbol', 'Tahoma', 'Tamil MN',                    
                             'Tamil Sangam MN', 'Telugu MN',                    
                             'Telugu Sangam MN', 'Thonburi',                    
                             'Times New Roman', 'Toppan                         
                             Bunkyu Gothic', 'Toppan Bunkyu                     
                             Midashi Gothic', 'Toppan Bunkyu                    
                             Midashi Mincho', 'Toppan Bunkyu                    
                             Mincho', 'Trattatello',                            
                             'Trebuchet MS', 'Tsukushi A                        
                             Round Gothic', 'Tsukushi B                         
                             Round Gothic', 'Verdana',                          
                             'Waseem', 'Wawati SC', 'Wawati                     
                             TC', 'Webdings', 'Weibei SC',                      
                             'Weibei TC', 'Wingdings',                          
                             'Wingdings 2', 'Wingdings 3',                      
                             'Xingkai SC', 'Xingkai TC',                        
                             'YuGothic', 'YuKyokasho',                          
                             'YuKyokasho Yoko', 'YuMincho',                     
                             'YuMincho +36p Kana', 'Yuanti                      
                             SC', 'Yuanti TC', 'Yuppy SC',                      
                             'Yuppy TC', 'Zapf Dingbats',                       
                             'Zapfino', 'cursive',                              
                             'fantasy', 'system-ui'].                           
[02/27/26 11:42:52] INFO     Animation 60 : Using cached    cairo_renderer.py:94
                             data (hash :                                       
                             656162490_1184770175_406374180                     
                             6)                                                 
Animation 60: FadeIn(Text('只有 cos 为正!')):   0%|          | 0/1 [00:00<?, ?it/s]                                                                                                       INFO     Animation 61 : Using cached    cairo_renderer.py:94
                             data (hash :                                       
                             656162490_3366045169_246668158                     
                             3)                                                 
                    INFO     Animation 62 : Using cached    cairo_renderer.py:94
                             data (hash :                                       
                             656162490_4101385200_329157010                     
                             )                                                  
Animation 62: FadeOut(VGroup of 13 submobjects):   0%|          | 0/1 [00:00<?, ?it/s]                                                                                      [02/27/26 11:42:53] INFO     Animation 63 : Using cached    cairo_renderer.py:94
                             data (hash :                                       
                             656162490_2032520166_297515216                     
                             2)                                                 
Animation 63: _MethodAnimation(Circle), etc.:   0%|          | 0/1 [00:00<?, ?it/s]                                                                                                       WARNING  Font Noto Sans CJK SC not in    text_mobject.py:464
                             ['.AppleSystemUIFont', 'Academy                    
                             Engraved LET', 'Al Bayan', 'Al                     
                             Nile', 'Al Tarikh', 'American                      
                             Typewriter', 'Andale Mono',                        
                             'Apple Braille', 'Apple                            
                             Chancery', 'Apple Color Emoji',                    
                             'Apple LiGothic', 'Apple                           
                             LiSung', 'Apple SD Gothic Neo',                    
                             'Apple Symbols', 'AppleGothic',                    
                             'AppleMyungjo', 'Arial', 'Arial                    
                             Black', 'Arial Hebrew', 'Arial                     
                             Hebrew Scholar', 'Arial                            
                             Narrow', 'Arial Rounded MT                         
                             Bold', 'Arial Unicode MS',                         
                             'Avenir', 'Avenir Next',                           
                             'Avenir Next Condensed',                           
                             'Ayuthaya', 'BIZ UDGothic',                        
                             'BIZ UDMincho', 'BM Dohyeon',                      
                             'BM Hanna 11yrs Old', 'BM Hanna                    
                             Air', 'BM Hanna Pro', 'BM Jua',                    
                             'BM Kirang Haerang', 'BM                           
                             Yeonsung', 'Baghdad', 'Bangla                      
                             MN', 'Bangla Sangam MN', 'Baoli                    
                             SC', 'Baoli TC', 'Baskerville',                    
                             'Beirut', 'BiauKaiHK',                             
                             'BiauKaiTC', 'Big Caslon',                         
                             'Bodoni 72', 'Bodoni 72                            
                             Oldstyle', 'Bodoni 72                              
                             Smallcaps', 'Bodoni Ornaments',                    
                             'Bradley Hand', 'Brush Script                      
                             MT', 'Chalkboard', 'Chalkboard                     
                             SE', 'Chalkduster', 'Charter',                     
                             'Cochin', 'Comic Sans MS',                         
                             'Copperplate', 'Corsiva                            
                             Hebrew', 'Courier New', 'DIN                       
                             Alternate', 'DIN Condensed',                       
                             'Damascus', 'DecoType Naskh',                      
                             'Devanagari MT', 'Devanagari                       
                             Sangam MN', 'Didot', 'Diwan                        
                             Kufi', 'Diwan Thuluth',                            
                             'Euphemia UCAS', 'Farah',                          
                             'Farisi', 'Futura', 'GB18030                       
                             Bitmap', 'Galvji', 'Geeza Pro',                    
                             'Geneva', 'Georgia', 'Gill                         
                             Sans', 'Grantha Sangam MN',                        
                             'Gujarati MT', 'Gujarati Sangam                    
                             MN', 'GungSeo', 'Gurmukhi MN',                     
                             'Gurmukhi MT', 'Gurmukhi Sangam                    
                             MN', 'Hannotate SC', 'Hannotate                    
                             TC', 'HanziPen SC', 'HanziPen                      
                             TC', 'HeadLineA', 'Hei', 'Heiti                    
                             SC', 'Heiti TC', 'Helvetica',                      
                             'Helvetica Neue', 'Herculanum',                    
                             'Hiragino Maru Gothic ProN',                       
                             'Hiragino Mincho ProN',                            
                             'Hiragino Sans', 'Hiragino Sans                    
                             GB', 'Hoefler Text', 'ITF                          
                             Devanagari', 'ITF Devanagari                       
                             Marathi', 'Impact',                                
                             'InaiMathi', 'Kai', 'Kailasa',                     
                             'Kaiti SC', 'Kaiti TC',                            
                             'Kannada MN', 'Kannada Sangam                      
                             MN', 'Kefa III', 'Khmer MN',                       
                             'Khmer Sangam MN', 'Klee',                         
                             'Kohinoor Bangla', 'Kohinoor                       
                             Devanagari', 'Kohinoor                             
                             Gujarati', 'Kohinoor Telugu',                      
                             'Kokonor', 'Krungthep',                            
                             'KufiStandardGK', 'LXGW                            
                             ZhenKai', 'Lantinghei SC',                         
                             'Lantinghei TC', 'Lao MN', 'Lao                    
                             Sangam MN', 'LiHei Pro',                           
                             'LiSong Pro', 'Libian SC',                         
                             'Libian TC', 'LingWai SC',                         
                             'LingWai TC', 'Lucida Grande',                     
                             'Luminari', 'Malayalam MN',                        
                             'Malayalam Sangam MN', 'Marker                     
                             Felt', 'Menlo', 'Microsoft Sans                    
                             Serif', 'Mishafi', 'Mishafi                        
                             Gold', 'Monaco', 'Monospace',                      
                             'Mshtakan', 'Mukta Mahee',                         
                             'Muna', 'Myanmar MN', 'Myanmar                     
                             Sangam MN', 'Nadeem', 'Nanum                       
                             Brush Script', 'Nanum Gothic',                     
                             'Nanum Myeongjo', 'Nanum Pen                       
                             Script', 'New Peninim MT',                         
                             'Noteworthy', 'Noto Nastaliq                       
                             Urdu', 'Noto Sans Batak', 'Noto                    
                             Sans Kannada', 'Noto Sans                          
                             Myanmar', 'Noto Sans NKo',                         
                             'Noto Sans Oriya', 'Noto Sans                      
                             Syriac', 'Noto Sans Tagalog',                      
                             'Noto Serif Myanmar', 'Optima',                    
                             'Oriya MN', 'Oriya Sangam MN',                     
                             'Osaka', 'PCMyungjo', 'PT                          
                             Mono', 'PT Sans', 'PT Sans                         
                             Caption', 'PT Sans Narrow', 'PT                    
                             Serif', 'PT Serif Caption',                        
                             'Palatino', 'Papyrus', 'Party                      
                             LET', 'Phosphate', 'PilGi',                        
                             'PingFang HK', 'PingFang MO',                      
                             'PingFang SC', 'PingFang TC',                      
                             'Plantagenet Cherokee',                            
                             'Raanana', 'Rockwell',                             
                             'STFangsong', 'STHeiti', 'STIX                     
                             Two Math', 'STIX Two Text',                        
                             'STKaiti', 'STSong', 'Sana',                       
                             'Sans', 'Sathu', 'Savoye LET',                     
                             'Serif', 'Shree Devanagari                         
                             714', 'SignPainter', 'Silom',                      
                             'SimSong', 'Sinhala MN',                           
                             'Sinhala Sangam MN', 'Skia',                       
                             'Snell Roundhand', 'Songti SC',                    
                             'Songti TC', 'Sukhumvit Set',                      
                             'Symbol', 'Tahoma', 'Tamil MN',                    
                             'Tamil Sangam MN', 'Telugu MN',                    
                             'Telugu Sangam MN', 'Thonburi',                    
                             'Times New Roman', 'Toppan                         
                             Bunkyu Gothic', 'Toppan Bunkyu                     
                             Midashi Gothic', 'Toppan Bunkyu                    
                             Midashi Mincho', 'Toppan Bunkyu                    
                             Mincho', 'Trattatello',                            
                             'Trebuchet MS', 'Tsukushi A                        
                             Round Gothic', 'Tsukushi B                         
                             Round Gothic', 'Verdana',                          
                             'Waseem', 'Wawati SC', 'Wawati                     
                             TC', 'Webdings', 'Weibei SC',                      
                             'Weibei TC', 'Wingdings',                          
                             'Wingdings 2', 'Wingdings 3',                      
                             'Xingkai SC', 'Xingkai TC',                        
                             'YuGothic', 'YuKyokasho',                          
                             'YuKyokasho Yoko', 'YuMincho',                     
                             'YuMincho +36p Kana', 'Yuanti                      
                             SC', 'Yuanti TC', 'Yuppy SC',                      
                             'Yuppy TC', 'Zapf Dingbats',                       
                             'Zapfino', 'cursive',                              
                             'fantasy', 'system-ui'].                           
                    INFO     Animation 64 : Using cached    cairo_renderer.py:94
                             data (hash :                                       
                             656162490_1828050277_270684692                     
                             6)                                                 
Animation 64: FadeIn(Text('记忆口诀')):   0%|          | 0/1 [00:00<?, ?it/s]                                                                                                 WARNING  Font Noto Sans CJK SC not in    text_mobject.py:464
                             ['.AppleSystemUIFont', 'Academy                    
                             Engraved LET', 'Al Bayan', 'Al                     
                             Nile', 'Al Tarikh', 'American                      
                             Typewriter', 'Andale Mono',                        
                             'Apple Braille', 'Apple                            
                             Chancery', 'Apple Color Emoji',                    
                             'Apple LiGothic', 'Apple                           
                             LiSung', 'Apple SD Gothic Neo',                    
                             'Apple Symbols', 'AppleGothic',                    
                             'AppleMyungjo', 'Arial', 'Arial                    
                             Black', 'Arial Hebrew', 'Arial                     
                             Hebrew Scholar', 'Arial                            
                             Narrow', 'Arial Rounded MT                         
                             Bold', 'Arial Unicode MS',                         
                             'Avenir', 'Avenir Next',                           
                             'Avenir Next Condensed',                           
                             'Ayuthaya', 'BIZ UDGothic',                        
                             'BIZ UDMincho', 'BM Dohyeon',                      
                             'BM Hanna 11yrs Old', 'BM Hanna                    
                             Air', 'BM Hanna Pro', 'BM Jua',                    
                             'BM Kirang Haerang', 'BM                           
                             Yeonsung', 'Baghdad', 'Bangla                      
                             MN', 'Bangla Sangam MN', 'Baoli                    
                             SC', 'Baoli TC', 'Baskerville',                    
                             'Beirut', 'BiauKaiHK',                             
                             'BiauKaiTC', 'Big Caslon',                         
                             'Bodoni 72', 'Bodoni 72                            
                             Oldstyle', 'Bodoni 72                              
                             Smallcaps', 'Bodoni Ornaments',                    
                             'Bradley Hand', 'Brush Script                      
                             MT', 'Chalkboard', 'Chalkboard                     
                             SE', 'Chalkduster', 'Charter',                     
                             'Cochin', 'Comic Sans MS',                         
                             'Copperplate', 'Corsiva                            
                             Hebrew', 'Courier New', 'DIN                       
                             Alternate', 'DIN Condensed',                       
                             'Damascus', 'DecoType Naskh',                      
                             'Devanagari MT', 'Devanagari                       
                             Sangam MN', 'Didot', 'Diwan                        
                             Kufi', 'Diwan Thuluth',                            
                             'Euphemia UCAS', 'Farah',                          
                             'Farisi', 'Futura', 'GB18030                       
                             Bitmap', 'Galvji', 'Geeza Pro',                    
                             'Geneva', 'Georgia', 'Gill                         
                             Sans', 'Grantha Sangam MN',                        
                             'Gujarati MT', 'Gujarati Sangam                    
                             MN', 'GungSeo', 'Gurmukhi MN',                     
                             'Gurmukhi MT', 'Gurmukhi Sangam                    
                             MN', 'Hannotate SC', 'Hannotate                    
                             TC', 'HanziPen SC', 'HanziPen                      
                             TC', 'HeadLineA', 'Hei', 'Heiti                    
                             SC', 'Heiti TC', 'Helvetica',                      
                             'Helvetica Neue', 'Herculanum',                    
                             'Hiragino Maru Gothic ProN',                       
                             'Hiragino Mincho ProN',                            
                             'Hiragino Sans', 'Hiragino Sans                    
                             GB', 'Hoefler Text', 'ITF                          
                             Devanagari', 'ITF Devanagari                       
                             Marathi', 'Impact',                                
                             'InaiMathi', 'Kai', 'Kailasa',                     
                             'Kaiti SC', 'Kaiti TC',                            
                             'Kannada MN', 'Kannada Sangam                      
                             MN', 'Kefa III', 'Khmer MN',                       
                             'Khmer Sangam MN', 'Klee',                         
                             'Kohinoor Bangla', 'Kohinoor                       
                             Devanagari', 'Kohinoor                             
                             Gujarati', 'Kohinoor Telugu',                      
                             'Kokonor', 'Krungthep',                            
                             'KufiStandardGK', 'LXGW                            
                             ZhenKai', 'Lantinghei SC',                         
                             'Lantinghei TC', 'Lao MN', 'Lao                    
                             Sangam MN', 'LiHei Pro',                           
                             'LiSong Pro', 'Libian SC',                         
                             'Libian TC', 'LingWai SC',                         
                             'LingWai TC', 'Lucida Grande',                     
                             'Luminari', 'Malayalam MN',                        
                             'Malayalam Sangam MN', 'Marker                     
                             Felt', 'Menlo', 'Microsoft Sans                    
                             Serif', 'Mishafi', 'Mishafi                        
                             Gold', 'Monaco', 'Monospace',                      
                             'Mshtakan', 'Mukta Mahee',                         
                             'Muna', 'Myanmar MN', 'Myanmar                     
                             Sangam MN', 'Nadeem', 'Nanum                       
                             Brush Script', 'Nanum Gothic',                     
                             'Nanum Myeongjo', 'Nanum Pen                       
                             Script', 'New Peninim MT',                         
                             'Noteworthy', 'Noto Nastaliq                       
                             Urdu', 'Noto Sans Batak', 'Noto                    
                             Sans Kannada', 'Noto Sans                          
                             Myanmar', 'Noto Sans NKo',                         
                             'Noto Sans Oriya', 'Noto Sans                      
                             Syriac', 'Noto Sans Tagalog',                      
                             'Noto Serif Myanmar', 'Optima',                    
                             'Oriya MN', 'Oriya Sangam MN',                     
                             'Osaka', 'PCMyungjo', 'PT                          
                             Mono', 'PT Sans', 'PT Sans                         
                             Caption', 'PT Sans Narrow', 'PT                    
                             Serif', 'PT Serif Caption',                        
                             'Palatino', 'Papyrus', 'Party                      
                             LET', 'Phosphate', 'PilGi',                        
                             'PingFang HK', 'PingFang MO',                      
                             'PingFang SC', 'PingFang TC',                      
                             'Plantagenet Cherokee',                            
                             'Raanana', 'Rockwell',                             
                             'STFangsong', 'STHeiti', 'STIX                     
                             Two Math', 'STIX Two Text',                        
                             'STKaiti', 'STSong', 'Sana',                       
                             'Sans', 'Sathu', 'Savoye LET',                     
                             'Serif', 'Shree Devanagari                         
                             714', 'SignPainter', 'Silom',                      
                             'SimSong', 'Sinhala MN',                           
                             'Sinhala Sangam MN', 'Skia',                       
                             'Snell Roundhand', 'Songti SC',                    
                             'Songti TC', 'Sukhumvit Set',                      
                             'Symbol', 'Tahoma', 'Tamil MN',                    
                             'Tamil Sangam MN', 'Telugu MN',                    
                             'Telugu Sangam MN', 'Thonburi',                    
                             'Times New Roman', 'Toppan                         
                             Bunkyu Gothic', 'Toppan Bunkyu                     
                             Midashi Gothic', 'Toppan Bunkyu                    
                             Midashi Mincho', 'Toppan Bunkyu                    
                             Mincho', 'Trattatello',                            
                             'Trebuchet MS', 'Tsukushi A                        
                             Round Gothic', 'Tsukushi B                         
                             Round Gothic', 'Verdana',                          
                             'Waseem', 'Wawati SC', 'Wawati                     
                             TC', 'Webdings', 'Weibei SC',                      
                             'Weibei TC', 'Wingdings',                          
                             'Wingdings 2', 'Wingdings 3',                      
                             'Xingkai SC', 'Xingkai TC',                        
                             'YuGothic', 'YuKyokasho',                          
                             'YuKyokasho Yoko', 'YuMincho',                     
                             'YuMincho +36p Kana', 'Yuanti                      
                             SC', 'Yuanti TC', 'Yuppy SC',                      
                             'Yuppy TC', 'Zapf Dingbats',                       
                             'Zapfino', 'cursive',                              
                             'fantasy', 'system-ui'].                           
                    INFO     Animation 65 : Using cached    cairo_renderer.py:94
                             data (hash :                                       
                             656162490_3010460837_149070031                     
                             3)                                                 
Animation 65: Write(Text('一全二正弦三正切四余弦')):   0%|          | 0/1 [00:00<?, ?it/s]                                                                                                              INFO     Animation 66 : Using cached    cairo_renderer.py:94
                             data (hash :                                       
                             656162490_2834709167_598126976                     
                             )                                                  
                    WARNING  Font Noto Sans CJK SC not in    text_mobject.py:464
                             ['.AppleSystemUIFont', 'Academy                    
                             Engraved LET', 'Al Bayan', 'Al                     
                             Nile', 'Al Tarikh', 'American                      
                             Typewriter', 'Andale Mono',                        
                             'Apple Braille', 'Apple                            
                             Chancery', 'Apple Color Emoji',                    
                             'Apple LiGothic', 'Apple                           
                             LiSung', 'Apple SD Gothic Neo',                    
                             'Apple Symbols', 'AppleGothic',                    
                             'AppleMyungjo', 'Arial', 'Arial                    
                             Black', 'Arial Hebrew', 'Arial                     
                             Hebrew Scholar', 'Arial                            
                             Narrow', 'Arial Rounded MT                         
                             Bold', 'Arial Unicode MS',                         
                             'Avenir', 'Avenir Next',                           
                             'Avenir Next Condensed',                           
                             'Ayuthaya', 'BIZ UDGothic',                        
                             'BIZ UDMincho', 'BM Dohyeon',                      
                             'BM Hanna 11yrs Old', 'BM Hanna                    
                             Air', 'BM Hanna Pro', 'BM Jua',                    
                             'BM Kirang Haerang', 'BM                           
                             Yeonsung', 'Baghdad', 'Bangla                      
                             MN', 'Bangla Sangam MN', 'Baoli                    
                             SC', 'Baoli TC', 'Baskerville',                    
                             'Beirut', 'BiauKaiHK',                             
                             'BiauKaiTC', 'Big Caslon',                         
                             'Bodoni 72', 'Bodoni 72                            
                             Oldstyle', 'Bodoni 72                              
                             Smallcaps', 'Bodoni Ornaments',                    
                             'Bradley Hand', 'Brush Script                      
                             MT', 'Chalkboard', 'Chalkboard                     
                             SE', 'Chalkduster', 'Charter',                     
                             'Cochin', 'Comic Sans MS',                         
                             'Copperplate', 'Corsiva                            
                             Hebrew', 'Courier New', 'DIN                       
                             Alternate', 'DIN Condensed',                       
                             'Damascus', 'DecoType Naskh',                      
                             'Devanagari MT', 'Devanagari                       
                             Sangam MN', 'Didot', 'Diwan                        
                             Kufi', 'Diwan Thuluth',                            
                             'Euphemia UCAS', 'Farah',                          
                             'Farisi', 'Futura', 'GB18030                       
                             Bitmap', 'Galvji', 'Geeza Pro',                    
                             'Geneva', 'Georgia', 'Gill                         
                             Sans', 'Grantha Sangam MN',                        
                             'Gujarati MT', 'Gujarati Sangam                    
                             MN', 'GungSeo', 'Gurmukhi MN',                     
                             'Gurmukhi MT', 'Gurmukhi Sangam                    
                             MN', 'Hannotate SC', 'Hannotate                    
                             TC', 'HanziPen SC', 'HanziPen                      
                             TC', 'HeadLineA', 'Hei', 'Heiti                    
                             SC', 'Heiti TC', 'Helvetica',                      
                             'Helvetica Neue', 'Herculanum',                    
                             'Hiragino Maru Gothic ProN',                       
                             'Hiragino Mincho ProN',                            
                             'Hiragino Sans', 'Hiragino Sans                    
                             GB', 'Hoefler Text', 'ITF                          
                             Devanagari', 'ITF Devanagari                       
                             Marathi', 'Impact',                                
                             'InaiMathi', 'Kai', 'Kailasa',                     
                             'Kaiti SC', 'Kaiti TC',                            
                             'Kannada MN', 'Kannada Sangam                      
                             MN', 'Kefa III', 'Khmer MN',                       
                             'Khmer Sangam MN', 'Klee',                         
                             'Kohinoor Bangla', 'Kohinoor                       
                             Devanagari', 'Kohinoor                             
                             Gujarati', 'Kohinoor Telugu',                      
                             'Kokonor', 'Krungthep',                            
                             'KufiStandardGK', 'LXGW                            
                             ZhenKai', 'Lantinghei SC',                         
                             'Lantinghei TC', 'Lao MN', 'Lao                    
                             Sangam MN', 'LiHei Pro',                           
                             'LiSong Pro', 'Libian SC',                         
                             'Libian TC', 'LingWai SC',                         
                             'LingWai TC', 'Lucida Grande',                     
                             'Luminari', 'Malayalam MN',                        
                             'Malayalam Sangam MN', 'Marker                     
                             Felt', 'Menlo', 'Microsoft Sans                    
                             Serif', 'Mishafi', 'Mishafi                        
                             Gold', 'Monaco', 'Monospace',                      
                             'Mshtakan', 'Mukta Mahee',                         
                             'Muna', 'Myanmar MN', 'Myanmar                     
                             Sangam MN', 'Nadeem', 'Nanum                       
                             Brush Script', 'Nanum Gothic',                     
                             'Nanum Myeongjo', 'Nanum Pen                       
                             Script', 'New Peninim MT',                         
                             'Noteworthy', 'Noto Nastaliq                       
                             Urdu', 'Noto Sans Batak', 'Noto                    
                             Sans Kannada', 'Noto Sans                          
                             Myanmar', 'Noto Sans NKo',                         
                             'Noto Sans Oriya', 'Noto Sans                      
                             Syriac', 'Noto Sans Tagalog',                      
                             'Noto Serif Myanmar', 'Optima',                    
                             'Oriya MN', 'Oriya Sangam MN',                     
                             'Osaka', 'PCMyungjo', 'PT                          
                             Mono', 'PT Sans', 'PT Sans                         
                             Caption', 'PT Sans Narrow', 'PT                    
                             Serif', 'PT Serif Caption',                        
                             'Palatino', 'Papyrus', 'Party                      
                             LET', 'Phosphate', 'PilGi',                        
                             'PingFang HK', 'PingFang MO',                      
                             'PingFang SC', 'PingFang TC',                      
                             'Plantagenet Cherokee',                            
                             'Raanana', 'Rockwell',                             
                             'STFangsong', 'STHeiti', 'STIX                     
                             Two Math', 'STIX Two Text',                        
                             'STKaiti', 'STSong', 'Sana',                       
                             'Sans', 'Sathu', 'Savoye LET',                     
                             'Serif', 'Shree Devanagari                         
                             714', 'SignPainter', 'Silom',                      
                             'SimSong', 'Sinhala MN',                           
                             'Sinhala Sangam MN', 'Skia',                       
                             'Snell Roundhand', 'Songti SC',                    
                             'Songti TC', 'Sukhumvit Set',                      
                             'Symbol', 'Tahoma', 'Tamil MN',                    
                             'Tamil Sangam MN', 'Telugu MN',                    
                             'Telugu Sangam MN', 'Thonburi',                    
                             'Times New Roman', 'Toppan                         
                             Bunkyu Gothic', 'Toppan Bunkyu                     
                             Midashi Gothic', 'Toppan Bunkyu                    
                             Midashi Mincho', 'Toppan Bunkyu                    
                             Mincho', 'Trattatello',                            
                             'Trebuchet MS', 'Tsukushi A                        
                             Round Gothic', 'Tsukushi B                         
                             Round Gothic', 'Verdana',                          
                             'Waseem', 'Wawati SC', 'Wawati                     
                             TC', 'Webdings', 'Weibei SC',                      
                             'Weibei TC', 'Wingdings',                          
                             'Wingdings 2', 'Wingdings 3',                      
                             'Xingkai SC', 'Xingkai TC',                        
                             'YuGothic', 'YuKyokasho',                          
                             'YuKyokasho Yoko', 'YuMincho',                     
                             'YuMincho +36p Kana', 'Yuanti                      
                             SC', 'Yuanti TC', 'Yuppy SC',                      
                             'Yuppy TC', 'Zapf Dingbats',                       
                             'Zapfino', 'cursive',                              
                             'fantasy', 'system-ui'].                           
                    WARNING  Font Noto Sans CJK SC not in    text_mobject.py:464
                             ['.AppleSystemUIFont', 'Academy                    
                             Engraved LET', 'Al Bayan', 'Al                     
                             Nile', 'Al Tarikh', 'American                      
                             Typewriter', 'Andale Mono',                        
                             'Apple Braille', 'Apple                            
                             Chancery', 'Apple Color Emoji',                    
                             'Apple LiGothic', 'Apple                           
                             LiSung', 'Apple SD Gothic Neo',                    
                             'Apple Symbols', 'AppleGothic',                    
                             'AppleMyungjo', 'Arial', 'Arial                    
                             Black', 'Arial Hebrew', 'Arial                     
                             Hebrew Scholar', 'Arial                            
                             Narrow', 'Arial Rounded MT                         
                             Bold', 'Arial Unicode MS',                         
                             'Avenir', 'Avenir Next',                           
                             'Avenir Next Condensed',                           
                             'Ayuthaya', 'BIZ UDGothic',                        
                             'BIZ UDMincho', 'BM Dohyeon',                      
                             'BM Hanna 11yrs Old', 'BM Hanna                    
                             Air', 'BM Hanna Pro', 'BM Jua',                    
                             'BM Kirang Haerang', 'BM                           
                             Yeonsung', 'Baghdad', 'Bangla                      
                             MN', 'Bangla Sangam MN', 'Baoli                    
                             SC', 'Baoli TC', 'Baskerville',                    
                             'Beirut', 'BiauKaiHK',                             
                             'BiauKaiTC', 'Big Caslon',                         
                             'Bodoni 72', 'Bodoni 72                            
                             Oldstyle', 'Bodoni 72                              
                             Smallcaps', 'Bodoni Ornaments',                    
                             'Bradley Hand', 'Brush Script                      
                             MT', 'Chalkboard', 'Chalkboard                     
                             SE', 'Chalkduster', 'Charter',                     
                             'Cochin', 'Comic Sans MS',                         
                             'Copperplate', 'Corsiva                            
                             Hebrew', 'Courier New', 'DIN                       
                             Alternate', 'DIN Condensed',                       
                             'Damascus', 'DecoType Naskh',                      
                             'Devanagari MT', 'Devanagari                       
                             Sangam MN', 'Didot', 'Diwan                        
                             Kufi', 'Diwan Thuluth',                            
                             'Euphemia UCAS', 'Farah',                          
                             'Farisi', 'Futura', 'GB18030                       
                             Bitmap', 'Galvji', 'Geeza Pro',                    
                             'Geneva', 'Georgia', 'Gill                         
                             Sans', 'Grantha Sangam MN',                        
                             'Gujarati MT', 'Gujarati Sangam                    
                             MN', 'GungSeo', 'Gurmukhi MN',                     
                             'Gurmukhi MT', 'Gurmukhi Sangam                    
                             MN', 'Hannotate SC', 'Hannotate                    
                             TC', 'HanziPen SC', 'HanziPen                      
                             TC', 'HeadLineA', 'Hei', 'Heiti                    
                             SC', 'Heiti TC', 'Helvetica',                      
                             'Helvetica Neue', 'Herculanum',                    
                             'Hiragino Maru Gothic ProN',                       
                             'Hiragino Mincho ProN',                            
                             'Hiragino Sans', 'Hiragino Sans                    
                             GB', 'Hoefler Text', 'ITF                          
                             Devanagari', 'ITF Devanagari                       
                             Marathi', 'Impact',                                
                             'InaiMathi', 'Kai', 'Kailasa',                     
                             'Kaiti SC', 'Kaiti TC',                            
                             'Kannada MN', 'Kannada Sangam                      
                             MN', 'Kefa III', 'Khmer MN',                       
                             'Khmer Sangam MN', 'Klee',                         
                             'Kohinoor Bangla', 'Kohinoor                       
                             Devanagari', 'Kohinoor                             
                             Gujarati', 'Kohinoor Telugu',                      
                             'Kokonor', 'Krungthep',                            
                             'KufiStandardGK', 'LXGW                            
                             ZhenKai', 'Lantinghei SC',                         
                             'Lantinghei TC', 'Lao MN', 'Lao                    
                             Sangam MN', 'LiHei Pro',                           
                             'LiSong Pro', 'Libian SC',                         
                             'Libian TC', 'LingWai SC',                         
                             'LingWai TC', 'Lucida Grande',                     
                             'Luminari', 'Malayalam MN',                        
                             'Malayalam Sangam MN', 'Marker                     
                             Felt', 'Menlo', 'Microsoft Sans                    
                             Serif', 'Mishafi', 'Mishafi                        
                             Gold', 'Monaco', 'Monospace',                      
                             'Mshtakan', 'Mukta Mahee',                         
                             'Muna', 'Myanmar MN', 'Myanmar                     
                             Sangam MN', 'Nadeem', 'Nanum                       
                             Brush Script', 'Nanum Gothic',                     
                             'Nanum Myeongjo', 'Nanum Pen                       
                             Script', 'New Peninim MT',                         
                             'Noteworthy', 'Noto Nastaliq                       
                             Urdu', 'Noto Sans Batak', 'Noto                    
                             Sans Kannada', 'Noto Sans                          
                             Myanmar', 'Noto Sans NKo',                         
                             'Noto Sans Oriya', 'Noto Sans                      
                             Syriac', 'Noto Sans Tagalog',                      
                             'Noto Serif Myanmar', 'Optima',                    
                             'Oriya MN', 'Oriya Sangam MN',                     
                             'Osaka', 'PCMyungjo', 'PT                          
                             Mono', 'PT Sans', 'PT Sans                         
                             Caption', 'PT Sans Narrow', 'PT                    
                             Serif', 'PT Serif Caption',                        
                             'Palatino', 'Papyrus', 'Party                      
                             LET', 'Phosphate', 'PilGi',                        
                             'PingFang HK', 'PingFang MO',                      
                             'PingFang SC', 'PingFang TC',                      
                             'Plantagenet Cherokee',                            
                             'Raanana', 'Rockwell',                             
                             'STFangsong', 'STHeiti', 'STIX                     
                             Two Math', 'STIX Two Text',                        
                             'STKaiti', 'STSong', 'Sana',                       
                             'Sans', 'Sathu', 'Savoye LET',                     
                             'Serif', 'Shree Devanagari                         
                             714', 'SignPainter', 'Silom',                      
                             'SimSong', 'Sinhala MN',                           
                             'Sinhala Sangam MN', 'Skia',                       
                             'Snell Roundhand', 'Songti SC',                    
                             'Songti TC', 'Sukhumvit Set',                      
                             'Symbol', 'Tahoma', 'Tamil MN',                    
                             'Tamil Sangam MN', 'Telugu MN',                    
                             'Telugu Sangam MN', 'Thonburi',                    
                             'Times New Roman', 'Toppan                         
                             Bunkyu Gothic', 'Toppan Bunkyu                     
                             Midashi Gothic', 'Toppan Bunkyu                    
                             Midashi Mincho', 'Toppan Bunkyu                    
                             Mincho', 'Trattatello',                            
                             'Trebuchet MS', 'Tsukushi A                        
                             Round Gothic', 'Tsukushi B                         
                             Round Gothic', 'Verdana',                          
                             'Waseem', 'Wawati SC', 'Wawati                     
                             TC', 'Webdings', 'Weibei SC',                      
                             'Weibei TC', 'Wingdings',                          
                             'Wingdings 2', 'Wingdings 3',                      
                             'Xingkai SC', 'Xingkai TC',                        
                             'YuGothic', 'YuKyokasho',                          
                             'YuKyokasho Yoko', 'YuMincho',                     
                             'YuMincho +36p Kana', 'Yuanti                      
                             SC', 'Yuanti TC', 'Yuppy SC',                      
                             'Yuppy TC', 'Zapf Dingbats',                       
                             'Zapfino', 'cursive',                              
                             'fantasy', 'system-ui'].                           
                    WARNING  Font Noto Sans CJK SC not in    text_mobject.py:464
                             ['.AppleSystemUIFont', 'Academy                    
                             Engraved LET', 'Al Bayan', 'Al                     
                             Nile', 'Al Tarikh', 'American                      
                             Typewriter', 'Andale Mono',                        
                             'Apple Braille', 'Apple                            
                             Chancery', 'Apple Color Emoji',                    
                             'Apple LiGothic', 'Apple                           
                             LiSung', 'Apple SD Gothic Neo',                    
                             'Apple Symbols', 'AppleGothic',                    
                             'AppleMyungjo', 'Arial', 'Arial                    
                             Black', 'Arial Hebrew', 'Arial                     
                             Hebrew Scholar', 'Arial                            
                             Narrow', 'Arial Rounded MT                         
                             Bold', 'Arial Unicode MS',                         
                             'Avenir', 'Avenir Next',                           
                             'Avenir Next Condensed',                           
                             'Ayuthaya', 'BIZ UDGothic',                        
                             'BIZ UDMincho', 'BM Dohyeon',                      
                             'BM Hanna 11yrs Old', 'BM Hanna                    
                             Air', 'BM Hanna Pro', 'BM Jua',                    
                             'BM Kirang Haerang', 'BM                           
                             Yeonsung', 'Baghdad', 'Bangla                      
                             MN', 'Bangla Sangam MN', 'Baoli                    
                             SC', 'Baoli TC', 'Baskerville',                    
                             'Beirut', 'BiauKaiHK',                             
                             'BiauKaiTC', 'Big Caslon',                         
                             'Bodoni 72', 'Bodoni 72                            
                             Oldstyle', 'Bodoni 72                              
                             Smallcaps', 'Bodoni Ornaments',                    
                             'Bradley Hand', 'Brush Script                      
                             MT', 'Chalkboard', 'Chalkboard                     
                             SE', 'Chalkduster', 'Charter',                     
                             'Cochin', 'Comic Sans MS',                         
                             'Copperplate', 'Corsiva                            
                             Hebrew', 'Courier New', 'DIN                       
                             Alternate', 'DIN Condensed',                       
                             'Damascus', 'DecoType Naskh',                      
                             'Devanagari MT', 'Devanagari                       
                             Sangam MN', 'Didot', 'Diwan                        
                             Kufi', 'Diwan Thuluth',                            
                             'Euphemia UCAS', 'Farah',                          
                             'Farisi', 'Futura', 'GB18030                       
                             Bitmap', 'Galvji', 'Geeza Pro',                    
                             'Geneva', 'Georgia', 'Gill                         
                             Sans', 'Grantha Sangam MN',                        
                             'Gujarati MT', 'Gujarati Sangam                    
                             MN', 'GungSeo', 'Gurmukhi MN',                     
                             'Gurmukhi MT', 'Gurmukhi Sangam                    
                             MN', 'Hannotate SC', 'Hannotate                    
                             TC', 'HanziPen SC', 'HanziPen                      
                             TC', 'HeadLineA', 'Hei', 'Heiti                    
                             SC', 'Heiti TC', 'Helvetica',                      
                             'Helvetica Neue', 'Herculanum',                    
                             'Hiragino Maru Gothic ProN',                       
                             'Hiragino Mincho ProN',                            
                             'Hiragino Sans', 'Hiragino Sans                    
                             GB', 'Hoefler Text', 'ITF                          
                             Devanagari', 'ITF Devanagari                       
                             Marathi', 'Impact',                                
                             'InaiMathi', 'Kai', 'Kailasa',                     
                             'Kaiti SC', 'Kaiti TC',                            
                             'Kannada MN', 'Kannada Sangam                      
                             MN', 'Kefa III', 'Khmer MN',                       
                             'Khmer Sangam MN', 'Klee',                         
                             'Kohinoor Bangla', 'Kohinoor                       
                             Devanagari', 'Kohinoor                             
                             Gujarati', 'Kohinoor Telugu',                      
                             'Kokonor', 'Krungthep',                            
                             'KufiStandardGK', 'LXGW                            
                             ZhenKai', 'Lantinghei SC',                         
                             'Lantinghei TC', 'Lao MN', 'Lao                    
                             Sangam MN', 'LiHei Pro',                           
                             'LiSong Pro', 'Libian SC',                         
                             'Libian TC', 'LingWai SC',                         
                             'LingWai TC', 'Lucida Grande',                     
                             'Luminari', 'Malayalam MN',                        
                             'Malayalam Sangam MN', 'Marker                     
                             Felt', 'Menlo', 'Microsoft Sans                    
                             Serif', 'Mishafi', 'Mishafi                        
                             Gold', 'Monaco', 'Monospace',                      
                             'Mshtakan', 'Mukta Mahee',                         
                             'Muna', 'Myanmar MN', 'Myanmar                     
                             Sangam MN', 'Nadeem', 'Nanum                       
                             Brush Script', 'Nanum Gothic',                     
                             'Nanum Myeongjo', 'Nanum Pen                       
                             Script', 'New Peninim MT',                         
                             'Noteworthy', 'Noto Nastaliq                       
                             Urdu', 'Noto Sans Batak', 'Noto                    
                             Sans Kannada', 'Noto Sans                          
                             Myanmar', 'Noto Sans NKo',                         
                             'Noto Sans Oriya', 'Noto Sans                      
                             Syriac', 'Noto Sans Tagalog',                      
                             'Noto Serif Myanmar', 'Optima',                    
                             'Oriya MN', 'Oriya Sangam MN',                     
                             'Osaka', 'PCMyungjo', 'PT                          
                             Mono', 'PT Sans', 'PT Sans                         
                             Caption', 'PT Sans Narrow', 'PT                    
                             Serif', 'PT Serif Caption',                        
                             'Palatino', 'Papyrus', 'Party                      
                             LET', 'Phosphate', 'PilGi',                        
                             'PingFang HK', 'PingFang MO',                      
                             'PingFang SC', 'PingFang TC',                      
                             'Plantagenet Cherokee',                            
                             'Raanana', 'Rockwell',                             
                             'STFangsong', 'STHeiti', 'STIX                     
                             Two Math', 'STIX Two Text',                        
                             'STKaiti', 'STSong', 'Sana',                       
                             'Sans', 'Sathu', 'Savoye LET',                     
                             'Serif', 'Shree Devanagari                         
                             714', 'SignPainter', 'Silom',                      
                             'SimSong', 'Sinhala MN',                           
                             'Sinhala Sangam MN', 'Skia',                       
                             'Snell Roundhand', 'Songti SC',                    
                             'Songti TC', 'Sukhumvit Set',                      
                             'Symbol', 'Tahoma', 'Tamil MN',                    
                             'Tamil Sangam MN', 'Telugu MN',                    
                             'Telugu Sangam MN', 'Thonburi',                    
                             'Times New Roman', 'Toppan                         
                             Bunkyu Gothic', 'Toppan Bunkyu                     
                             Midashi Gothic', 'Toppan Bunkyu                    
                             Midashi Mincho', 'Toppan Bunkyu                    
                             Mincho', 'Trattatello',                            
                             'Trebuchet MS', 'Tsukushi A                        
                             Round Gothic', 'Tsukushi B                         
                             Round Gothic', 'Verdana',                          
                             'Waseem', 'Wawati SC', 'Wawati                     
                             TC', 'Webdings', 'Weibei SC',                      
                             'Weibei TC', 'Wingdings',                          
                             'Wingdings 2', 'Wingdings 3',                      
                             'Xingkai SC', 'Xingkai TC',                        
                             'YuGothic', 'YuKyokasho',                          
                             'YuKyokasho Yoko', 'YuMincho',                     
                             'YuMincho +36p Kana', 'Yuanti                      
                             SC', 'Yuanti TC', 'Yuppy SC',                      
                             'Yuppy TC', 'Zapf Dingbats',                       
                             'Zapfino', 'cursive',                              
                             'fantasy', 'system-ui'].                           
[02/27/26 11:42:54] WARNING  Font Noto Sans CJK SC not in    text_mobject.py:464
                             ['.AppleSystemUIFont', 'Academy                    
                             Engraved LET', 'Al Bayan', 'Al                     
                             Nile', 'Al Tarikh', 'American                      
                             Typewriter', 'Andale Mono',                        
                             'Apple Braille', 'Apple                            
                             Chancery', 'Apple Color Emoji',                    
                             'Apple LiGothic', 'Apple                           
                             LiSung', 'Apple SD Gothic Neo',                    
                             'Apple Symbols', 'AppleGothic',                    
                             'AppleMyungjo', 'Arial', 'Arial                    
                             Black', 'Arial Hebrew', 'Arial                     
                             Hebrew Scholar', 'Arial                            
                             Narrow', 'Arial Rounded MT                         
                             Bold', 'Arial Unicode MS',                         
                             'Avenir', 'Avenir Next',                           
                             'Avenir Next Condensed',                           
                             'Ayuthaya', 'BIZ UDGothic',                        
                             'BIZ UDMincho', 'BM Dohyeon',                      
                             'BM Hanna 11yrs Old', 'BM Hanna                    
                             Air', 'BM Hanna Pro', 'BM Jua',                    
                             'BM Kirang Haerang', 'BM                           
                             Yeonsung', 'Baghdad', 'Bangla                      
                             MN', 'Bangla Sangam MN', 'Baoli                    
                             SC', 'Baoli TC', 'Baskerville',                    
                             'Beirut', 'BiauKaiHK',                             
                             'BiauKaiTC', 'Big Caslon',                         
                             'Bodoni 72', 'Bodoni 72                            
                             Oldstyle', 'Bodoni 72                              
                             Smallcaps', 'Bodoni Ornaments',                    
                             'Bradley Hand', 'Brush Script                      
                             MT', 'Chalkboard', 'Chalkboard                     
                             SE', 'Chalkduster', 'Charter',                     
                             'Cochin', 'Comic Sans MS',                         
                             'Copperplate', 'Corsiva                            
                             Hebrew', 'Courier New', 'DIN                       
                             Alternate', 'DIN Condensed',                       
                             'Damascus', 'DecoType Naskh',                      
                             'Devanagari MT', 'Devanagari                       
                             Sangam MN', 'Didot', 'Diwan                        
                             Kufi', 'Diwan Thuluth',                            
                             'Euphemia UCAS', 'Farah',                          
                             'Farisi', 'Futura', 'GB18030                       
                             Bitmap', 'Galvji', 'Geeza Pro',                    
                             'Geneva', 'Georgia', 'Gill                         
                             Sans', 'Grantha Sangam MN',                        
                             'Gujarati MT', 'Gujarati Sangam                    
                             MN', 'GungSeo', 'Gurmukhi MN',                     
                             'Gurmukhi MT', 'Gurmukhi Sangam                    
                             MN', 'Hannotate SC', 'Hannotate                    
                             TC', 'HanziPen SC', 'HanziPen                      
                             TC', 'HeadLineA', 'Hei', 'Heiti                    
                             SC', 'Heiti TC', 'Helvetica',                      
                             'Helvetica Neue', 'Herculanum',                    
                             'Hiragino Maru Gothic ProN',                       
                             'Hiragino Mincho ProN',                            
                             'Hiragino Sans', 'Hiragino Sans                    
                             GB', 'Hoefler Text', 'ITF                          
                             Devanagari', 'ITF Devanagari                       
                             Marathi', 'Impact',                                
                             'InaiMathi', 'Kai', 'Kailasa',                     
                             'Kaiti SC', 'Kaiti TC',                            
                             'Kannada MN', 'Kannada Sangam                      
                             MN', 'Kefa III', 'Khmer MN',                       
                             'Khmer Sangam MN', 'Klee',                         
                             'Kohinoor Bangla', 'Kohinoor                       
                             Devanagari', 'Kohinoor                             
                             Gujarati', 'Kohinoor Telugu',                      
                             'Kokonor', 'Krungthep',                            
                             'KufiStandardGK', 'LXGW                            
                             ZhenKai', 'Lantinghei SC',                         
                             'Lantinghei TC', 'Lao MN', 'Lao                    
                             Sangam MN', 'LiHei Pro',                           
                             'LiSong Pro', 'Libian SC',                         
                             'Libian TC', 'LingWai SC',                         
                             'LingWai TC', 'Lucida Grande',                     
                             'Luminari', 'Malayalam MN',                        
                             'Malayalam Sangam MN', 'Marker                     
                             Felt', 'Menlo', 'Microsoft Sans                    
                             Serif', 'Mishafi', 'Mishafi                        
                             Gold', 'Monaco', 'Monospace',                      
                             'Mshtakan', 'Mukta Mahee',                         
                             'Muna', 'Myanmar MN', 'Myanmar                     
                             Sangam MN', 'Nadeem', 'Nanum                       
                             Brush Script', 'Nanum Gothic',                     
                             'Nanum Myeongjo', 'Nanum Pen                       
                             Script', 'New Peninim MT',                         
                             'Noteworthy', 'Noto Nastaliq                       
                             Urdu', 'Noto Sans Batak', 'Noto                    
                             Sans Kannada', 'Noto Sans                          
                             Myanmar', 'Noto Sans NKo',                         
                             'Noto Sans Oriya', 'Noto Sans                      
                             Syriac', 'Noto Sans Tagalog',                      
                             'Noto Serif Myanmar', 'Optima',                    
                             'Oriya MN', 'Oriya Sangam MN',                     
                             'Osaka', 'PCMyungjo', 'PT                          
                             Mono', 'PT Sans', 'PT Sans                         
                             Caption', 'PT Sans Narrow', 'PT                    
                             Serif', 'PT Serif Caption',                        
                             'Palatino', 'Papyrus', 'Party                      
                             LET', 'Phosphate', 'PilGi',                        
                             'PingFang HK', 'PingFang MO',                      
                             'PingFang SC', 'PingFang TC',                      
                             'Plantagenet Cherokee',                            
                             'Raanana', 'Rockwell',                             
                             'STFangsong', 'STHeiti', 'STIX                     
                             Two Math', 'STIX Two Text',                        
                             'STKaiti', 'STSong', 'Sana',                       
                             'Sans', 'Sathu', 'Savoye LET',                     
                             'Serif', 'Shree Devanagari                         
                             714', 'SignPainter', 'Silom',                      
                             'SimSong', 'Sinhala MN',                           
                             'Sinhala Sangam MN', 'Skia',                       
                             'Snell Roundhand', 'Songti SC',                    
                             'Songti TC', 'Sukhumvit Set',                      
                             'Symbol', 'Tahoma', 'Tamil MN',                    
                             'Tamil Sangam MN', 'Telugu MN',                    
                             'Telugu Sangam MN', 'Thonburi',                    
                             'Times New Roman', 'Toppan                         
                             Bunkyu Gothic', 'Toppan Bunkyu                     
                             Midashi Gothic', 'Toppan Bunkyu                    
                             Midashi Mincho', 'Toppan Bunkyu                    
                             Mincho', 'Trattatello',                            
                             'Trebuchet MS', 'Tsukushi A                        
                             Round Gothic', 'Tsukushi B                         
                             Round Gothic', 'Verdana',                          
                             'Waseem', 'Wawati SC', 'Wawati                     
                             TC', 'Webdings', 'Weibei SC',                      
                             'Weibei TC', 'Wingdings',                          
                             'Wingdings 2', 'Wingdings 3',                      
                             'Xingkai SC', 'Xingkai TC',                        
                             'YuGothic', 'YuKyokasho',                          
                             'YuKyokasho Yoko', 'YuMincho',                     
                             'YuMincho +36p Kana', 'Yuanti                      
                             SC', 'Yuanti TC', 'Yuppy SC',                      
                             'Yuppy TC', 'Zapf Dingbats',                       
                             'Zapfino', 'cursive',                              
                             'fantasy', 'system-ui'].                           
                    WARNING  Font Noto Sans CJK SC not in    text_mobject.py:464
                             ['.AppleSystemUIFont', 'Academy                    
                             Engraved LET', 'Al Bayan', 'Al                     
                             Nile', 'Al Tarikh', 'American                      
                             Typewriter', 'Andale Mono',                        
                             'Apple Braille', 'Apple                            
                             Chancery', 'Apple Color Emoji',                    
                             'Apple LiGothic', 'Apple                           
                             LiSung', 'Apple SD Gothic Neo',                    
                             'Apple Symbols', 'AppleGothic',                    
                             'AppleMyungjo', 'Arial', 'Arial                    
                             Black', 'Arial Hebrew', 'Arial                     
                             Hebrew Scholar', 'Arial                            
                             Narrow', 'Arial Rounded MT                         
                             Bold', 'Arial Unicode MS',                         
                             'Avenir', 'Avenir Next',                           
                             'Avenir Next Condensed',                           
                             'Ayuthaya', 'BIZ UDGothic',                        
                             'BIZ UDMincho', 'BM Dohyeon',                      
                             'BM Hanna 11yrs Old', 'BM Hanna                    
                             Air', 'BM Hanna Pro', 'BM Jua',                    
                             'BM Kirang Haerang', 'BM                           
                             Yeonsung', 'Baghdad', 'Bangla                      
                             MN', 'Bangla Sangam MN', 'Baoli                    
                             SC', 'Baoli TC', 'Baskerville',                    
                             'Beirut', 'BiauKaiHK',                             
                             'BiauKaiTC', 'Big Caslon',                         
                             'Bodoni 72', 'Bodoni 72                            
                             Oldstyle', 'Bodoni 72                              
                             Smallcaps', 'Bodoni Ornaments',                    
                             'Bradley Hand', 'Brush Script                      
                             MT', 'Chalkboard', 'Chalkboard                     
                             SE', 'Chalkduster', 'Charter',                     
                             'Cochin', 'Comic Sans MS',                         
                             'Copperplate', 'Corsiva                            
                             Hebrew', 'Courier New', 'DIN                       
                             Alternate', 'DIN Condensed',                       
                             'Damascus', 'DecoType Naskh',                      
                             'Devanagari MT', 'Devanagari                       
                             Sangam MN', 'Didot', 'Diwan                        
                             Kufi', 'Diwan Thuluth',                            
                             'Euphemia UCAS', 'Farah',                          
                             'Farisi', 'Futura', 'GB18030                       
                             Bitmap', 'Galvji', 'Geeza Pro',                    
                             'Geneva', 'Georgia', 'Gill                         
                             Sans', 'Grantha Sangam MN',                        
                             'Gujarati MT', 'Gujarati Sangam                    
                             MN', 'GungSeo', 'Gurmukhi MN',                     
                             'Gurmukhi MT', 'Gurmukhi Sangam                    
                             MN', 'Hannotate SC', 'Hannotate                    
                             TC', 'HanziPen SC', 'HanziPen                      
                             TC', 'HeadLineA', 'Hei', 'Heiti                    
                             SC', 'Heiti TC', 'Helvetica',                      
                             'Helvetica Neue', 'Herculanum',                    
                             'Hiragino Maru Gothic ProN',                       
                             'Hiragino Mincho ProN',                            
                             'Hiragino Sans', 'Hiragino Sans                    
                             GB', 'Hoefler Text', 'ITF                          
                             Devanagari', 'ITF Devanagari                       
                             Marathi', 'Impact',                                
                             'InaiMathi', 'Kai', 'Kailasa',                     
                             'Kaiti SC', 'Kaiti TC',                            
                             'Kannada MN', 'Kannada Sangam                      
                             MN', 'Kefa III', 'Khmer MN',                       
                             'Khmer Sangam MN', 'Klee',                         
                             'Kohinoor Bangla', 'Kohinoor                       
                             Devanagari', 'Kohinoor                             
                             Gujarati', 'Kohinoor Telugu',                      
                             'Kokonor', 'Krungthep',                            
                             'KufiStandardGK', 'LXGW                            
                             ZhenKai', 'Lantinghei SC',                         
                             'Lantinghei TC', 'Lao MN', 'Lao                    
                             Sangam MN', 'LiHei Pro',                           
                             'LiSong Pro', 'Libian SC',                         
                             'Libian TC', 'LingWai SC',                         
                             'LingWai TC', 'Lucida Grande',                     
                             'Luminari', 'Malayalam MN',                        
                             'Malayalam Sangam MN', 'Marker                     
                             Felt', 'Menlo', 'Microsoft Sans                    
                             Serif', 'Mishafi', 'Mishafi                        
                             Gold', 'Monaco', 'Monospace',                      
                             'Mshtakan', 'Mukta Mahee',                         
                             'Muna', 'Myanmar MN', 'Myanmar                     
                             Sangam MN', 'Nadeem', 'Nanum                       
                             Brush Script', 'Nanum Gothic',                     
                             'Nanum Myeongjo', 'Nanum Pen                       
                             Script', 'New Peninim MT',                         
                             'Noteworthy', 'Noto Nastaliq                       
                             Urdu', 'Noto Sans Batak', 'Noto                    
                             Sans Kannada', 'Noto Sans                          
                             Myanmar', 'Noto Sans NKo',                         
                             'Noto Sans Oriya', 'Noto Sans                      
                             Syriac', 'Noto Sans Tagalog',                      
                             'Noto Serif Myanmar', 'Optima',                    
                             'Oriya MN', 'Oriya Sangam MN',                     
                             'Osaka', 'PCMyungjo', 'PT                          
                             Mono', 'PT Sans', 'PT Sans                         
                             Caption', 'PT Sans Narrow', 'PT                    
                             Serif', 'PT Serif Caption',                        
                             'Palatino', 'Papyrus', 'Party                      
                             LET', 'Phosphate', 'PilGi',                        
                             'PingFang HK', 'PingFang MO',                      
                             'PingFang SC', 'PingFang TC',                      
                             'Plantagenet Cherokee',                            
                             'Raanana', 'Rockwell',                             
                             'STFangsong', 'STHeiti', 'STIX                     
                             Two Math', 'STIX Two Text',                        
                             'STKaiti', 'STSong', 'Sana',                       
                             'Sans', 'Sathu', 'Savoye LET',                     
                             'Serif', 'Shree Devanagari                         
                             714', 'SignPainter', 'Silom',                      
                             'SimSong', 'Sinhala MN',                           
                             'Sinhala Sangam MN', 'Skia',                       
                             'Snell Roundhand', 'Songti SC',                    
                             'Songti TC', 'Sukhumvit Set',                      
                             'Symbol', 'Tahoma', 'Tamil MN',                    
                             'Tamil Sangam MN', 'Telugu MN',                    
                             'Telugu Sangam MN', 'Thonburi',                    
                             'Times New Roman', 'Toppan                         
                             Bunkyu Gothic', 'Toppan Bunkyu                     
                             Midashi Gothic', 'Toppan Bunkyu                    
                             Midashi Mincho', 'Toppan Bunkyu                    
                             Mincho', 'Trattatello',                            
                             'Trebuchet MS', 'Tsukushi A                        
                             Round Gothic', 'Tsukushi B                         
                             Round Gothic', 'Verdana',                          
                             'Waseem', 'Wawati SC', 'Wawati                     
                             TC', 'Webdings', 'Weibei SC',                      
                             'Weibei TC', 'Wingdings',                          
                             'Wingdings 2', 'Wingdings 3',                      
                             'Xingkai SC', 'Xingkai TC',                        
                             'YuGothic', 'YuKyokasho',                          
                             'YuKyokasho Yoko', 'YuMincho',                     
                             'YuMincho +36p Kana', 'Yuanti                      
                             SC', 'Yuanti TC', 'Yuppy SC',                      
                             'Yuppy TC', 'Zapf Dingbats',                       
                             'Zapfino', 'cursive',                              
                             'fantasy', 'system-ui'].                           
                    WARNING  Font Noto Sans CJK SC not in    text_mobject.py:464
                             ['.AppleSystemUIFont', 'Academy                    
                             Engraved LET', 'Al Bayan', 'Al                     
                             Nile', 'Al Tarikh', 'American                      
                             Typewriter', 'Andale Mono',                        
                             'Apple Braille', 'Apple                            
                             Chancery', 'Apple Color Emoji',                    
                             'Apple LiGothic', 'Apple                           
                             LiSung', 'Apple SD Gothic Neo',                    
                             'Apple Symbols', 'AppleGothic',                    
                             'AppleMyungjo', 'Arial', 'Arial                    
                             Black', 'Arial Hebrew', 'Arial                     
                             Hebrew Scholar', 'Arial                            
                             Narrow', 'Arial Rounded MT                         
                             Bold', 'Arial Unicode MS',                         
                             'Avenir', 'Avenir Next',                           
                             'Avenir Next Condensed',                           
                             'Ayuthaya', 'BIZ UDGothic',                        
                             'BIZ UDMincho', 'BM Dohyeon',                      
                             'BM Hanna 11yrs Old', 'BM Hanna                    
                             Air', 'BM Hanna Pro', 'BM Jua',                    
                             'BM Kirang Haerang', 'BM                           
                             Yeonsung', 'Baghdad', 'Bangla                      
                             MN', 'Bangla Sangam MN', 'Baoli                    
                             SC', 'Baoli TC', 'Baskerville',                    
                             'Beirut', 'BiauKaiHK',                             
                             'BiauKaiTC', 'Big Caslon',                         
                             'Bodoni 72', 'Bodoni 72                            
                             Oldstyle', 'Bodoni 72                              
                             Smallcaps', 'Bodoni Ornaments',                    
                             'Bradley Hand', 'Brush Script                      
                             MT', 'Chalkboard', 'Chalkboard                     
                             SE', 'Chalkduster', 'Charter',                     
                             'Cochin', 'Comic Sans MS',                         
                             'Copperplate', 'Corsiva                            
                             Hebrew', 'Courier New', 'DIN                       
                             Alternate', 'DIN Condensed',                       
                             'Damascus', 'DecoType Naskh',                      
                             'Devanagari MT', 'Devanagari                       
                             Sangam MN', 'Didot', 'Diwan                        
                             Kufi', 'Diwan Thuluth',                            
                             'Euphemia UCAS', 'Farah',                          
                             'Farisi', 'Futura', 'GB18030                       
                             Bitmap', 'Galvji', 'Geeza Pro',                    
                             'Geneva', 'Georgia', 'Gill                         
                             Sans', 'Grantha Sangam MN',                        
                             'Gujarati MT', 'Gujarati Sangam                    
                             MN', 'GungSeo', 'Gurmukhi MN',                     
                             'Gurmukhi MT', 'Gurmukhi Sangam                    
                             MN', 'Hannotate SC', 'Hannotate                    
                             TC', 'HanziPen SC', 'HanziPen                      
                             TC', 'HeadLineA', 'Hei', 'Heiti                    
                             SC', 'Heiti TC', 'Helvetica',                      
                             'Helvetica Neue', 'Herculanum',                    
                             'Hiragino Maru Gothic ProN',                       
                             'Hiragino Mincho ProN',                            
                             'Hiragino Sans', 'Hiragino Sans                    
                             GB', 'Hoefler Text', 'ITF                          
                             Devanagari', 'ITF Devanagari                       
                             Marathi', 'Impact',                                
                             'InaiMathi', 'Kai', 'Kailasa',                     
                             'Kaiti SC', 'Kaiti TC',                            
                             'Kannada MN', 'Kannada Sangam                      
                             MN', 'Kefa III', 'Khmer MN',                       
                             'Khmer Sangam MN', 'Klee',                         
                             'Kohinoor Bangla', 'Kohinoor                       
                             Devanagari', 'Kohinoor                             
                             Gujarati', 'Kohinoor Telugu',                      
                             'Kokonor', 'Krungthep',                            
                             'KufiStandardGK', 'LXGW                            
                             ZhenKai', 'Lantinghei SC',                         
                             'Lantinghei TC', 'Lao MN', 'Lao                    
                             Sangam MN', 'LiHei Pro',                           
                             'LiSong Pro', 'Libian SC',                         
                             'Libian TC', 'LingWai SC',                         
                             'LingWai TC', 'Lucida Grande',                     
                             'Luminari', 'Malayalam MN',                        
                             'Malayalam Sangam MN', 'Marker                     
                             Felt', 'Menlo', 'Microsoft Sans                    
                             Serif', 'Mishafi', 'Mishafi                        
                             Gold', 'Monaco', 'Monospace',                      
                             'Mshtakan', 'Mukta Mahee',                         
                             'Muna', 'Myanmar MN', 'Myanmar                     
                             Sangam MN', 'Nadeem', 'Nanum                       
                             Brush Script', 'Nanum Gothic',                     
                             'Nanum Myeongjo', 'Nanum Pen                       
                             Script', 'New Peninim MT',                         
                             'Noteworthy', 'Noto Nastaliq                       
                             Urdu', 'Noto Sans Batak', 'Noto                    
                             Sans Kannada', 'Noto Sans                          
                             Myanmar', 'Noto Sans NKo',                         
                             'Noto Sans Oriya', 'Noto Sans                      
                             Syriac', 'Noto Sans Tagalog',                      
                             'Noto Serif Myanmar', 'Optima',                    
                             'Oriya MN', 'Oriya Sangam MN',                     
                             'Osaka', 'PCMyungjo', 'PT                          
                             Mono', 'PT Sans', 'PT Sans                         
                             Caption', 'PT Sans Narrow', 'PT                    
                             Serif', 'PT Serif Caption',                        
                             'Palatino', 'Papyrus', 'Party                      
                             LET', 'Phosphate', 'PilGi',                        
                             'PingFang HK', 'PingFang MO',                      
                             'PingFang SC', 'PingFang TC',                      
                             'Plantagenet Cherokee',                            
                             'Raanana', 'Rockwell',                             
                             'STFangsong', 'STHeiti', 'STIX                     
                             Two Math', 'STIX Two Text',                        
                             'STKaiti', 'STSong', 'Sana',                       
                             'Sans', 'Sathu', 'Savoye LET',                     
                             'Serif', 'Shree Devanagari                         
                             714', 'SignPainter', 'Silom',                      
                             'SimSong', 'Sinhala MN',                           
                             'Sinhala Sangam MN', 'Skia',                       
                             'Snell Roundhand', 'Songti SC',                    
                             'Songti TC', 'Sukhumvit Set',                      
                             'Symbol', 'Tahoma', 'Tamil MN',                    
                             'Tamil Sangam MN', 'Telugu MN',                    
                             'Telugu Sangam MN', 'Thonburi',                    
                             'Times New Roman', 'Toppan                         
                             Bunkyu Gothic', 'Toppan Bunkyu                     
                             Midashi Gothic', 'Toppan Bunkyu                    
                             Midashi Mincho', 'Toppan Bunkyu                    
                             Mincho', 'Trattatello',                            
                             'Trebuchet MS', 'Tsukushi A                        
                             Round Gothic', 'Tsukushi B                         
                             Round Gothic', 'Verdana',                          
                             'Waseem', 'Wawati SC', 'Wawati                     
                             TC', 'Webdings', 'Weibei SC',                      
                             'Weibei TC', 'Wingdings',                          
                             'Wingdings 2', 'Wingdings 3',                      
                             'Xingkai SC', 'Xingkai TC',                        
                             'YuGothic', 'YuKyokasho',                          
                             'YuKyokasho Yoko', 'YuMincho',                     
                             'YuMincho +36p Kana', 'Yuanti                      
                             SC', 'Yuanti TC', 'Yuppy SC',                      
                             'Yuppy TC', 'Zapf Dingbats',                       
                             'Zapfino', 'cursive',                              
                             'fantasy', 'system-ui'].                           
                    WARNING  Font Noto Sans CJK SC not in    text_mobject.py:464
                             ['.AppleSystemUIFont', 'Academy                    
                             Engraved LET', 'Al Bayan', 'Al                     
                             Nile', 'Al Tarikh', 'American                      
                             Typewriter', 'Andale Mono',                        
                             'Apple Braille', 'Apple                            
                             Chancery', 'Apple Color Emoji',                    
                             'Apple LiGothic', 'Apple                           
                             LiSung', 'Apple SD Gothic Neo',                    
                             'Apple Symbols', 'AppleGothic',                    
                             'AppleMyungjo', 'Arial', 'Arial                    
                             Black', 'Arial Hebrew', 'Arial                     
                             Hebrew Scholar', 'Arial                            
                             Narrow', 'Arial Rounded MT                         
                             Bold', 'Arial Unicode MS',                         
                             'Avenir', 'Avenir Next',                           
                             'Avenir Next Condensed',                           
                             'Ayuthaya', 'BIZ UDGothic',                        
                             'BIZ UDMincho', 'BM Dohyeon',                      
                             'BM Hanna 11yrs Old', 'BM Hanna                    
                             Air', 'BM Hanna Pro', 'BM Jua',                    
                             'BM Kirang Haerang', 'BM                           
                             Yeonsung', 'Baghdad', 'Bangla                      
                             MN', 'Bangla Sangam MN', 'Baoli                    
                             SC', 'Baoli TC', 'Baskerville',                    
                             'Beirut', 'BiauKaiHK',                             
                             'BiauKaiTC', 'Big Caslon',                         
                             'Bodoni 72', 'Bodoni 72                            
                             Oldstyle', 'Bodoni 72                              
                             Smallcaps', 'Bodoni Ornaments',                    
                             'Bradley Hand', 'Brush Script                      
                             MT', 'Chalkboard', 'Chalkboard                     
                             SE', 'Chalkduster', 'Charter',                     
                             'Cochin', 'Comic Sans MS',                         
                             'Copperplate', 'Corsiva                            
                             Hebrew', 'Courier New', 'DIN                       
                             Alternate', 'DIN Condensed',                       
                             'Damascus', 'DecoType Naskh',                      
                             'Devanagari MT', 'Devanagari                       
                             Sangam MN', 'Didot', 'Diwan                        
                             Kufi', 'Diwan Thuluth',                            
                             'Euphemia UCAS', 'Farah',                          
                             'Farisi', 'Futura', 'GB18030                       
                             Bitmap', 'Galvji', 'Geeza Pro',                    
                             'Geneva', 'Georgia', 'Gill                         
                             Sans', 'Grantha Sangam MN',                        
                             'Gujarati MT', 'Gujarati Sangam                    
                             MN', 'GungSeo', 'Gurmukhi MN',                     
                             'Gurmukhi MT', 'Gurmukhi Sangam                    
                             MN', 'Hannotate SC', 'Hannotate                    
                             TC', 'HanziPen SC', 'HanziPen                      
                             TC', 'HeadLineA', 'Hei', 'Heiti                    
                             SC', 'Heiti TC', 'Helvetica',                      
                             'Helvetica Neue', 'Herculanum',                    
                             'Hiragino Maru Gothic ProN',                       
                             'Hiragino Mincho ProN',                            
                             'Hiragino Sans', 'Hiragino Sans                    
                             GB', 'Hoefler Text', 'ITF                          
                             Devanagari', 'ITF Devanagari                       
                             Marathi', 'Impact',                                
                             'InaiMathi', 'Kai', 'Kailasa',                     
                             'Kaiti SC', 'Kaiti TC',                            
                             'Kannada MN', 'Kannada Sangam                      
                             MN', 'Kefa III', 'Khmer MN',                       
                             'Khmer Sangam MN', 'Klee',                         
                             'Kohinoor Bangla', 'Kohinoor                       
                             Devanagari', 'Kohinoor                             
                             Gujarati', 'Kohinoor Telugu',                      
                             'Kokonor', 'Krungthep',                            
                             'KufiStandardGK', 'LXGW                            
                             ZhenKai', 'Lantinghei SC',                         
                             'Lantinghei TC', 'Lao MN', 'Lao                    
                             Sangam MN', 'LiHei Pro',                           
                             'LiSong Pro', 'Libian SC',                         
                             'Libian TC', 'LingWai SC',                         
                             'LingWai TC', 'Lucida Grande',                     
                             'Luminari', 'Malayalam MN',                        
                             'Malayalam Sangam MN', 'Marker                     
                             Felt', 'Menlo', 'Microsoft Sans                    
                             Serif', 'Mishafi', 'Mishafi                        
                             Gold', 'Monaco', 'Monospace',                      
                             'Mshtakan', 'Mukta Mahee',                         
                             'Muna', 'Myanmar MN', 'Myanmar                     
                             Sangam MN', 'Nadeem', 'Nanum                       
                             Brush Script', 'Nanum Gothic',                     
                             'Nanum Myeongjo', 'Nanum Pen                       
                             Script', 'New Peninim MT',                         
                             'Noteworthy', 'Noto Nastaliq                       
                             Urdu', 'Noto Sans Batak', 'Noto                    
                             Sans Kannada', 'Noto Sans                          
                             Myanmar', 'Noto Sans NKo',                         
                             'Noto Sans Oriya', 'Noto Sans                      
                             Syriac', 'Noto Sans Tagalog',                      
                             'Noto Serif Myanmar', 'Optima',                    
                             'Oriya MN', 'Oriya Sangam MN',                     
                             'Osaka', 'PCMyungjo', 'PT                          
                             Mono', 'PT Sans', 'PT Sans                         
                             Caption', 'PT Sans Narrow', 'PT                    
                             Serif', 'PT Serif Caption',                        
                             'Palatino', 'Papyrus', 'Party                      
                             LET', 'Phosphate', 'PilGi',                        
                             'PingFang HK', 'PingFang MO',                      
                             'PingFang SC', 'PingFang TC',                      
                             'Plantagenet Cherokee',                            
                             'Raanana', 'Rockwell',                             
                             'STFangsong', 'STHeiti', 'STIX                     
                             Two Math', 'STIX Two Text',                        
                             'STKaiti', 'STSong', 'Sana',                       
                             'Sans', 'Sathu', 'Savoye LET',                     
                             'Serif', 'Shree Devanagari                         
                             714', 'SignPainter', 'Silom',                      
                             'SimSong', 'Sinhala MN',                           
                             'Sinhala Sangam MN', 'Skia',                       
                             'Snell Roundhand', 'Songti SC',                    
                             'Songti TC', 'Sukhumvit Set',                      
                             'Symbol', 'Tahoma', 'Tamil MN',                    
                             'Tamil Sangam MN', 'Telugu MN',                    
                             'Telugu Sangam MN', 'Thonburi',                    
                             'Times New Roman', 'Toppan                         
                             Bunkyu Gothic', 'Toppan Bunkyu                     
                             Midashi Gothic', 'Toppan Bunkyu                    
                             Midashi Mincho', 'Toppan Bunkyu                    
                             Mincho', 'Trattatello',                            
                             'Trebuchet MS', 'Tsukushi A                        
                             Round Gothic', 'Tsukushi B                         
                             Round Gothic', 'Verdana',                          
                             'Waseem', 'Wawati SC', 'Wawati                     
                             TC', 'Webdings', 'Weibei SC',                      
                             'Weibei TC', 'Wingdings',                          
                             'Wingdings 2', 'Wingdings 3',                      
                             'Xingkai SC', 'Xingkai TC',                        
                             'YuGothic', 'YuKyokasho',                          
                             'YuKyokasho Yoko', 'YuMincho',                     
                             'YuMincho +36p Kana', 'Yuanti                      
                             SC', 'Yuanti TC', 'Yuppy SC',                      
                             'Yuppy TC', 'Zapf Dingbats',                       
                             'Zapfino', 'cursive',                              
                             'fantasy', 'system-ui'].                           
                    WARNING  Font Noto Sans CJK SC not in    text_mobject.py:464
                             ['.AppleSystemUIFont', 'Academy                    
                             Engraved LET', 'Al Bayan', 'Al                     
                             Nile', 'Al Tarikh', 'American                      
                             Typewriter', 'Andale Mono',                        
                             'Apple Braille', 'Apple                            
                             Chancery', 'Apple Color Emoji',                    
                             'Apple LiGothic', 'Apple                           
                             LiSung', 'Apple SD Gothic Neo',                    
                             'Apple Symbols', 'AppleGothic',                    
                             'AppleMyungjo', 'Arial', 'Arial                    
                             Black', 'Arial Hebrew', 'Arial                     
                             Hebrew Scholar', 'Arial                            
                             Narrow', 'Arial Rounded MT                         
                             Bold', 'Arial Unicode MS',                         
                             'Avenir', 'Avenir Next',                           
                             'Avenir Next Condensed',                           
                             'Ayuthaya', 'BIZ UDGothic',                        
                             'BIZ UDMincho', 'BM Dohyeon',                      
                             'BM Hanna 11yrs Old', 'BM Hanna                    
                             Air', 'BM Hanna Pro', 'BM Jua',                    
                             'BM Kirang Haerang', 'BM                           
                             Yeonsung', 'Baghdad', 'Bangla                      
                             MN', 'Bangla Sangam MN', 'Baoli                    
                             SC', 'Baoli TC', 'Baskerville',                    
                             'Beirut', 'BiauKaiHK',                             
                             'BiauKaiTC', 'Big Caslon',                         
                             'Bodoni 72', 'Bodoni 72                            
                             Oldstyle', 'Bodoni 72                              
                             Smallcaps', 'Bodoni Ornaments',                    
                             'Bradley Hand', 'Brush Script                      
                             MT', 'Chalkboard', 'Chalkboard                     
                             SE', 'Chalkduster', 'Charter',                     
                             'Cochin', 'Comic Sans MS',                         
                             'Copperplate', 'Corsiva                            
                             Hebrew', 'Courier New', 'DIN                       
                             Alternate', 'DIN Condensed',                       
                             'Damascus', 'DecoType Naskh',                      
                             'Devanagari MT', 'Devanagari                       
                             Sangam MN', 'Didot', 'Diwan                        
                             Kufi', 'Diwan Thuluth',                            
                             'Euphemia UCAS', 'Farah',                          
                             'Farisi', 'Futura', 'GB18030                       
                             Bitmap', 'Galvji', 'Geeza Pro',                    
                             'Geneva', 'Georgia', 'Gill                         
                             Sans', 'Grantha Sangam MN',                        
                             'Gujarati MT', 'Gujarati Sangam                    
                             MN', 'GungSeo', 'Gurmukhi MN',                     
                             'Gurmukhi MT', 'Gurmukhi Sangam                    
                             MN', 'Hannotate SC', 'Hannotate                    
                             TC', 'HanziPen SC', 'HanziPen                      
                             TC', 'HeadLineA', 'Hei', 'Heiti                    
                             SC', 'Heiti TC', 'Helvetica',                      
                             'Helvetica Neue', 'Herculanum',                    
                             'Hiragino Maru Gothic ProN',                       
                             'Hiragino Mincho ProN',                            
                             'Hiragino Sans', 'Hiragino Sans                    
                             GB', 'Hoefler Text', 'ITF                          
                             Devanagari', 'ITF Devanagari                       
                             Marathi', 'Impact',                                
                             'InaiMathi', 'Kai', 'Kailasa',                     
                             'Kaiti SC', 'Kaiti TC',                            
                             'Kannada MN', 'Kannada Sangam                      
                             MN', 'Kefa III', 'Khmer MN',                       
                             'Khmer Sangam MN', 'Klee',                         
                             'Kohinoor Bangla', 'Kohinoor                       
                             Devanagari', 'Kohinoor                             
                             Gujarati', 'Kohinoor Telugu',                      
                             'Kokonor', 'Krungthep',                            
                             'KufiStandardGK', 'LXGW                            
                             ZhenKai', 'Lantinghei SC',                         
                             'Lantinghei TC', 'Lao MN', 'Lao                    
                             Sangam MN', 'LiHei Pro',                           
                             'LiSong Pro', 'Libian SC',                         
                             'Libian TC', 'LingWai SC',                         
                             'LingWai TC', 'Lucida Grande',                     
                             'Luminari', 'Malayalam MN',                        
                             'Malayalam Sangam MN', 'Marker                     
                             Felt', 'Menlo', 'Microsoft Sans                    
                             Serif', 'Mishafi', 'Mishafi                        
                             Gold', 'Monaco', 'Monospace',                      
                             'Mshtakan', 'Mukta Mahee',                         
                             'Muna', 'Myanmar MN', 'Myanmar                     
                             Sangam MN', 'Nadeem', 'Nanum                       
                             Brush Script', 'Nanum Gothic',                     
                             'Nanum Myeongjo', 'Nanum Pen                       
                             Script', 'New Peninim MT',                         
                             'Noteworthy', 'Noto Nastaliq                       
                             Urdu', 'Noto Sans Batak', 'Noto                    
                             Sans Kannada', 'Noto Sans                          
                             Myanmar', 'Noto Sans NKo',                         
                             'Noto Sans Oriya', 'Noto Sans                      
                             Syriac', 'Noto Sans Tagalog',                      
                             'Noto Serif Myanmar', 'Optima',                    
                             'Oriya MN', 'Oriya Sangam MN',                     
                             'Osaka', 'PCMyungjo', 'PT                          
                             Mono', 'PT Sans', 'PT Sans                         
                             Caption', 'PT Sans Narrow', 'PT                    
                             Serif', 'PT Serif Caption',                        
                             'Palatino', 'Papyrus', 'Party                      
                             LET', 'Phosphate', 'PilGi',                        
                             'PingFang HK', 'PingFang MO',                      
                             'PingFang SC', 'PingFang TC',                      
                             'Plantagenet Cherokee',                            
                             'Raanana', 'Rockwell',                             
                             'STFangsong', 'STHeiti', 'STIX                     
                             Two Math', 'STIX Two Text',                        
                             'STKaiti', 'STSong', 'Sana',                       
                             'Sans', 'Sathu', 'Savoye LET',                     
                             'Serif', 'Shree Devanagari                         
                             714', 'SignPainter', 'Silom',                      
                             'SimSong', 'Sinhala MN',                           
                             'Sinhala Sangam MN', 'Skia',                       
                             'Snell Roundhand', 'Songti SC',                    
                             'Songti TC', 'Sukhumvit Set',                      
                             'Symbol', 'Tahoma', 'Tamil MN',                    
                             'Tamil Sangam MN', 'Telugu MN',                    
                             'Telugu Sangam MN', 'Thonburi',                    
                             'Times New Roman', 'Toppan                         
                             Bunkyu Gothic', 'Toppan Bunkyu                     
                             Midashi Gothic', 'Toppan Bunkyu                    
                             Midashi Mincho', 'Toppan Bunkyu                    
                             Mincho', 'Trattatello',                            
                             'Trebuchet MS', 'Tsukushi A                        
                             Round Gothic', 'Tsukushi B                         
                             Round Gothic', 'Verdana',                          
                             'Waseem', 'Wawati SC', 'Wawati                     
                             TC', 'Webdings', 'Weibei SC',                      
                             'Weibei TC', 'Wingdings',                          
                             'Wingdings 2', 'Wingdings 3',                      
                             'Xingkai SC', 'Xingkai TC',                        
                             'YuGothic', 'YuKyokasho',                          
                             'YuKyokasho Yoko', 'YuMincho',                     
                             'YuMincho +36p Kana', 'Yuanti                      
                             SC', 'Yuanti TC', 'Yuppy SC',                      
                             'Yuppy TC', 'Zapf Dingbats',                       
                             'Zapfino', 'cursive',                              
                             'fantasy', 'system-ui'].                           
                    WARNING  Font Noto Sans CJK SC not in    text_mobject.py:464
                             ['.AppleSystemUIFont', 'Academy                    
                             Engraved LET', 'Al Bayan', 'Al                     
                             Nile', 'Al Tarikh', 'American                      
                             Typewriter', 'Andale Mono',                        
                             'Apple Braille', 'Apple                            
                             Chancery', 'Apple Color Emoji',                    
                             'Apple LiGothic', 'Apple                           
                             LiSung', 'Apple SD Gothic Neo',                    
                             'Apple Symbols', 'AppleGothic',                    
                             'AppleMyungjo', 'Arial', 'Arial                    
                             Black', 'Arial Hebrew', 'Arial                     
                             Hebrew Scholar', 'Arial                            
                             Narrow', 'Arial Rounded MT                         
                             Bold', 'Arial Unicode MS',                         
                             'Avenir', 'Avenir Next',                           
                             'Avenir Next Condensed',                           
                             'Ayuthaya', 'BIZ UDGothic',                        
                             'BIZ UDMincho', 'BM Dohyeon',                      
                             'BM Hanna 11yrs Old', 'BM Hanna                    
                             Air', 'BM Hanna Pro', 'BM Jua',                    
                             'BM Kirang Haerang', 'BM                           
                             Yeonsung', 'Baghdad', 'Bangla                      
                             MN', 'Bangla Sangam MN', 'Baoli                    
                             SC', 'Baoli TC', 'Baskerville',                    
                             'Beirut', 'BiauKaiHK',                             
                             'BiauKaiTC', 'Big Caslon',                         
                             'Bodoni 72', 'Bodoni 72                            
                             Oldstyle', 'Bodoni 72                              
                             Smallcaps', 'Bodoni Ornaments',                    
                             'Bradley Hand', 'Brush Script                      
                             MT', 'Chalkboard', 'Chalkboard                     
                             SE', 'Chalkduster', 'Charter',                     
                             'Cochin', 'Comic Sans MS',                         
                             'Copperplate', 'Corsiva                            
                             Hebrew', 'Courier New', 'DIN                       
                             Alternate', 'DIN Condensed',                       
                             'Damascus', 'DecoType Naskh',                      
                             'Devanagari MT', 'Devanagari                       
                             Sangam MN', 'Didot', 'Diwan                        
                             Kufi', 'Diwan Thuluth',                            
                             'Euphemia UCAS', 'Farah',                          
                             'Farisi', 'Futura', 'GB18030                       
                             Bitmap', 'Galvji', 'Geeza Pro',                    
                             'Geneva', 'Georgia', 'Gill                         
                             Sans', 'Grantha Sangam MN',                        
                             'Gujarati MT', 'Gujarati Sangam                    
                             MN', 'GungSeo', 'Gurmukhi MN',                     
                             'Gurmukhi MT', 'Gurmukhi Sangam                    
                             MN', 'Hannotate SC', 'Hannotate                    
                             TC', 'HanziPen SC', 'HanziPen                      
                             TC', 'HeadLineA', 'Hei', 'Heiti                    
                             SC', 'Heiti TC', 'Helvetica',                      
                             'Helvetica Neue', 'Herculanum',                    
                             'Hiragino Maru Gothic ProN',                       
                             'Hiragino Mincho ProN',                            
                             'Hiragino Sans', 'Hiragino Sans                    
                             GB', 'Hoefler Text', 'ITF                          
                             Devanagari', 'ITF Devanagari                       
                             Marathi', 'Impact',                                
                             'InaiMathi', 'Kai', 'Kailasa',                     
                             'Kaiti SC', 'Kaiti TC',                            
                             'Kannada MN', 'Kannada Sangam                      
                             MN', 'Kefa III', 'Khmer MN',                       
                             'Khmer Sangam MN', 'Klee',                         
                             'Kohinoor Bangla', 'Kohinoor                       
                             Devanagari', 'Kohinoor                             
                             Gujarati', 'Kohinoor Telugu',                      
                             'Kokonor', 'Krungthep',                            
                             'KufiStandardGK', 'LXGW                            
                             ZhenKai', 'Lantinghei SC',                         
                             'Lantinghei TC', 'Lao MN', 'Lao                    
                             Sangam MN', 'LiHei Pro',                           
                             'LiSong Pro', 'Libian SC',                         
                             'Libian TC', 'LingWai SC',                         
                             'LingWai TC', 'Lucida Grande',                     
                             'Luminari', 'Malayalam MN',                        
                             'Malayalam Sangam MN', 'Marker                     
                             Felt', 'Menlo', 'Microsoft Sans                    
                             Serif', 'Mishafi', 'Mishafi                        
                             Gold', 'Monaco', 'Monospace',                      
                             'Mshtakan', 'Mukta Mahee',                         
                             'Muna', 'Myanmar MN', 'Myanmar                     
                             Sangam MN', 'Nadeem', 'Nanum                       
                             Brush Script', 'Nanum Gothic',                     
                             'Nanum Myeongjo', 'Nanum Pen                       
                             Script', 'New Peninim MT',                         
                             'Noteworthy', 'Noto Nastaliq                       
                             Urdu', 'Noto Sans Batak', 'Noto                    
                             Sans Kannada', 'Noto Sans                          
                             Myanmar', 'Noto Sans NKo',                         
                             'Noto Sans Oriya', 'Noto Sans                      
                             Syriac', 'Noto Sans Tagalog',                      
                             'Noto Serif Myanmar', 'Optima',                    
                             'Oriya MN', 'Oriya Sangam MN',                     
                             'Osaka', 'PCMyungjo', 'PT                          
                             Mono', 'PT Sans', 'PT Sans                         
                             Caption', 'PT Sans Narrow', 'PT                    
                             Serif', 'PT Serif Caption',                        
                             'Palatino', 'Papyrus', 'Party                      
                             LET', 'Phosphate', 'PilGi',                        
                             'PingFang HK', 'PingFang MO',                      
                             'PingFang SC', 'PingFang TC',                      
                             'Plantagenet Cherokee',                            
                             'Raanana', 'Rockwell',                             
                             'STFangsong', 'STHeiti', 'STIX                     
                             Two Math', 'STIX Two Text',                        
                             'STKaiti', 'STSong', 'Sana',                       
                             'Sans', 'Sathu', 'Savoye LET',                     
                             'Serif', 'Shree Devanagari                         
                             714', 'SignPainter', 'Silom',                      
                             'SimSong', 'Sinhala MN',                           
                             'Sinhala Sangam MN', 'Skia',                       
                             'Snell Roundhand', 'Songti SC',                    
                             'Songti TC', 'Sukhumvit Set',                      
                             'Symbol', 'Tahoma', 'Tamil MN',                    
                             'Tamil Sangam MN', 'Telugu MN',                    
                             'Telugu Sangam MN', 'Thonburi',                    
                             'Times New Roman', 'Toppan                         
                             Bunkyu Gothic', 'Toppan Bunkyu                     
                             Midashi Gothic', 'Toppan Bunkyu                    
                             Midashi Mincho', 'Toppan Bunkyu                    
                             Mincho', 'Trattatello',                            
                             'Trebuchet MS', 'Tsukushi A                        
                             Round Gothic', 'Tsukushi B                         
                             Round Gothic', 'Verdana',                          
                             'Waseem', 'Wawati SC', 'Wawati                     
                             TC', 'Webdings', 'Weibei SC',                      
                             'Weibei TC', 'Wingdings',                          
                             'Wingdings 2', 'Wingdings 3',                      
                             'Xingkai SC', 'Xingkai TC',                        
                             'YuGothic', 'YuKyokasho',                          
                             'YuKyokasho Yoko', 'YuMincho',                     
                             'YuMincho +36p Kana', 'Yuanti                      
                             SC', 'Yuanti TC', 'Yuppy SC',                      
                             'Yuppy TC', 'Zapf Dingbats',                       
                             'Zapfino', 'cursive',                              
                             'fantasy', 'system-ui'].                           
                    WARNING  Font Noto Sans CJK SC not in    text_mobject.py:464
                             ['.AppleSystemUIFont', 'Academy                    
                             Engraved LET', 'Al Bayan', 'Al                     
                             Nile', 'Al Tarikh', 'American                      
                             Typewriter', 'Andale Mono',                        
                             'Apple Braille', 'Apple                            
                             Chancery', 'Apple Color Emoji',                    
                             'Apple LiGothic', 'Apple                           
                             LiSung', 'Apple SD Gothic Neo',                    
                             'Apple Symbols', 'AppleGothic',                    
                             'AppleMyungjo', 'Arial', 'Arial                    
                             Black', 'Arial Hebrew', 'Arial                     
                             Hebrew Scholar', 'Arial                            
                             Narrow', 'Arial Rounded MT                         
                             Bold', 'Arial Unicode MS',                         
                             'Avenir', 'Avenir Next',                           
                             'Avenir Next Condensed',                           
                             'Ayuthaya', 'BIZ UDGothic',                        
                             'BIZ UDMincho', 'BM Dohyeon',                      
                             'BM Hanna 11yrs Old', 'BM Hanna                    
                             Air', 'BM Hanna Pro', 'BM Jua',                    
                             'BM Kirang Haerang', 'BM                           
                             Yeonsung', 'Baghdad', 'Bangla                      
                             MN', 'Bangla Sangam MN', 'Baoli                    
                             SC', 'Baoli TC', 'Baskerville',                    
                             'Beirut', 'BiauKaiHK',                             
                             'BiauKaiTC', 'Big Caslon',                         
                             'Bodoni 72', 'Bodoni 72                            
                             Oldstyle', 'Bodoni 72                              
                             Smallcaps', 'Bodoni Ornaments',                    
                             'Bradley Hand', 'Brush Script                      
                             MT', 'Chalkboard', 'Chalkboard                     
                             SE', 'Chalkduster', 'Charter',                     
                             'Cochin', 'Comic Sans MS',                         
                             'Copperplate', 'Corsiva                            
                             Hebrew', 'Courier New', 'DIN                       
                             Alternate', 'DIN Condensed',                       
                             'Damascus', 'DecoType Naskh',                      
                             'Devanagari MT', 'Devanagari                       
                             Sangam MN', 'Didot', 'Diwan                        
                             Kufi', 'Diwan Thuluth',                            
                             'Euphemia UCAS', 'Farah',                          
                             'Farisi', 'Futura', 'GB18030                       
                             Bitmap', 'Galvji', 'Geeza Pro',                    
                             'Geneva', 'Georgia', 'Gill                         
                             Sans', 'Grantha Sangam MN',                        
                             'Gujarati MT', 'Gujarati Sangam                    
                             MN', 'GungSeo', 'Gurmukhi MN',                     
                             'Gurmukhi MT', 'Gurmukhi Sangam                    
                             MN', 'Hannotate SC', 'Hannotate                    
                             TC', 'HanziPen SC', 'HanziPen                      
                             TC', 'HeadLineA', 'Hei', 'Heiti                    
                             SC', 'Heiti TC', 'Helvetica',                      
                             'Helvetica Neue', 'Herculanum',                    
                             'Hiragino Maru Gothic ProN',                       
                             'Hiragino Mincho ProN',                            
                             'Hiragino Sans', 'Hiragino Sans                    
                             GB', 'Hoefler Text', 'ITF                          
                             Devanagari', 'ITF Devanagari                       
                             Marathi', 'Impact',                                
                             'InaiMathi', 'Kai', 'Kailasa',                     
                             'Kaiti SC', 'Kaiti TC',                            
                             'Kannada MN', 'Kannada Sangam                      
                             MN', 'Kefa III', 'Khmer MN',                       
                             'Khmer Sangam MN', 'Klee',                         
                             'Kohinoor Bangla', 'Kohinoor                       
                             Devanagari', 'Kohinoor                             
                             Gujarati', 'Kohinoor Telugu',                      
                             'Kokonor', 'Krungthep',                            
                             'KufiStandardGK', 'LXGW                            
                             ZhenKai', 'Lantinghei SC',                         
                             'Lantinghei TC', 'Lao MN', 'Lao                    
                             Sangam MN', 'LiHei Pro',                           
                             'LiSong Pro', 'Libian SC',                         
                             'Libian TC', 'LingWai SC',                         
                             'LingWai TC', 'Lucida Grande',                     
                             'Luminari', 'Malayalam MN',                        
                             'Malayalam Sangam MN', 'Marker                     
                             Felt', 'Menlo', 'Microsoft Sans                    
                             Serif', 'Mishafi', 'Mishafi                        
                             Gold', 'Monaco', 'Monospace',                      
                             'Mshtakan', 'Mukta Mahee',                         
                             'Muna', 'Myanmar MN', 'Myanmar                     
                             Sangam MN', 'Nadeem', 'Nanum                       
                             Brush Script', 'Nanum Gothic',                     
                             'Nanum Myeongjo', 'Nanum Pen                       
                             Script', 'New Peninim MT',                         
                             'Noteworthy', 'Noto Nastaliq                       
                             Urdu', 'Noto Sans Batak', 'Noto                    
                             Sans Kannada', 'Noto Sans                          
                             Myanmar', 'Noto Sans NKo',                         
                             'Noto Sans Oriya', 'Noto Sans                      
                             Syriac', 'Noto Sans Tagalog',                      
                             'Noto Serif Myanmar', 'Optima',                    
                             'Oriya MN', 'Oriya Sangam MN',                     
                             'Osaka', 'PCMyungjo', 'PT                          
                             Mono', 'PT Sans', 'PT Sans                         
                             Caption', 'PT Sans Narrow', 'PT                    
                             Serif', 'PT Serif Caption',                        
                             'Palatino', 'Papyrus', 'Party                      
                             LET', 'Phosphate', 'PilGi',                        
                             'PingFang HK', 'PingFang MO',                      
                             'PingFang SC', 'PingFang TC',                      
                             'Plantagenet Cherokee',                            
                             'Raanana', 'Rockwell',                             
                             'STFangsong', 'STHeiti', 'STIX                     
                             Two Math', 'STIX Two Text',                        
                             'STKaiti', 'STSong', 'Sana',                       
                             'Sans', 'Sathu', 'Savoye LET',                     
                             'Serif', 'Shree Devanagari                         
                             714', 'SignPainter', 'Silom',                      
                             'SimSong', 'Sinhala MN',                           
                             'Sinhala Sangam MN', 'Skia',                       
                             'Snell Roundhand', 'Songti SC',                    
                             'Songti TC', 'Sukhumvit Set',                      
                             'Symbol', 'Tahoma', 'Tamil MN',                    
                             'Tamil Sangam MN', 'Telugu MN',                    
                             'Telugu Sangam MN', 'Thonburi',                    
                             'Times New Roman', 'Toppan                         
                             Bunkyu Gothic', 'Toppan Bunkyu                     
                             Midashi Gothic', 'Toppan Bunkyu                    
                             Midashi Mincho', 'Toppan Bunkyu                    
                             Mincho', 'Trattatello',                            
                             'Trebuchet MS', 'Tsukushi A                        
                             Round Gothic', 'Tsukushi B                         
                             Round Gothic', 'Verdana',                          
                             'Waseem', 'Wawati SC', 'Wawati                     
                             TC', 'Webdings', 'Weibei SC',                      
                             'Weibei TC', 'Wingdings',                          
                             'Wingdings 2', 'Wingdings 3',                      
                             'Xingkai SC', 'Xingkai TC',                        
                             'YuGothic', 'YuKyokasho',                          
                             'YuKyokasho Yoko', 'YuMincho',                     
                             'YuMincho +36p Kana', 'Yuanti                      
                             SC', 'Yuanti TC', 'Yuppy SC',                      
                             'Yuppy TC', 'Zapf Dingbats',                       
                             'Zapfino', 'cursive',                              
                             'fantasy', 'system-ui'].                           
                    WARNING  Font Noto Sans CJK SC not in    text_mobject.py:464
                             ['.AppleSystemUIFont', 'Academy                    
                             Engraved LET', 'Al Bayan', 'Al                     
                             Nile', 'Al Tarikh', 'American                      
                             Typewriter', 'Andale Mono',                        
                             'Apple Braille', 'Apple                            
                             Chancery', 'Apple Color Emoji',                    
                             'Apple LiGothic', 'Apple                           
                             LiSung', 'Apple SD Gothic Neo',                    
                             'Apple Symbols', 'AppleGothic',                    
                             'AppleMyungjo', 'Arial', 'Arial                    
                             Black', 'Arial Hebrew', 'Arial                     
                             Hebrew Scholar', 'Arial                            
                             Narrow', 'Arial Rounded MT                         
                             Bold', 'Arial Unicode MS',                         
                             'Avenir', 'Avenir Next',                           
                             'Avenir Next Condensed',                           
                             'Ayuthaya', 'BIZ UDGothic',                        
                             'BIZ UDMincho', 'BM Dohyeon',                      
                             'BM Hanna 11yrs Old', 'BM Hanna                    
                             Air', 'BM Hanna Pro', 'BM Jua',                    
                             'BM Kirang Haerang', 'BM                           
                             Yeonsung', 'Baghdad', 'Bangla                      
                             MN', 'Bangla Sangam MN', 'Baoli                    
                             SC', 'Baoli TC', 'Baskerville',                    
                             'Beirut', 'BiauKaiHK',                             
                             'BiauKaiTC', 'Big Caslon',                         
                             'Bodoni 72', 'Bodoni 72                            
                             Oldstyle', 'Bodoni 72                              
                             Smallcaps', 'Bodoni Ornaments',                    
                             'Bradley Hand', 'Brush Script                      
                             MT', 'Chalkboard', 'Chalkboard                     
                             SE', 'Chalkduster', 'Charter',                     
                             'Cochin', 'Comic Sans MS',                         
                             'Copperplate', 'Corsiva                            
                             Hebrew', 'Courier New', 'DIN                       
                             Alternate', 'DIN Condensed',                       
                             'Damascus', 'DecoType Naskh',                      
                             'Devanagari MT', 'Devanagari                       
                             Sangam MN', 'Didot', 'Diwan                        
                             Kufi', 'Diwan Thuluth',                            
                             'Euphemia UCAS', 'Farah',                          
                             'Farisi', 'Futura', 'GB18030                       
                             Bitmap', 'Galvji', 'Geeza Pro',                    
                             'Geneva', 'Georgia', 'Gill                         
                             Sans', 'Grantha Sangam MN',                        
                             'Gujarati MT', 'Gujarati Sangam                    
                             MN', 'GungSeo', 'Gurmukhi MN',                     
                             'Gurmukhi MT', 'Gurmukhi Sangam                    
                             MN', 'Hannotate SC', 'Hannotate                    
                             TC', 'HanziPen SC', 'HanziPen                      
                             TC', 'HeadLineA', 'Hei', 'Heiti                    
                             SC', 'Heiti TC', 'Helvetica',                      
                             'Helvetica Neue', 'Herculanum',                    
                             'Hiragino Maru Gothic ProN',                       
                             'Hiragino Mincho ProN',                            
                             'Hiragino Sans', 'Hiragino Sans                    
                             GB', 'Hoefler Text', 'ITF                          
                             Devanagari', 'ITF Devanagari                       
                             Marathi', 'Impact',                                
                             'InaiMathi', 'Kai', 'Kailasa',                     
                             'Kaiti SC', 'Kaiti TC',                            
                             'Kannada MN', 'Kannada Sangam                      
                             MN', 'Kefa III', 'Khmer MN',                       
                             'Khmer Sangam MN', 'Klee',                         
                             'Kohinoor Bangla', 'Kohinoor                       
                             Devanagari', 'Kohinoor                             
                             Gujarati', 'Kohinoor Telugu',                      
                             'Kokonor', 'Krungthep',                            
                             'KufiStandardGK', 'LXGW                            
                             ZhenKai', 'Lantinghei SC',                         
                             'Lantinghei TC', 'Lao MN', 'Lao                    
                             Sangam MN', 'LiHei Pro',                           
                             'LiSong Pro', 'Libian SC',                         
                             'Libian TC', 'LingWai SC',                         
                             'LingWai TC', 'Lucida Grande',                     
                             'Luminari', 'Malayalam MN',                        
                             'Malayalam Sangam MN', 'Marker                     
                             Felt', 'Menlo', 'Microsoft Sans                    
                             Serif', 'Mishafi', 'Mishafi                        
                             Gold', 'Monaco', 'Monospace',                      
                             'Mshtakan', 'Mukta Mahee',                         
                             'Muna', 'Myanmar MN', 'Myanmar                     
                             Sangam MN', 'Nadeem', 'Nanum                       
                             Brush Script', 'Nanum Gothic',                     
                             'Nanum Myeongjo', 'Nanum Pen                       
                             Script', 'New Peninim MT',                         
                             'Noteworthy', 'Noto Nastaliq                       
                             Urdu', 'Noto Sans Batak', 'Noto                    
                             Sans Kannada', 'Noto Sans                          
                             Myanmar', 'Noto Sans NKo',                         
                             'Noto Sans Oriya', 'Noto Sans                      
                             Syriac', 'Noto Sans Tagalog',                      
                             'Noto Serif Myanmar', 'Optima',                    
                             'Oriya MN', 'Oriya Sangam MN',                     
                             'Osaka', 'PCMyungjo', 'PT                          
                             Mono', 'PT Sans', 'PT Sans                         
                             Caption', 'PT Sans Narrow', 'PT                    
                             Serif', 'PT Serif Caption',                        
                             'Palatino', 'Papyrus', 'Party                      
                             LET', 'Phosphate', 'PilGi',                        
                             'PingFang HK', 'PingFang MO',                      
                             'PingFang SC', 'PingFang TC',                      
                             'Plantagenet Cherokee',                            
                             'Raanana', 'Rockwell',                             
                             'STFangsong', 'STHeiti', 'STIX                     
                             Two Math', 'STIX Two Text',                        
                             'STKaiti', 'STSong', 'Sana',                       
                             'Sans', 'Sathu', 'Savoye LET',                     
                             'Serif', 'Shree Devanagari                         
                             714', 'SignPainter', 'Silom',                      
                             'SimSong', 'Sinhala MN',                           
                             'Sinhala Sangam MN', 'Skia',                       
                             'Snell Roundhand', 'Songti SC',                    
                             'Songti TC', 'Sukhumvit Set',                      
                             'Symbol', 'Tahoma', 'Tamil MN',                    
                             'Tamil Sangam MN', 'Telugu MN',                    
                             'Telugu Sangam MN', 'Thonburi',                    
                             'Times New Roman', 'Toppan                         
                             Bunkyu Gothic', 'Toppan Bunkyu                     
                             Midashi Gothic', 'Toppan Bunkyu                    
                             Midashi Mincho', 'Toppan Bunkyu                    
                             Mincho', 'Trattatello',                            
                             'Trebuchet MS', 'Tsukushi A                        
                             Round Gothic', 'Tsukushi B                         
                             Round Gothic', 'Verdana',                          
                             'Waseem', 'Wawati SC', 'Wawati                     
                             TC', 'Webdings', 'Weibei SC',                      
                             'Weibei TC', 'Wingdings',                          
                             'Wingdings 2', 'Wingdings 3',                      
                             'Xingkai SC', 'Xingkai TC',                        
                             'YuGothic', 'YuKyokasho',                          
                             'YuKyokasho Yoko', 'YuMincho',                     
                             'YuMincho +36p Kana', 'Yuanti                      
                             SC', 'Yuanti TC', 'Yuppy SC',                      
                             'Yuppy TC', 'Zapf Dingbats',                       
                             'Zapfino', 'cursive',                              
                             'fantasy', 'system-ui'].                           
                    WARNING  Font Noto Sans CJK SC not in    text_mobject.py:464
                             ['.AppleSystemUIFont', 'Academy                    
                             Engraved LET', 'Al Bayan', 'Al                     
                             Nile', 'Al Tarikh', 'American                      
                             Typewriter', 'Andale Mono',                        
                             'Apple Braille', 'Apple                            
                             Chancery', 'Apple Color Emoji',                    
                             'Apple LiGothic', 'Apple                           
                             LiSung', 'Apple SD Gothic Neo',                    
                             'Apple Symbols', 'AppleGothic',                    
                             'AppleMyungjo', 'Arial', 'Arial                    
                             Black', 'Arial Hebrew', 'Arial                     
                             Hebrew Scholar', 'Arial                            
                             Narrow', 'Arial Rounded MT                         
                             Bold', 'Arial Unicode MS',                         
                             'Avenir', 'Avenir Next',                           
                             'Avenir Next Condensed',                           
                             'Ayuthaya', 'BIZ UDGothic',                        
                             'BIZ UDMincho', 'BM Dohyeon',                      
                             'BM Hanna 11yrs Old', 'BM Hanna                    
                             Air', 'BM Hanna Pro', 'BM Jua',                    
                             'BM Kirang Haerang', 'BM                           
                             Yeonsung', 'Baghdad', 'Bangla                      
                             MN', 'Bangla Sangam MN', 'Baoli                    
                             SC', 'Baoli TC', 'Baskerville',                    
                             'Beirut', 'BiauKaiHK',                             
                             'BiauKaiTC', 'Big Caslon',                         
                             'Bodoni 72', 'Bodoni 72                            
                             Oldstyle', 'Bodoni 72                              
                             Smallcaps', 'Bodoni Ornaments',                    
                             'Bradley Hand', 'Brush Script                      
                             MT', 'Chalkboard', 'Chalkboard                     
                             SE', 'Chalkduster', 'Charter',                     
                             'Cochin', 'Comic Sans MS',                         
                             'Copperplate', 'Corsiva                            
                             Hebrew', 'Courier New', 'DIN                       
                             Alternate', 'DIN Condensed',                       
                             'Damascus', 'DecoType Naskh',                      
                             'Devanagari MT', 'Devanagari                       
                             Sangam MN', 'Didot', 'Diwan                        
                             Kufi', 'Diwan Thuluth',                            
                             'Euphemia UCAS', 'Farah',                          
                             'Farisi', 'Futura', 'GB18030                       
                             Bitmap', 'Galvji', 'Geeza Pro',                    
                             'Geneva', 'Georgia', 'Gill                         
                             Sans', 'Grantha Sangam MN',                        
                             'Gujarati MT', 'Gujarati Sangam                    
                             MN', 'GungSeo', 'Gurmukhi MN',                     
                             'Gurmukhi MT', 'Gurmukhi Sangam                    
                             MN', 'Hannotate SC', 'Hannotate                    
                             TC', 'HanziPen SC', 'HanziPen                      
                             TC', 'HeadLineA', 'Hei', 'Heiti                    
                             SC', 'Heiti TC', 'Helvetica',                      
                             'Helvetica Neue', 'Herculanum',                    
                             'Hiragino Maru Gothic ProN',                       
                             'Hiragino Mincho ProN',                            
                             'Hiragino Sans', 'Hiragino Sans                    
                             GB', 'Hoefler Text', 'ITF                          
                             Devanagari', 'ITF Devanagari                       
                             Marathi', 'Impact',                                
                             'InaiMathi', 'Kai', 'Kailasa',                     
                             'Kaiti SC', 'Kaiti TC',                            
                             'Kannada MN', 'Kannada Sangam                      
                             MN', 'Kefa III', 'Khmer MN',                       
                             'Khmer Sangam MN', 'Klee',                         
                             'Kohinoor Bangla', 'Kohinoor                       
                             Devanagari', 'Kohinoor                             
                             Gujarati', 'Kohinoor Telugu',                      
                             'Kokonor', 'Krungthep',                            
                             'KufiStandardGK', 'LXGW                            
                             ZhenKai', 'Lantinghei SC',                         
                             'Lantinghei TC', 'Lao MN', 'Lao                    
                             Sangam MN', 'LiHei Pro',                           
                             'LiSong Pro', 'Libian SC',                         
                             'Libian TC', 'LingWai SC',                         
                             'LingWai TC', 'Lucida Grande',                     
                             'Luminari', 'Malayalam MN',                        
                             'Malayalam Sangam MN', 'Marker                     
                             Felt', 'Menlo', 'Microsoft Sans                    
                             Serif', 'Mishafi', 'Mishafi                        
                             Gold', 'Monaco', 'Monospace',                      
                             'Mshtakan', 'Mukta Mahee',                         
                             'Muna', 'Myanmar MN', 'Myanmar                     
                             Sangam MN', 'Nadeem', 'Nanum                       
                             Brush Script', 'Nanum Gothic',                     
                             'Nanum Myeongjo', 'Nanum Pen                       
                             Script', 'New Peninim MT',                         
                             'Noteworthy', 'Noto Nastaliq                       
                             Urdu', 'Noto Sans Batak', 'Noto                    
                             Sans Kannada', 'Noto Sans                          
                             Myanmar', 'Noto Sans NKo',                         
                             'Noto Sans Oriya', 'Noto Sans                      
                             Syriac', 'Noto Sans Tagalog',                      
                             'Noto Serif Myanmar', 'Optima',                    
                             'Oriya MN', 'Oriya Sangam MN',                     
                             'Osaka', 'PCMyungjo', 'PT                          
                             Mono', 'PT Sans', 'PT Sans                         
                             Caption', 'PT Sans Narrow', 'PT                    
                             Serif', 'PT Serif Caption',                        
                             'Palatino', 'Papyrus', 'Party                      
                             LET', 'Phosphate', 'PilGi',                        
                             'PingFang HK', 'PingFang MO',                      
                             'PingFang SC', 'PingFang TC',                      
                             'Plantagenet Cherokee',                            
                             'Raanana', 'Rockwell',                             
                             'STFangsong', 'STHeiti', 'STIX                     
                             Two Math', 'STIX Two Text',                        
                             'STKaiti', 'STSong', 'Sana',                       
                             'Sans', 'Sathu', 'Savoye LET',                     
                             'Serif', 'Shree Devanagari                         
                             714', 'SignPainter', 'Silom',                      
                             'SimSong', 'Sinhala MN',                           
                             'Sinhala Sangam MN', 'Skia',                       
                             'Snell Roundhand', 'Songti SC',                    
                             'Songti TC', 'Sukhumvit Set',                      
                             'Symbol', 'Tahoma', 'Tamil MN',                    
                             'Tamil Sangam MN', 'Telugu MN',                    
                             'Telugu Sangam MN', 'Thonburi',                    
                             'Times New Roman', 'Toppan                         
                             Bunkyu Gothic', 'Toppan Bunkyu                     
                             Midashi Gothic', 'Toppan Bunkyu                    
                             Midashi Mincho', 'Toppan Bunkyu                    
                             Mincho', 'Trattatello',                            
                             'Trebuchet MS', 'Tsukushi A                        
                             Round Gothic', 'Tsukushi B                         
                             Round Gothic', 'Verdana',                          
                             'Waseem', 'Wawati SC', 'Wawati                     
                             TC', 'Webdings', 'Weibei SC',                      
                             'Weibei TC', 'Wingdings',                          
                             'Wingdings 2', 'Wingdings 3',                      
                             'Xingkai SC', 'Xingkai TC',                        
                             'YuGothic', 'YuKyokasho',                          
                             'YuKyokasho Yoko', 'YuMincho',                     
                             'YuMincho +36p Kana', 'Yuanti                      
                             SC', 'Yuanti TC', 'Yuppy SC',                      
                             'Yuppy TC', 'Zapf Dingbats',                       
                             'Zapfino', 'cursive',                              
                             'fantasy', 'system-ui'].                           
                    INFO     Animation 67 : Using cached    cairo_renderer.py:94
                             data (hash :                                       
                             656162490_1593938834_378326597                     
                             )                                                  
Animation 67: FadeIn(VGroup of 2 submobjects):   0%|          | 0/1 [00:00<?, ?it/s]                                                                                                        INFO     Animation 68 : Using cached    cairo_renderer.py:94
                             data (hash :                                       
                             656162490_3585970359_350627122                     
                             0)                                                 
[02/27/26 11:42:55] INFO     Animation 69 : Using cached    cairo_renderer.py:94
                             data (hash :                                       
                             656162490_2199114060_119960304                     
                             5)                                                 
Animation 69: FadeIn(VGroup of 2 submobjects):   0%|          | 0/1 [00:00<?, ?it/s]                                                                                                        INFO     Animation 70 : Using cached    cairo_renderer.py:94
                             data (hash :                                       
                             656162490_3585970359_831610671                     
                             )                                                  
                    INFO     Animation 71 : Using cached    cairo_renderer.py:94
                             data (hash :                                       
                             656162490_1759193369_313899015                     
                             0)                                                 
Animation 71: FadeIn(VGroup of 2 submobjects):   0%|          | 0/1 [00:00<?, ?it/s]                                                                                    [02/27/26 11:42:56] INFO     Animation 72 : Using cached    cairo_renderer.py:94
                             data (hash :                                       
                             656162490_3585970359_169460353                     
                             6)                                                 
                    INFO     Animation 73 : Using cached    cairo_renderer.py:94
                             data (hash :                                       
                             656162490_2932829762_345481131                     
                             3)                                                 
Animation 73: FadeIn(VGroup of 2 submobjects):   0%|          | 0/1 [00:00<?, ?it/s]                                                                                    [02/27/26 11:42:57] INFO     Animation 74 : Using cached    cairo_renderer.py:94
                             data (hash :                                       
                             656162490_3585970359_407936881                     
                             7)                                                 
[02/27/26 11:42:58] INFO     Animation 75 : Using cached    cairo_renderer.py:94
                             data (hash :                                       
                             656162490_2950721455_320200047                     
                             0)                                                 
                    INFO     Animation 76 : Using cached    cairo_renderer.py:94
                             data (hash :                                       
                             656162490_2230328829_143271353                     
                             7)                                                 
Animation 76: _MethodAnimation(Text('一全二正弦三正切四余弦')):   0%|          | 0/1 [00:00<?, ?it/s]                                                                                                     [02/27/26 11:42:59] INFO     Animation 77 : Using cached    cairo_renderer.py:94
                             data (hash :                                       
                             656162490_691653526_1432713537                     
                             )                                                  
Animation 77: _MethodAnimation(Text('一全二正弦三正切四余弦')):   0%|          | 0/1 [00:00<?, ?it/s]                                                                                                                         INFO     Animation 78 : Using cached    cairo_renderer.py:94
                             data (hash :                                       
                             656162490_3366045169_266329942                     
                             2)                                                 
[02/27/26 11:43:00] INFO     Animation 79 : Using cached    cairo_renderer.py:94
                             data (hash :                                       
                             656162490_199925623_4075054303                     
                             )                                                  
Animation 79: FadeOut(Text('记忆口诀')), etc.:   0%|          | 0/1 [00:00<?, ?it/s]                                                                                                        WARNING  Font Noto Sans CJK SC not in    text_mobject.py:464
                             ['.AppleSystemUIFont', 'Academy                    
                             Engraved LET', 'Al Bayan', 'Al                     
                             Nile', 'Al Tarikh', 'American                      
                             Typewriter', 'Andale Mono',                        
                             'Apple Braille', 'Apple                            
                             Chancery', 'Apple Color Emoji',                    
                             'Apple LiGothic', 'Apple                           
                             LiSung', 'Apple SD Gothic Neo',                    
                             'Apple Symbols', 'AppleGothic',                    
                             'AppleMyungjo', 'Arial', 'Arial                    
                             Black', 'Arial Hebrew', 'Arial                     
                             Hebrew Scholar', 'Arial                            
                             Narrow', 'Arial Rounded MT                         
                             Bold', 'Arial Unicode MS',                         
                             'Avenir', 'Avenir Next',                           
                             'Avenir Next Condensed',                           
                             'Ayuthaya', 'BIZ UDGothic',                        
                             'BIZ UDMincho', 'BM Dohyeon',                      
                             'BM Hanna 11yrs Old', 'BM Hanna                    
                             Air', 'BM Hanna Pro', 'BM Jua',                    
                             'BM Kirang Haerang', 'BM                           
                             Yeonsung', 'Baghdad', 'Bangla                      
                             MN', 'Bangla Sangam MN', 'Baoli                    
                             SC', 'Baoli TC', 'Baskerville',                    
                             'Beirut', 'BiauKaiHK',                             
                             'BiauKaiTC', 'Big Caslon',                         
                             'Bodoni 72', 'Bodoni 72                            
                             Oldstyle', 'Bodoni 72                              
                             Smallcaps', 'Bodoni Ornaments',                    
                             'Bradley Hand', 'Brush Script                      
                             MT', 'Chalkboard', 'Chalkboard                     
                             SE', 'Chalkduster', 'Charter',                     
                             'Cochin', 'Comic Sans MS',                         
                             'Copperplate', 'Corsiva                            
                             Hebrew', 'Courier New', 'DIN                       
                             Alternate', 'DIN Condensed',                       
                             'Damascus', 'DecoType Naskh',                      
                             'Devanagari MT', 'Devanagari                       
                             Sangam MN', 'Didot', 'Diwan                        
                             Kufi', 'Diwan Thuluth',                            
                             'Euphemia UCAS', 'Farah',                          
                             'Farisi', 'Futura', 'GB18030                       
                             Bitmap', 'Galvji', 'Geeza Pro',                    
                             'Geneva', 'Georgia', 'Gill                         
                             Sans', 'Grantha Sangam MN',                        
                             'Gujarati MT', 'Gujarati Sangam                    
                             MN', 'GungSeo', 'Gurmukhi MN',                     
                             'Gurmukhi MT', 'Gurmukhi Sangam                    
                             MN', 'Hannotate SC', 'Hannotate                    
                             TC', 'HanziPen SC', 'HanziPen                      
                             TC', 'HeadLineA', 'Hei', 'Heiti                    
                             SC', 'Heiti TC', 'Helvetica',                      
                             'Helvetica Neue', 'Herculanum',                    
                             'Hiragino Maru Gothic ProN',                       
                             'Hiragino Mincho ProN',                            
                             'Hiragino Sans', 'Hiragino Sans                    
                             GB', 'Hoefler Text', 'ITF                          
                             Devanagari', 'ITF Devanagari                       
                             Marathi', 'Impact',                                
                             'InaiMathi', 'Kai', 'Kailasa',                     
                             'Kaiti SC', 'Kaiti TC',                            
                             'Kannada MN', 'Kannada Sangam                      
                             MN', 'Kefa III', 'Khmer MN',                       
                             'Khmer Sangam MN', 'Klee',                         
                             'Kohinoor Bangla', 'Kohinoor                       
                             Devanagari', 'Kohinoor                             
                             Gujarati', 'Kohinoor Telugu',                      
                             'Kokonor', 'Krungthep',                            
                             'KufiStandardGK', 'LXGW                            
                             ZhenKai', 'Lantinghei SC',                         
                             'Lantinghei TC', 'Lao MN', 'Lao                    
                             Sangam MN', 'LiHei Pro',                           
                             'LiSong Pro', 'Libian SC',                         
                             'Libian TC', 'LingWai SC',                         
                             'LingWai TC', 'Lucida Grande',                     
                             'Luminari', 'Malayalam MN',                        
                             'Malayalam Sangam MN', 'Marker                     
                             Felt', 'Menlo', 'Microsoft Sans                    
                             Serif', 'Mishafi', 'Mishafi                        
                             Gold', 'Monaco', 'Monospace',                      
                             'Mshtakan', 'Mukta Mahee',                         
                             'Muna', 'Myanmar MN', 'Myanmar                     
                             Sangam MN', 'Nadeem', 'Nanum                       
                             Brush Script', 'Nanum Gothic',                     
                             'Nanum Myeongjo', 'Nanum Pen                       
                             Script', 'New Peninim MT',                         
                             'Noteworthy', 'Noto Nastaliq                       
                             Urdu', 'Noto Sans Batak', 'Noto                    
                             Sans Kannada', 'Noto Sans                          
                             Myanmar', 'Noto Sans NKo',                         
                             'Noto Sans Oriya', 'Noto Sans                      
                             Syriac', 'Noto Sans Tagalog',                      
                             'Noto Serif Myanmar', 'Optima',                    
                             'Oriya MN', 'Oriya Sangam MN',                     
                             'Osaka', 'PCMyungjo', 'PT                          
                             Mono', 'PT Sans', 'PT Sans                         
                             Caption', 'PT Sans Narrow', 'PT                    
                             Serif', 'PT Serif Caption',                        
                             'Palatino', 'Papyrus', 'Party                      
                             LET', 'Phosphate', 'PilGi',                        
                             'PingFang HK', 'PingFang MO',                      
                             'PingFang SC', 'PingFang TC',                      
                             'Plantagenet Cherokee',                            
                             'Raanana', 'Rockwell',                             
                             'STFangsong', 'STHeiti', 'STIX                     
                             Two Math', 'STIX Two Text',                        
                             'STKaiti', 'STSong', 'Sana',                       
                             'Sans', 'Sathu', 'Savoye LET',                     
                             'Serif', 'Shree Devanagari                         
                             714', 'SignPainter', 'Silom',                      
                             'SimSong', 'Sinhala MN',                           
                             'Sinhala Sangam MN', 'Skia',                       
                             'Snell Roundhand', 'Songti SC',                    
                             'Songti TC', 'Sukhumvit Set',                      
                             'Symbol', 'Tahoma', 'Tamil MN',                    
                             'Tamil Sangam MN', 'Telugu MN',                    
                             'Telugu Sangam MN', 'Thonburi',                    
                             'Times New Roman', 'Toppan                         
                             Bunkyu Gothic', 'Toppan Bunkyu                     
                             Midashi Gothic', 'Toppan Bunkyu                    
                             Midashi Mincho', 'Toppan Bunkyu                    
                             Mincho', 'Trattatello',                            
                             'Trebuchet MS', 'Tsukushi A                        
                             Round Gothic', 'Tsukushi B                         
                             Round Gothic', 'Verdana',                          
                             'Waseem', 'Wawati SC', 'Wawati                     
                             TC', 'Webdings', 'Weibei SC',                      
                             'Weibei TC', 'Wingdings',                          
                             'Wingdings 2', 'Wingdings 3',                      
                             'Xingkai SC', 'Xingkai TC',                        
                             'YuGothic', 'YuKyokasho',                          
                             'YuKyokasho Yoko', 'YuMincho',                     
                             'YuMincho +36p Kana', 'Yuanti                      
                             SC', 'Yuanti TC', 'Yuppy SC',                      
                             'Yuppy TC', 'Zapf Dingbats',                       
                             'Zapfino', 'cursive',                              
                             'fantasy', 'system-ui'].                           
                    INFO     Animation 80 : Using cached    cairo_renderer.py:94
                             data (hash :                                       
                             656162490_2091023015_42925216)                     
Animation 80: FadeIn(Text('角度旋转演示')):   0%|          | 0/1 [00:00<?, ?it/s]                                                                                 Animation 81: Create(Axes of 2 submobjects):   0%|          | 0/48 [00:00<?, ?it/s]Animation 81: Create(Axes of 2 submobjects):  50%|█████     | 24/48 [00:00<00:00, 237.95it/s]                                                                                             [02/27/26 11:43:01] INFO     Animation 81 : Partial     scene_file_writer.py:590
                             movie file written in                              
                             '/Users/mx/Desktop/manim_m                         
                             ath/高中/高一/第二学期/第                          
                             五章-三角比/002任意角的三                          
                             角比/media/videos/any_angl                         
                             e_trigonometry/1920p60/par                         
                             tial_movie_files/AnyAngleT                         
                             rigonometry/656162490_2980                         
                             67046_109047320.mp4'                               
Animation 82: Create(Circle):   0%|          | 0/48 [00:00<?, ?it/s]Animation 82: Create(Circle):  56%|█████▋    | 27/48 [00:00<00:00, 267.37it/s]                                                                              [02/27/26 11:43:02] INFO     Animation 82 : Partial     scene_file_writer.py:590
                             movie file written in                              
                             '/Users/mx/Desktop/manim_m                         
                             ath/高中/高一/第二学期/第                          
                             五章-三角比/002任意角的三                          
                             角比/media/videos/any_angl                         
                             e_trigonometry/1920p60/par                         
                             tial_movie_files/AnyAngleT                         
                             rigonometry/656162490_2945                         
                             712725_1372381017.mp4'                             
                    INFO     Writing                     tex_file_writing.py:110
                             \special{dvisvgm:raw <g                            
                             id='unique000'>}29°\special                        
                             {dvisvgm:raw </g>} to                              
                             media/Tex/d3e86d6d58c93f43.                        
                             tex                                                
                    INFO     Writing                     tex_file_writing.py:110
                             \special{dvisvgm:raw <g                            
                             id='unique000'>}sin=0.50                           
                             \special{dvisvgm:raw                               
                             </g>}\special{dvisvgm:raw                          
                             <g                                                 
                             id='unique001'>}cos=0.87\sp                        
                             ecial{dvisvgm:raw </g>} to                         
                             media/Tex/c1d792a2e68e6191.                        
                             tex                                                
Animation 83: Create(Line), etc.:   0%|          | 0/36 [00:00<?, ?it/s]Animation 83: Create(Line), etc.:  39%|███▉      | 14/36 [00:00<00:00, 134.37it/s]Animation 83: Create(Line), etc.:  78%|███████▊  | 28/36 [00:00<00:00, 120.93it/s]                                                                                  [02/27/26 11:43:03] INFO     Animation 83 : Partial     scene_file_writer.py:590
                             movie file written in                              
                             '/Users/mx/Desktop/manim_m                         
                             ath/高中/高一/第二学期/第                          
                             五章-三角比/002任意角的三                          
                             角比/media/videos/any_angl                         
                             e_trigonometry/1920p60/par                         
                             tial_movie_files/AnyAngleT                         
                             rigonometry/656162490_4060                         
                             370667_2098161037.mp4'                             
                    INFO     Writing                     tex_file_writing.py:110
                             \special{dvisvgm:raw <g                            
                             id='unique000'>}45°\special                        
                             {dvisvgm:raw </g>} to                              
                             media/Tex/72de5380fb551566.                        
                             tex                                                
[02/27/26 11:43:04] INFO     Writing                     tex_file_writing.py:110
                             \special{dvisvgm:raw <g                            
                             id='unique000'>}sin=0.71                           
                             \special{dvisvgm:raw                               
                             </g>}\special{dvisvgm:raw                          
                             <g                                                 
                             id='unique001'>}cos=0.71\sp                        
                             ecial{dvisvgm:raw </g>} to                         
                             media/Tex/4448da35ec2b0caa.                        
                             tex                                                
Animation 84: Create(Line), etc.:   0%|          | 0/36 [00:00<?, ?it/s]Animation 84: Create(Line), etc.:  36%|███▌      | 13/36 [00:00<00:00, 129.35it/s]Animation 84: Create(Line), etc.:  75%|███████▌  | 27/36 [00:00<00:00, 131.21it/s]                                                                                  [02/27/26 11:43:05] INFO     Animation 84 : Partial     scene_file_writer.py:590
                             movie file written in                              
                             '/Users/mx/Desktop/manim_m                         
                             ath/高中/高一/第二学期/第                          
                             五章-三角比/002任意角的三                          
                             角比/media/videos/any_angl                         
                             e_trigonometry/1920p60/par                         
                             tial_movie_files/AnyAngleT                         
                             rigonometry/656162490_2816                         
                             698293_874957966.mp4'                              
                    INFO     Writing                     tex_file_writing.py:110
                             \special{dvisvgm:raw <g                            
                             id='unique000'>}59°\special                        
                             {dvisvgm:raw </g>} to                              
                             media/Tex/23c8ac21286988db.                        
                             tex                                                
                    INFO     Writing                     tex_file_writing.py:110
                             \special{dvisvgm:raw <g                            
                             id='unique000'>}sin=0.87                           
                             \special{dvisvgm:raw                               
                             </g>}\special{dvisvgm:raw                          
                             <g                                                 
                             id='unique001'>}cos=0.50\sp                        
                             ecial{dvisvgm:raw </g>} to                         
                             media/Tex/685770eced33041d.                        
                             tex                                                
Animation 85: Create(Line), etc.:   0%|          | 0/36 [00:00<?, ?it/s]Animation 85: Create(Line), etc.:  39%|███▉      | 14/36 [00:00<00:00, 134.26it/s]Animation 85: Create(Line), etc.:  78%|███████▊  | 28/36 [00:00<00:00, 98.95it/s]                                                                                  [02/27/26 11:43:06] INFO     Animation 85 : Partial     scene_file_writer.py:590
                             movie file written in                              
                             '/Users/mx/Desktop/manim_m                         
                             ath/高中/高一/第二学期/第                          
                             五章-三角比/002任意角的三                          
                             角比/media/videos/any_angl                         
                             e_trigonometry/1920p60/par                         
                             tial_movie_files/AnyAngleT                         
                             rigonometry/656162490_2186                         
                             438296_3016807750.mp4'                             
                    INFO     Writing                     tex_file_writing.py:110
                             \special{dvisvgm:raw <g                            
                             id='unique000'>}90°\special                        
                             {dvisvgm:raw </g>} to                              
                             media/Tex/17d7891a904c8305.                        
                             tex                                                
[02/27/26 11:43:07] INFO     Writing                     tex_file_writing.py:110
                             \special{dvisvgm:raw <g                            
                             id='unique000'>}sin=1.00                           
                             \special{dvisvgm:raw                               
                             </g>}\special{dvisvgm:raw                          
                             <g                                                 
                             id='unique001'>}cos=0.00\sp                        
                             ecial{dvisvgm:raw </g>} to                         
                             media/Tex/11d232cd2c3cc2a9.                        
                             tex                                                
Animation 86: Create(Line), etc.:   0%|          | 0/36 [00:00<?, ?it/s]Animation 86: Create(Line), etc.:  39%|███▉      | 14/36 [00:00<00:00, 136.38it/s]Animation 86: Create(Line), etc.:  81%|████████  | 29/36 [00:00<00:00, 142.59it/s]                                                                                  [02/27/26 11:43:08] INFO     Animation 86 : Partial     scene_file_writer.py:590
                             movie file written in                              
                             '/Users/mx/Desktop/manim_m                         
                             ath/高中/高一/第二学期/第                          
                             五章-三角比/002任意角的三                          
                             角比/media/videos/any_angl                         
                             e_trigonometry/1920p60/par                         
                             tial_movie_files/AnyAngleT                         
                             rigonometry/656162490_1905                         
                             737311_3210482409.mp4'                             
                    INFO     Writing                     tex_file_writing.py:110
                             \special{dvisvgm:raw <g                            
                             id='unique000'>}119°\specia                        
                             l{dvisvgm:raw </g>} to                             
                             media/Tex/67172db7193b713a.                        
                             tex                                                
                    INFO     Writing                     tex_file_writing.py:110
                             \special{dvisvgm:raw <g                            
                             id='unique000'>}sin=0.87                           
                             \special{dvisvgm:raw                               
                             </g>}\special{dvisvgm:raw                          
                             <g                                                 
                             id='unique001'>}cos=-0.50\s                        
                             pecial{dvisvgm:raw </g>} to                        
                             media/Tex/523b89e069659ca1.                        
                             tex                                                
Animation 87: Create(Line), etc.:   0%|          | 0/36 [00:00<?, ?it/s]Animation 87: Create(Line), etc.:  42%|████▏     | 15/36 [00:00<00:00, 149.71it/s]Animation 87: Create(Line), etc.:  83%|████████▎ | 30/36 [00:00<00:00, 143.51it/s]                                                                                  [02/27/26 11:43:09] INFO     Animation 87 : Partial     scene_file_writer.py:590
                             movie file written in                              
                             '/Users/mx/Desktop/manim_m                         
                             ath/高中/高一/第二学期/第                          
                             五章-三角比/002任意角的三                          
                             角比/media/videos/any_angl                         
                             e_trigonometry/1920p60/par                         
                             tial_movie_files/AnyAngleT                         
                             rigonometry/656162490_3177                         
                             013063_3491575820.mp4'                             
                    INFO     Writing                     tex_file_writing.py:110
                             \special{dvisvgm:raw <g                            
                             id='unique000'>}135°\specia                        
                             l{dvisvgm:raw </g>} to                             
                             media/Tex/fe384cc54fa9eaab.                        
                             tex                                                
[02/27/26 11:43:10] INFO     Writing                     tex_file_writing.py:110
                             \special{dvisvgm:raw <g                            
                             id='unique000'>}sin=0.71                           
                             \special{dvisvgm:raw                               
                             </g>}\special{dvisvgm:raw                          
                             <g                                                 
                             id='unique001'>}cos=-0.71\s                        
                             pecial{dvisvgm:raw </g>} to                        
                             media/Tex/49ec7242bbf590b6.                        
                             tex                                                
Animation 88: Create(Line), etc.:   0%|          | 0/36 [00:00<?, ?it/s]Animation 88: Create(Line), etc.:  36%|███▌      | 13/36 [00:00<00:00, 125.87it/s]Animation 88: Create(Line), etc.:  75%|███████▌  | 27/36 [00:00<00:00, 131.27it/s]                                                                                  [02/27/26 11:43:11] INFO     Animation 88 : Partial     scene_file_writer.py:590
                             movie file written in                              
                             '/Users/mx/Desktop/manim_m                         
                             ath/高中/高一/第二学期/第                          
                             五章-三角比/002任意角的三                          
                             角比/media/videos/any_angl                         
                             e_trigonometry/1920p60/par                         
                             tial_movie_files/AnyAngleT                         
                             rigonometry/656162490_3703                         
                             039229_3714955723.mp4'                             
                    INFO     Writing                     tex_file_writing.py:110
                             \special{dvisvgm:raw <g                            
                             id='unique000'>}150°\specia                        
                             l{dvisvgm:raw </g>} to                             
                             media/Tex/c6aaee1114debe15.                        
                             tex                                                
                    INFO     Writing                     tex_file_writing.py:110
                             \special{dvisvgm:raw <g                            
                             id='unique000'>}sin=0.50                           
                             \special{dvisvgm:raw                               
                             </g>}\special{dvisvgm:raw                          
                             <g                                                 
                             id='unique001'>}cos=-0.87\s                        
                             pecial{dvisvgm:raw </g>} to                        
                             media/Tex/9418fcace8a4d510.                        
                             tex                                                
Animation 89: Create(Line), etc.:   0%|          | 0/36 [00:00<?, ?it/s]Animation 89: Create(Line), etc.:  39%|███▉      | 14/36 [00:00<00:00, 134.56it/s]Animation 89: Create(Line), etc.:  78%|███████▊  | 28/36 [00:00<00:00, 137.20it/s]                                                                                  [02/27/26 11:43:13] INFO     Animation 89 : Partial     scene_file_writer.py:590
                             movie file written in                              
                             '/Users/mx/Desktop/manim_m                         
                             ath/高中/高一/第二学期/第                          
                             五章-三角比/002任意角的三                          
                             角比/media/videos/any_angl                         
                             e_trigonometry/1920p60/par                         
                             tial_movie_files/AnyAngleT                         
                             rigonometry/656162490_3262                         
                             656787_2226814333.mp4'                             
                    INFO     Writing                     tex_file_writing.py:110
                             \special{dvisvgm:raw <g                            
                             id='unique000'>}180°\specia                        
                             l{dvisvgm:raw </g>} to                             
                             media/Tex/a0890cbe601691ff.                        
                             tex                                                
                    INFO     Writing                     tex_file_writing.py:110
                             \special{dvisvgm:raw <g                            
                             id='unique000'>}sin=0.00                           
                             \special{dvisvgm:raw                               
                             </g>}\special{dvisvgm:raw                          
                             <g                                                 
                             id='unique001'>}cos=-1.00\s                        
                             pecial{dvisvgm:raw </g>} to                        
                             media/Tex/842cf3ebb832a649.                        
                             tex                                                
Animation 90: Create(Line), etc.:   0%|          | 0/36 [00:00<?, ?it/s]Animation 90: Create(Line), etc.:  33%|███▎      | 12/36 [00:00<00:00, 114.58it/s]Animation 90: Create(Line), etc.:  67%|██████▋   | 24/36 [00:00<00:00, 112.32it/s]                                                                                  [02/27/26 11:43:14] INFO     Animation 90 : Partial     scene_file_writer.py:590
                             movie file written in                              
                             '/Users/mx/Desktop/manim_m                         
                             ath/高中/高一/第二学期/第                          
                             五章-三角比/002任意角的三                          
                             角比/media/videos/any_angl                         
                             e_trigonometry/1920p60/par                         
                             tial_movie_files/AnyAngleT                         
                             rigonometry/656162490_1463                         
                             65587_2356995077.mp4'                              
                    WARNING  Font Noto Sans CJK SC not in    text_mobject.py:464
                             ['.AppleSystemUIFont', 'Academy                    
                             Engraved LET', 'Al Bayan', 'Al                     
                             Nile', 'Al Tarikh', 'American                      
                             Typewriter', 'Andale Mono',                        
                             'Apple Braille', 'Apple                            
                             Chancery', 'Apple Color Emoji',                    
                             'Apple LiGothic', 'Apple                           
                             LiSung', 'Apple SD Gothic Neo',                    
                             'Apple Symbols', 'AppleGothic',                    
                             'AppleMyungjo', 'Arial', 'Arial                    
                             Black', 'Arial Hebrew', 'Arial                     
                             Hebrew Scholar', 'Arial                            
                             Narrow', 'Arial Rounded MT                         
                             Bold', 'Arial Unicode MS',                         
                             'Avenir', 'Avenir Next',                           
                             'Avenir Next Condensed',                           
                             'Ayuthaya', 'BIZ UDGothic',                        
                             'BIZ UDMincho', 'BM Dohyeon',                      
                             'BM Hanna 11yrs Old', 'BM Hanna                    
                             Air', 'BM Hanna Pro', 'BM Jua',                    
                             'BM Kirang Haerang', 'BM                           
                             Yeonsung', 'Baghdad', 'Bangla                      
                             MN', 'Bangla Sangam MN', 'Baoli                    
                             SC', 'Baoli TC', 'Baskerville',                    
                             'Beirut', 'BiauKaiHK',                             
                             'BiauKaiTC', 'Big Caslon',                         
                             'Bodoni 72', 'Bodoni 72                            
                             Oldstyle', 'Bodoni 72                              
                             Smallcaps', 'Bodoni Ornaments',                    
                             'Bradley Hand', 'Brush Script                      
                             MT', 'Chalkboard', 'Chalkboard                     
                             SE', 'Chalkduster', 'Charter',                     
                             'Cochin', 'Comic Sans MS',                         
                             'Copperplate', 'Corsiva                            
                             Hebrew', 'Courier New', 'DIN                       
                             Alternate', 'DIN Condensed',                       
                             'Damascus', 'DecoType Naskh',                      
                             'Devanagari MT', 'Devanagari                       
                             Sangam MN', 'Didot', 'Diwan                        
                             Kufi', 'Diwan Thuluth',                            
                             'Euphemia UCAS', 'Farah',                          
                             'Farisi', 'Futura', 'GB18030                       
                             Bitmap', 'Galvji', 'Geeza Pro',                    
                             'Geneva', 'Georgia', 'Gill                         
                             Sans', 'Grantha Sangam MN',                        
                             'Gujarati MT', 'Gujarati Sangam                    
                             MN', 'GungSeo', 'Gurmukhi MN',                     
                             'Gurmukhi MT', 'Gurmukhi Sangam                    
                             MN', 'Hannotate SC', 'Hannotate                    
                             TC', 'HanziPen SC', 'HanziPen                      
                             TC', 'HeadLineA', 'Hei', 'Heiti                    
                             SC', 'Heiti TC', 'Helvetica',                      
                             'Helvetica Neue', 'Herculanum',                    
                             'Hiragino Maru Gothic ProN',                       
                             'Hiragino Mincho ProN',                            
                             'Hiragino Sans', 'Hiragino Sans                    
                             GB', 'Hoefler Text', 'ITF                          
                             Devanagari', 'ITF Devanagari                       
                             Marathi', 'Impact',                                
                             'InaiMathi', 'Kai', 'Kailasa',                     
                             'Kaiti SC', 'Kaiti TC',                            
                             'Kannada MN', 'Kannada Sangam                      
                             MN', 'Kefa III', 'Khmer MN',                       
                             'Khmer Sangam MN', 'Klee',                         
                             'Kohinoor Bangla', 'Kohinoor                       
                             Devanagari', 'Kohinoor                             
                             Gujarati', 'Kohinoor Telugu',                      
                             'Kokonor', 'Krungthep',                            
                             'KufiStandardGK', 'LXGW                            
                             ZhenKai', 'Lantinghei SC',                         
                             'Lantinghei TC', 'Lao MN', 'Lao                    
                             Sangam MN', 'LiHei Pro',                           
                             'LiSong Pro', 'Libian SC',                         
                             'Libian TC', 'LingWai SC',                         
                             'LingWai TC', 'Lucida Grande',                     
                             'Luminari', 'Malayalam MN',                        
                             'Malayalam Sangam MN', 'Marker                     
                             Felt', 'Menlo', 'Microsoft Sans                    
                             Serif', 'Mishafi', 'Mishafi                        
                             Gold', 'Monaco', 'Monospace',                      
                             'Mshtakan', 'Mukta Mahee',                         
                             'Muna', 'Myanmar MN', 'Myanmar                     
                             Sangam MN', 'Nadeem', 'Nanum                       
                             Brush Script', 'Nanum Gothic',                     
                             'Nanum Myeongjo', 'Nanum Pen                       
                             Script', 'New Peninim MT',                         
                             'Noteworthy', 'Noto Nastaliq                       
                             Urdu', 'Noto Sans Batak', 'Noto                    
                             Sans Kannada', 'Noto Sans                          
                             Myanmar', 'Noto Sans NKo',                         
                             'Noto Sans Oriya', 'Noto Sans                      
                             Syriac', 'Noto Sans Tagalog',                      
                             'Noto Serif Myanmar', 'Optima',                    
                             'Oriya MN', 'Oriya Sangam MN',                     
                             'Osaka', 'PCMyungjo', 'PT                          
                             Mono', 'PT Sans', 'PT Sans                         
                             Caption', 'PT Sans Narrow', 'PT                    
                             Serif', 'PT Serif Caption',                        
                             'Palatino', 'Papyrus', 'Party                      
                             LET', 'Phosphate', 'PilGi',                        
                             'PingFang HK', 'PingFang MO',                      
                             'PingFang SC', 'PingFang TC',                      
                             'Plantagenet Cherokee',                            
                             'Raanana', 'Rockwell',                             
                             'STFangsong', 'STHeiti', 'STIX                     
                             Two Math', 'STIX Two Text',                        
                             'STKaiti', 'STSong', 'Sana',                       
                             'Sans', 'Sathu', 'Savoye LET',                     
                             'Serif', 'Shree Devanagari                         
                             714', 'SignPainter', 'Silom',                      
                             'SimSong', 'Sinhala MN',                           
                             'Sinhala Sangam MN', 'Skia',                       
                             'Snell Roundhand', 'Songti SC',                    
                             'Songti TC', 'Sukhumvit Set',                      
                             'Symbol', 'Tahoma', 'Tamil MN',                    
                             'Tamil Sangam MN', 'Telugu MN',                    
                             'Telugu Sangam MN', 'Thonburi',                    
                             'Times New Roman', 'Toppan                         
                             Bunkyu Gothic', 'Toppan Bunkyu                     
                             Midashi Gothic', 'Toppan Bunkyu                    
                             Midashi Mincho', 'Toppan Bunkyu                    
                             Mincho', 'Trattatello',                            
                             'Trebuchet MS', 'Tsukushi A                        
                             Round Gothic', 'Tsukushi B                         
                             Round Gothic', 'Verdana',                          
                             'Waseem', 'Wawati SC', 'Wawati                     
                             TC', 'Webdings', 'Weibei SC',                      
                             'Weibei TC', 'Wingdings',                          
                             'Wingdings 2', 'Wingdings 3',                      
                             'Xingkai SC', 'Xingkai TC',                        
                             'YuGothic', 'YuKyokasho',                          
                             'YuKyokasho Yoko', 'YuMincho',                     
                             'YuMincho +36p Kana', 'Yuanti                      
                             SC', 'Yuanti TC', 'Yuppy SC',                      
                             'Yuppy TC', 'Zapf Dingbats',                       
                             'Zapfino', 'cursive',                              
                             'fantasy', 'system-ui'].                           
Animation 91: Write(Text('随着角度变化，三角比也在周期性变化')):   0%|          | 0/60 [00:00<?, ?it/s]Animation 91: Write(Text('随着角度变化，三角比也在周期性变化')):  22%|██▏       | 13/60 [00:00<00:00, 125.67it/s]Animation 91: Write(Text('随着角度变化，三角比也在周期性变化')):  43%|████▎     | 26/60 [00:00<00:00, 107.28it/s]Animation 91: Write(Text('随着角度变化，三角比也在周期性变化')):  65%|██████▌   | 39/60 [00:00<00:00, 113.30it/s]Animation 91: Write(Text('随着角度变化，三角比也在周期性变化')):  87%|████████▋ | 52/60 [00:00<00:00, 118.67it/s]                                                                                                                 [02/27/26 11:43:16] INFO     Animation 91 : Partial     scene_file_writer.py:590
                             movie file written in                              
                             '/Users/mx/Desktop/manim_m                         
                             ath/高中/高一/第二学期/第                          
                             五章-三角比/002任意角的三                          
                             角比/media/videos/any_angl                         
                             e_trigonometry/1920p60/par                         
                             tial_movie_files/AnyAngleT                         
                             rigonometry/656162490_3417                         
                             266623_3665346138.mp4'                             
[02/27/26 11:43:18] INFO     Animation 92 : Partial     scene_file_writer.py:590
                             movie file written in                              
                             '/Users/mx/Desktop/manim_m                         
                             ath/高中/高一/第二学期/第                          
                             五章-三角比/002任意角的三                          
                             角比/media/videos/any_angl                         
                             e_trigonometry/1920p60/par                         
                             tial_movie_files/AnyAngleT                         
                             rigonometry/656162490_3366                         
                             045169_3278729351.mp4'                             
Animation 93: FadeOut(Text('角度旋转演示')), etc.:   0%|          | 0/48 [00:00<?, ?it/s]Animation 93: FadeOut(Text('角度旋转演示')), etc.:   8%|▊         | 4/48 [00:00<00:01, 39.24it/s]Animation 93: FadeOut(Text('角度旋转演示')), etc.:  17%|█▋        | 8/48 [00:00<00:01, 39.37it/s]Animation 93: FadeOut(Text('角度旋转演示')), etc.:  25%|██▌       | 12/48 [00:00<00:00, 39.37it/s]Animation 93: FadeOut(Text('角度旋转演示')), etc.:  33%|███▎      | 16/48 [00:00<00:00, 39.30it/s]Animation 93: FadeOut(Text('角度旋转演示')), etc.:  42%|████▏     | 20/48 [00:00<00:00, 39.01it/s]Animation 93: FadeOut(Text('角度旋转演示')), etc.:  50%|█████     | 24/48 [00:00<00:00, 38.93it/s]Animation 93: FadeOut(Text('角度旋转演示')), etc.:  60%|██████    | 29/48 [00:00<00:00, 39.89it/s]Animation 93: FadeOut(Text('角度旋转演示')), etc.:  69%|██████▉   | 33/48 [00:00<00:00, 39.23it/s]Animation 93: FadeOut(Text('角度旋转演示')), etc.:  77%|███████▋  | 37/48 [00:00<00:00, 37.81it/s]Animation 93: FadeOut(Text('角度旋转演示')), etc.:  85%|████████▌ | 41/48 [00:01<00:00, 37.44it/s]Animation 93: FadeOut(Text('角度旋转演示')), etc.:  94%|█████████▍| 45/48 [00:01<00:00, 38.15it/s]                                                                                                  [02/27/26 11:43:20] INFO     Animation 93 : Partial     scene_file_writer.py:590
                             movie file written in                              
                             '/Users/mx/Desktop/manim_m                         
                             ath/高中/高一/第二学期/第                          
                             五章-三角比/002任意角的三                          
                             角比/media/videos/any_angl                         
                             e_trigonometry/1920p60/par                         
                             tial_movie_files/AnyAngleT                         
                             rigonometry/656162490_3509                         
                             841499_1302672065.mp4'                             
Animation 94: FadeOut(Circle), etc.:   0%|          | 0/30 [00:00<?, ?it/s]Animation 94: FadeOut(Circle), etc.:  17%|█▋        | 5/30 [00:00<00:00, 43.55it/s]Animation 94: FadeOut(Circle), etc.:  33%|███▎      | 10/30 [00:00<00:00, 44.02it/s]Animation 94: FadeOut(Circle), etc.:  50%|█████     | 15/30 [00:00<00:00, 45.12it/s]Animation 94: FadeOut(Circle), etc.:  67%|██████▋   | 20/30 [00:00<00:00, 45.17it/s]Animation 94: FadeOut(Circle), etc.:  83%|████████▎ | 25/30 [00:00<00:00, 45.59it/s]Animation 94: FadeOut(Circle), etc.: 100%|██████████| 30/30 [00:00<00:00, 43.02it/s]                                                                                    [02/27/26 11:43:21] INFO     Animation 94 : Partial     scene_file_writer.py:590
                             movie file written in                              
                             '/Users/mx/Desktop/manim_m                         
                             ath/高中/高一/第二学期/第                          
                             五章-三角比/002任意角的三                          
                             角比/media/videos/any_angl                         
                             e_trigonometry/1920p60/par                         
                             tial_movie_files/AnyAngleT                         
                             rigonometry/656162490_1447                         
                             280163_3759375806.mp4'                             
                    WARNING  Font Noto Sans CJK SC not in    text_mobject.py:464
                             ['.AppleSystemUIFont', 'Academy                    
                             Engraved LET', 'Al Bayan', 'Al                     
                             Nile', 'Al Tarikh', 'American                      
                             Typewriter', 'Andale Mono',                        
                             'Apple Braille', 'Apple                            
                             Chancery', 'Apple Color Emoji',                    
                             'Apple LiGothic', 'Apple                           
                             LiSung', 'Apple SD Gothic Neo',                    
                             'Apple Symbols', 'AppleGothic',                    
                             'AppleMyungjo', 'Arial', 'Arial                    
                             Black', 'Arial Hebrew', 'Arial                     
                             Hebrew Scholar', 'Arial                            
                             Narrow', 'Arial Rounded MT                         
                             Bold', 'Arial Unicode MS',                         
                             'Avenir', 'Avenir Next',                           
                             'Avenir Next Condensed',                           
                             'Ayuthaya', 'BIZ UDGothic',                        
                             'BIZ UDMincho', 'BM Dohyeon',                      
                             'BM Hanna 11yrs Old', 'BM Hanna                    
                             Air', 'BM Hanna Pro', 'BM Jua',                    
                             'BM Kirang Haerang', 'BM                           
                             Yeonsung', 'Baghdad', 'Bangla                      
                             MN', 'Bangla Sangam MN', 'Baoli                    
                             SC', 'Baoli TC', 'Baskerville',                    
                             'Beirut', 'BiauKaiHK',                             
                             'BiauKaiTC', 'Big Caslon',                         
                             'Bodoni 72', 'Bodoni 72                            
                             Oldstyle', 'Bodoni 72                              
                             Smallcaps', 'Bodoni Ornaments',                    
                             'Bradley Hand', 'Brush Script                      
                             MT', 'Chalkboard', 'Chalkboard                     
                             SE', 'Chalkduster', 'Charter',                     
                             'Cochin', 'Comic Sans MS',                         
                             'Copperplate', 'Corsiva                            
                             Hebrew', 'Courier New', 'DIN                       
                             Alternate', 'DIN Condensed',                       
                             'Damascus', 'DecoType Naskh',                      
                             'Devanagari MT', 'Devanagari                       
                             Sangam MN', 'Didot', 'Diwan                        
                             Kufi', 'Diwan Thuluth',                            
                             'Euphemia UCAS', 'Farah',                          
                             'Farisi', 'Futura', 'GB18030                       
                             Bitmap', 'Galvji', 'Geeza Pro',                    
                             'Geneva', 'Georgia', 'Gill                         
                             Sans', 'Grantha Sangam MN',                        
                             'Gujarati MT', 'Gujarati Sangam                    
                             MN', 'GungSeo', 'Gurmukhi MN',                     
                             'Gurmukhi MT', 'Gurmukhi Sangam                    
                             MN', 'Hannotate SC', 'Hannotate                    
                             TC', 'HanziPen SC', 'HanziPen                      
                             TC', 'HeadLineA', 'Hei', 'Heiti                    
                             SC', 'Heiti TC', 'Helvetica',                      
                             'Helvetica Neue', 'Herculanum',                    
                             'Hiragino Maru Gothic ProN',                       
                             'Hiragino Mincho ProN',                            
                             'Hiragino Sans', 'Hiragino Sans                    
                             GB', 'Hoefler Text', 'ITF                          
                             Devanagari', 'ITF Devanagari                       
                             Marathi', 'Impact',                                
                             'InaiMathi', 'Kai', 'Kailasa',                     
                             'Kaiti SC', 'Kaiti TC',                            
                             'Kannada MN', 'Kannada Sangam                      
                             MN', 'Kefa III', 'Khmer MN',                       
                             'Khmer Sangam MN', 'Klee',                         
                             'Kohinoor Bangla', 'Kohinoor                       
                             Devanagari', 'Kohinoor                             
                             Gujarati', 'Kohinoor Telugu',                      
                             'Kokonor', 'Krungthep',                            
                             'KufiStandardGK', 'LXGW                            
                             ZhenKai', 'Lantinghei SC',                         
                             'Lantinghei TC', 'Lao MN', 'Lao                    
                             Sangam MN', 'LiHei Pro',                           
                             'LiSong Pro', 'Libian SC',                         
                             'Libian TC', 'LingWai SC',                         
                             'LingWai TC', 'Lucida Grande',                     
                             'Luminari', 'Malayalam MN',                        
                             'Malayalam Sangam MN', 'Marker                     
                             Felt', 'Menlo', 'Microsoft Sans                    
                             Serif', 'Mishafi', 'Mishafi                        
                             Gold', 'Monaco', 'Monospace',                      
                             'Mshtakan', 'Mukta Mahee',                         
                             'Muna', 'Myanmar MN', 'Myanmar                     
                             Sangam MN', 'Nadeem', 'Nanum                       
                             Brush Script', 'Nanum Gothic',                     
                             'Nanum Myeongjo', 'Nanum Pen                       
                             Script', 'New Peninim MT',                         
                             'Noteworthy', 'Noto Nastaliq                       
                             Urdu', 'Noto Sans Batak', 'Noto                    
                             Sans Kannada', 'Noto Sans                          
                             Myanmar', 'Noto Sans NKo',                         
                             'Noto Sans Oriya', 'Noto Sans                      
                             Syriac', 'Noto Sans Tagalog',                      
                             'Noto Serif Myanmar', 'Optima',                    
                             'Oriya MN', 'Oriya Sangam MN',                     
                             'Osaka', 'PCMyungjo', 'PT                          
                             Mono', 'PT Sans', 'PT Sans                         
                             Caption', 'PT Sans Narrow', 'PT                    
                             Serif', 'PT Serif Caption',                        
                             'Palatino', 'Papyrus', 'Party                      
                             LET', 'Phosphate', 'PilGi',                        
                             'PingFang HK', 'PingFang MO',                      
                             'PingFang SC', 'PingFang TC',                      
                             'Plantagenet Cherokee',                            
                             'Raanana', 'Rockwell',                             
                             'STFangsong', 'STHeiti', 'STIX                     
                             Two Math', 'STIX Two Text',                        
                             'STKaiti', 'STSong', 'Sana',                       
                             'Sans', 'Sathu', 'Savoye LET',                     
                             'Serif', 'Shree Devanagari                         
                             714', 'SignPainter', 'Silom',                      
                             'SimSong', 'Sinhala MN',                           
                             'Sinhala Sangam MN', 'Skia',                       
                             'Snell Roundhand', 'Songti SC',                    
                             'Songti TC', 'Sukhumvit Set',                      
                             'Symbol', 'Tahoma', 'Tamil MN',                    
                             'Tamil Sangam MN', 'Telugu MN',                    
                             'Telugu Sangam MN', 'Thonburi',                    
                             'Times New Roman', 'Toppan                         
                             Bunkyu Gothic', 'Toppan Bunkyu                     
                             Midashi Gothic', 'Toppan Bunkyu                    
                             Midashi Mincho', 'Toppan Bunkyu                    
                             Mincho', 'Trattatello',                            
                             'Trebuchet MS', 'Tsukushi A                        
                             Round Gothic', 'Tsukushi B                         
                             Round Gothic', 'Verdana',                          
                             'Waseem', 'Wawati SC', 'Wawati                     
                             TC', 'Webdings', 'Weibei SC',                      
                             'Weibei TC', 'Wingdings',                          
                             'Wingdings 2', 'Wingdings 3',                      
                             'Xingkai SC', 'Xingkai TC',                        
                             'YuGothic', 'YuKyokasho',                          
                             'YuKyokasho Yoko', 'YuMincho',                     
                             'YuMincho +36p Kana', 'Yuanti                      
                             SC', 'Yuanti TC', 'Yuppy SC',                      
                             'Yuppy TC', 'Zapf Dingbats',                       
                             'Zapfino', 'cursive',                              
                             'fantasy', 'system-ui'].                           
                    WARNING  Font Noto Sans CJK SC not in    text_mobject.py:464
                             ['.AppleSystemUIFont', 'Academy                    
                             Engraved LET', 'Al Bayan', 'Al                     
                             Nile', 'Al Tarikh', 'American                      
                             Typewriter', 'Andale Mono',                        
                             'Apple Braille', 'Apple                            
                             Chancery', 'Apple Color Emoji',                    
                             'Apple LiGothic', 'Apple                           
                             LiSung', 'Apple SD Gothic Neo',                    
                             'Apple Symbols', 'AppleGothic',                    
                             'AppleMyungjo', 'Arial', 'Arial                    
                             Black', 'Arial Hebrew', 'Arial                     
                             Hebrew Scholar', 'Arial                            
                             Narrow', 'Arial Rounded MT                         
                             Bold', 'Arial Unicode MS',                         
                             'Avenir', 'Avenir Next',                           
                             'Avenir Next Condensed',                           
                             'Ayuthaya', 'BIZ UDGothic',                        
                             'BIZ UDMincho', 'BM Dohyeon',                      
                             'BM Hanna 11yrs Old', 'BM Hanna                    
                             Air', 'BM Hanna Pro', 'BM Jua',                    
                             'BM Kirang Haerang', 'BM                           
                             Yeonsung', 'Baghdad', 'Bangla                      
                             MN', 'Bangla Sangam MN', 'Baoli                    
                             SC', 'Baoli TC', 'Baskerville',                    
                             'Beirut', 'BiauKaiHK',                             
                             'BiauKaiTC', 'Big Caslon',                         
                             'Bodoni 72', 'Bodoni 72                            
                             Oldstyle', 'Bodoni 72                              
                             Smallcaps', 'Bodoni Ornaments',                    
                             'Bradley Hand', 'Brush Script                      
                             MT', 'Chalkboard', 'Chalkboard                     
                             SE', 'Chalkduster', 'Charter',                     
                             'Cochin', 'Comic Sans MS',                         
                             'Copperplate', 'Corsiva                            
                             Hebrew', 'Courier New', 'DIN                       
                             Alternate', 'DIN Condensed',                       
                             'Damascus', 'DecoType Naskh',                      
                             'Devanagari MT', 'Devanagari                       
                             Sangam MN', 'Didot', 'Diwan                        
                             Kufi', 'Diwan Thuluth',                            
                             'Euphemia UCAS', 'Farah',                          
                             'Farisi', 'Futura', 'GB18030                       
                             Bitmap', 'Galvji', 'Geeza Pro',                    
                             'Geneva', 'Georgia', 'Gill                         
                             Sans', 'Grantha Sangam MN',                        
                             'Gujarati MT', 'Gujarati Sangam                    
                             MN', 'GungSeo', 'Gurmukhi MN',                     
                             'Gurmukhi MT', 'Gurmukhi Sangam                    
                             MN', 'Hannotate SC', 'Hannotate                    
                             TC', 'HanziPen SC', 'HanziPen                      
                             TC', 'HeadLineA', 'Hei', 'Heiti                    
                             SC', 'Heiti TC', 'Helvetica',                      
                             'Helvetica Neue', 'Herculanum',                    
                             'Hiragino Maru Gothic ProN',                       
                             'Hiragino Mincho ProN',                            
                             'Hiragino Sans', 'Hiragino Sans                    
                             GB', 'Hoefler Text', 'ITF                          
                             Devanagari', 'ITF Devanagari                       
                             Marathi', 'Impact',                                
                             'InaiMathi', 'Kai', 'Kailasa',                     
                             'Kaiti SC', 'Kaiti TC',                            
                             'Kannada MN', 'Kannada Sangam                      
                             MN', 'Kefa III', 'Khmer MN',                       
                             'Khmer Sangam MN', 'Klee',                         
                             'Kohinoor Bangla', 'Kohinoor                       
                             Devanagari', 'Kohinoor                             
                             Gujarati', 'Kohinoor Telugu',                      
                             'Kokonor', 'Krungthep',                            
                             'KufiStandardGK', 'LXGW                            
                             ZhenKai', 'Lantinghei SC',                         
                             'Lantinghei TC', 'Lao MN', 'Lao                    
                             Sangam MN', 'LiHei Pro',                           
                             'LiSong Pro', 'Libian SC',                         
                             'Libian TC', 'LingWai SC',                         
                             'LingWai TC', 'Lucida Grande',                     
                             'Luminari', 'Malayalam MN',                        
                             'Malayalam Sangam MN', 'Marker                     
                             Felt', 'Menlo', 'Microsoft Sans                    
                             Serif', 'Mishafi', 'Mishafi                        
                             Gold', 'Monaco', 'Monospace',                      
                             'Mshtakan', 'Mukta Mahee',                         
                             'Muna', 'Myanmar MN', 'Myanmar                     
                             Sangam MN', 'Nadeem', 'Nanum                       
                             Brush Script', 'Nanum Gothic',                     
                             'Nanum Myeongjo', 'Nanum Pen                       
                             Script', 'New Peninim MT',                         
                             'Noteworthy', 'Noto Nastaliq                       
                             Urdu', 'Noto Sans Batak', 'Noto                    
                             Sans Kannada', 'Noto Sans                          
                             Myanmar', 'Noto Sans NKo',                         
                             'Noto Sans Oriya', 'Noto Sans                      
                             Syriac', 'Noto Sans Tagalog',                      
                             'Noto Serif Myanmar', 'Optima',                    
                             'Oriya MN', 'Oriya Sangam MN',                     
                             'Osaka', 'PCMyungjo', 'PT                          
                             Mono', 'PT Sans', 'PT Sans                         
                             Caption', 'PT Sans Narrow', 'PT                    
                             Serif', 'PT Serif Caption',                        
                             'Palatino', 'Papyrus', 'Party                      
                             LET', 'Phosphate', 'PilGi',                        
                             'PingFang HK', 'PingFang MO',                      
                             'PingFang SC', 'PingFang TC',                      
                             'Plantagenet Cherokee',                            
                             'Raanana', 'Rockwell',                             
                             'STFangsong', 'STHeiti', 'STIX                     
                             Two Math', 'STIX Two Text',                        
                             'STKaiti', 'STSong', 'Sana',                       
                             'Sans', 'Sathu', 'Savoye LET',                     
                             'Serif', 'Shree Devanagari                         
                             714', 'SignPainter', 'Silom',                      
                             'SimSong', 'Sinhala MN',                           
                             'Sinhala Sangam MN', 'Skia',                       
                             'Snell Roundhand', 'Songti SC',                    
                             'Songti TC', 'Sukhumvit Set',                      
                             'Symbol', 'Tahoma', 'Tamil MN',                    
                             'Tamil Sangam MN', 'Telugu MN',                    
                             'Telugu Sangam MN', 'Thonburi',                    
                             'Times New Roman', 'Toppan                         
                             Bunkyu Gothic', 'Toppan Bunkyu                     
                             Midashi Gothic', 'Toppan Bunkyu                    
                             Midashi Mincho', 'Toppan Bunkyu                    
                             Mincho', 'Trattatello',                            
                             'Trebuchet MS', 'Tsukushi A                        
                             Round Gothic', 'Tsukushi B                         
                             Round Gothic', 'Verdana',                          
                             'Waseem', 'Wawati SC', 'Wawati                     
                             TC', 'Webdings', 'Weibei SC',                      
                             'Weibei TC', 'Wingdings',                          
                             'Wingdings 2', 'Wingdings 3',                      
                             'Xingkai SC', 'Xingkai TC',                        
                             'YuGothic', 'YuKyokasho',                          
                             'YuKyokasho Yoko', 'YuMincho',                     
                             'YuMincho +36p Kana', 'Yuanti                      
                             SC', 'Yuanti TC', 'Yuppy SC',                      
                             'Yuppy TC', 'Zapf Dingbats',                       
                             'Zapfino', 'cursive',                              
                             'fantasy', 'system-ui'].                           
Animation 95: Transform(Text('上海初高中数学直通车 @emptyandcalm')):   0%|          | 0/48 [00:00<?, ?it/s]Animation 95: Transform(Text('上海初高中数学直通车 @emptyandcalm')):   8%|▊         | 4/48 [00:00<00:01, 39.40it/s]Animation 95: Transform(Text('上海初高中数学直通车 @emptyandcalm')):  17%|█▋        | 8/48 [00:00<00:01, 38.73it/s]Animation 95: Transform(Text('上海初高中数学直通车 @emptyandcalm')):  25%|██▌       | 12/48 [00:00<00:00, 39.26it/s]Animation 95: Transform(Text('上海初高中数学直通车 @emptyandcalm')):  33%|███▎      | 16/48 [00:00<00:00, 38.17it/s]Animation 95: Transform(Text('上海初高中数学直通车 @emptyandcalm')):  42%|████▏     | 20/48 [00:00<00:00, 38.25it/s]Animation 95: Transform(Text('上海初高中数学直通车 @emptyandcalm')):  50%|█████     | 24/48 [00:00<00:00, 38.77it/s]Animation 95: Transform(Text('上海初高中数学直通车 @emptyandcalm')):  58%|█████▊    | 28/48 [00:00<00:00, 38.37it/s]Animation 95: Transform(Text('上海初高中数学直通车 @emptyandcalm')):  67%|██████▋   | 32/48 [00:00<00:00, 38.50it/s]Animation 95: Transform(Text('上海初高中数学直通车 @emptyandcalm')):  75%|███████▌  | 36/48 [00:00<00:00, 38.54it/s]Animation 95: Transform(Text('上海初高中数学直通车 @emptyandcalm')):  83%|████████▎ | 40/48 [00:01<00:00, 38.41it/s]Animation 95: Transform(Text('上海初高中数学直通车 @emptyandcalm')):  94%|█████████▍| 45/48 [00:01<00:00, 38.30it/s]                                                                                                                    [02/27/26 11:43:23] INFO     Animation 95 : Partial     scene_file_writer.py:590
                             movie file written in                              
                             '/Users/mx/Desktop/manim_m                         
                             ath/高中/高一/第二学期/第                          
                             五章-三角比/002任意角的三                          
                             角比/media/videos/any_angl                         
                             e_trigonometry/1920p60/par                         
                             tial_movie_files/AnyAngleT                         
                             rigonometry/656162490_3016                         
                             341115_3312838969.mp4'                             
Animation 96: FadeIn(Text('@emptyandcalm')):   0%|          | 0/30 [00:00<?, ?it/s]Animation 96: FadeIn(Text('@emptyandcalm')):  37%|███▋      | 11/30 [00:00<00:00, 106.85it/s]Animation 96: FadeIn(Text('@emptyandcalm')):  73%|███████▎  | 22/30 [00:00<00:00, 107.89it/s]                                                                                             [02/27/26 11:43:24] INFO     Animation 96 : Partial     scene_file_writer.py:590
                             movie file written in                              
                             '/Users/mx/Desktop/manim_m                         
                             ath/高中/高一/第二学期/第                          
                             五章-三角比/002任意角的三                          
                             角比/media/videos/any_angl                         
                             e_trigonometry/1920p60/par                         
                             tial_movie_files/AnyAngleT                         
                             rigonometry/656162490_1200                         
                             024759_142912490.mp4'                              
                    WARNING  Font Noto Sans CJK SC not in    text_mobject.py:464
                             ['.AppleSystemUIFont', 'Academy                    
                             Engraved LET', 'Al Bayan', 'Al                     
                             Nile', 'Al Tarikh', 'American                      
                             Typewriter', 'Andale Mono',                        
                             'Apple Braille', 'Apple                            
                             Chancery', 'Apple Color Emoji',                    
                             'Apple LiGothic', 'Apple                           
                             LiSung', 'Apple SD Gothic Neo',                    
                             'Apple Symbols', 'AppleGothic',                    
                             'AppleMyungjo', 'Arial', 'Arial                    
                             Black', 'Arial Hebrew', 'Arial                     
                             Hebrew Scholar', 'Arial                            
                             Narrow', 'Arial Rounded MT                         
                             Bold', 'Arial Unicode MS',                         
                             'Avenir', 'Avenir Next',                           
                             'Avenir Next Condensed',                           
                             'Ayuthaya', 'BIZ UDGothic',                        
                             'BIZ UDMincho', 'BM Dohyeon',                      
                             'BM Hanna 11yrs Old', 'BM Hanna                    
                             Air', 'BM Hanna Pro', 'BM Jua',                    
                             'BM Kirang Haerang', 'BM                           
                             Yeonsung', 'Baghdad', 'Bangla                      
                             MN', 'Bangla Sangam MN', 'Baoli                    
                             SC', 'Baoli TC', 'Baskerville',                    
                             'Beirut', 'BiauKaiHK',                             
                             'BiauKaiTC', 'Big Caslon',                         
                             'Bodoni 72', 'Bodoni 72                            
                             Oldstyle', 'Bodoni 72                              
                             Smallcaps', 'Bodoni Ornaments',                    
                             'Bradley Hand', 'Brush Script                      
                             MT', 'Chalkboard', 'Chalkboard                     
                             SE', 'Chalkduster', 'Charter',                     
                             'Cochin', 'Comic Sans MS',                         
                             'Copperplate', 'Corsiva                            
                             Hebrew', 'Courier New', 'DIN                       
                             Alternate', 'DIN Condensed',                       
                             'Damascus', 'DecoType Naskh',                      
                             'Devanagari MT', 'Devanagari                       
                             Sangam MN', 'Didot', 'Diwan                        
                             Kufi', 'Diwan Thuluth',                            
                             'Euphemia UCAS', 'Farah',                          
                             'Farisi', 'Futura', 'GB18030                       
                             Bitmap', 'Galvji', 'Geeza Pro',                    
                             'Geneva', 'Georgia', 'Gill                         
                             Sans', 'Grantha Sangam MN',                        
                             'Gujarati MT', 'Gujarati Sangam                    
                             MN', 'GungSeo', 'Gurmukhi MN',                     
                             'Gurmukhi MT', 'Gurmukhi Sangam                    
                             MN', 'Hannotate SC', 'Hannotate                    
                             TC', 'HanziPen SC', 'HanziPen                      
                             TC', 'HeadLineA', 'Hei', 'Heiti                    
                             SC', 'Heiti TC', 'Helvetica',                      
                             'Helvetica Neue', 'Herculanum',                    
                             'Hiragino Maru Gothic ProN',                       
                             'Hiragino Mincho ProN',                            
                             'Hiragino Sans', 'Hiragino Sans                    
                             GB', 'Hoefler Text', 'ITF                          
                             Devanagari', 'ITF Devanagari                       
                             Marathi', 'Impact',                                
                             'InaiMathi', 'Kai', 'Kailasa',                     
                             'Kaiti SC', 'Kaiti TC',                            
                             'Kannada MN', 'Kannada Sangam                      
                             MN', 'Kefa III', 'Khmer MN',                       
                             'Khmer Sangam MN', 'Klee',                         
                             'Kohinoor Bangla', 'Kohinoor                       
                             Devanagari', 'Kohinoor                             
                             Gujarati', 'Kohinoor Telugu',                      
                             'Kokonor', 'Krungthep',                            
                             'KufiStandardGK', 'LXGW                            
                             ZhenKai', 'Lantinghei SC',                         
                             'Lantinghei TC', 'Lao MN', 'Lao                    
                             Sangam MN', 'LiHei Pro',                           
                             'LiSong Pro', 'Libian SC',                         
                             'Libian TC', 'LingWai SC',                         
                             'LingWai TC', 'Lucida Grande',                     
                             'Luminari', 'Malayalam MN',                        
                             'Malayalam Sangam MN', 'Marker                     
                             Felt', 'Menlo', 'Microsoft Sans                    
                             Serif', 'Mishafi', 'Mishafi                        
                             Gold', 'Monaco', 'Monospace',                      
                             'Mshtakan', 'Mukta Mahee',                         
                             'Muna', 'Myanmar MN', 'Myanmar                     
                             Sangam MN', 'Nadeem', 'Nanum                       
                             Brush Script', 'Nanum Gothic',                     
                             'Nanum Myeongjo', 'Nanum Pen                       
                             Script', 'New Peninim MT',                         
                             'Noteworthy', 'Noto Nastaliq                       
                             Urdu', 'Noto Sans Batak', 'Noto                    
                             Sans Kannada', 'Noto Sans                          
                             Myanmar', 'Noto Sans NKo',                         
                             'Noto Sans Oriya', 'Noto Sans                      
                             Syriac', 'Noto Sans Tagalog',                      
                             'Noto Serif Myanmar', 'Optima',                    
                             'Oriya MN', 'Oriya Sangam MN',                     
                             'Osaka', 'PCMyungjo', 'PT                          
                             Mono', 'PT Sans', 'PT Sans                         
                             Caption', 'PT Sans Narrow', 'PT                    
                             Serif', 'PT Serif Caption',                        
                             'Palatino', 'Papyrus', 'Party                      
                             LET', 'Phosphate', 'PilGi',                        
                             'PingFang HK', 'PingFang MO',                      
                             'PingFang SC', 'PingFang TC',                      
                             'Plantagenet Cherokee',                            
                             'Raanana', 'Rockwell',                             
                             'STFangsong', 'STHeiti', 'STIX                     
                             Two Math', 'STIX Two Text',                        
                             'STKaiti', 'STSong', 'Sana',                       
                             'Sans', 'Sathu', 'Savoye LET',                     
                             'Serif', 'Shree Devanagari                         
                             714', 'SignPainter', 'Silom',                      
                             'SimSong', 'Sinhala MN',                           
                             'Sinhala Sangam MN', 'Skia',                       
                             'Snell Roundhand', 'Songti SC',                    
                             'Songti TC', 'Sukhumvit Set',                      
                             'Symbol', 'Tahoma', 'Tamil MN',                    
                             'Tamil Sangam MN', 'Telugu MN',                    
                             'Telugu Sangam MN', 'Thonburi',                    
                             'Times New Roman', 'Toppan                         
                             Bunkyu Gothic', 'Toppan Bunkyu                     
                             Midashi Gothic', 'Toppan Bunkyu                    
                             Midashi Mincho', 'Toppan Bunkyu                    
                             Mincho', 'Trattatello',                            
                             'Trebuchet MS', 'Tsukushi A                        
                             Round Gothic', 'Tsukushi B                         
                             Round Gothic', 'Verdana',                          
                             'Waseem', 'Wawati SC', 'Wawati                     
                             TC', 'Webdings', 'Weibei SC',                      
                             'Weibei TC', 'Wingdings',                          
                             'Wingdings 2', 'Wingdings 3',                      
                             'Xingkai SC', 'Xingkai TC',                        
                             'YuGothic', 'YuKyokasho',                          
                             'YuKyokasho Yoko', 'YuMincho',                     
                             'YuMincho +36p Kana', 'Yuanti                      
                             SC', 'Yuanti TC', 'Yuppy SC',                      
                             'Yuppy TC', 'Zapf Dingbats',                       
                             'Zapfino', 'cursive',                              
                             'fantasy', 'system-ui'].                           
Animation 97: FadeIn(Text('关注我，轻松学三角!')):   0%|          | 0/36 [00:00<?, ?it/s]Animation 97: FadeIn(Text('关注我，轻松学三角!')):  36%|███▌      | 13/36 [00:00<00:00, 125.57it/s]Animation 97: FadeIn(Text('关注我，轻松学三角!')):  78%|███████▊  | 28/36 [00:00<00:00, 135.15it/s]                                                                                                   [02/27/26 11:43:25] INFO     Animation 97 : Partial     scene_file_writer.py:590
                             movie file written in                              
                             '/Users/mx/Desktop/manim_m                         
                             ath/高中/高一/第二学期/第                          
                             五章-三角比/002任意角的三                          
                             角比/media/videos/any_angl                         
                             e_trigonometry/1920p60/par                         
                             tial_movie_files/AnyAngleT                         
                             rigonometry/656162490_3769                         
                             004779_765440797.mp4'                              
                    WARNING  Font Noto Sans CJK SC not in    text_mobject.py:464
                             ['.AppleSystemUIFont', 'Academy                    
                             Engraved LET', 'Al Bayan', 'Al                     
                             Nile', 'Al Tarikh', 'American                      
                             Typewriter', 'Andale Mono',                        
                             'Apple Braille', 'Apple                            
                             Chancery', 'Apple Color Emoji',                    
                             'Apple LiGothic', 'Apple                           
                             LiSung', 'Apple SD Gothic Neo',                    
                             'Apple Symbols', 'AppleGothic',                    
                             'AppleMyungjo', 'Arial', 'Arial                    
                             Black', 'Arial Hebrew', 'Arial                     
                             Hebrew Scholar', 'Arial                            
                             Narrow', 'Arial Rounded MT                         
                             Bold', 'Arial Unicode MS',                         
                             'Avenir', 'Avenir Next',                           
                             'Avenir Next Condensed',                           
                             'Ayuthaya', 'BIZ UDGothic',                        
                             'BIZ UDMincho', 'BM Dohyeon',                      
                             'BM Hanna 11yrs Old', 'BM Hanna                    
                             Air', 'BM Hanna Pro', 'BM Jua',                    
                             'BM Kirang Haerang', 'BM                           
                             Yeonsung', 'Baghdad', 'Bangla                      
                             MN', 'Bangla Sangam MN', 'Baoli                    
                             SC', 'Baoli TC', 'Baskerville',                    
                             'Beirut', 'BiauKaiHK',                             
                             'BiauKaiTC', 'Big Caslon',                         
                             'Bodoni 72', 'Bodoni 72                            
                             Oldstyle', 'Bodoni 72                              
                             Smallcaps', 'Bodoni Ornaments',                    
                             'Bradley Hand', 'Brush Script                      
                             MT', 'Chalkboard', 'Chalkboard                     
                             SE', 'Chalkduster', 'Charter',                     
                             'Cochin', 'Comic Sans MS',                         
                             'Copperplate', 'Corsiva                            
                             Hebrew', 'Courier New', 'DIN                       
                             Alternate', 'DIN Condensed',                       
                             'Damascus', 'DecoType Naskh',                      
                             'Devanagari MT', 'Devanagari                       
                             Sangam MN', 'Didot', 'Diwan                        
                             Kufi', 'Diwan Thuluth',                            
                             'Euphemia UCAS', 'Farah',                          
                             'Farisi', 'Futura', 'GB18030                       
                             Bitmap', 'Galvji', 'Geeza Pro',                    
                             'Geneva', 'Georgia', 'Gill                         
                             Sans', 'Grantha Sangam MN',                        
                             'Gujarati MT', 'Gujarati Sangam                    
                             MN', 'GungSeo', 'Gurmukhi MN',                     
                             'Gurmukhi MT', 'Gurmukhi Sangam                    
                             MN', 'Hannotate SC', 'Hannotate                    
                             TC', 'HanziPen SC', 'HanziPen                      
                             TC', 'HeadLineA', 'Hei', 'Heiti                    
                             SC', 'Heiti TC', 'Helvetica',                      
                             'Helvetica Neue', 'Herculanum',                    
                             'Hiragino Maru Gothic ProN',                       
                             'Hiragino Mincho ProN',                            
                             'Hiragino Sans', 'Hiragino Sans                    
                             GB', 'Hoefler Text', 'ITF                          
                             Devanagari', 'ITF Devanagari                       
                             Marathi', 'Impact',                                
                             'InaiMathi', 'Kai', 'Kailasa',                     
                             'Kaiti SC', 'Kaiti TC',                            
                             'Kannada MN', 'Kannada Sangam                      
                             MN', 'Kefa III', 'Khmer MN',                       
                             'Khmer Sangam MN', 'Klee',                         
                             'Kohinoor Bangla', 'Kohinoor                       
                             Devanagari', 'Kohinoor                             
                             Gujarati', 'Kohinoor Telugu',                      
                             'Kokonor', 'Krungthep',                            
                             'KufiStandardGK', 'LXGW                            
                             ZhenKai', 'Lantinghei SC',                         
                             'Lantinghei TC', 'Lao MN', 'Lao                    
                             Sangam MN', 'LiHei Pro',                           
                             'LiSong Pro', 'Libian SC',                         
                             'Libian TC', 'LingWai SC',                         
                             'LingWai TC', 'Lucida Grande',                     
                             'Luminari', 'Malayalam MN',                        
                             'Malayalam Sangam MN', 'Marker                     
                             Felt', 'Menlo', 'Microsoft Sans                    
                             Serif', 'Mishafi', 'Mishafi                        
                             Gold', 'Monaco', 'Monospace',                      
                             'Mshtakan', 'Mukta Mahee',                         
                             'Muna', 'Myanmar MN', 'Myanmar                     
                             Sangam MN', 'Nadeem', 'Nanum                       
                             Brush Script', 'Nanum Gothic',                     
                             'Nanum Myeongjo', 'Nanum Pen                       
                             Script', 'New Peninim MT',                         
                             'Noteworthy', 'Noto Nastaliq                       
                             Urdu', 'Noto Sans Batak', 'Noto                    
                             Sans Kannada', 'Noto Sans                          
                             Myanmar', 'Noto Sans NKo',                         
                             'Noto Sans Oriya', 'Noto Sans                      
                             Syriac', 'Noto Sans Tagalog',                      
                             'Noto Serif Myanmar', 'Optima',                    
                             'Oriya MN', 'Oriya Sangam MN',                     
                             'Osaka', 'PCMyungjo', 'PT                          
                             Mono', 'PT Sans', 'PT Sans                         
                             Caption', 'PT Sans Narrow', 'PT                    
                             Serif', 'PT Serif Caption',                        
                             'Palatino', 'Papyrus', 'Party                      
                             LET', 'Phosphate', 'PilGi',                        
                             'PingFang HK', 'PingFang MO',                      
                             'PingFang SC', 'PingFang TC',                      
                             'Plantagenet Cherokee',                            
                             'Raanana', 'Rockwell',                             
                             'STFangsong', 'STHeiti', 'STIX                     
                             Two Math', 'STIX Two Text',                        
                             'STKaiti', 'STSong', 'Sana',                       
                             'Sans', 'Sathu', 'Savoye LET',                     
                             'Serif', 'Shree Devanagari                         
                             714', 'SignPainter', 'Silom',                      
                             'SimSong', 'Sinhala MN',                           
                             'Sinhala Sangam MN', 'Skia',                       
                             'Snell Roundhand', 'Songti SC',                    
                             'Songti TC', 'Sukhumvit Set',                      
                             'Symbol', 'Tahoma', 'Tamil MN',                    
                             'Tamil Sangam MN', 'Telugu MN',                    
                             'Telugu Sangam MN', 'Thonburi',                    
                             'Times New Roman', 'Toppan                         
                             Bunkyu Gothic', 'Toppan Bunkyu                     
                             Midashi Gothic', 'Toppan Bunkyu                    
                             Midashi Mincho', 'Toppan Bunkyu                    
                             Mincho', 'Trattatello',                            
                             'Trebuchet MS', 'Tsukushi A                        
                             Round Gothic', 'Tsukushi B                         
                             Round Gothic', 'Verdana',                          
                             'Waseem', 'Wawati SC', 'Wawati                     
                             TC', 'Webdings', 'Weibei SC',                      
                             'Weibei TC', 'Wingdings',                          
                             'Wingdings 2', 'Wingdings 3',                      
                             'Xingkai SC', 'Xingkai TC',                        
                             'YuGothic', 'YuKyokasho',                          
                             'YuKyokasho Yoko', 'YuMincho',                     
                             'YuMincho +36p Kana', 'Yuanti                      
                             SC', 'Yuanti TC', 'Yuppy SC',                      
                             'Yuppy TC', 'Zapf Dingbats',                       
                             'Zapfino', 'cursive',                              
                             'fantasy', 'system-ui'].                           
Animation 98: FadeIn(Text('一全二正弦三正切四余弦')):   0%|          | 0/48 [00:00<?, ?it/s]Animation 98: FadeIn(Text('一全二正弦三正切四余弦')):  29%|██▉       | 14/48 [00:00<00:00, 133.64it/s]Animation 98: FadeIn(Text('一全二正弦三正切四余弦')):  60%|██████    | 29/48 [00:00<00:00, 140.57it/s]Animation 98: FadeIn(Text('一全二正弦三正切四余弦')): 100%|██████████| 48/48 [00:00<00:00, 161.72it/s]                                                                                                      [02/27/26 11:43:27] INFO     Animation 98 : Partial     scene_file_writer.py:590
                             movie file written in                              
                             '/Users/mx/Desktop/manim_m                         
                             ath/高中/高一/第二学期/第                          
                             五章-三角比/002任意角的三                          
                             角比/media/videos/any_angl                         
                             e_trigonometry/1920p60/par                         
                             tial_movie_files/AnyAngleT                         
                             rigonometry/656162490_3545                         
                             414868_4244733725.mp4'                             
[02/27/26 11:43:29] INFO     Animation 99 : Partial     scene_file_writer.py:590
                             movie file written in                              
                             '/Users/mx/Desktop/manim_m                         
                             ath/高中/高一/第二学期/第                          
                             五章-三角比/002任意角的三                          
                             角比/media/videos/any_angl                         
                             e_trigonometry/1920p60/par                         
                             tial_movie_files/AnyAngleT                         
                             rigonometry/656162490_3366                         
                             045169_2877393651.mp4'                             
Animation 100: FadeOut(Text('上海初高中数学直通车 @emptyandcalm')), etc.:   0%|          | 0/60 [00:00<?, ?it/s]Animation 100: FadeOut(Text('上海初高中数学直通车 @emptyandcalm')), etc.:   3%|▎         | 2/60 [00:00<00:03, 18.25it/s]Animation 100: FadeOut(Text('上海初高中数学直通车 @emptyandcalm')), etc.:   7%|▋         | 4/60 [00:00<00:07,  7.74it/s]Animation 100: FadeOut(Text('上海初高中数学直通车 @emptyandcalm')), etc.:  10%|█         | 6/60 [00:00<00:05,  9.58it/s]Animation 100: FadeOut(Text('上海初高中数学直通车 @emptyandcalm')), etc.:  15%|█▌        | 9/60 [00:00<00:03, 13.16it/s]Animation 100: FadeOut(Text('上海初高中数学直通车 @emptyandcalm')), etc.:  20%|██        | 12/60 [00:00<00:03, 15.93it/s]Animation 100: FadeOut(Text('上海初高中数学直通车 @emptyandcalm')), etc.:  25%|██▌       | 15/60 [00:01<00:02, 18.37it/s]Animation 100: FadeOut(Text('上海初高中数学直通车 @emptyandcalm')), etc.:  30%|███       | 18/60 [00:01<00:02, 18.36it/s]Animation 100: FadeOut(Text('上海初高中数学直通车 @emptyandcalm')), etc.:  35%|███▌      | 21/60 [00:01<00:01, 19.54it/s]Animation 100: FadeOut(Text('上海初高中数学直通车 @emptyandcalm')), etc.:  40%|████      | 24/60 [00:01<00:01, 21.14it/s]Animation 100: FadeOut(Text('上海初高中数学直通车 @emptyandcalm')), etc.:  45%|████▌     | 27/60 [00:01<00:01, 21.73it/s]Animation 100: FadeOut(Text('上海初高中数学直通车 @emptyandcalm')), etc.:  50%|█████     | 30/60 [00:01<00:01, 19.63it/s]Animation 100: FadeOut(Text('上海初高中数学直通车 @emptyandcalm')), etc.:  55%|█████▌    | 33/60 [00:01<00:01, 19.25it/s]Animation 100: FadeOut(Text('上海初高中数学直通车 @emptyandcalm')), etc.:  58%|█████▊    | 35/60 [00:02<00:01, 18.41it/s]Animation 100: FadeOut(Text('上海初高中数学直通车 @emptyandcalm')), etc.:  62%|██████▏   | 37/60 [00:02<00:01, 18.29it/s]Animation 100: FadeOut(Text('上海初高中数学直通车 @emptyandcalm')), etc.:  65%|██████▌   | 39/60 [00:02<00:01, 18.58it/s]Animation 100: FadeOut(Text('上海初高中数学直通车 @emptyandcalm')), etc.:  70%|███████   | 42/60 [00:02<00:00, 18.31it/s]Animation 100: FadeOut(Text('上海初高中数学直通车 @emptyandcalm')), etc.:  73%|███████▎  | 44/60 [00:02<00:00, 18.19it/s]Animation 100: FadeOut(Text('上海初高中数学直通车 @emptyandcalm')), etc.:  77%|███████▋  | 46/60 [00:02<00:01, 11.16it/s]Animation 100: FadeOut(Text('上海初高中数学直通车 @emptyandcalm')), etc.:  80%|████████  | 48/60 [00:03<00:01, 11.51it/s]Animation 100: FadeOut(Text('上海初高中数学直通车 @emptyandcalm')), etc.:  83%|████████▎ | 50/60 [00:03<00:00, 11.70it/s]Animation 100: FadeOut(Text('上海初高中数学直通车 @emptyandcalm')), etc.:  88%|████████▊ | 53/60 [00:03<00:00, 14.32it/s]Animation 100: FadeOut(Text('上海初高中数学直通车 @emptyandcalm')), etc.:  93%|█████████▎| 56/60 [00:03<00:00, 16.27it/s]Animation 100: FadeOut(Text('上海初高中数学直通车 @emptyandcalm')), etc.:  98%|█████████▊| 59/60 [00:03<00:00, 17.58it/s]                                                                                                                         [02/27/26 11:43:34] INFO     Animation 100 : Partial    scene_file_writer.py:590
                             movie file written in                              
                             '/Users/mx/Desktop/manim_m                         
                             ath/高中/高一/第二学期/第                          
                             五章-三角比/002任意角的三                          
                             角比/media/videos/any_angl                         
                             e_trigonometry/1920p60/par                         
                             tial_movie_files/AnyAngleT                         
                             rigonometry/656162490_1367                         
                             16562_2757925238.mp4'                              
                    INFO     Combining to Movie file.   scene_file_writer.py:742
[02/27/26 11:43:35] INFO                                scene_file_writer.py:893
                             File ready at                                      
                             '/Users/mx/Desktop/manim_m                         
                             ath/高中/高一/第二学期/第                          
                             五章-三角比/002任意角的三                          
                             角比/media/videos/any_angl                         
                             e_trigonometry/1920p60/Any                         
                             AngleTrigonometry.mp4'                             
                                                                                
                    INFO     The partial movie          scene_file_writer.py:863
                             directory is full (> 100                           
                             files). Therefore, manim                           
                             has removed the 6 oldest                           
                             file(s). You can change                            
                             this behaviour by changing                         
                             max_files_cached in                                
                             config.                                            
                    INFO     Rendered AnyAngleTrigonometry          scene.py:278
                             Played 101 animations                              
