Manim Community v0.20.0

[02/27/26 10:18:02] ERROR                                      module_ops.py:104
                                Probability is not in the                       
                             script                                             
                                                                                
✓ setup_geometry 完成
                    WARNING  Font Noto Sans CJK SC not in    text_mobject.py:464
                             ['.AppleSystemUIFont', 'Academy                    
                             Engraved LET', 'Al Bayan', 'Al                     
                             Nile', 'Al Tarikh', 'American                      
                             Typewriter', 'Andale Mono',                        
                             'Apple Braille', 'Apple                            
                             Chancery', 'Apple Color Emoji',                    
                             'Apple LiGothic', 'Apple                           
                             LiSung', 'Apple SD Gothic Neo',                    
                             'Apple Symbols', 'AppleGothic',                    
                             'AppleMyungjo', 'Arial', 'Arial                    
                             Black', 'Arial Hebrew', 'Arial                     
                             Hebrew Scholar', 'Arial                            
                             Narrow', 'Arial Rounded MT                         
                             Bold', 'Arial Unicode MS',                         
                             'Avenir', 'Avenir Next',                           
                             'Avenir Next Condensed',                           
                             'Ayuthaya', 'BIZ UDGothic',                        
                             'BIZ UDMincho', 'BM Dohyeon',                      
                             'BM Hanna 11yrs Old', 'BM Hanna                    
                             Air', 'BM Hanna Pro', 'BM Jua',                    
                             'BM Kirang Haerang', 'BM                           
                             Yeonsung', 'Baghdad', 'Bangla                      
                             MN', 'Bangla Sangam MN', 'Baoli                    
                             SC', 'Baoli TC', 'Baskerville',                    
                             'Beirut', 'BiauKaiHK',                             
                             'BiauKaiTC', 'Big Caslon',                         
                             'Bodoni 72', 'Bodoni 72                            
                             Oldstyle', 'Bodoni 72                              
                             Smallcaps', 'Bodoni Ornaments',                    
                             'Bradley Hand', 'Brush Script                      
                             MT', 'Chalkboard', 'Chalkboard                     
                             SE', 'Chalkduster', 'Charter',                     
                             'Cochin', 'Comic Sans MS',                         
                             'Copperplate', 'Corsiva                            
                             Hebrew', 'Courier New', 'DIN                       
                             Alternate', 'DIN Condensed',                       
                             'Damascus', 'DecoType Naskh',                      
                             'Devanagari MT', 'Devanagari                       
                             Sangam MN', 'Didot', 'Diwan                        
                             Kufi', 'Diwan Thuluth',                            
                             'Euphemia UCAS', 'Farah',                          
                             'Farisi', 'Futura', 'GB18030                       
                             Bitmap', 'Galvji', 'Geeza Pro',                    
                             'Geneva', 'Georgia', 'Gill                         
                             Sans', 'Grantha Sangam MN',                        
                             'Gujarati MT', 'Gujarati Sangam                    
                             MN', 'GungSeo', 'Gurmukhi MN',                     
                             'Gurmukhi MT', 'Gurmukhi Sangam                    
                             MN', 'Hannotate SC', 'Hannotate                    
                             TC', 'HanziPen SC', 'HanziPen                      
                             TC', 'HeadLineA', 'Hei', 'Heiti                    
                             SC', 'Heiti TC', 'Helvetica',                      
                             'Helvetica Neue', 'Herculanum',                    
                             'Hiragino Maru Gothic ProN',                       
                             'Hiragino Mincho ProN',                            
                             'Hiragino Sans', 'Hiragino Sans                    
                             GB', 'Hoefler Text', 'ITF                          
                             Devanagari', 'ITF Devanagari                       
                             Marathi', 'Impact',                                
                             'InaiMathi', 'Kai', 'Kailasa',                     
                             'Kaiti SC', 'Kaiti TC',                            
                             'Kannada MN', 'Kannada Sangam                      
                             MN', 'Kefa III', 'Khmer MN',                       
                             'Khmer Sangam MN', 'Klee',                         
                             'Kohinoor Bangla', 'Kohinoor                       
                             Devanagari', 'Kohinoor                             
                             Gujarati', 'Kohinoor Telugu',                      
                             'Kokonor', 'Krungthep',                            
                             'KufiStandardGK', 'LXGW                            
                             ZhenKai', 'Lantinghei SC',                         
                             'Lantinghei TC', 'Lao MN', 'Lao                    
                             Sangam MN', 'LiHei Pro',                           
                             'LiSong Pro', 'Libian SC',                         
                             'Libian TC', 'LingWai SC',                         
                             'LingWai TC', 'Lucida Grande',                     
                             'Luminari', 'Malayalam MN',                        
                             'Malayalam Sangam MN', 'Marker                     
                             Felt', 'Menlo', 'Microsoft Sans                    
                             Serif', 'Mishafi', 'Mishafi                        
                             Gold', 'Monaco', 'Monospace',                      
                             'Mshtakan', 'Mukta Mahee',                         
                             'Muna', 'Myanmar MN', 'Myanmar                     
                             Sangam MN', 'Nadeem', 'Nanum                       
                             Brush Script', 'Nanum Gothic',                     
                             'Nanum Myeongjo', 'Nanum Pen                       
                             Script', 'New Peninim MT',                         
                             'Noteworthy', 'Noto Nastaliq                       
                             Urdu', 'Noto Sans Batak', 'Noto                    
                             Sans Kannada', 'Noto Sans                          
                             Myanmar', 'Noto Sans NKo',                         
                             'Noto Sans Oriya', 'Noto Sans                      
                             Syriac', 'Noto Sans Tagalog',                      
                             'Noto Serif Myanmar', 'Optima',                    
                             'Oriya MN', 'Oriya Sangam MN',                     
                             'Osaka', 'PCMyungjo', 'PT                          
                             Mono', 'PT Sans', 'PT Sans                         
                             Caption', 'PT Sans Narrow', 'PT                    
                             Serif', 'PT Serif Caption',                        
                             'Palatino', 'Papyrus', 'Party                      
                             LET', 'Phosphate', 'PilGi',                        
                             'PingFang HK', 'PingFang MO',                      
                             'PingFang SC', 'PingFang TC',                      
                             'Plantagenet Cherokee',                            
                             'Raanana', 'Rockwell',                             
                             'STFangsong', 'STHeiti', 'STIX                     
                             Two Math', 'STIX Two Text',                        
                             'STKaiti', 'STSong', 'Sana',                       
                             'Sans', 'Sathu', 'Savoye LET',                     
                             'Serif', 'Shree Devanagari                         
                             714', 'SignPainter', 'Silom',                      
                             'SimSong', 'Sinhala MN',                           
                             'Sinhala Sangam MN', 'Skia',                       
                             'Snell Roundhand', 'Songti SC',                    
                             'Songti TC', 'Sukhumvit Set',                      
                             'Symbol', 'Tahoma', 'Tamil MN',                    
                             'Tamil Sangam MN', 'Telugu MN',                    
                             'Telugu Sangam MN', 'Thonburi',                    
                             'Times New Roman', 'Toppan                         
                             Bunkyu Gothic', 'Toppan Bunkyu                     
                             Midashi Gothic', 'Toppan Bunkyu                    
                             Midashi Mincho', 'Toppan Bunkyu                    
                             Mincho', 'Trattatello',                            
                             'Trebuchet MS', 'Tsukushi A                        
                             Round Gothic', 'Tsukushi B                         
                             Round Gothic', 'Verdana',                          
                             'Waseem', 'Wawati SC', 'Wawati                     
                             TC', 'Webdings', 'Weibei SC',                      
                             'Weibei TC', 'Wingdings',                          
                             'Wingdings 2', 'Wingdings 3',                      
                             'Xingkai SC', 'Xingkai TC',                        
                             'YuGothic', 'YuKyokasho',                          
                             'YuKyokasho Yoko', 'YuMincho',                     
                             'YuMincho +36p Kana', 'Yuanti                      
                             SC', 'Yuanti TC', 'Yuppy SC',                      
                             'Yuppy TC', 'Zapf Dingbats',                       
                             'Zapfino', 'cursive',                              
                             'fantasy', 'system-ui'].                           
Animation 0: FadeIn(Text('上海初高中数学直通车  @emptyandcalm')):   0%|          | 0/24 [00:00<?, ?it/s]Animation 0: FadeIn(Text('上海初高中数学直通车  @emptyandcalm')):  38%|███▊      | 9/24 [00:00<00:00, 82.62it/s]Animation 0: FadeIn(Text('上海初高中数学直通车  @emptyandcalm')):  79%|███████▉  | 19/24 [00:00<00:00, 90.98it/s]                                                                                                                 [02/27/26 10:18:03] INFO     Animation 0 : Partial      scene_file_writer.py:590
                             movie file written in                              
                             '/Users/mx/Desktop/manim_m                         
                             ath/高中/高三/第二学期/第                          
                             十七章-概率论初步/001随机                          
                             事件与概率/media/videos/pr                         
                             obability/1920p60/partial_                         
                             movie_files/ProbabilitySce                         
                             ne/3748413652_2817984416_2                         
                             23132457.mp4'                                      
                    WARNING  Font Noto Sans CJK SC not in    text_mobject.py:464
                             ['.AppleSystemUIFont', 'Academy                    
                             Engraved LET', 'Al Bayan', 'Al                     
                             Nile', 'Al Tarikh', 'American                      
                             Typewriter', 'Andale Mono',                        
                             'Apple Braille', 'Apple                            
                             Chancery', 'Apple Color Emoji',                    
                             'Apple LiGothic', 'Apple                           
                             LiSung', 'Apple SD Gothic Neo',                    
                             'Apple Symbols', 'AppleGothic',                    
                             'AppleMyungjo', 'Arial', 'Arial                    
                             Black', 'Arial Hebrew', 'Arial                     
                             Hebrew Scholar', 'Arial                            
                             Narrow', 'Arial Rounded MT                         
                             Bold', 'Arial Unicode MS',                         
                             'Avenir', 'Avenir Next',                           
                             'Avenir Next Condensed',                           
                             'Ayuthaya', 'BIZ UDGothic',                        
                             'BIZ UDMincho', 'BM Dohyeon',                      
                             'BM Hanna 11yrs Old', 'BM Hanna                    
                             Air', 'BM Hanna Pro', 'BM Jua',                    
                             'BM Kirang Haerang', 'BM                           
                             Yeonsung', 'Baghdad', 'Bangla                      
                             MN', 'Bangla Sangam MN', 'Baoli                    
                             SC', 'Baoli TC', 'Baskerville',                    
                             'Beirut', 'BiauKaiHK',                             
                             'BiauKaiTC', 'Big Caslon',                         
                             'Bodoni 72', 'Bodoni 72                            
                             Oldstyle', 'Bodoni 72                              
                             Smallcaps', 'Bodoni Ornaments',                    
                             'Bradley Hand', 'Brush Script                      
                             MT', 'Chalkboard', 'Chalkboard                     
                             SE', 'Chalkduster', 'Charter',                     
                             'Cochin', 'Comic Sans MS',                         
                             'Copperplate', 'Corsiva                            
                             Hebrew', 'Courier New', 'DIN                       
                             Alternate', 'DIN Condensed',                       
                             'Damascus', 'DecoType Naskh',                      
                             'Devanagari MT', 'Devanagari                       
                             Sangam MN', 'Didot', 'Diwan                        
                             Kufi', 'Diwan Thuluth',                            
                             'Euphemia UCAS', 'Farah',                          
                             'Farisi', 'Futura', 'GB18030                       
                             Bitmap', 'Galvji', 'Geeza Pro',                    
                             'Geneva', 'Georgia', 'Gill                         
                             Sans', 'Grantha Sangam MN',                        
                             'Gujarati MT', 'Gujarati Sangam                    
                             MN', 'GungSeo', 'Gurmukhi MN',                     
                             'Gurmukhi MT', 'Gurmukhi Sangam                    
                             MN', 'Hannotate SC', 'Hannotate                    
                             TC', 'HanziPen SC', 'HanziPen                      
                             TC', 'HeadLineA', 'Hei', 'Heiti                    
                             SC', 'Heiti TC', 'Helvetica',                      
                             'Helvetica Neue', 'Herculanum',                    
                             'Hiragino Maru Gothic ProN',                       
                             'Hiragino Mincho ProN',                            
                             'Hiragino Sans', 'Hiragino Sans                    
                             GB', 'Hoefler Text', 'ITF                          
                             Devanagari', 'ITF Devanagari                       
                             Marathi', 'Impact',                                
                             'InaiMathi', 'Kai', 'Kailasa',                     
                             'Kaiti SC', 'Kaiti TC',                            
                             'Kannada MN', 'Kannada Sangam                      
                             MN', 'Kefa III', 'Khmer MN',                       
                             'Khmer Sangam MN', 'Klee',                         
                             'Kohinoor Bangla', 'Kohinoor                       
                             Devanagari', 'Kohinoor                             
                             Gujarati', 'Kohinoor Telugu',                      
                             'Kokonor', 'Krungthep',                            
                             'KufiStandardGK', 'LXGW                            
                             ZhenKai', 'Lantinghei SC',                         
                             'Lantinghei TC', 'Lao MN', 'Lao                    
                             Sangam MN', 'LiHei Pro',                           
                             'LiSong Pro', 'Libian SC',                         
                             'Libian TC', 'LingWai SC',                         
                             'LingWai TC', 'Lucida Grande',                     
                             'Luminari', 'Malayalam MN',                        
                             'Malayalam Sangam MN', 'Marker                     
                             Felt', 'Menlo', 'Microsoft Sans                    
                             Serif', 'Mishafi', 'Mishafi                        
                             Gold', 'Monaco', 'Monospace',                      
                             'Mshtakan', 'Mukta Mahee',                         
                             'Muna', 'Myanmar MN', 'Myanmar                     
                             Sangam MN', 'Nadeem', 'Nanum                       
                             Brush Script', 'Nanum Gothic',                     
                             'Nanum Myeongjo', 'Nanum Pen                       
                             Script', 'New Peninim MT',                         
                             'Noteworthy', 'Noto Nastaliq                       
                             Urdu', 'Noto Sans Batak', 'Noto                    
                             Sans Kannada', 'Noto Sans                          
                             Myanmar', 'Noto Sans NKo',                         
                             'Noto Sans Oriya', 'Noto Sans                      
                             Syriac', 'Noto Sans Tagalog',                      
                             'Noto Serif Myanmar', 'Optima',                    
                             'Oriya MN', 'Oriya Sangam MN',                     
                             'Osaka', 'PCMyungjo', 'PT                          
                             Mono', 'PT Sans', 'PT Sans                         
                             Caption', 'PT Sans Narrow', 'PT                    
                             Serif', 'PT Serif Caption',                        
                             'Palatino', 'Papyrus', 'Party                      
                             LET', 'Phosphate', 'PilGi',                        
                             'PingFang HK', 'PingFang MO',                      
                             'PingFang SC', 'PingFang TC',                      
                             'Plantagenet Cherokee',                            
                             'Raanana', 'Rockwell',                             
                             'STFangsong', 'STHeiti', 'STIX                     
                             Two Math', 'STIX Two Text',                        
                             'STKaiti', 'STSong', 'Sana',                       
                             'Sans', 'Sathu', 'Savoye LET',                     
                             'Serif', 'Shree Devanagari                         
                             714', 'SignPainter', 'Silom',                      
                             'SimSong', 'Sinhala MN',                           
                             'Sinhala Sangam MN', 'Skia',                       
                             'Snell Roundhand', 'Songti SC',                    
                             'Songti TC', 'Sukhumvit Set',                      
                             'Symbol', 'Tahoma', 'Tamil MN',                    
                             'Tamil Sangam MN', 'Telugu MN',                    
                             'Telugu Sangam MN', 'Thonburi',                    
                             'Times New Roman', 'Toppan                         
                             Bunkyu Gothic', 'Toppan Bunkyu                     
                             Midashi Gothic', 'Toppan Bunkyu                    
                             Midashi Mincho', 'Toppan Bunkyu                    
                             Mincho', 'Trattatello',                            
                             'Trebuchet MS', 'Tsukushi A                        
                             Round Gothic', 'Tsukushi B                         
                             Round Gothic', 'Verdana',                          
                             'Waseem', 'Wawati SC', 'Wawati                     
                             TC', 'Webdings', 'Weibei SC',                      
                             'Weibei TC', 'Wingdings',                          
                             'Wingdings 2', 'Wingdings 3',                      
                             'Xingkai SC', 'Xingkai TC',                        
                             'YuGothic', 'YuKyokasho',                          
                             'YuKyokasho Yoko', 'YuMincho',                     
                             'YuMincho +36p Kana', 'Yuanti                      
                             SC', 'Yuanti TC', 'Yuppy SC',                      
                             'Yuppy TC', 'Zapf Dingbats',                       
                             'Zapfino', 'cursive',                              
                             'fantasy', 'system-ui'].                           
Animation 1: GrowFromCenter(Circle):   0%|          | 0/30 [00:00<?, ?it/s]                                                                                               INFO     Animation 1 : Partial      scene_file_writer.py:590
                             movie file written in                              
                             '/Users/mx/Desktop/manim_m                         
                             ath/高中/高三/第二学期/第                          
                             十七章-概率论初步/001随机                          
                             事件与概率/media/videos/pr                         
                             obability/1920p60/partial_                         
                             movie_files/ProbabilitySce                         
                             ne/656162490_1787779993_32                         
                             98344856.mp4'                                      
Animation 2: Write(Text('?')):   0%|          | 0/24 [00:00<?, ?it/s]                                                                     [02/27/26 10:18:04] INFO     Animation 2 : Partial      scene_file_writer.py:590
                             movie file written in                              
                             '/Users/mx/Desktop/manim_m                         
                             ath/高中/高三/第二学期/第                          
                             十七章-概率论初步/001随机                          
                             事件与概率/media/videos/pr                         
                             obability/1920p60/partial_                         
                             movie_files/ProbabilitySce                         
                             ne/656162490_3193512129_38                         
                             11153316.mp4'                                      
Animation 3: Rotate(Circle):   0%|          | 0/30 [00:00<?, ?it/s]                                                                                       INFO     Animation 3 : Partial      scene_file_writer.py:590
                             movie file written in                              
                             '/Users/mx/Desktop/manim_m                         
                             ath/高中/高三/第二学期/第                          
                             十七章-概率论初步/001随机                          
                             事件与概率/media/videos/pr                         
                             obability/1920p60/partial_                         
                             movie_files/ProbabilitySce                         
                             ne/656162490_3150488066_16                         
                             01236955.mp4'                                      
                    WARNING  Font Noto Sans CJK SC not in    text_mobject.py:464
                             ['.AppleSystemUIFont', 'Academy                    
                             Engraved LET', 'Al Bayan', 'Al                     
                             Nile', 'Al Tarikh', 'American                      
                             Typewriter', 'Andale Mono',                        
                             'Apple Braille', 'Apple                            
                             Chancery', 'Apple Color Emoji',                    
                             'Apple LiGothic', 'Apple                           
                             LiSung', 'Apple SD Gothic Neo',                    
                             'Apple Symbols', 'AppleGothic',                    
                             'AppleMyungjo', 'Arial', 'Arial                    
                             Black', 'Arial Hebrew', 'Arial                     
                             Hebrew Scholar', 'Arial                            
                             Narrow', 'Arial Rounded MT                         
                             Bold', 'Arial Unicode MS',                         
                             'Avenir', 'Avenir Next',                           
                             'Avenir Next Condensed',                           
                             'Ayuthaya', 'BIZ UDGothic',                        
                             'BIZ UDMincho', 'BM Dohyeon',                      
                             'BM Hanna 11yrs Old', 'BM Hanna                    
                             Air', 'BM Hanna Pro', 'BM Jua',                    
                             'BM Kirang Haerang', 'BM                           
                             Yeonsung', 'Baghdad', 'Bangla                      
                             MN', 'Bangla Sangam MN', 'Baoli                    
                             SC', 'Baoli TC', 'Baskerville',                    
                             'Beirut', 'BiauKaiHK',                             
                             'BiauKaiTC', 'Big Caslon',                         
                             'Bodoni 72', 'Bodoni 72                            
                             Oldstyle', 'Bodoni 72                              
                             Smallcaps', 'Bodoni Ornaments',                    
                             'Bradley Hand', 'Brush Script                      
                             MT', 'Chalkboard', 'Chalkboard                     
                             SE', 'Chalkduster', 'Charter',                     
                             'Cochin', 'Comic Sans MS',                         
                             'Copperplate', 'Corsiva                            
                             Hebrew', 'Courier New', 'DIN                       
                             Alternate', 'DIN Condensed',                       
                             'Damascus', 'DecoType Naskh',                      
                             'Devanagari MT', 'Devanagari                       
                             Sangam MN', 'Didot', 'Diwan                        
                             Kufi', 'Diwan Thuluth',                            
                             'Euphemia UCAS', 'Farah',                          
                             'Farisi', 'Futura', 'GB18030                       
                             Bitmap', 'Galvji', 'Geeza Pro',                    
                             'Geneva', 'Georgia', 'Gill                         
                             Sans', 'Grantha Sangam MN',                        
                             'Gujarati MT', 'Gujarati Sangam                    
                             MN', 'GungSeo', 'Gurmukhi MN',                     
                             'Gurmukhi MT', 'Gurmukhi Sangam                    
                             MN', 'Hannotate SC', 'Hannotate                    
                             TC', 'HanziPen SC', 'HanziPen                      
                             TC', 'HeadLineA', 'Hei', 'Heiti                    
                             SC', 'Heiti TC', 'Helvetica',                      
                             'Helvetica Neue', 'Herculanum',                    
                             'Hiragino Maru Gothic ProN',                       
                             'Hiragino Mincho ProN',                            
                             'Hiragino Sans', 'Hiragino Sans                    
                             GB', 'Hoefler Text', 'ITF                          
                             Devanagari', 'ITF Devanagari                       
                             Marathi', 'Impact',                                
                             'InaiMathi', 'Kai', 'Kailasa',                     
                             'Kaiti SC', 'Kaiti TC',                            
                             'Kannada MN', 'Kannada Sangam                      
                             MN', 'Kefa III', 'Khmer MN',                       
                             'Khmer Sangam MN', 'Klee',                         
                             'Kohinoor Bangla', 'Kohinoor                       
                             Devanagari', 'Kohinoor                             
                             Gujarati', 'Kohinoor Telugu',                      
                             'Kokonor', 'Krungthep',                            
                             'KufiStandardGK', 'LXGW                            
                             ZhenKai', 'Lantinghei SC',                         
                             'Lantinghei TC', 'Lao MN', 'Lao                    
                             Sangam MN', 'LiHei Pro',                           
                             'LiSong Pro', 'Libian SC',                         
                             'Libian TC', 'LingWai SC',                         
                             'LingWai TC', 'Lucida Grande',                     
                             'Luminari', 'Malayalam MN',                        
                             'Malayalam Sangam MN', 'Marker                     
                             Felt', 'Menlo', 'Microsoft Sans                    
                             Serif', 'Mishafi', 'Mishafi                        
                             Gold', 'Monaco', 'Monospace',                      
                             'Mshtakan', 'Mukta Mahee',                         
                             'Muna', 'Myanmar MN', 'Myanmar                     
                             Sangam MN', 'Nadeem', 'Nanum                       
                             Brush Script', 'Nanum Gothic',                     
                             'Nanum Myeongjo', 'Nanum Pen                       
                             Script', 'New Peninim MT',                         
                             'Noteworthy', 'Noto Nastaliq                       
                             Urdu', 'Noto Sans Batak', 'Noto                    
                             Sans Kannada', 'Noto Sans                          
                             Myanmar', 'Noto Sans NKo',                         
                             'Noto Sans Oriya', 'Noto Sans                      
                             Syriac', 'Noto Sans Tagalog',                      
                             'Noto Serif Myanmar', 'Optima',                    
                             'Oriya MN', 'Oriya Sangam MN',                     
                             'Osaka', 'PCMyungjo', 'PT                          
                             Mono', 'PT Sans', 'PT Sans                         
                             Caption', 'PT Sans Narrow', 'PT                    
                             Serif', 'PT Serif Caption',                        
                             'Palatino', 'Papyrus', 'Party                      
                             LET', 'Phosphate', 'PilGi',                        
                             'PingFang HK', 'PingFang MO',                      
                             'PingFang SC', 'PingFang TC',                      
                             'Plantagenet Cherokee',                            
                             'Raanana', 'Rockwell',                             
                             'STFangsong', 'STHeiti', 'STIX                     
                             Two Math', 'STIX Two Text',                        
                             'STKaiti', 'STSong', 'Sana',                       
                             'Sans', 'Sathu', 'Savoye LET',                     
                             'Serif', 'Shree Devanagari                         
                             714', 'SignPainter', 'Silom',                      
                             'SimSong', 'Sinhala MN',                           
                             'Sinhala Sangam MN', 'Skia',                       
                             'Snell Roundhand', 'Songti SC',                    
                             'Songti TC', 'Sukhumvit Set',                      
                             'Symbol', 'Tahoma', 'Tamil MN',                    
                             'Tamil Sangam MN', 'Telugu MN',                    
                             'Telugu Sangam MN', 'Thonburi',                    
                             'Times New Roman', 'Toppan                         
                             Bunkyu Gothic', 'Toppan Bunkyu                     
                             Midashi Gothic', 'Toppan Bunkyu                    
                             Midashi Mincho', 'Toppan Bunkyu                    
                             Mincho', 'Trattatello',                            
                             'Trebuchet MS', 'Tsukushi A                        
                             Round Gothic', 'Tsukushi B                         
                             Round Gothic', 'Verdana',                          
                             'Waseem', 'Wawati SC', 'Wawati                     
                             TC', 'Webdings', 'Weibei SC',                      
                             'Weibei TC', 'Wingdings',                          
                             'Wingdings 2', 'Wingdings 3',                      
                             'Xingkai SC', 'Xingkai TC',                        
                             'YuGothic', 'YuKyokasho',                          
                             'YuKyokasho Yoko', 'YuMincho',                     
                             'YuMincho +36p Kana', 'Yuanti                      
                             SC', 'Yuanti TC', 'Yuppy SC',                      
                             'Yuppy TC', 'Zapf Dingbats',                       
                             'Zapfino', 'cursive',                              
                             'fantasy', 'system-ui'].                           
                    WARNING  Font Noto Sans CJK SC not in    text_mobject.py:464
                             ['.AppleSystemUIFont', 'Academy                    
                             Engraved LET', 'Al Bayan', 'Al                     
                             Nile', 'Al Tarikh', 'American                      
                             Typewriter', 'Andale Mono',                        
                             'Apple Braille', 'Apple                            
                             Chancery', 'Apple Color Emoji',                    
                             'Apple LiGothic', 'Apple                           
                             LiSung', 'Apple SD Gothic Neo',                    
                             'Apple Symbols', 'AppleGothic',                    
                             'AppleMyungjo', 'Arial', 'Arial                    
                             Black', 'Arial Hebrew', 'Arial                     
                             Hebrew Scholar', 'Arial                            
                             Narrow', 'Arial Rounded MT                         
                             Bold', 'Arial Unicode MS',                         
                             'Avenir', 'Avenir Next',                           
                             'Avenir Next Condensed',                           
                             'Ayuthaya', 'BIZ UDGothic',                        
                             'BIZ UDMincho', 'BM Dohyeon',                      
                             'BM Hanna 11yrs Old', 'BM Hanna                    
                             Air', 'BM Hanna Pro', 'BM Jua',                    
                             'BM Kirang Haerang', 'BM                           
                             Yeonsung', 'Baghdad', 'Bangla                      
                             MN', 'Bangla Sangam MN', 'Baoli                    
                             SC', 'Baoli TC', 'Baskerville',                    
                             'Beirut', 'BiauKaiHK',                             
                             'BiauKaiTC', 'Big Caslon',                         
                             'Bodoni 72', 'Bodoni 72                            
                             Oldstyle', 'Bodoni 72                              
                             Smallcaps', 'Bodoni Ornaments',                    
                             'Bradley Hand', 'Brush Script                      
                             MT', 'Chalkboard', 'Chalkboard                     
                             SE', 'Chalkduster', 'Charter',                     
                             'Cochin', 'Comic Sans MS',                         
                             'Copperplate', 'Corsiva                            
                             Hebrew', 'Courier New', 'DIN                       
                             Alternate', 'DIN Condensed',                       
                             'Damascus', 'DecoType Naskh',                      
                             'Devanagari MT', 'Devanagari                       
                             Sangam MN', 'Didot', 'Diwan                        
                             Kufi', 'Diwan Thuluth',                            
                             'Euphemia UCAS', 'Farah',                          
                             'Farisi', 'Futura', 'GB18030                       
                             Bitmap', 'Galvji', 'Geeza Pro',                    
                             'Geneva', 'Georgia', 'Gill                         
                             Sans', 'Grantha Sangam MN',                        
                             'Gujarati MT', 'Gujarati Sangam                    
                             MN', 'GungSeo', 'Gurmukhi MN',                     
                             'Gurmukhi MT', 'Gurmukhi Sangam                    
                             MN', 'Hannotate SC', 'Hannotate                    
                             TC', 'HanziPen SC', 'HanziPen                      
                             TC', 'HeadLineA', 'Hei', 'Heiti                    
                             SC', 'Heiti TC', 'Helvetica',                      
                             'Helvetica Neue', 'Herculanum',                    
                             'Hiragino Maru Gothic ProN',                       
                             'Hiragino Mincho ProN',                            
                             'Hiragino Sans', 'Hiragino Sans                    
                             GB', 'Hoefler Text', 'ITF                          
                             Devanagari', 'ITF Devanagari                       
                             Marathi', 'Impact',                                
                             'InaiMathi', 'Kai', 'Kailasa',                     
                             'Kaiti SC', 'Kaiti TC',                            
                             'Kannada MN', 'Kannada Sangam                      
                             MN', 'Kefa III', 'Khmer MN',                       
                             'Khmer Sangam MN', 'Klee',                         
                             'Kohinoor Bangla', 'Kohinoor                       
                             Devanagari', 'Kohinoor                             
                             Gujarati', 'Kohinoor Telugu',                      
                             'Kokonor', 'Krungthep',                            
                             'KufiStandardGK', 'LXGW                            
                             ZhenKai', 'Lantinghei SC',                         
                             'Lantinghei TC', 'Lao MN', 'Lao                    
                             Sangam MN', 'LiHei Pro',                           
                             'LiSong Pro', 'Libian SC',                         
                             'Libian TC', 'LingWai SC',                         
                             'LingWai TC', 'Lucida Grande',                     
                             'Luminari', 'Malayalam MN',                        
                             'Malayalam Sangam MN', 'Marker                     
                             Felt', 'Menlo', 'Microsoft Sans                    
                             Serif', 'Mishafi', 'Mishafi                        
                             Gold', 'Monaco', 'Monospace',                      
                             'Mshtakan', 'Mukta Mahee',                         
                             'Muna', 'Myanmar MN', 'Myanmar                     
                             Sangam MN', 'Nadeem', 'Nanum                       
                             Brush Script', 'Nanum Gothic',                     
                             'Nanum Myeongjo', 'Nanum Pen                       
                             Script', 'New Peninim MT',                         
                             'Noteworthy', 'Noto Nastaliq                       
                             Urdu', 'Noto Sans Batak', 'Noto                    
                             Sans Kannada', 'Noto Sans                          
                             Myanmar', 'Noto Sans NKo',                         
                             'Noto Sans Oriya', 'Noto Sans                      
                             Syriac', 'Noto Sans Tagalog',                      
                             'Noto Serif Myanmar', 'Optima',                    
                             'Oriya MN', 'Oriya Sangam MN',                     
                             'Osaka', 'PCMyungjo', 'PT                          
                             Mono', 'PT Sans', 'PT Sans                         
                             Caption', 'PT Sans Narrow', 'PT                    
                             Serif', 'PT Serif Caption',                        
                             'Palatino', 'Papyrus', 'Party                      
                             LET', 'Phosphate', 'PilGi',                        
                             'PingFang HK', 'PingFang MO',                      
                             'PingFang SC', 'PingFang TC',                      
                             'Plantagenet Cherokee',                            
                             'Raanana', 'Rockwell',                             
                             'STFangsong', 'STHeiti', 'STIX                     
                             Two Math', 'STIX Two Text',                        
                             'STKaiti', 'STSong', 'Sana',                       
                             'Sans', 'Sathu', 'Savoye LET',                     
                             'Serif', 'Shree Devanagari                         
                             714', 'SignPainter', 'Silom',                      
                             'SimSong', 'Sinhala MN',                           
                             'Sinhala Sangam MN', 'Skia',                       
                             'Snell Roundhand', 'Songti SC',                    
                             'Songti TC', 'Sukhumvit Set',                      
                             'Symbol', 'Tahoma', 'Tamil MN',                    
                             'Tamil Sangam MN', 'Telugu MN',                    
                             'Telugu Sangam MN', 'Thonburi',                    
                             'Times New Roman', 'Toppan                         
                             Bunkyu Gothic', 'Toppan Bunkyu                     
                             Midashi Gothic', 'Toppan Bunkyu                    
                             Midashi Mincho', 'Toppan Bunkyu                    
                             Mincho', 'Trattatello',                            
                             'Trebuchet MS', 'Tsukushi A                        
                             Round Gothic', 'Tsukushi B                         
                             Round Gothic', 'Verdana',                          
                             'Waseem', 'Wawati SC', 'Wawati                     
                             TC', 'Webdings', 'Weibei SC',                      
                             'Weibei TC', 'Wingdings',                          
                             'Wingdings 2', 'Wingdings 3',                      
                             'Xingkai SC', 'Xingkai TC',                        
                             'YuGothic', 'YuKyokasho',                          
                             'YuKyokasho Yoko', 'YuMincho',                     
                             'YuMincho +36p Kana', 'Yuanti                      
                             SC', 'Yuanti TC', 'Yuppy SC',                      
                             'Yuppy TC', 'Zapf Dingbats',                       
                             'Zapfino', 'cursive',                              
                             'fantasy', 'system-ui'].                           
Animation 4: Write(Text('随机事件与概率')):   0%|          | 0/48 [00:00<?, ?it/s]Animation 4: Write(Text('随机事件与概率')):  48%|████▊     | 23/48 [00:00<00:00, 222.92it/s]Animation 4: Write(Text('随机事件与概率')):  96%|█████████▌| 46/48 [00:00<00:00, 193.20it/s]                                                                                            [02/27/26 10:18:05] INFO     Animation 4 : Partial      scene_file_writer.py:590
                             movie file written in                              
                             '/Users/mx/Desktop/manim_m                         
                             ath/高中/高三/第二学期/第                          
                             十七章-概率论初步/001随机                          
                             事件与概率/media/videos/pr                         
                             obability/1920p60/partial_                         
                             movie_files/ProbabilitySce                         
                             ne/656162490_1088768118_61                         
                             0653952.mp4'                                       
Animation 5: FadeIn(Text('不确定的世界，用数字来度量')):   0%|          | 0/30 [00:00<?, ?it/s]Animation 5: FadeIn(Text('不确定的世界，用数字来度量')):  43%|████▎     | 13/30 [00:00<00:00, 128.73it/s]Animation 5: FadeIn(Text('不确定的世界，用数字来度量')):  90%|█████████ | 27/30 [00:00<00:00, 134.66it/s]                                                                                                         [02/27/26 10:18:06] INFO     Animation 5 : Partial      scene_file_writer.py:590
                             movie file written in                              
                             '/Users/mx/Desktop/manim_m                         
                             ath/高中/高三/第二学期/第                          
                             十七章-概率论初步/001随机                          
                             事件与概率/media/videos/pr                         
                             obability/1920p60/partial_                         
                             movie_files/ProbabilitySce                         
                             ne/656162490_2712728469_33                         
                             76762342.mp4'                                      
                    WARNING  Font Noto Sans CJK SC not in    text_mobject.py:464
                             ['.AppleSystemUIFont', 'Academy                    
                             Engraved LET', 'Al Bayan', 'Al                     
                             Nile', 'Al Tarikh', 'American                      
                             Typewriter', 'Andale Mono',                        
                             'Apple Braille', 'Apple                            
                             Chancery', 'Apple Color Emoji',                    
                             'Apple LiGothic', 'Apple                           
                             LiSung', 'Apple SD Gothic Neo',                    
                             'Apple Symbols', 'AppleGothic',                    
                             'AppleMyungjo', 'Arial', 'Arial                    
                             Black', 'Arial Hebrew', 'Arial                     
                             Hebrew Scholar', 'Arial                            
                             Narrow', 'Arial Rounded MT                         
                             Bold', 'Arial Unicode MS',                         
                             'Avenir', 'Avenir Next',                           
                             'Avenir Next Condensed',                           
                             'Ayuthaya', 'BIZ UDGothic',                        
                             'BIZ UDMincho', 'BM Dohyeon',                      
                             'BM Hanna 11yrs Old', 'BM Hanna                    
                             Air', 'BM Hanna Pro', 'BM Jua',                    
                             'BM Kirang Haerang', 'BM                           
                             Yeonsung', 'Baghdad', 'Bangla                      
                             MN', 'Bangla Sangam MN', 'Baoli                    
                             SC', 'Baoli TC', 'Baskerville',                    
                             'Beirut', 'BiauKaiHK',                             
                             'BiauKaiTC', 'Big Caslon',                         
                             'Bodoni 72', 'Bodoni 72                            
                             Oldstyle', 'Bodoni 72                              
                             Smallcaps', 'Bodoni Ornaments',                    
                             'Bradley Hand', 'Brush Script                      
                             MT', 'Chalkboard', 'Chalkboard                     
                             SE', 'Chalkduster', 'Charter',                     
                             'Cochin', 'Comic Sans MS',                         
                             'Copperplate', 'Corsiva                            
                             Hebrew', 'Courier New', 'DIN                       
                             Alternate', 'DIN Condensed',                       
                             'Damascus', 'DecoType Naskh',                      
                             'Devanagari MT', 'Devanagari                       
                             Sangam MN', 'Didot', 'Diwan                        
                             Kufi', 'Diwan Thuluth',                            
                             'Euphemia UCAS', 'Farah',                          
                             'Farisi', 'Futura', 'GB18030                       
                             Bitmap', 'Galvji', 'Geeza Pro',                    
                             'Geneva', 'Georgia', 'Gill                         
                             Sans', 'Grantha Sangam MN',                        
                             'Gujarati MT', 'Gujarati Sangam                    
                             MN', 'GungSeo', 'Gurmukhi MN',                     
                             'Gurmukhi MT', 'Gurmukhi Sangam                    
                             MN', 'Hannotate SC', 'Hannotate                    
                             TC', 'HanziPen SC', 'HanziPen                      
                             TC', 'HeadLineA', 'Hei', 'Heiti                    
                             SC', 'Heiti TC', 'Helvetica',                      
                             'Helvetica Neue', 'Herculanum',                    
                             'Hiragino Maru Gothic ProN',                       
                             'Hiragino Mincho ProN',                            
                             'Hiragino Sans', 'Hiragino Sans                    
                             GB', 'Hoefler Text', 'ITF                          
                             Devanagari', 'ITF Devanagari                       
                             Marathi', 'Impact',                                
                             'InaiMathi', 'Kai', 'Kailasa',                     
                             'Kaiti SC', 'Kaiti TC',                            
                             'Kannada MN', 'Kannada Sangam                      
                             MN', 'Kefa III', 'Khmer MN',                       
                             'Khmer Sangam MN', 'Klee',                         
                             'Kohinoor Bangla', 'Kohinoor                       
                             Devanagari', 'Kohinoor                             
                             Gujarati', 'Kohinoor Telugu',                      
                             'Kokonor', 'Krungthep',                            
                             'KufiStandardGK', 'LXGW                            
                             ZhenKai', 'Lantinghei SC',                         
                             'Lantinghei TC', 'Lao MN', 'Lao                    
                             Sangam MN', 'LiHei Pro',                           
                             'LiSong Pro', 'Libian SC',                         
                             'Libian TC', 'LingWai SC',                         
                             'LingWai TC', 'Lucida Grande',                     
                             'Luminari', 'Malayalam MN',                        
                             'Malayalam Sangam MN', 'Marker                     
                             Felt', 'Menlo', 'Microsoft Sans                    
                             Serif', 'Mishafi', 'Mishafi                        
                             Gold', 'Monaco', 'Monospace',                      
                             'Mshtakan', 'Mukta Mahee',                         
                             'Muna', 'Myanmar MN', 'Myanmar                     
                             Sangam MN', 'Nadeem', 'Nanum                       
                             Brush Script', 'Nanum Gothic',                     
                             'Nanum Myeongjo', 'Nanum Pen                       
                             Script', 'New Peninim MT',                         
                             'Noteworthy', 'Noto Nastaliq                       
                             Urdu', 'Noto Sans Batak', 'Noto                    
                             Sans Kannada', 'Noto Sans                          
                             Myanmar', 'Noto Sans NKo',                         
                             'Noto Sans Oriya', 'Noto Sans                      
                             Syriac', 'Noto Sans Tagalog',                      
                             'Noto Serif Myanmar', 'Optima',                    
                             'Oriya MN', 'Oriya Sangam MN',                     
                             'Osaka', 'PCMyungjo', 'PT                          
                             Mono', 'PT Sans', 'PT Sans                         
                             Caption', 'PT Sans Narrow', 'PT                    
                             Serif', 'PT Serif Caption',                        
                             'Palatino', 'Papyrus', 'Party                      
                             LET', 'Phosphate', 'PilGi',                        
                             'PingFang HK', 'PingFang MO',                      
                             'PingFang SC', 'PingFang TC',                      
                             'Plantagenet Cherokee',                            
                             'Raanana', 'Rockwell',                             
                             'STFangsong', 'STHeiti', 'STIX                     
                             Two Math', 'STIX Two Text',                        
                             'STKaiti', 'STSong', 'Sana',                       
                             'Sans', 'Sathu', 'Savoye LET',                     
                             'Serif', 'Shree Devanagari                         
                             714', 'SignPainter', 'Silom',                      
                             'SimSong', 'Sinhala MN',                           
                             'Sinhala Sangam MN', 'Skia',                       
                             'Snell Roundhand', 'Songti SC',                    
                             'Songti TC', 'Sukhumvit Set',                      
                             'Symbol', 'Tahoma', 'Tamil MN',                    
                             'Tamil Sangam MN', 'Telugu MN',                    
                             'Telugu Sangam MN', 'Thonburi',                    
                             'Times New Roman', 'Toppan                         
                             Bunkyu Gothic', 'Toppan Bunkyu                     
                             Midashi Gothic', 'Toppan Bunkyu                    
                             Midashi Mincho', 'Toppan Bunkyu                    
                             Mincho', 'Trattatello',                            
                             'Trebuchet MS', 'Tsukushi A                        
                             Round Gothic', 'Tsukushi B                         
                             Round Gothic', 'Verdana',                          
                             'Waseem', 'Wawati SC', 'Wawati                     
                             TC', 'Webdings', 'Weibei SC',                      
                             'Weibei TC', 'Wingdings',                          
                             'Wingdings 2', 'Wingdings 3',                      
                             'Xingkai SC', 'Xingkai TC',                        
                             'YuGothic', 'YuKyokasho',                          
                             'YuKyokasho Yoko', 'YuMincho',                     
                             'YuMincho +36p Kana', 'Yuanti                      
                             SC', 'Yuanti TC', 'Yuppy SC',                      
                             'Yuppy TC', 'Zapf Dingbats',                       
                             'Zapfino', 'cursive',                              
                             'fantasy', 'system-ui'].                           
Animation 6: _MethodAnimation(Text('随机事件')):   0%|          | 0/18 [00:00<?, ?it/s]                                                                                                           INFO     Animation 6 : Partial      scene_file_writer.py:590
                             movie file written in                              
                             '/Users/mx/Desktop/manim_m                         
                             ath/高中/高三/第二学期/第                          
                             十七章-概率论初步/001随机                          
                             事件与概率/media/videos/pr                         
                             obability/1920p60/partial_                         
                             movie_files/ProbabilitySce                         
                             ne/656162490_1974729967_29                         
                             01191315.mp4'                                      
                    WARNING  Font Noto Sans CJK SC not in    text_mobject.py:464
                             ['.AppleSystemUIFont', 'Academy                    
                             Engraved LET', 'Al Bayan', 'Al                     
                             Nile', 'Al Tarikh', 'American                      
                             Typewriter', 'Andale Mono',                        
                             'Apple Braille', 'Apple                            
                             Chancery', 'Apple Color Emoji',                    
                             'Apple LiGothic', 'Apple                           
                             LiSung', 'Apple SD Gothic Neo',                    
                             'Apple Symbols', 'AppleGothic',                    
                             'AppleMyungjo', 'Arial', 'Arial                    
                             Black', 'Arial Hebrew', 'Arial                     
                             Hebrew Scholar', 'Arial                            
                             Narrow', 'Arial Rounded MT                         
                             Bold', 'Arial Unicode MS',                         
                             'Avenir', 'Avenir Next',                           
                             'Avenir Next Condensed',                           
                             'Ayuthaya', 'BIZ UDGothic',                        
                             'BIZ UDMincho', 'BM Dohyeon',                      
                             'BM Hanna 11yrs Old', 'BM Hanna                    
                             Air', 'BM Hanna Pro', 'BM Jua',                    
                             'BM Kirang Haerang', 'BM                           
                             Yeonsung', 'Baghdad', 'Bangla                      
                             MN', 'Bangla Sangam MN', 'Baoli                    
                             SC', 'Baoli TC', 'Baskerville',                    
                             'Beirut', 'BiauKaiHK',                             
                             'BiauKaiTC', 'Big Caslon',                         
                             'Bodoni 72', 'Bodoni 72                            
                             Oldstyle', 'Bodoni 72                              
                             Smallcaps', 'Bodoni Ornaments',                    
                             'Bradley Hand', 'Brush Script                      
                             MT', 'Chalkboard', 'Chalkboard                     
                             SE', 'Chalkduster', 'Charter',                     
                             'Cochin', 'Comic Sans MS',                         
                             'Copperplate', 'Corsiva                            
                             Hebrew', 'Courier New', 'DIN                       
                             Alternate', 'DIN Condensed',                       
                             'Damascus', 'DecoType Naskh',                      
                             'Devanagari MT', 'Devanagari                       
                             Sangam MN', 'Didot', 'Diwan                        
                             Kufi', 'Diwan Thuluth',                            
                             'Euphemia UCAS', 'Farah',                          
                             'Farisi', 'Futura', 'GB18030                       
                             Bitmap', 'Galvji', 'Geeza Pro',                    
                             'Geneva', 'Georgia', 'Gill                         
                             Sans', 'Grantha Sangam MN',                        
                             'Gujarati MT', 'Gujarati Sangam                    
                             MN', 'GungSeo', 'Gurmukhi MN',                     
                             'Gurmukhi MT', 'Gurmukhi Sangam                    
                             MN', 'Hannotate SC', 'Hannotate                    
                             TC', 'HanziPen SC', 'HanziPen                      
                             TC', 'HeadLineA', 'Hei', 'Heiti                    
                             SC', 'Heiti TC', 'Helvetica',                      
                             'Helvetica Neue', 'Herculanum',                    
                             'Hiragino Maru Gothic ProN',                       
                             'Hiragino Mincho ProN',                            
                             'Hiragino Sans', 'Hiragino Sans                    
                             GB', 'Hoefler Text', 'ITF                          
                             Devanagari', 'ITF Devanagari                       
                             Marathi', 'Impact',                                
                             'InaiMathi', 'Kai', 'Kailasa',                     
                             'Kaiti SC', 'Kaiti TC',                            
                             'Kannada MN', 'Kannada Sangam                      
                             MN', 'Kefa III', 'Khmer MN',                       
                             'Khmer Sangam MN', 'Klee',                         
                             'Kohinoor Bangla', 'Kohinoor                       
                             Devanagari', 'Kohinoor                             
                             Gujarati', 'Kohinoor Telugu',                      
                             'Kokonor', 'Krungthep',                            
                             'KufiStandardGK', 'LXGW                            
                             ZhenKai', 'Lantinghei SC',                         
                             'Lantinghei TC', 'Lao MN', 'Lao                    
                             Sangam MN', 'LiHei Pro',                           
                             'LiSong Pro', 'Libian SC',                         
                             'Libian TC', 'LingWai SC',                         
                             'LingWai TC', 'Lucida Grande',                     
                             'Luminari', 'Malayalam MN',                        
                             'Malayalam Sangam MN', 'Marker                     
                             Felt', 'Menlo', 'Microsoft Sans                    
                             Serif', 'Mishafi', 'Mishafi                        
                             Gold', 'Monaco', 'Monospace',                      
                             'Mshtakan', 'Mukta Mahee',                         
                             'Muna', 'Myanmar MN', 'Myanmar                     
                             Sangam MN', 'Nadeem', 'Nanum                       
                             Brush Script', 'Nanum Gothic',                     
                             'Nanum Myeongjo', 'Nanum Pen                       
                             Script', 'New Peninim MT',                         
                             'Noteworthy', 'Noto Nastaliq                       
                             Urdu', 'Noto Sans Batak', 'Noto                    
                             Sans Kannada', 'Noto Sans                          
                             Myanmar', 'Noto Sans NKo',                         
                             'Noto Sans Oriya', 'Noto Sans                      
                             Syriac', 'Noto Sans Tagalog',                      
                             'Noto Serif Myanmar', 'Optima',                    
                             'Oriya MN', 'Oriya Sangam MN',                     
                             'Osaka', 'PCMyungjo', 'PT                          
                             Mono', 'PT Sans', 'PT Sans                         
                             Caption', 'PT Sans Narrow', 'PT                    
                             Serif', 'PT Serif Caption',                        
                             'Palatino', 'Papyrus', 'Party                      
                             LET', 'Phosphate', 'PilGi',                        
                             'PingFang HK', 'PingFang MO',                      
                             'PingFang SC', 'PingFang TC',                      
                             'Plantagenet Cherokee',                            
                             'Raanana', 'Rockwell',                             
                             'STFangsong', 'STHeiti', 'STIX                     
                             Two Math', 'STIX Two Text',                        
                             'STKaiti', 'STSong', 'Sana',                       
                             'Sans', 'Sathu', 'Savoye LET',                     
                             'Serif', 'Shree Devanagari                         
                             714', 'SignPainter', 'Silom',                      
                             'SimSong', 'Sinhala MN',                           
                             'Sinhala Sangam MN', 'Skia',                       
                             'Snell Roundhand', 'Songti SC',                    
                             'Songti TC', 'Sukhumvit Set',                      
                             'Symbol', 'Tahoma', 'Tamil MN',                    
                             'Tamil Sangam MN', 'Telugu MN',                    
                             'Telugu Sangam MN', 'Thonburi',                    
                             'Times New Roman', 'Toppan                         
                             Bunkyu Gothic', 'Toppan Bunkyu                     
                             Midashi Gothic', 'Toppan Bunkyu                    
                             Midashi Mincho', 'Toppan Bunkyu                    
                             Mincho', 'Trattatello',                            
                             'Trebuchet MS', 'Tsukushi A                        
                             Round Gothic', 'Tsukushi B                         
                             Round Gothic', 'Verdana',                          
                             'Waseem', 'Wawati SC', 'Wawati                     
                             TC', 'Webdings', 'Weibei SC',                      
                             'Weibei TC', 'Wingdings',                          
                             'Wingdings 2', 'Wingdings 3',                      
                             'Xingkai SC', 'Xingkai TC',                        
                             'YuGothic', 'YuKyokasho',                          
                             'YuKyokasho Yoko', 'YuMincho',                     
                             'YuMincho +36p Kana', 'Yuanti                      
                             SC', 'Yuanti TC', 'Yuppy SC',                      
                             'Yuppy TC', 'Zapf Dingbats',                       
                             'Zapfino', 'cursive',                              
                             'fantasy', 'system-ui'].                           
Animation 7: _MethodAnimation(Text('必然事件')):   0%|          | 0/18 [00:00<?, ?it/s]                                                                                       [02/27/26 10:18:07] INFO     Animation 7 : Partial      scene_file_writer.py:590
                             movie file written in                              
                             '/Users/mx/Desktop/manim_m                         
                             ath/高中/高三/第二学期/第                          
                             十七章-概率论初步/001随机                          
                             事件与概率/media/videos/pr                         
                             obability/1920p60/partial_                         
                             movie_files/ProbabilitySce                         
                             ne/656162490_1523308322_17                         
                             83900685.mp4'                                      
                    WARNING  Font Noto Sans CJK SC not in    text_mobject.py:464
                             ['.AppleSystemUIFont', 'Academy                    
                             Engraved LET', 'Al Bayan', 'Al                     
                             Nile', 'Al Tarikh', 'American                      
                             Typewriter', 'Andale Mono',                        
                             'Apple Braille', 'Apple                            
                             Chancery', 'Apple Color Emoji',                    
                             'Apple LiGothic', 'Apple                           
                             LiSung', 'Apple SD Gothic Neo',                    
                             'Apple Symbols', 'AppleGothic',                    
                             'AppleMyungjo', 'Arial', 'Arial                    
                             Black', 'Arial Hebrew', 'Arial                     
                             Hebrew Scholar', 'Arial                            
                             Narrow', 'Arial Rounded MT                         
                             Bold', 'Arial Unicode MS',                         
                             'Avenir', 'Avenir Next',                           
                             'Avenir Next Condensed',                           
                             'Ayuthaya', 'BIZ UDGothic',                        
                             'BIZ UDMincho', 'BM Dohyeon',                      
                             'BM Hanna 11yrs Old', 'BM Hanna                    
                             Air', 'BM Hanna Pro', 'BM Jua',                    
                             'BM Kirang Haerang', 'BM                           
                             Yeonsung', 'Baghdad', 'Bangla                      
                             MN', 'Bangla Sangam MN', 'Baoli                    
                             SC', 'Baoli TC', 'Baskerville',                    
                             'Beirut', 'BiauKaiHK',                             
                             'BiauKaiTC', 'Big Caslon',                         
                             'Bodoni 72', 'Bodoni 72                            
                             Oldstyle', 'Bodoni 72                              
                             Smallcaps', 'Bodoni Ornaments',                    
                             'Bradley Hand', 'Brush Script                      
                             MT', 'Chalkboard', 'Chalkboard                     
                             SE', 'Chalkduster', 'Charter',                     
                             'Cochin', 'Comic Sans MS',                         
                             'Copperplate', 'Corsiva                            
                             Hebrew', 'Courier New', 'DIN                       
                             Alternate', 'DIN Condensed',                       
                             'Damascus', 'DecoType Naskh',                      
                             'Devanagari MT', 'Devanagari                       
                             Sangam MN', 'Didot', 'Diwan                        
                             Kufi', 'Diwan Thuluth',                            
                             'Euphemia UCAS', 'Farah',                          
                             'Farisi', 'Futura', 'GB18030                       
                             Bitmap', 'Galvji', 'Geeza Pro',                    
                             'Geneva', 'Georgia', 'Gill                         
                             Sans', 'Grantha Sangam MN',                        
                             'Gujarati MT', 'Gujarati Sangam                    
                             MN', 'GungSeo', 'Gurmukhi MN',                     
                             'Gurmukhi MT', 'Gurmukhi Sangam                    
                             MN', 'Hannotate SC', 'Hannotate                    
                             TC', 'HanziPen SC', 'HanziPen                      
                             TC', 'HeadLineA', 'Hei', 'Heiti                    
                             SC', 'Heiti TC', 'Helvetica',                      
                             'Helvetica Neue', 'Herculanum',                    
                             'Hiragino Maru Gothic ProN',                       
                             'Hiragino Mincho ProN',                            
                             'Hiragino Sans', 'Hiragino Sans                    
                             GB', 'Hoefler Text', 'ITF                          
                             Devanagari', 'ITF Devanagari                       
                             Marathi', 'Impact',                                
                             'InaiMathi', 'Kai', 'Kailasa',                     
                             'Kaiti SC', 'Kaiti TC',                            
                             'Kannada MN', 'Kannada Sangam                      
                             MN', 'Kefa III', 'Khmer MN',                       
                             'Khmer Sangam MN', 'Klee',                         
                             'Kohinoor Bangla', 'Kohinoor                       
                             Devanagari', 'Kohinoor                             
                             Gujarati', 'Kohinoor Telugu',                      
                             'Kokonor', 'Krungthep',                            
                             'KufiStandardGK', 'LXGW                            
                             ZhenKai', 'Lantinghei SC',                         
                             'Lantinghei TC', 'Lao MN', 'Lao                    
                             Sangam MN', 'LiHei Pro',                           
                             'LiSong Pro', 'Libian SC',                         
                             'Libian TC', 'LingWai SC',                         
                             'LingWai TC', 'Lucida Grande',                     
                             'Luminari', 'Malayalam MN',                        
                             'Malayalam Sangam MN', 'Marker                     
                             Felt', 'Menlo', 'Microsoft Sans                    
                             Serif', 'Mishafi', 'Mishafi                        
                             Gold', 'Monaco', 'Monospace',                      
                             'Mshtakan', 'Mukta Mahee',                         
                             'Muna', 'Myanmar MN', 'Myanmar                     
                             Sangam MN', 'Nadeem', 'Nanum                       
                             Brush Script', 'Nanum Gothic',                     
                             'Nanum Myeongjo', 'Nanum Pen                       
                             Script', 'New Peninim MT',                         
                             'Noteworthy', 'Noto Nastaliq                       
                             Urdu', 'Noto Sans Batak', 'Noto                    
                             Sans Kannada', 'Noto Sans                          
                             Myanmar', 'Noto Sans NKo',                         
                             'Noto Sans Oriya', 'Noto Sans                      
                             Syriac', 'Noto Sans Tagalog',                      
                             'Noto Serif Myanmar', 'Optima',                    
                             'Oriya MN', 'Oriya Sangam MN',                     
                             'Osaka', 'PCMyungjo', 'PT                          
                             Mono', 'PT Sans', 'PT Sans                         
                             Caption', 'PT Sans Narrow', 'PT                    
                             Serif', 'PT Serif Caption',                        
                             'Palatino', 'Papyrus', 'Party                      
                             LET', 'Phosphate', 'PilGi',                        
                             'PingFang HK', 'PingFang MO',                      
                             'PingFang SC', 'PingFang TC',                      
                             'Plantagenet Cherokee',                            
                             'Raanana', 'Rockwell',                             
                             'STFangsong', 'STHeiti', 'STIX                     
                             Two Math', 'STIX Two Text',                        
                             'STKaiti', 'STSong', 'Sana',                       
                             'Sans', 'Sathu', 'Savoye LET',                     
                             'Serif', 'Shree Devanagari                         
                             714', 'SignPainter', 'Silom',                      
                             'SimSong', 'Sinhala MN',                           
                             'Sinhala Sangam MN', 'Skia',                       
                             'Snell Roundhand', 'Songti SC',                    
                             'Songti TC', 'Sukhumvit Set',                      
                             'Symbol', 'Tahoma', 'Tamil MN',                    
                             'Tamil Sangam MN', 'Telugu MN',                    
                             'Telugu Sangam MN', 'Thonburi',                    
                             'Times New Roman', 'Toppan                         
                             Bunkyu Gothic', 'Toppan Bunkyu                     
                             Midashi Gothic', 'Toppan Bunkyu                    
                             Midashi Mincho', 'Toppan Bunkyu                    
                             Mincho', 'Trattatello',                            
                             'Trebuchet MS', 'Tsukushi A                        
                             Round Gothic', 'Tsukushi B                         
                             Round Gothic', 'Verdana',                          
                             'Waseem', 'Wawati SC', 'Wawati                     
                             TC', 'Webdings', 'Weibei SC',                      
                             'Weibei TC', 'Wingdings',                          
                             'Wingdings 2', 'Wingdings 3',                      
                             'Xingkai SC', 'Xingkai TC',                        
                             'YuGothic', 'YuKyokasho',                          
                             'YuKyokasho Yoko', 'YuMincho',                     
                             'YuMincho +36p Kana', 'Yuanti                      
                             SC', 'Yuanti TC', 'Yuppy SC',                      
                             'Yuppy TC', 'Zapf Dingbats',                       
                             'Zapfino', 'cursive',                              
                             'fantasy', 'system-ui'].                           
Animation 8: _MethodAnimation(Text('不可能事件')):   0%|          | 0/18 [00:00<?, ?it/s]                                                                                                             INFO     Animation 8 : Partial      scene_file_writer.py:590
                             movie file written in                              
                             '/Users/mx/Desktop/manim_m                         
                             ath/高中/高三/第二学期/第                          
                             十七章-概率论初步/001随机                          
                             事件与概率/media/videos/pr                         
                             obability/1920p60/partial_                         
                             movie_files/ProbabilitySce                         
                             ne/656162490_2120129856_28                         
                             46829953.mp4'                                      
                    WARNING  Font Noto Sans CJK SC not in    text_mobject.py:464
                             ['.AppleSystemUIFont', 'Academy                    
                             Engraved LET', 'Al Bayan', 'Al                     
                             Nile', 'Al Tarikh', 'American                      
                             Typewriter', 'Andale Mono',                        
                             'Apple Braille', 'Apple                            
                             Chancery', 'Apple Color Emoji',                    
                             'Apple LiGothic', 'Apple                           
                             LiSung', 'Apple SD Gothic Neo',                    
                             'Apple Symbols', 'AppleGothic',                    
                             'AppleMyungjo', 'Arial', 'Arial                    
                             Black', 'Arial Hebrew', 'Arial                     
                             Hebrew Scholar', 'Arial                            
                             Narrow', 'Arial Rounded MT                         
                             Bold', 'Arial Unicode MS',                         
                             'Avenir', 'Avenir Next',                           
                             'Avenir Next Condensed',                           
                             'Ayuthaya', 'BIZ UDGothic',                        
                             'BIZ UDMincho', 'BM Dohyeon',                      
                             'BM Hanna 11yrs Old', 'BM Hanna                    
                             Air', 'BM Hanna Pro', 'BM Jua',                    
                             'BM Kirang Haerang', 'BM                           
                             Yeonsung', 'Baghdad', 'Bangla                      
                             MN', 'Bangla Sangam MN', 'Baoli                    
                             SC', 'Baoli TC', 'Baskerville',                    
                             'Beirut', 'BiauKaiHK',                             
                             'BiauKaiTC', 'Big Caslon',                         
                             'Bodoni 72', 'Bodoni 72                            
                             Oldstyle', 'Bodoni 72                              
                             Smallcaps', 'Bodoni Ornaments',                    
                             'Bradley Hand', 'Brush Script                      
                             MT', 'Chalkboard', 'Chalkboard                     
                             SE', 'Chalkduster', 'Charter',                     
                             'Cochin', 'Comic Sans MS',                         
                             'Copperplate', 'Corsiva                            
                             Hebrew', 'Courier New', 'DIN                       
                             Alternate', 'DIN Condensed',                       
                             'Damascus', 'DecoType Naskh',                      
                             'Devanagari MT', 'Devanagari                       
                             Sangam MN', 'Didot', 'Diwan                        
                             Kufi', 'Diwan Thuluth',                            
                             'Euphemia UCAS', 'Farah',                          
                             'Farisi', 'Futura', 'GB18030                       
                             Bitmap', 'Galvji', 'Geeza Pro',                    
                             'Geneva', 'Georgia', 'Gill                         
                             Sans', 'Grantha Sangam MN',                        
                             'Gujarati MT', 'Gujarati Sangam                    
                             MN', 'GungSeo', 'Gurmukhi MN',                     
                             'Gurmukhi MT', 'Gurmukhi Sangam                    
                             MN', 'Hannotate SC', 'Hannotate                    
                             TC', 'HanziPen SC', 'HanziPen                      
                             TC', 'HeadLineA', 'Hei', 'Heiti                    
                             SC', 'Heiti TC', 'Helvetica',                      
                             'Helvetica Neue', 'Herculanum',                    
                             'Hiragino Maru Gothic ProN',                       
                             'Hiragino Mincho ProN',                            
                             'Hiragino Sans', 'Hiragino Sans                    
                             GB', 'Hoefler Text', 'ITF                          
                             Devanagari', 'ITF Devanagari                       
                             Marathi', 'Impact',                                
                             'InaiMathi', 'Kai', 'Kailasa',                     
                             'Kaiti SC', 'Kaiti TC',                            
                             'Kannada MN', 'Kannada Sangam                      
                             MN', 'Kefa III', 'Khmer MN',                       
                             'Khmer Sangam MN', 'Klee',                         
                             'Kohinoor Bangla', 'Kohinoor                       
                             Devanagari', 'Kohinoor                             
                             Gujarati', 'Kohinoor Telugu',                      
                             'Kokonor', 'Krungthep',                            
                             'KufiStandardGK', 'LXGW                            
                             ZhenKai', 'Lantinghei SC',                         
                             'Lantinghei TC', 'Lao MN', 'Lao                    
                             Sangam MN', 'LiHei Pro',                           
                             'LiSong Pro', 'Libian SC',                         
                             'Libian TC', 'LingWai SC',                         
                             'LingWai TC', 'Lucida Grande',                     
                             'Luminari', 'Malayalam MN',                        
                             'Malayalam Sangam MN', 'Marker                     
                             Felt', 'Menlo', 'Microsoft Sans                    
                             Serif', 'Mishafi', 'Mishafi                        
                             Gold', 'Monaco', 'Monospace',                      
                             'Mshtakan', 'Mukta Mahee',                         
                             'Muna', 'Myanmar MN', 'Myanmar                     
                             Sangam MN', 'Nadeem', 'Nanum                       
                             Brush Script', 'Nanum Gothic',                     
                             'Nanum Myeongjo', 'Nanum Pen                       
                             Script', 'New Peninim MT',                         
                             'Noteworthy', 'Noto Nastaliq                       
                             Urdu', 'Noto Sans Batak', 'Noto                    
                             Sans Kannada', 'Noto Sans                          
                             Myanmar', 'Noto Sans NKo',                         
                             'Noto Sans Oriya', 'Noto Sans                      
                             Syriac', 'Noto Sans Tagalog',                      
                             'Noto Serif Myanmar', 'Optima',                    
                             'Oriya MN', 'Oriya Sangam MN',                     
                             'Osaka', 'PCMyungjo', 'PT                          
                             Mono', 'PT Sans', 'PT Sans                         
                             Caption', 'PT Sans Narrow', 'PT                    
                             Serif', 'PT Serif Caption',                        
                             'Palatino', 'Papyrus', 'Party                      
                             LET', 'Phosphate', 'PilGi',                        
                             'PingFang HK', 'PingFang MO',                      
                             'PingFang SC', 'PingFang TC',                      
                             'Plantagenet Cherokee',                            
                             'Raanana', 'Rockwell',                             
                             'STFangsong', 'STHeiti', 'STIX                     
                             Two Math', 'STIX Two Text',                        
                             'STKaiti', 'STSong', 'Sana',                       
                             'Sans', 'Sathu', 'Savoye LET',                     
                             'Serif', 'Shree Devanagari                         
                             714', 'SignPainter', 'Silom',                      
                             'SimSong', 'Sinhala MN',                           
                             'Sinhala Sangam MN', 'Skia',                       
                             'Snell Roundhand', 'Songti SC',                    
                             'Songti TC', 'Sukhumvit Set',                      
                             'Symbol', 'Tahoma', 'Tamil MN',                    
                             'Tamil Sangam MN', 'Telugu MN',                    
                             'Telugu Sangam MN', 'Thonburi',                    
                             'Times New Roman', 'Toppan                         
                             Bunkyu Gothic', 'Toppan Bunkyu                     
                             Midashi Gothic', 'Toppan Bunkyu                    
                             Midashi Mincho', 'Toppan Bunkyu                    
                             Mincho', 'Trattatello',                            
                             'Trebuchet MS', 'Tsukushi A                        
                             Round Gothic', 'Tsukushi B                         
                             Round Gothic', 'Verdana',                          
                             'Waseem', 'Wawati SC', 'Wawati                     
                             TC', 'Webdings', 'Weibei SC',                      
                             'Weibei TC', 'Wingdings',                          
                             'Wingdings 2', 'Wingdings 3',                      
                             'Xingkai SC', 'Xingkai TC',                        
                             'YuGothic', 'YuKyokasho',                          
                             'YuKyokasho Yoko', 'YuMincho',                     
                             'YuMincho +36p Kana', 'Yuanti                      
                             SC', 'Yuanti TC', 'Yuppy SC',                      
                             'Yuppy TC', 'Zapf Dingbats',                       
                             'Zapfino', 'cursive',                              
                             'fantasy', 'system-ui'].                           
Animation 9: _MethodAnimation(Text('概率')):   0%|          | 0/18 [00:00<?, ?it/s]                                                                                   [02/27/26 10:18:08] INFO     Animation 9 : Partial      scene_file_writer.py:590
                             movie file written in                              
                             '/Users/mx/Desktop/manim_m                         
                             ath/高中/高三/第二学期/第                          
                             十七章-概率论初步/001随机                          
                             事件与概率/media/videos/pr                         
                             obability/1920p60/partial_                         
                             movie_files/ProbabilitySce                         
                             ne/656162490_3363680557_24                         
                             53966703.mp4'                                      
                    INFO     Animation 10 : Partial     scene_file_writer.py:590
                             movie file written in                              
                             '/Users/mx/Desktop/manim_m                         
                             ath/高中/高三/第二学期/第                          
                             十七章-概率论初步/001随机                          
                             事件与概率/media/videos/pr                         
                             obability/1920p60/partial_                         
                             movie_files/ProbabilitySce                         
                             ne/656162490_4119804541_33                         
                             4269777.mp4'                                       
                    WARNING  Font Noto Sans CJK SC not in    text_mobject.py:464
                             ['.AppleSystemUIFont', 'Academy                    
                             Engraved LET', 'Al Bayan', 'Al                     
                             Nile', 'Al Tarikh', 'American                      
                             Typewriter', 'Andale Mono',                        
                             'Apple Braille', 'Apple                            
                             Chancery', 'Apple Color Emoji',                    
                             'Apple LiGothic', 'Apple                           
                             LiSung', 'Apple SD Gothic Neo',                    
                             'Apple Symbols', 'AppleGothic',                    
                             'AppleMyungjo', 'Arial', 'Arial                    
                             Black', 'Arial Hebrew', 'Arial                     
                             Hebrew Scholar', 'Arial                            
                             Narrow', 'Arial Rounded MT                         
                             Bold', 'Arial Unicode MS',                         
                             'Avenir', 'Avenir Next',                           
                             'Avenir Next Condensed',                           
                             'Ayuthaya', 'BIZ UDGothic',                        
                             'BIZ UDMincho', 'BM Dohyeon',                      
                             'BM Hanna 11yrs Old', 'BM Hanna                    
                             Air', 'BM Hanna Pro', 'BM Jua',                    
                             'BM Kirang Haerang', 'BM                           
                             Yeonsung', 'Baghdad', 'Bangla                      
                             MN', 'Bangla Sangam MN', 'Baoli                    
                             SC', 'Baoli TC', 'Baskerville',                    
                             'Beirut', 'BiauKaiHK',                             
                             'BiauKaiTC', 'Big Caslon',                         
                             'Bodoni 72', 'Bodoni 72                            
                             Oldstyle', 'Bodoni 72                              
                             Smallcaps', 'Bodoni Ornaments',                    
                             'Bradley Hand', 'Brush Script                      
                             MT', 'Chalkboard', 'Chalkboard                     
                             SE', 'Chalkduster', 'Charter',                     
                             'Cochin', 'Comic Sans MS',                         
                             'Copperplate', 'Corsiva                            
                             Hebrew', 'Courier New', 'DIN                       
                             Alternate', 'DIN Condensed',                       
                             'Damascus', 'DecoType Naskh',                      
                             'Devanagari MT', 'Devanagari                       
                             Sangam MN', 'Didot', 'Diwan                        
                             Kufi', 'Diwan Thuluth',                            
                             'Euphemia UCAS', 'Farah',                          
                             'Farisi', 'Futura', 'GB18030                       
                             Bitmap', 'Galvji', 'Geeza Pro',                    
                             'Geneva', 'Georgia', 'Gill                         
                             Sans', 'Grantha Sangam MN',                        
                             'Gujarati MT', 'Gujarati Sangam                    
                             MN', 'GungSeo', 'Gurmukhi MN',                     
                             'Gurmukhi MT', 'Gurmukhi Sangam                    
                             MN', 'Hannotate SC', 'Hannotate                    
                             TC', 'HanziPen SC', 'HanziPen                      
                             TC', 'HeadLineA', 'Hei', 'Heiti                    
                             SC', 'Heiti TC', 'Helvetica',                      
                             'Helvetica Neue', 'Herculanum',                    
                             'Hiragino Maru Gothic ProN',                       
                             'Hiragino Mincho ProN',                            
                             'Hiragino Sans', 'Hiragino Sans                    
                             GB', 'Hoefler Text', 'ITF                          
                             Devanagari', 'ITF Devanagari                       
                             Marathi', 'Impact',                                
                             'InaiMathi', 'Kai', 'Kailasa',                     
                             'Kaiti SC', 'Kaiti TC',                            
                             'Kannada MN', 'Kannada Sangam                      
                             MN', 'Kefa III', 'Khmer MN',                       
                             'Khmer Sangam MN', 'Klee',                         
                             'Kohinoor Bangla', 'Kohinoor                       
                             Devanagari', 'Kohinoor                             
                             Gujarati', 'Kohinoor Telugu',                      
                             'Kokonor', 'Krungthep',                            
                             'KufiStandardGK', 'LXGW                            
                             ZhenKai', 'Lantinghei SC',                         
                             'Lantinghei TC', 'Lao MN', 'Lao                    
                             Sangam MN', 'LiHei Pro',                           
                             'LiSong Pro', 'Libian SC',                         
                             'Libian TC', 'LingWai SC',                         
                             'LingWai TC', 'Lucida Grande',                     
                             'Luminari', 'Malayalam MN',                        
                             'Malayalam Sangam MN', 'Marker                     
                             Felt', 'Menlo', 'Microsoft Sans                    
                             Serif', 'Mishafi', 'Mishafi                        
                             Gold', 'Monaco', 'Monospace',                      
                             'Mshtakan', 'Mukta Mahee',                         
                             'Muna', 'Myanmar MN', 'Myanmar                     
                             Sangam MN', 'Nadeem', 'Nanum                       
                             Brush Script', 'Nanum Gothic',                     
                             'Nanum Myeongjo', 'Nanum Pen                       
                             Script', 'New Peninim MT',                         
                             'Noteworthy', 'Noto Nastaliq                       
                             Urdu', 'Noto Sans Batak', 'Noto                    
                             Sans Kannada', 'Noto Sans                          
                             Myanmar', 'Noto Sans NKo',                         
                             'Noto Sans Oriya', 'Noto Sans                      
                             Syriac', 'Noto Sans Tagalog',                      
                             'Noto Serif Myanmar', 'Optima',                    
                             'Oriya MN', 'Oriya Sangam MN',                     
                             'Osaka', 'PCMyungjo', 'PT                          
                             Mono', 'PT Sans', 'PT Sans                         
                             Caption', 'PT Sans Narrow', 'PT                    
                             Serif', 'PT Serif Caption',                        
                             'Palatino', 'Papyrus', 'Party                      
                             LET', 'Phosphate', 'PilGi',                        
                             'PingFang HK', 'PingFang MO',                      
                             'PingFang SC', 'PingFang TC',                      
                             'Plantagenet Cherokee',                            
                             'Raanana', 'Rockwell',                             
                             'STFangsong', 'STHeiti', 'STIX                     
                             Two Math', 'STIX Two Text',                        
                             'STKaiti', 'STSong', 'Sana',                       
                             'Sans', 'Sathu', 'Savoye LET',                     
                             'Serif', 'Shree Devanagari                         
                             714', 'SignPainter', 'Silom',                      
                             'SimSong', 'Sinhala MN',                           
                             'Sinhala Sangam MN', 'Skia',                       
                             'Snell Roundhand', 'Songti SC',                    
                             'Songti TC', 'Sukhumvit Set',                      
                             'Symbol', 'Tahoma', 'Tamil MN',                    
                             'Tamil Sangam MN', 'Telugu MN',                    
                             'Telugu Sangam MN', 'Thonburi',                    
                             'Times New Roman', 'Toppan                         
                             Bunkyu Gothic', 'Toppan Bunkyu                     
                             Midashi Gothic', 'Toppan Bunkyu                    
                             Midashi Mincho', 'Toppan Bunkyu                    
                             Mincho', 'Trattatello',                            
                             'Trebuchet MS', 'Tsukushi A                        
                             Round Gothic', 'Tsukushi B                         
                             Round Gothic', 'Verdana',                          
                             'Waseem', 'Wawati SC', 'Wawati                     
                             TC', 'Webdings', 'Weibei SC',                      
                             'Weibei TC', 'Wingdings',                          
                             'Wingdings 2', 'Wingdings 3',                      
                             'Xingkai SC', 'Xingkai TC',                        
                             'YuGothic', 'YuKyokasho',                          
                             'YuKyokasho Yoko', 'YuMincho',                     
                             'YuMincho +36p Kana', 'Yuanti                      
                             SC', 'Yuanti TC', 'Yuppy SC',                      
                             'Yuppy TC', 'Zapf Dingbats',                       
                             'Zapfino', 'cursive',                              
                             'fantasy', 'system-ui'].                           
Animation 11: Transform(Text('随机事件与概率')), etc.:   0%|          | 0/30 [00:00<?, ?it/s]Animation 11: Transform(Text('随机事件与概率')), etc.:  27%|██▋       | 8/30 [00:00<00:00, 71.06it/s]Animation 11: Transform(Text('随机事件与概率')), etc.:  53%|█████▎    | 16/30 [00:00<00:00, 69.18it/s]Animation 11: Transform(Text('随机事件与概率')), etc.:  80%|████████  | 24/30 [00:00<00:00, 72.12it/s]                                                                                                      [02/27/26 10:18:09] INFO     Animation 11 : Partial     scene_file_writer.py:590
                             movie file written in                              
                             '/Users/mx/Desktop/manim_m                         
                             ath/高中/高三/第二学期/第                          
                             十七章-概率论初步/001随机                          
                             事件与概率/media/videos/pr                         
                             obability/1920p60/partial_                         
                             movie_files/ProbabilitySce                         
                             ne/656162490_1751726226_21                         
                             29747936.mp4'                                      
                    WARNING  Font Noto Sans CJK SC not in    text_mobject.py:464
                             ['.AppleSystemUIFont', 'Academy                    
                             Engraved LET', 'Al Bayan', 'Al                     
                             Nile', 'Al Tarikh', 'American                      
                             Typewriter', 'Andale Mono',                        
                             'Apple Braille', 'Apple                            
                             Chancery', 'Apple Color Emoji',                    
                             'Apple LiGothic', 'Apple                           
                             LiSung', 'Apple SD Gothic Neo',                    
                             'Apple Symbols', 'AppleGothic',                    
                             'AppleMyungjo', 'Arial', 'Arial                    
                             Black', 'Arial Hebrew', 'Arial                     
                             Hebrew Scholar', 'Arial                            
                             Narrow', 'Arial Rounded MT                         
                             Bold', 'Arial Unicode MS',                         
                             'Avenir', 'Avenir Next',                           
                             'Avenir Next Condensed',                           
                             'Ayuthaya', 'BIZ UDGothic',                        
                             'BIZ UDMincho', 'BM Dohyeon',                      
                             'BM Hanna 11yrs Old', 'BM Hanna                    
                             Air', 'BM Hanna Pro', 'BM Jua',                    
                             'BM Kirang Haerang', 'BM                           
                             Yeonsung', 'Baghdad', 'Bangla                      
                             MN', 'Bangla Sangam MN', 'Baoli                    
                             SC', 'Baoli TC', 'Baskerville',                    
                             'Beirut', 'BiauKaiHK',                             
                             'BiauKaiTC', 'Big Caslon',                         
                             'Bodoni 72', 'Bodoni 72                            
                             Oldstyle', 'Bodoni 72                              
                             Smallcaps', 'Bodoni Ornaments',                    
                             'Bradley Hand', 'Brush Script                      
                             MT', 'Chalkboard', 'Chalkboard                     
                             SE', 'Chalkduster', 'Charter',                     
                             'Cochin', 'Comic Sans MS',                         
                             'Copperplate', 'Corsiva                            
                             Hebrew', 'Courier New', 'DIN                       
                             Alternate', 'DIN Condensed',                       
                             'Damascus', 'DecoType Naskh',                      
                             'Devanagari MT', 'Devanagari                       
                             Sangam MN', 'Didot', 'Diwan                        
                             Kufi', 'Diwan Thuluth',                            
                             'Euphemia UCAS', 'Farah',                          
                             'Farisi', 'Futura', 'GB18030                       
                             Bitmap', 'Galvji', 'Geeza Pro',                    
                             'Geneva', 'Georgia', 'Gill                         
                             Sans', 'Grantha Sangam MN',                        
                             'Gujarati MT', 'Gujarati Sangam                    
                             MN', 'GungSeo', 'Gurmukhi MN',                     
                             'Gurmukhi MT', 'Gurmukhi Sangam                    
                             MN', 'Hannotate SC', 'Hannotate                    
                             TC', 'HanziPen SC', 'HanziPen                      
                             TC', 'HeadLineA', 'Hei', 'Heiti                    
                             SC', 'Heiti TC', 'Helvetica',                      
                             'Helvetica Neue', 'Herculanum',                    
                             'Hiragino Maru Gothic ProN',                       
                             'Hiragino Mincho ProN',                            
                             'Hiragino Sans', 'Hiragino Sans                    
                             GB', 'Hoefler Text', 'ITF                          
                             Devanagari', 'ITF Devanagari                       
                             Marathi', 'Impact',                                
                             'InaiMathi', 'Kai', 'Kailasa',                     
                             'Kaiti SC', 'Kaiti TC',                            
                             'Kannada MN', 'Kannada Sangam                      
                             MN', 'Kefa III', 'Khmer MN',                       
                             'Khmer Sangam MN', 'Klee',                         
                             'Kohinoor Bangla', 'Kohinoor                       
                             Devanagari', 'Kohinoor                             
                             Gujarati', 'Kohinoor Telugu',                      
                             'Kokonor', 'Krungthep',                            
                             'KufiStandardGK', 'LXGW                            
                             ZhenKai', 'Lantinghei SC',                         
                             'Lantinghei TC', 'Lao MN', 'Lao                    
                             Sangam MN', 'LiHei Pro',                           
                             'LiSong Pro', 'Libian SC',                         
                             'Libian TC', 'LingWai SC',                         
                             'LingWai TC', 'Lucida Grande',                     
                             'Luminari', 'Malayalam MN',                        
                             'Malayalam Sangam MN', 'Marker                     
                             Felt', 'Menlo', 'Microsoft Sans                    
                             Serif', 'Mishafi', 'Mishafi                        
                             Gold', 'Monaco', 'Monospace',                      
                             'Mshtakan', 'Mukta Mahee',                         
                             'Muna', 'Myanmar MN', 'Myanmar                     
                             Sangam MN', 'Nadeem', 'Nanum                       
                             Brush Script', 'Nanum Gothic',                     
                             'Nanum Myeongjo', 'Nanum Pen                       
                             Script', 'New Peninim MT',                         
                             'Noteworthy', 'Noto Nastaliq                       
                             Urdu', 'Noto Sans Batak', 'Noto                    
                             Sans Kannada', 'Noto Sans                          
                             Myanmar', 'Noto Sans NKo',                         
                             'Noto Sans Oriya', 'Noto Sans                      
                             Syriac', 'Noto Sans Tagalog',                      
                             'Noto Serif Myanmar', 'Optima',                    
                             'Oriya MN', 'Oriya Sangam MN',                     
                             'Osaka', 'PCMyungjo', 'PT                          
                             Mono', 'PT Sans', 'PT Sans                         
                             Caption', 'PT Sans Narrow', 'PT                    
                             Serif', 'PT Serif Caption',                        
                             'Palatino', 'Papyrus', 'Party                      
                             LET', 'Phosphate', 'PilGi',                        
                             'PingFang HK', 'PingFang MO',                      
                             'PingFang SC', 'PingFang TC',                      
                             'Plantagenet Cherokee',                            
                             'Raanana', 'Rockwell',                             
                             'STFangsong', 'STHeiti', 'STIX                     
                             Two Math', 'STIX Two Text',                        
                             'STKaiti', 'STSong', 'Sana',                       
                             'Sans', 'Sathu', 'Savoye LET',                     
                             'Serif', 'Shree Devanagari                         
                             714', 'SignPainter', 'Silom',                      
                             'SimSong', 'Sinhala MN',                           
                             'Sinhala Sangam MN', 'Skia',                       
                             'Snell Roundhand', 'Songti SC',                    
                             'Songti TC', 'Sukhumvit Set',                      
                             'Symbol', 'Tahoma', 'Tamil MN',                    
                             'Tamil Sangam MN', 'Telugu MN',                    
                             'Telugu Sangam MN', 'Thonburi',                    
                             'Times New Roman', 'Toppan                         
                             Bunkyu Gothic', 'Toppan Bunkyu                     
                             Midashi Gothic', 'Toppan Bunkyu                    
                             Midashi Mincho', 'Toppan Bunkyu                    
                             Mincho', 'Trattatello',                            
                             'Trebuchet MS', 'Tsukushi A                        
                             Round Gothic', 'Tsukushi B                         
                             Round Gothic', 'Verdana',                          
                             'Waseem', 'Wawati SC', 'Wawati                     
                             TC', 'Webdings', 'Weibei SC',                      
                             'Weibei TC', 'Wingdings',                          
                             'Wingdings 2', 'Wingdings 3',                      
                             'Xingkai SC', 'Xingkai TC',                        
                             'YuGothic', 'YuKyokasho',                          
                             'YuKyokasho Yoko', 'YuMincho',                     
                             'YuMincho +36p Kana', 'Yuanti                      
                             SC', 'Yuanti TC', 'Yuppy SC',                      
                             'Yuppy TC', 'Zapf Dingbats',                       
                             'Zapfino', 'cursive',                              
                             'fantasy', 'system-ui'].                           
Animation 12: Write(Text('什么是随机事件？')):   0%|          | 0/30 [00:00<?, ?it/s]Animation 12: Write(Text('什么是随机事件？')):  63%|██████▎   | 19/30 [00:00<00:00, 188.70it/s]                                                                                               [02/27/26 10:18:10] INFO     Animation 12 : Partial     scene_file_writer.py:590
                             movie file written in                              
                             '/Users/mx/Desktop/manim_m                         
                             ath/高中/高三/第二学期/第                          
                             十七章-概率论初步/001随机                          
                             事件与概率/media/videos/pr                         
                             obability/1920p60/partial_                         
                             movie_files/ProbabilitySce                         
                             ne/656162490_1860272808_44                         
                             4983453.mp4'                                       
                    WARNING  Font Noto Sans CJK SC not in    text_mobject.py:464
                             ['.AppleSystemUIFont', 'Academy                    
                             Engraved LET', 'Al Bayan', 'Al                     
                             Nile', 'Al Tarikh', 'American                      
                             Typewriter', 'Andale Mono',                        
                             'Apple Braille', 'Apple                            
                             Chancery', 'Apple Color Emoji',                    
                             'Apple LiGothic', 'Apple                           
                             LiSung', 'Apple SD Gothic Neo',                    
                             'Apple Symbols', 'AppleGothic',                    
                             'AppleMyungjo', 'Arial', 'Arial                    
                             Black', 'Arial Hebrew', 'Arial                     
                             Hebrew Scholar', 'Arial                            
                             Narrow', 'Arial Rounded MT                         
                             Bold', 'Arial Unicode MS',                         
                             'Avenir', 'Avenir Next',                           
                             'Avenir Next Condensed',                           
                             'Ayuthaya', 'BIZ UDGothic',                        
                             'BIZ UDMincho', 'BM Dohyeon',                      
                             'BM Hanna 11yrs Old', 'BM Hanna                    
                             Air', 'BM Hanna Pro', 'BM Jua',                    
                             'BM Kirang Haerang', 'BM                           
                             Yeonsung', 'Baghdad', 'Bangla                      
                             MN', 'Bangla Sangam MN', 'Baoli                    
                             SC', 'Baoli TC', 'Baskerville',                    
                             'Beirut', 'BiauKaiHK',                             
                             'BiauKaiTC', 'Big Caslon',                         
                             'Bodoni 72', 'Bodoni 72                            
                             Oldstyle', 'Bodoni 72                              
                             Smallcaps', 'Bodoni Ornaments',                    
                             'Bradley Hand', 'Brush Script                      
                             MT', 'Chalkboard', 'Chalkboard                     
                             SE', 'Chalkduster', 'Charter',                     
                             'Cochin', 'Comic Sans MS',                         
                             'Copperplate', 'Corsiva                            
                             Hebrew', 'Courier New', 'DIN                       
                             Alternate', 'DIN Condensed',                       
                             'Damascus', 'DecoType Naskh',                      
                             'Devanagari MT', 'Devanagari                       
                             Sangam MN', 'Didot', 'Diwan                        
                             Kufi', 'Diwan Thuluth',                            
                             'Euphemia UCAS', 'Farah',                          
                             'Farisi', 'Futura', 'GB18030                       
                             Bitmap', 'Galvji', 'Geeza Pro',                    
                             'Geneva', 'Georgia', 'Gill                         
                             Sans', 'Grantha Sangam MN',                        
                             'Gujarati MT', 'Gujarati Sangam                    
                             MN', 'GungSeo', 'Gurmukhi MN',                     
                             'Gurmukhi MT', 'Gurmukhi Sangam                    
                             MN', 'Hannotate SC', 'Hannotate                    
                             TC', 'HanziPen SC', 'HanziPen                      
                             TC', 'HeadLineA', 'Hei', 'Heiti                    
                             SC', 'Heiti TC', 'Helvetica',                      
                             'Helvetica Neue', 'Herculanum',                    
                             'Hiragino Maru Gothic ProN',                       
                             'Hiragino Mincho ProN',                            
                             'Hiragino Sans', 'Hiragino Sans                    
                             GB', 'Hoefler Text', 'ITF                          
                             Devanagari', 'ITF Devanagari                       
                             Marathi', 'Impact',                                
                             'InaiMathi', 'Kai', 'Kailasa',                     
                             'Kaiti SC', 'Kaiti TC',                            
                             'Kannada MN', 'Kannada Sangam                      
                             MN', 'Kefa III', 'Khmer MN',                       
                             'Khmer Sangam MN', 'Klee',                         
                             'Kohinoor Bangla', 'Kohinoor                       
                             Devanagari', 'Kohinoor                             
                             Gujarati', 'Kohinoor Telugu',                      
                             'Kokonor', 'Krungthep',                            
                             'KufiStandardGK', 'LXGW                            
                             ZhenKai', 'Lantinghei SC',                         
                             'Lantinghei TC', 'Lao MN', 'Lao                    
                             Sangam MN', 'LiHei Pro',                           
                             'LiSong Pro', 'Libian SC',                         
                             'Libian TC', 'LingWai SC',                         
                             'LingWai TC', 'Lucida Grande',                     
                             'Luminari', 'Malayalam MN',                        
                             'Malayalam Sangam MN', 'Marker                     
                             Felt', 'Menlo', 'Microsoft Sans                    
                             Serif', 'Mishafi', 'Mishafi                        
                             Gold', 'Monaco', 'Monospace',                      
                             'Mshtakan', 'Mukta Mahee',                         
                             'Muna', 'Myanmar MN', 'Myanmar                     
                             Sangam MN', 'Nadeem', 'Nanum                       
                             Brush Script', 'Nanum Gothic',                     
                             'Nanum Myeongjo', 'Nanum Pen                       
                             Script', 'New Peninim MT',                         
                             'Noteworthy', 'Noto Nastaliq                       
                             Urdu', 'Noto Sans Batak', 'Noto                    
                             Sans Kannada', 'Noto Sans                          
                             Myanmar', 'Noto Sans NKo',                         
                             'Noto Sans Oriya', 'Noto Sans                      
                             Syriac', 'Noto Sans Tagalog',                      
                             'Noto Serif Myanmar', 'Optima',                    
                             'Oriya MN', 'Oriya Sangam MN',                     
                             'Osaka', 'PCMyungjo', 'PT                          
                             Mono', 'PT Sans', 'PT Sans                         
                             Caption', 'PT Sans Narrow', 'PT                    
                             Serif', 'PT Serif Caption',                        
                             'Palatino', 'Papyrus', 'Party                      
                             LET', 'Phosphate', 'PilGi',                        
                             'PingFang HK', 'PingFang MO',                      
                             'PingFang SC', 'PingFang TC',                      
                             'Plantagenet Cherokee',                            
                             'Raanana', 'Rockwell',                             
                             'STFangsong', 'STHeiti', 'STIX                     
                             Two Math', 'STIX Two Text',                        
                             'STKaiti', 'STSong', 'Sana',                       
                             'Sans', 'Sathu', 'Savoye LET',                     
                             'Serif', 'Shree Devanagari                         
                             714', 'SignPainter', 'Silom',                      
                             'SimSong', 'Sinhala MN',                           
                             'Sinhala Sangam MN', 'Skia',                       
                             'Snell Roundhand', 'Songti SC',                    
                             'Songti TC', 'Sukhumvit Set',                      
                             'Symbol', 'Tahoma', 'Tamil MN',                    
                             'Tamil Sangam MN', 'Telugu MN',                    
                             'Telugu Sangam MN', 'Thonburi',                    
                             'Times New Roman', 'Toppan                         
                             Bunkyu Gothic', 'Toppan Bunkyu                     
                             Midashi Gothic', 'Toppan Bunkyu                    
                             Midashi Mincho', 'Toppan Bunkyu                    
                             Mincho', 'Trattatello',                            
                             'Trebuchet MS', 'Tsukushi A                        
                             Round Gothic', 'Tsukushi B                         
                             Round Gothic', 'Verdana',                          
                             'Waseem', 'Wawati SC', 'Wawati                     
                             TC', 'Webdings', 'Weibei SC',                      
                             'Weibei TC', 'Wingdings',                          
                             'Wingdings 2', 'Wingdings 3',                      
                             'Xingkai SC', 'Xingkai TC',                        
                             'YuGothic', 'YuKyokasho',                          
                             'YuKyokasho Yoko', 'YuMincho',                     
                             'YuMincho +36p Kana', 'Yuanti                      
                             SC', 'Yuanti TC', 'Yuppy SC',                      
                             'Yuppy TC', 'Zapf Dingbats',                       
                             'Zapfino', 'cursive',                              
                             'fantasy', 'system-ui'].                           
                    WARNING  Font Noto Sans CJK SC not in    text_mobject.py:464
                             ['.AppleSystemUIFont', 'Academy                    
                             Engraved LET', 'Al Bayan', 'Al                     
                             Nile', 'Al Tarikh', 'American                      
                             Typewriter', 'Andale Mono',                        
                             'Apple Braille', 'Apple                            
                             Chancery', 'Apple Color Emoji',                    
                             'Apple LiGothic', 'Apple                           
                             LiSung', 'Apple SD Gothic Neo',                    
                             'Apple Symbols', 'AppleGothic',                    
                             'AppleMyungjo', 'Arial', 'Arial                    
                             Black', 'Arial Hebrew', 'Arial                     
                             Hebrew Scholar', 'Arial                            
                             Narrow', 'Arial Rounded MT                         
                             Bold', 'Arial Unicode MS',                         
                             'Avenir', 'Avenir Next',                           
                             'Avenir Next Condensed',                           
                             'Ayuthaya', 'BIZ UDGothic',                        
                             'BIZ UDMincho', 'BM Dohyeon',                      
                             'BM Hanna 11yrs Old', 'BM Hanna                    
                             Air', 'BM Hanna Pro', 'BM Jua',                    
                             'BM Kirang Haerang', 'BM                           
                             Yeonsung', 'Baghdad', 'Bangla                      
                             MN', 'Bangla Sangam MN', 'Baoli                    
                             SC', 'Baoli TC', 'Baskerville',                    
                             'Beirut', 'BiauKaiHK',                             
                             'BiauKaiTC', 'Big Caslon',                         
                             'Bodoni 72', 'Bodoni 72                            
                             Oldstyle', 'Bodoni 72                              
                             Smallcaps', 'Bodoni Ornaments',                    
                             'Bradley Hand', 'Brush Script                      
                             MT', 'Chalkboard', 'Chalkboard                     
                             SE', 'Chalkduster', 'Charter',                     
                             'Cochin', 'Comic Sans MS',                         
                             'Copperplate', 'Corsiva                            
                             Hebrew', 'Courier New', 'DIN                       
                             Alternate', 'DIN Condensed',                       
                             'Damascus', 'DecoType Naskh',                      
                             'Devanagari MT', 'Devanagari                       
                             Sangam MN', 'Didot', 'Diwan                        
                             Kufi', 'Diwan Thuluth',                            
                             'Euphemia UCAS', 'Farah',                          
                             'Farisi', 'Futura', 'GB18030                       
                             Bitmap', 'Galvji', 'Geeza Pro',                    
                             'Geneva', 'Georgia', 'Gill                         
                             Sans', 'Grantha Sangam MN',                        
                             'Gujarati MT', 'Gujarati Sangam                    
                             MN', 'GungSeo', 'Gurmukhi MN',                     
                             'Gurmukhi MT', 'Gurmukhi Sangam                    
                             MN', 'Hannotate SC', 'Hannotate                    
                             TC', 'HanziPen SC', 'HanziPen                      
                             TC', 'HeadLineA', 'Hei', 'Heiti                    
                             SC', 'Heiti TC', 'Helvetica',                      
                             'Helvetica Neue', 'Herculanum',                    
                             'Hiragino Maru Gothic ProN',                       
                             'Hiragino Mincho ProN',                            
                             'Hiragino Sans', 'Hiragino Sans                    
                             GB', 'Hoefler Text', 'ITF                          
                             Devanagari', 'ITF Devanagari                       
                             Marathi', 'Impact',                                
                             'InaiMathi', 'Kai', 'Kailasa',                     
                             'Kaiti SC', 'Kaiti TC',                            
                             'Kannada MN', 'Kannada Sangam                      
                             MN', 'Kefa III', 'Khmer MN',                       
                             'Khmer Sangam MN', 'Klee',                         
                             'Kohinoor Bangla', 'Kohinoor                       
                             Devanagari', 'Kohinoor                             
                             Gujarati', 'Kohinoor Telugu',                      
                             'Kokonor', 'Krungthep',                            
                             'KufiStandardGK', 'LXGW                            
                             ZhenKai', 'Lantinghei SC',                         
                             'Lantinghei TC', 'Lao MN', 'Lao                    
                             Sangam MN', 'LiHei Pro',                           
                             'LiSong Pro', 'Libian SC',                         
                             'Libian TC', 'LingWai SC',                         
                             'LingWai TC', 'Lucida Grande',                     
                             'Luminari', 'Malayalam MN',                        
                             'Malayalam Sangam MN', 'Marker                     
                             Felt', 'Menlo', 'Microsoft Sans                    
                             Serif', 'Mishafi', 'Mishafi                        
                             Gold', 'Monaco', 'Monospace',                      
                             'Mshtakan', 'Mukta Mahee',                         
                             'Muna', 'Myanmar MN', 'Myanmar                     
                             Sangam MN', 'Nadeem', 'Nanum                       
                             Brush Script', 'Nanum Gothic',                     
                             'Nanum Myeongjo', 'Nanum Pen                       
                             Script', 'New Peninim MT',                         
                             'Noteworthy', 'Noto Nastaliq                       
                             Urdu', 'Noto Sans Batak', 'Noto                    
                             Sans Kannada', 'Noto Sans                          
                             Myanmar', 'Noto Sans NKo',                         
                             'Noto Sans Oriya', 'Noto Sans                      
                             Syriac', 'Noto Sans Tagalog',                      
                             'Noto Serif Myanmar', 'Optima',                    
                             'Oriya MN', 'Oriya Sangam MN',                     
                             'Osaka', 'PCMyungjo', 'PT                          
                             Mono', 'PT Sans', 'PT Sans                         
                             Caption', 'PT Sans Narrow', 'PT                    
                             Serif', 'PT Serif Caption',                        
                             'Palatino', 'Papyrus', 'Party                      
                             LET', 'Phosphate', 'PilGi',                        
                             'PingFang HK', 'PingFang MO',                      
                             'PingFang SC', 'PingFang TC',                      
                             'Plantagenet Cherokee',                            
                             'Raanana', 'Rockwell',                             
                             'STFangsong', 'STHeiti', 'STIX                     
                             Two Math', 'STIX Two Text',                        
                             'STKaiti', 'STSong', 'Sana',                       
                             'Sans', 'Sathu', 'Savoye LET',                     
                             'Serif', 'Shree Devanagari                         
                             714', 'SignPainter', 'Silom',                      
                             'SimSong', 'Sinhala MN',                           
                             'Sinhala Sangam MN', 'Skia',                       
                             'Snell Roundhand', 'Songti SC',                    
                             'Songti TC', 'Sukhumvit Set',                      
                             'Symbol', 'Tahoma', 'Tamil MN',                    
                             'Tamil Sangam MN', 'Telugu MN',                    
                             'Telugu Sangam MN', 'Thonburi',                    
                             'Times New Roman', 'Toppan                         
                             Bunkyu Gothic', 'Toppan Bunkyu                     
                             Midashi Gothic', 'Toppan Bunkyu                    
                             Midashi Mincho', 'Toppan Bunkyu                    
                             Mincho', 'Trattatello',                            
                             'Trebuchet MS', 'Tsukushi A                        
                             Round Gothic', 'Tsukushi B                         
                             Round Gothic', 'Verdana',                          
                             'Waseem', 'Wawati SC', 'Wawati                     
                             TC', 'Webdings', 'Weibei SC',                      
                             'Weibei TC', 'Wingdings',                          
                             'Wingdings 2', 'Wingdings 3',                      
                             'Xingkai SC', 'Xingkai TC',                        
                             'YuGothic', 'YuKyokasho',                          
                             'YuKyokasho Yoko', 'YuMincho',                     
                             'YuMincho +36p Kana', 'Yuanti                      
                             SC', 'Yuanti TC', 'Yuppy SC',                      
                             'Yuppy TC', 'Zapf Dingbats',                       
                             'Zapfino', 'cursive',                              
                             'fantasy', 'system-ui'].                           
                    WARNING  Font Noto Sans CJK SC not in    text_mobject.py:464
                             ['.AppleSystemUIFont', 'Academy                    
                             Engraved LET', 'Al Bayan', 'Al                     
                             Nile', 'Al Tarikh', 'American                      
                             Typewriter', 'Andale Mono',                        
                             'Apple Braille', 'Apple                            
                             Chancery', 'Apple Color Emoji',                    
                             'Apple LiGothic', 'Apple                           
                             LiSung', 'Apple SD Gothic Neo',                    
                             'Apple Symbols', 'AppleGothic',                    
                             'AppleMyungjo', 'Arial', 'Arial                    
                             Black', 'Arial Hebrew', 'Arial                     
                             Hebrew Scholar', 'Arial                            
                             Narrow', 'Arial Rounded MT                         
                             Bold', 'Arial Unicode MS',                         
                             'Avenir', 'Avenir Next',                           
                             'Avenir Next Condensed',                           
                             'Ayuthaya', 'BIZ UDGothic',                        
                             'BIZ UDMincho', 'BM Dohyeon',                      
                             'BM Hanna 11yrs Old', 'BM Hanna                    
                             Air', 'BM Hanna Pro', 'BM Jua',                    
                             'BM Kirang Haerang', 'BM                           
                             Yeonsung', 'Baghdad', 'Bangla                      
                             MN', 'Bangla Sangam MN', 'Baoli                    
                             SC', 'Baoli TC', 'Baskerville',                    
                             'Beirut', 'BiauKaiHK',                             
                             'BiauKaiTC', 'Big Caslon',                         
                             'Bodoni 72', 'Bodoni 72                            
                             Oldstyle', 'Bodoni 72                              
                             Smallcaps', 'Bodoni Ornaments',                    
                             'Bradley Hand', 'Brush Script                      
                             MT', 'Chalkboard', 'Chalkboard                     
                             SE', 'Chalkduster', 'Charter',                     
                             'Cochin', 'Comic Sans MS',                         
                             'Copperplate', 'Corsiva                            
                             Hebrew', 'Courier New', 'DIN                       
                             Alternate', 'DIN Condensed',                       
                             'Damascus', 'DecoType Naskh',                      
                             'Devanagari MT', 'Devanagari                       
                             Sangam MN', 'Didot', 'Diwan                        
                             Kufi', 'Diwan Thuluth',                            
                             'Euphemia UCAS', 'Farah',                          
                             'Farisi', 'Futura', 'GB18030                       
                             Bitmap', 'Galvji', 'Geeza Pro',                    
                             'Geneva', 'Georgia', 'Gill                         
                             Sans', 'Grantha Sangam MN',                        
                             'Gujarati MT', 'Gujarati Sangam                    
                             MN', 'GungSeo', 'Gurmukhi MN',                     
                             'Gurmukhi MT', 'Gurmukhi Sangam                    
                             MN', 'Hannotate SC', 'Hannotate                    
                             TC', 'HanziPen SC', 'HanziPen                      
                             TC', 'HeadLineA', 'Hei', 'Heiti                    
                             SC', 'Heiti TC', 'Helvetica',                      
                             'Helvetica Neue', 'Herculanum',                    
                             'Hiragino Maru Gothic ProN',                       
                             'Hiragino Mincho ProN',                            
                             'Hiragino Sans', 'Hiragino Sans                    
                             GB', 'Hoefler Text', 'ITF                          
                             Devanagari', 'ITF Devanagari                       
                             Marathi', 'Impact',                                
                             'InaiMathi', 'Kai', 'Kailasa',                     
                             'Kaiti SC', 'Kaiti TC',                            
                             'Kannada MN', 'Kannada Sangam                      
                             MN', 'Kefa III', 'Khmer MN',                       
                             'Khmer Sangam MN', 'Klee',                         
                             'Kohinoor Bangla', 'Kohinoor                       
                             Devanagari', 'Kohinoor                             
                             Gujarati', 'Kohinoor Telugu',                      
                             'Kokonor', 'Krungthep',                            
                             'KufiStandardGK', 'LXGW                            
                             ZhenKai', 'Lantinghei SC',                         
                             'Lantinghei TC', 'Lao MN', 'Lao                    
                             Sangam MN', 'LiHei Pro',                           
                             'LiSong Pro', 'Libian SC',                         
                             'Libian TC', 'LingWai SC',                         
                             'LingWai TC', 'Lucida Grande',                     
                             'Luminari', 'Malayalam MN',                        
                             'Malayalam Sangam MN', 'Marker                     
                             Felt', 'Menlo', 'Microsoft Sans                    
                             Serif', 'Mishafi', 'Mishafi                        
                             Gold', 'Monaco', 'Monospace',                      
                             'Mshtakan', 'Mukta Mahee',                         
                             'Muna', 'Myanmar MN', 'Myanmar                     
                             Sangam MN', 'Nadeem', 'Nanum                       
                             Brush Script', 'Nanum Gothic',                     
                             'Nanum Myeongjo', 'Nanum Pen                       
                             Script', 'New Peninim MT',                         
                             'Noteworthy', 'Noto Nastaliq                       
                             Urdu', 'Noto Sans Batak', 'Noto                    
                             Sans Kannada', 'Noto Sans                          
                             Myanmar', 'Noto Sans NKo',                         
                             'Noto Sans Oriya', 'Noto Sans                      
                             Syriac', 'Noto Sans Tagalog',                      
                             'Noto Serif Myanmar', 'Optima',                    
                             'Oriya MN', 'Oriya Sangam MN',                     
                             'Osaka', 'PCMyungjo', 'PT                          
                             Mono', 'PT Sans', 'PT Sans                         
                             Caption', 'PT Sans Narrow', 'PT                    
                             Serif', 'PT Serif Caption',                        
                             'Palatino', 'Papyrus', 'Party                      
                             LET', 'Phosphate', 'PilGi',                        
                             'PingFang HK', 'PingFang MO',                      
                             'PingFang SC', 'PingFang TC',                      
                             'Plantagenet Cherokee',                            
                             'Raanana', 'Rockwell',                             
                             'STFangsong', 'STHeiti', 'STIX                     
                             Two Math', 'STIX Two Text',                        
                             'STKaiti', 'STSong', 'Sana',                       
                             'Sans', 'Sathu', 'Savoye LET',                     
                             'Serif', 'Shree Devanagari                         
                             714', 'SignPainter', 'Silom',                      
                             'SimSong', 'Sinhala MN',                           
                             'Sinhala Sangam MN', 'Skia',                       
                             'Snell Roundhand', 'Songti SC',                    
                             'Songti TC', 'Sukhumvit Set',                      
                             'Symbol', 'Tahoma', 'Tamil MN',                    
                             'Tamil Sangam MN', 'Telugu MN',                    
                             'Telugu Sangam MN', 'Thonburi',                    
                             'Times New Roman', 'Toppan                         
                             Bunkyu Gothic', 'Toppan Bunkyu                     
                             Midashi Gothic', 'Toppan Bunkyu                    
                             Midashi Mincho', 'Toppan Bunkyu                    
                             Mincho', 'Trattatello',                            
                             'Trebuchet MS', 'Tsukushi A                        
                             Round Gothic', 'Tsukushi B                         
                             Round Gothic', 'Verdana',                          
                             'Waseem', 'Wawati SC', 'Wawati                     
                             TC', 'Webdings', 'Weibei SC',                      
                             'Weibei TC', 'Wingdings',                          
                             'Wingdings 2', 'Wingdings 3',                      
                             'Xingkai SC', 'Xingkai TC',                        
                             'YuGothic', 'YuKyokasho',                          
                             'YuKyokasho Yoko', 'YuMincho',                     
                             'YuMincho +36p Kana', 'Yuanti                      
                             SC', 'Yuanti TC', 'Yuppy SC',                      
                             'Yuppy TC', 'Zapf Dingbats',                       
                             'Zapfino', 'cursive',                              
                             'fantasy', 'system-ui'].                           
                    WARNING  Font Noto Sans CJK SC not in    text_mobject.py:464
                             ['.AppleSystemUIFont', 'Academy                    
                             Engraved LET', 'Al Bayan', 'Al                     
                             Nile', 'Al Tarikh', 'American                      
                             Typewriter', 'Andale Mono',                        
                             'Apple Braille', 'Apple                            
                             Chancery', 'Apple Color Emoji',                    
                             'Apple LiGothic', 'Apple                           
                             LiSung', 'Apple SD Gothic Neo',                    
                             'Apple Symbols', 'AppleGothic',                    
                             'AppleMyungjo', 'Arial', 'Arial                    
                             Black', 'Arial Hebrew', 'Arial                     
                             Hebrew Scholar', 'Arial                            
                             Narrow', 'Arial Rounded MT                         
                             Bold', 'Arial Unicode MS',                         
                             'Avenir', 'Avenir Next',                           
                             'Avenir Next Condensed',                           
                             'Ayuthaya', 'BIZ UDGothic',                        
                             'BIZ UDMincho', 'BM Dohyeon',                      
                             'BM Hanna 11yrs Old', 'BM Hanna                    
                             Air', 'BM Hanna Pro', 'BM Jua',                    
                             'BM Kirang Haerang', 'BM                           
                             Yeonsung', 'Baghdad', 'Bangla                      
                             MN', 'Bangla Sangam MN', 'Baoli                    
                             SC', 'Baoli TC', 'Baskerville',                    
                             'Beirut', 'BiauKaiHK',                             
                             'BiauKaiTC', 'Big Caslon',                         
                             'Bodoni 72', 'Bodoni 72                            
                             Oldstyle', 'Bodoni 72                              
                             Smallcaps', 'Bodoni Ornaments',                    
                             'Bradley Hand', 'Brush Script                      
                             MT', 'Chalkboard', 'Chalkboard                     
                             SE', 'Chalkduster', 'Charter',                     
                             'Cochin', 'Comic Sans MS',                         
                             'Copperplate', 'Corsiva                            
                             Hebrew', 'Courier New', 'DIN                       
                             Alternate', 'DIN Condensed',                       
                             'Damascus', 'DecoType Naskh',                      
                             'Devanagari MT', 'Devanagari                       
                             Sangam MN', 'Didot', 'Diwan                        
                             Kufi', 'Diwan Thuluth',                            
                             'Euphemia UCAS', 'Farah',                          
                             'Farisi', 'Futura', 'GB18030                       
                             Bitmap', 'Galvji', 'Geeza Pro',                    
                             'Geneva', 'Georgia', 'Gill                         
                             Sans', 'Grantha Sangam MN',                        
                             'Gujarati MT', 'Gujarati Sangam                    
                             MN', 'GungSeo', 'Gurmukhi MN',                     
                             'Gurmukhi MT', 'Gurmukhi Sangam                    
                             MN', 'Hannotate SC', 'Hannotate                    
                             TC', 'HanziPen SC', 'HanziPen                      
                             TC', 'HeadLineA', 'Hei', 'Heiti                    
                             SC', 'Heiti TC', 'Helvetica',                      
                             'Helvetica Neue', 'Herculanum',                    
                             'Hiragino Maru Gothic ProN',                       
                             'Hiragino Mincho ProN',                            
                             'Hiragino Sans', 'Hiragino Sans                    
                             GB', 'Hoefler Text', 'ITF                          
                             Devanagari', 'ITF Devanagari                       
                             Marathi', 'Impact',                                
                             'InaiMathi', 'Kai', 'Kailasa',                     
                             'Kaiti SC', 'Kaiti TC',                            
                             'Kannada MN', 'Kannada Sangam                      
                             MN', 'Kefa III', 'Khmer MN',                       
                             'Khmer Sangam MN', 'Klee',                         
                             'Kohinoor Bangla', 'Kohinoor                       
                             Devanagari', 'Kohinoor                             
                             Gujarati', 'Kohinoor Telugu',                      
                             'Kokonor', 'Krungthep',                            
                             'KufiStandardGK', 'LXGW                            
                             ZhenKai', 'Lantinghei SC',                         
                             'Lantinghei TC', 'Lao MN', 'Lao                    
                             Sangam MN', 'LiHei Pro',                           
                             'LiSong Pro', 'Libian SC',                         
                             'Libian TC', 'LingWai SC',                         
                             'LingWai TC', 'Lucida Grande',                     
                             'Luminari', 'Malayalam MN',                        
                             'Malayalam Sangam MN', 'Marker                     
                             Felt', 'Menlo', 'Microsoft Sans                    
                             Serif', 'Mishafi', 'Mishafi                        
                             Gold', 'Monaco', 'Monospace',                      
                             'Mshtakan', 'Mukta Mahee',                         
                             'Muna', 'Myanmar MN', 'Myanmar                     
                             Sangam MN', 'Nadeem', 'Nanum                       
                             Brush Script', 'Nanum Gothic',                     
                             'Nanum Myeongjo', 'Nanum Pen                       
                             Script', 'New Peninim MT',                         
                             'Noteworthy', 'Noto Nastaliq                       
                             Urdu', 'Noto Sans Batak', 'Noto                    
                             Sans Kannada', 'Noto Sans                          
                             Myanmar', 'Noto Sans NKo',                         
                             'Noto Sans Oriya', 'Noto Sans                      
                             Syriac', 'Noto Sans Tagalog',                      
                             'Noto Serif Myanmar', 'Optima',                    
                             'Oriya MN', 'Oriya Sangam MN',                     
                             'Osaka', 'PCMyungjo', 'PT                          
                             Mono', 'PT Sans', 'PT Sans                         
                             Caption', 'PT Sans Narrow', 'PT                    
                             Serif', 'PT Serif Caption',                        
                             'Palatino', 'Papyrus', 'Party                      
                             LET', 'Phosphate', 'PilGi',                        
                             'PingFang HK', 'PingFang MO',                      
                             'PingFang SC', 'PingFang TC',                      
                             'Plantagenet Cherokee',                            
                             'Raanana', 'Rockwell',                             
                             'STFangsong', 'STHeiti', 'STIX                     
                             Two Math', 'STIX Two Text',                        
                             'STKaiti', 'STSong', 'Sana',                       
                             'Sans', 'Sathu', 'Savoye LET',                     
                             'Serif', 'Shree Devanagari                         
                             714', 'SignPainter', 'Silom',                      
                             'SimSong', 'Sinhala MN',                           
                             'Sinhala Sangam MN', 'Skia',                       
                             'Snell Roundhand', 'Songti SC',                    
                             'Songti TC', 'Sukhumvit Set',                      
                             'Symbol', 'Tahoma', 'Tamil MN',                    
                             'Tamil Sangam MN', 'Telugu MN',                    
                             'Telugu Sangam MN', 'Thonburi',                    
                             'Times New Roman', 'Toppan                         
                             Bunkyu Gothic', 'Toppan Bunkyu                     
                             Midashi Gothic', 'Toppan Bunkyu                    
                             Midashi Mincho', 'Toppan Bunkyu                    
                             Mincho', 'Trattatello',                            
                             'Trebuchet MS', 'Tsukushi A                        
                             Round Gothic', 'Tsukushi B                         
                             Round Gothic', 'Verdana',                          
                             'Waseem', 'Wawati SC', 'Wawati                     
                             TC', 'Webdings', 'Weibei SC',                      
                             'Weibei TC', 'Wingdings',                          
                             'Wingdings 2', 'Wingdings 3',                      
                             'Xingkai SC', 'Xingkai TC',                        
                             'YuGothic', 'YuKyokasho',                          
                             'YuKyokasho Yoko', 'YuMincho',                     
                             'YuMincho +36p Kana', 'Yuanti                      
                             SC', 'Yuanti TC', 'Yuppy SC',                      
                             'Yuppy TC', 'Zapf Dingbats',                       
                             'Zapfino', 'cursive',                              
                             'fantasy', 'system-ui'].                           
                    WARNING  Font Noto Sans CJK SC not in    text_mobject.py:464
                             ['.AppleSystemUIFont', 'Academy                    
                             Engraved LET', 'Al Bayan', 'Al                     
                             Nile', 'Al Tarikh', 'American                      
                             Typewriter', 'Andale Mono',                        
                             'Apple Braille', 'Apple                            
                             Chancery', 'Apple Color Emoji',                    
                             'Apple LiGothic', 'Apple                           
                             LiSung', 'Apple SD Gothic Neo',                    
                             'Apple Symbols', 'AppleGothic',                    
                             'AppleMyungjo', 'Arial', 'Arial                    
                             Black', 'Arial Hebrew', 'Arial                     
                             Hebrew Scholar', 'Arial                            
                             Narrow', 'Arial Rounded MT                         
                             Bold', 'Arial Unicode MS',                         
                             'Avenir', 'Avenir Next',                           
                             'Avenir Next Condensed',                           
                             'Ayuthaya', 'BIZ UDGothic',                        
                             'BIZ UDMincho', 'BM Dohyeon',                      
                             'BM Hanna 11yrs Old', 'BM Hanna                    
                             Air', 'BM Hanna Pro', 'BM Jua',                    
                             'BM Kirang Haerang', 'BM                           
                             Yeonsung', 'Baghdad', 'Bangla                      
                             MN', 'Bangla Sangam MN', 'Baoli                    
                             SC', 'Baoli TC', 'Baskerville',                    
                             'Beirut', 'BiauKaiHK',                             
                             'BiauKaiTC', 'Big Caslon',                         
                             'Bodoni 72', 'Bodoni 72                            
                             Oldstyle', 'Bodoni 72                              
                             Smallcaps', 'Bodoni Ornaments',                    
                             'Bradley Hand', 'Brush Script                      
                             MT', 'Chalkboard', 'Chalkboard                     
                             SE', 'Chalkduster', 'Charter',                     
                             'Cochin', 'Comic Sans MS',                         
                             'Copperplate', 'Corsiva                            
                             Hebrew', 'Courier New', 'DIN                       
                             Alternate', 'DIN Condensed',                       
                             'Damascus', 'DecoType Naskh',                      
                             'Devanagari MT', 'Devanagari                       
                             Sangam MN', 'Didot', 'Diwan                        
                             Kufi', 'Diwan Thuluth',                            
                             'Euphemia UCAS', 'Farah',                          
                             'Farisi', 'Futura', 'GB18030                       
                             Bitmap', 'Galvji', 'Geeza Pro',                    
                             'Geneva', 'Georgia', 'Gill                         
                             Sans', 'Grantha Sangam MN',                        
                             'Gujarati MT', 'Gujarati Sangam                    
                             MN', 'GungSeo', 'Gurmukhi MN',                     
                             'Gurmukhi MT', 'Gurmukhi Sangam                    
                             MN', 'Hannotate SC', 'Hannotate                    
                             TC', 'HanziPen SC', 'HanziPen                      
                             TC', 'HeadLineA', 'Hei', 'Heiti                    
                             SC', 'Heiti TC', 'Helvetica',                      
                             'Helvetica Neue', 'Herculanum',                    
                             'Hiragino Maru Gothic ProN',                       
                             'Hiragino Mincho ProN',                            
                             'Hiragino Sans', 'Hiragino Sans                    
                             GB', 'Hoefler Text', 'ITF                          
                             Devanagari', 'ITF Devanagari                       
                             Marathi', 'Impact',                                
                             'InaiMathi', 'Kai', 'Kailasa',                     
                             'Kaiti SC', 'Kaiti TC',                            
                             'Kannada MN', 'Kannada Sangam                      
                             MN', 'Kefa III', 'Khmer MN',                       
                             'Khmer Sangam MN', 'Klee',                         
                             'Kohinoor Bangla', 'Kohinoor                       
                             Devanagari', 'Kohinoor                             
                             Gujarati', 'Kohinoor Telugu',                      
                             'Kokonor', 'Krungthep',                            
                             'KufiStandardGK', 'LXGW                            
                             ZhenKai', 'Lantinghei SC',                         
                             'Lantinghei TC', 'Lao MN', 'Lao                    
                             Sangam MN', 'LiHei Pro',                           
                             'LiSong Pro', 'Libian SC',                         
                             'Libian TC', 'LingWai SC',                         
                             'LingWai TC', 'Lucida Grande',                     
                             'Luminari', 'Malayalam MN',                        
                             'Malayalam Sangam MN', 'Marker                     
                             Felt', 'Menlo', 'Microsoft Sans                    
                             Serif', 'Mishafi', 'Mishafi                        
                             Gold', 'Monaco', 'Monospace',                      
                             'Mshtakan', 'Mukta Mahee',                         
                             'Muna', 'Myanmar MN', 'Myanmar                     
                             Sangam MN', 'Nadeem', 'Nanum                       
                             Brush Script', 'Nanum Gothic',                     
                             'Nanum Myeongjo', 'Nanum Pen                       
                             Script', 'New Peninim MT',                         
                             'Noteworthy', 'Noto Nastaliq                       
                             Urdu', 'Noto Sans Batak', 'Noto                    
                             Sans Kannada', 'Noto Sans                          
                             Myanmar', 'Noto Sans NKo',                         
                             'Noto Sans Oriya', 'Noto Sans                      
                             Syriac', 'Noto Sans Tagalog',                      
                             'Noto Serif Myanmar', 'Optima',                    
                             'Oriya MN', 'Oriya Sangam MN',                     
                             'Osaka', 'PCMyungjo', 'PT                          
                             Mono', 'PT Sans', 'PT Sans                         
                             Caption', 'PT Sans Narrow', 'PT                    
                             Serif', 'PT Serif Caption',                        
                             'Palatino', 'Papyrus', 'Party                      
                             LET', 'Phosphate', 'PilGi',                        
                             'PingFang HK', 'PingFang MO',                      
                             'PingFang SC', 'PingFang TC',                      
                             'Plantagenet Cherokee',                            
                             'Raanana', 'Rockwell',                             
                             'STFangsong', 'STHeiti', 'STIX                     
                             Two Math', 'STIX Two Text',                        
                             'STKaiti', 'STSong', 'Sana',                       
                             'Sans', 'Sathu', 'Savoye LET',                     
                             'Serif', 'Shree Devanagari                         
                             714', 'SignPainter', 'Silom',                      
                             'SimSong', 'Sinhala MN',                           
                             'Sinhala Sangam MN', 'Skia',                       
                             'Snell Roundhand', 'Songti SC',                    
                             'Songti TC', 'Sukhumvit Set',                      
                             'Symbol', 'Tahoma', 'Tamil MN',                    
                             'Tamil Sangam MN', 'Telugu MN',                    
                             'Telugu Sangam MN', 'Thonburi',                    
                             'Times New Roman', 'Toppan                         
                             Bunkyu Gothic', 'Toppan Bunkyu                     
                             Midashi Gothic', 'Toppan Bunkyu                    
                             Midashi Mincho', 'Toppan Bunkyu                    
                             Mincho', 'Trattatello',                            
                             'Trebuchet MS', 'Tsukushi A                        
                             Round Gothic', 'Tsukushi B                         
                             Round Gothic', 'Verdana',                          
                             'Waseem', 'Wawati SC', 'Wawati                     
                             TC', 'Webdings', 'Weibei SC',                      
                             'Weibei TC', 'Wingdings',                          
                             'Wingdings 2', 'Wingdings 3',                      
                             'Xingkai SC', 'Xingkai TC',                        
                             'YuGothic', 'YuKyokasho',                          
                             'YuKyokasho Yoko', 'YuMincho',                     
                             'YuMincho +36p Kana', 'Yuanti                      
                             SC', 'Yuanti TC', 'Yuppy SC',                      
                             'Yuppy TC', 'Zapf Dingbats',                       
                             'Zapfino', 'cursive',                              
                             'fantasy', 'system-ui'].                           
                    WARNING  Font Noto Sans CJK SC not in    text_mobject.py:464
                             ['.AppleSystemUIFont', 'Academy                    
                             Engraved LET', 'Al Bayan', 'Al                     
                             Nile', 'Al Tarikh', 'American                      
                             Typewriter', 'Andale Mono',                        
                             'Apple Braille', 'Apple                            
                             Chancery', 'Apple Color Emoji',                    
                             'Apple LiGothic', 'Apple                           
                             LiSung', 'Apple SD Gothic Neo',                    
                             'Apple Symbols', 'AppleGothic',                    
                             'AppleMyungjo', 'Arial', 'Arial                    
                             Black', 'Arial Hebrew', 'Arial                     
                             Hebrew Scholar', 'Arial                            
                             Narrow', 'Arial Rounded MT                         
                             Bold', 'Arial Unicode MS',                         
                             'Avenir', 'Avenir Next',                           
                             'Avenir Next Condensed',                           
                             'Ayuthaya', 'BIZ UDGothic',                        
                             'BIZ UDMincho', 'BM Dohyeon',                      
                             'BM Hanna 11yrs Old', 'BM Hanna                    
                             Air', 'BM Hanna Pro', 'BM Jua',                    
                             'BM Kirang Haerang', 'BM                           
                             Yeonsung', 'Baghdad', 'Bangla                      
                             MN', 'Bangla Sangam MN', 'Baoli                    
                             SC', 'Baoli TC', 'Baskerville',                    
                             'Beirut', 'BiauKaiHK',                             
                             'BiauKaiTC', 'Big Caslon',                         
                             'Bodoni 72', 'Bodoni 72                            
                             Oldstyle', 'Bodoni 72                              
                             Smallcaps', 'Bodoni Ornaments',                    
                             'Bradley Hand', 'Brush Script                      
                             MT', 'Chalkboard', 'Chalkboard                     
                             SE', 'Chalkduster', 'Charter',                     
                             'Cochin', 'Comic Sans MS',                         
                             'Copperplate', 'Corsiva                            
                             Hebrew', 'Courier New', 'DIN                       
                             Alternate', 'DIN Condensed',                       
                             'Damascus', 'DecoType Naskh',                      
                             'Devanagari MT', 'Devanagari                       
                             Sangam MN', 'Didot', 'Diwan                        
                             Kufi', 'Diwan Thuluth',                            
                             'Euphemia UCAS', 'Farah',                          
                             'Farisi', 'Futura', 'GB18030                       
                             Bitmap', 'Galvji', 'Geeza Pro',                    
                             'Geneva', 'Georgia', 'Gill                         
                             Sans', 'Grantha Sangam MN',                        
                             'Gujarati MT', 'Gujarati Sangam                    
                             MN', 'GungSeo', 'Gurmukhi MN',                     
                             'Gurmukhi MT', 'Gurmukhi Sangam                    
                             MN', 'Hannotate SC', 'Hannotate                    
                             TC', 'HanziPen SC', 'HanziPen                      
                             TC', 'HeadLineA', 'Hei', 'Heiti                    
                             SC', 'Heiti TC', 'Helvetica',                      
                             'Helvetica Neue', 'Herculanum',                    
                             'Hiragino Maru Gothic ProN',                       
                             'Hiragino Mincho ProN',                            
                             'Hiragino Sans', 'Hiragino Sans                    
                             GB', 'Hoefler Text', 'ITF                          
                             Devanagari', 'ITF Devanagari                       
                             Marathi', 'Impact',                                
                             'InaiMathi', 'Kai', 'Kailasa',                     
                             'Kaiti SC', 'Kaiti TC',                            
                             'Kannada MN', 'Kannada Sangam                      
                             MN', 'Kefa III', 'Khmer MN',                       
                             'Khmer Sangam MN', 'Klee',                         
                             'Kohinoor Bangla', 'Kohinoor                       
                             Devanagari', 'Kohinoor                             
                             Gujarati', 'Kohinoor Telugu',                      
                             'Kokonor', 'Krungthep',                            
                             'KufiStandardGK', 'LXGW                            
                             ZhenKai', 'Lantinghei SC',                         
                             'Lantinghei TC', 'Lao MN', 'Lao                    
                             Sangam MN', 'LiHei Pro',                           
                             'LiSong Pro', 'Libian SC',                         
                             'Libian TC', 'LingWai SC',                         
                             'LingWai TC', 'Lucida Grande',                     
                             'Luminari', 'Malayalam MN',                        
                             'Malayalam Sangam MN', 'Marker                     
                             Felt', 'Menlo', 'Microsoft Sans                    
                             Serif', 'Mishafi', 'Mishafi                        
                             Gold', 'Monaco', 'Monospace',                      
                             'Mshtakan', 'Mukta Mahee',                         
                             'Muna', 'Myanmar MN', 'Myanmar                     
                             Sangam MN', 'Nadeem', 'Nanum                       
                             Brush Script', 'Nanum Gothic',                     
                             'Nanum Myeongjo', 'Nanum Pen                       
                             Script', 'New Peninim MT',                         
                             'Noteworthy', 'Noto Nastaliq                       
                             Urdu', 'Noto Sans Batak', 'Noto                    
                             Sans Kannada', 'Noto Sans                          
                             Myanmar', 'Noto Sans NKo',                         
                             'Noto Sans Oriya', 'Noto Sans                      
                             Syriac', 'Noto Sans Tagalog',                      
                             'Noto Serif Myanmar', 'Optima',                    
                             'Oriya MN', 'Oriya Sangam MN',                     
                             'Osaka', 'PCMyungjo', 'PT                          
                             Mono', 'PT Sans', 'PT Sans                         
                             Caption', 'PT Sans Narrow', 'PT                    
                             Serif', 'PT Serif Caption',                        
                             'Palatino', 'Papyrus', 'Party                      
                             LET', 'Phosphate', 'PilGi',                        
                             'PingFang HK', 'PingFang MO',                      
                             'PingFang SC', 'PingFang TC',                      
                             'Plantagenet Cherokee',                            
                             'Raanana', 'Rockwell',                             
                             'STFangsong', 'STHeiti', 'STIX                     
                             Two Math', 'STIX Two Text',                        
                             'STKaiti', 'STSong', 'Sana',                       
                             'Sans', 'Sathu', 'Savoye LET',                     
                             'Serif', 'Shree Devanagari                         
                             714', 'SignPainter', 'Silom',                      
                             'SimSong', 'Sinhala MN',                           
                             'Sinhala Sangam MN', 'Skia',                       
                             'Snell Roundhand', 'Songti SC',                    
                             'Songti TC', 'Sukhumvit Set',                      
                             'Symbol', 'Tahoma', 'Tamil MN',                    
                             'Tamil Sangam MN', 'Telugu MN',                    
                             'Telugu Sangam MN', 'Thonburi',                    
                             'Times New Roman', 'Toppan                         
                             Bunkyu Gothic', 'Toppan Bunkyu                     
                             Midashi Gothic', 'Toppan Bunkyu                    
                             Midashi Mincho', 'Toppan Bunkyu                    
                             Mincho', 'Trattatello',                            
                             'Trebuchet MS', 'Tsukushi A                        
                             Round Gothic', 'Tsukushi B                         
                             Round Gothic', 'Verdana',                          
                             'Waseem', 'Wawati SC', 'Wawati                     
                             TC', 'Webdings', 'Weibei SC',                      
                             'Weibei TC', 'Wingdings',                          
                             'Wingdings 2', 'Wingdings 3',                      
                             'Xingkai SC', 'Xingkai TC',                        
                             'YuGothic', 'YuKyokasho',                          
                             'YuKyokasho Yoko', 'YuMincho',                     
                             'YuMincho +36p Kana', 'Yuanti                      
                             SC', 'Yuanti TC', 'Yuppy SC',                      
                             'Yuppy TC', 'Zapf Dingbats',                       
                             'Zapfino', 'cursive',                              
                             'fantasy', 'system-ui'].                           
                    WARNING  Font Noto Sans CJK SC not in    text_mobject.py:464
                             ['.AppleSystemUIFont', 'Academy                    
                             Engraved LET', 'Al Bayan', 'Al                     
                             Nile', 'Al Tarikh', 'American                      
                             Typewriter', 'Andale Mono',                        
                             'Apple Braille', 'Apple                            
                             Chancery', 'Apple Color Emoji',                    
                             'Apple LiGothic', 'Apple                           
                             LiSung', 'Apple SD Gothic Neo',                    
                             'Apple Symbols', 'AppleGothic',                    
                             'AppleMyungjo', 'Arial', 'Arial                    
                             Black', 'Arial Hebrew', 'Arial                     
                             Hebrew Scholar', 'Arial                            
                             Narrow', 'Arial Rounded MT                         
                             Bold', 'Arial Unicode MS',                         
                             'Avenir', 'Avenir Next',                           
                             'Avenir Next Condensed',                           
                             'Ayuthaya', 'BIZ UDGothic',                        
                             'BIZ UDMincho', 'BM Dohyeon',                      
                             'BM Hanna 11yrs Old', 'BM Hanna                    
                             Air', 'BM Hanna Pro', 'BM Jua',                    
                             'BM Kirang Haerang', 'BM                           
                             Yeonsung', 'Baghdad', 'Bangla                      
                             MN', 'Bangla Sangam MN', 'Baoli                    
                             SC', 'Baoli TC', 'Baskerville',                    
                             'Beirut', 'BiauKaiHK',                             
                             'BiauKaiTC', 'Big Caslon',                         
                             'Bodoni 72', 'Bodoni 72                            
                             Oldstyle', 'Bodoni 72                              
                             Smallcaps', 'Bodoni Ornaments',                    
                             'Bradley Hand', 'Brush Script                      
                             MT', 'Chalkboard', 'Chalkboard                     
                             SE', 'Chalkduster', 'Charter',                     
                             'Cochin', 'Comic Sans MS',                         
                             'Copperplate', 'Corsiva                            
                             Hebrew', 'Courier New', 'DIN                       
                             Alternate', 'DIN Condensed',                       
                             'Damascus', 'DecoType Naskh',                      
                             'Devanagari MT', 'Devanagari                       
                             Sangam MN', 'Didot', 'Diwan                        
                             Kufi', 'Diwan Thuluth',                            
                             'Euphemia UCAS', 'Farah',                          
                             'Farisi', 'Futura', 'GB18030                       
                             Bitmap', 'Galvji', 'Geeza Pro',                    
                             'Geneva', 'Georgia', 'Gill                         
                             Sans', 'Grantha Sangam MN',                        
                             'Gujarati MT', 'Gujarati Sangam                    
                             MN', 'GungSeo', 'Gurmukhi MN',                     
                             'Gurmukhi MT', 'Gurmukhi Sangam                    
                             MN', 'Hannotate SC', 'Hannotate                    
                             TC', 'HanziPen SC', 'HanziPen                      
                             TC', 'HeadLineA', 'Hei', 'Heiti                    
                             SC', 'Heiti TC', 'Helvetica',                      
                             'Helvetica Neue', 'Herculanum',                    
                             'Hiragino Maru Gothic ProN',                       
                             'Hiragino Mincho ProN',                            
                             'Hiragino Sans', 'Hiragino Sans                    
                             GB', 'Hoefler Text', 'ITF                          
                             Devanagari', 'ITF Devanagari                       
                             Marathi', 'Impact',                                
                             'InaiMathi', 'Kai', 'Kailasa',                     
                             'Kaiti SC', 'Kaiti TC',                            
                             'Kannada MN', 'Kannada Sangam                      
                             MN', 'Kefa III', 'Khmer MN',                       
                             'Khmer Sangam MN', 'Klee',                         
                             'Kohinoor Bangla', 'Kohinoor                       
                             Devanagari', 'Kohinoor                             
                             Gujarati', 'Kohinoor Telugu',                      
                             'Kokonor', 'Krungthep',                            
                             'KufiStandardGK', 'LXGW                            
                             ZhenKai', 'Lantinghei SC',                         
                             'Lantinghei TC', 'Lao MN', 'Lao                    
                             Sangam MN', 'LiHei Pro',                           
                             'LiSong Pro', 'Libian SC',                         
                             'Libian TC', 'LingWai SC',                         
                             'LingWai TC', 'Lucida Grande',                     
                             'Luminari', 'Malayalam MN',                        
                             'Malayalam Sangam MN', 'Marker                     
                             Felt', 'Menlo', 'Microsoft Sans                    
                             Serif', 'Mishafi', 'Mishafi                        
                             Gold', 'Monaco', 'Monospace',                      
                             'Mshtakan', 'Mukta Mahee',                         
                             'Muna', 'Myanmar MN', 'Myanmar                     
                             Sangam MN', 'Nadeem', 'Nanum                       
                             Brush Script', 'Nanum Gothic',                     
                             'Nanum Myeongjo', 'Nanum Pen                       
                             Script', 'New Peninim MT',                         
                             'Noteworthy', 'Noto Nastaliq                       
                             Urdu', 'Noto Sans Batak', 'Noto                    
                             Sans Kannada', 'Noto Sans                          
                             Myanmar', 'Noto Sans NKo',                         
                             'Noto Sans Oriya', 'Noto Sans                      
                             Syriac', 'Noto Sans Tagalog',                      
                             'Noto Serif Myanmar', 'Optima',                    
                             'Oriya MN', 'Oriya Sangam MN',                     
                             'Osaka', 'PCMyungjo', 'PT                          
                             Mono', 'PT Sans', 'PT Sans                         
                             Caption', 'PT Sans Narrow', 'PT                    
                             Serif', 'PT Serif Caption',                        
                             'Palatino', 'Papyrus', 'Party                      
                             LET', 'Phosphate', 'PilGi',                        
                             'PingFang HK', 'PingFang MO',                      
                             'PingFang SC', 'PingFang TC',                      
                             'Plantagenet Cherokee',                            
                             'Raanana', 'Rockwell',                             
                             'STFangsong', 'STHeiti', 'STIX                     
                             Two Math', 'STIX Two Text',                        
                             'STKaiti', 'STSong', 'Sana',                       
                             'Sans', 'Sathu', 'Savoye LET',                     
                             'Serif', 'Shree Devanagari                         
                             714', 'SignPainter', 'Silom',                      
                             'SimSong', 'Sinhala MN',                           
                             'Sinhala Sangam MN', 'Skia',                       
                             'Snell Roundhand', 'Songti SC',                    
                             'Songti TC', 'Sukhumvit Set',                      
                             'Symbol', 'Tahoma', 'Tamil MN',                    
                             'Tamil Sangam MN', 'Telugu MN',                    
                             'Telugu Sangam MN', 'Thonburi',                    
                             'Times New Roman', 'Toppan                         
                             Bunkyu Gothic', 'Toppan Bunkyu                     
                             Midashi Gothic', 'Toppan Bunkyu                    
                             Midashi Mincho', 'Toppan Bunkyu                    
                             Mincho', 'Trattatello',                            
                             'Trebuchet MS', 'Tsukushi A                        
                             Round Gothic', 'Tsukushi B                         
                             Round Gothic', 'Verdana',                          
                             'Waseem', 'Wawati SC', 'Wawati                     
                             TC', 'Webdings', 'Weibei SC',                      
                             'Weibei TC', 'Wingdings',                          
                             'Wingdings 2', 'Wingdings 3',                      
                             'Xingkai SC', 'Xingkai TC',                        
                             'YuGothic', 'YuKyokasho',                          
                             'YuKyokasho Yoko', 'YuMincho',                     
                             'YuMincho +36p Kana', 'Yuanti                      
                             SC', 'Yuanti TC', 'Yuppy SC',                      
                             'Yuppy TC', 'Zapf Dingbats',                       
                             'Zapfino', 'cursive',                              
                             'fantasy', 'system-ui'].                           
                    WARNING  Font Noto Sans CJK SC not in    text_mobject.py:464
                             ['.AppleSystemUIFont', 'Academy                    
                             Engraved LET', 'Al Bayan', 'Al                     
                             Nile', 'Al Tarikh', 'American                      
                             Typewriter', 'Andale Mono',                        
                             'Apple Braille', 'Apple                            
                             Chancery', 'Apple Color Emoji',                    
                             'Apple LiGothic', 'Apple                           
                             LiSung', 'Apple SD Gothic Neo',                    
                             'Apple Symbols', 'AppleGothic',                    
                             'AppleMyungjo', 'Arial', 'Arial                    
                             Black', 'Arial Hebrew', 'Arial                     
                             Hebrew Scholar', 'Arial                            
                             Narrow', 'Arial Rounded MT                         
                             Bold', 'Arial Unicode MS',                         
                             'Avenir', 'Avenir Next',                           
                             'Avenir Next Condensed',                           
                             'Ayuthaya', 'BIZ UDGothic',                        
                             'BIZ UDMincho', 'BM Dohyeon',                      
                             'BM Hanna 11yrs Old', 'BM Hanna                    
                             Air', 'BM Hanna Pro', 'BM Jua',                    
                             'BM Kirang Haerang', 'BM                           
                             Yeonsung', 'Baghdad', 'Bangla                      
                             MN', 'Bangla Sangam MN', 'Baoli                    
                             SC', 'Baoli TC', 'Baskerville',                    
                             'Beirut', 'BiauKaiHK',                             
                             'BiauKaiTC', 'Big Caslon',                         
                             'Bodoni 72', 'Bodoni 72                            
                             Oldstyle', 'Bodoni 72                              
                             Smallcaps', 'Bodoni Ornaments',                    
                             'Bradley Hand', 'Brush Script                      
                             MT', 'Chalkboard', 'Chalkboard                     
                             SE', 'Chalkduster', 'Charter',                     
                             'Cochin', 'Comic Sans MS',                         
                             'Copperplate', 'Corsiva                            
                             Hebrew', 'Courier New', 'DIN                       
                             Alternate', 'DIN Condensed',                       
                             'Damascus', 'DecoType Naskh',                      
                             'Devanagari MT', 'Devanagari                       
                             Sangam MN', 'Didot', 'Diwan                        
                             Kufi', 'Diwan Thuluth',                            
                             'Euphemia UCAS', 'Farah',                          
                             'Farisi', 'Futura', 'GB18030                       
                             Bitmap', 'Galvji', 'Geeza Pro',                    
                             'Geneva', 'Georgia', 'Gill                         
                             Sans', 'Grantha Sangam MN',                        
                             'Gujarati MT', 'Gujarati Sangam                    
                             MN', 'GungSeo', 'Gurmukhi MN',                     
                             'Gurmukhi MT', 'Gurmukhi Sangam                    
                             MN', 'Hannotate SC', 'Hannotate                    
                             TC', 'HanziPen SC', 'HanziPen                      
                             TC', 'HeadLineA', 'Hei', 'Heiti                    
                             SC', 'Heiti TC', 'Helvetica',                      
                             'Helvetica Neue', 'Herculanum',                    
                             'Hiragino Maru Gothic ProN',                       
                             'Hiragino Mincho ProN',                            
                             'Hiragino Sans', 'Hiragino Sans                    
                             GB', 'Hoefler Text', 'ITF                          
                             Devanagari', 'ITF Devanagari                       
                             Marathi', 'Impact',                                
                             'InaiMathi', 'Kai', 'Kailasa',                     
                             'Kaiti SC', 'Kaiti TC',                            
                             'Kannada MN', 'Kannada Sangam                      
                             MN', 'Kefa III', 'Khmer MN',                       
                             'Khmer Sangam MN', 'Klee',                         
                             'Kohinoor Bangla', 'Kohinoor                       
                             Devanagari', 'Kohinoor                             
                             Gujarati', 'Kohinoor Telugu',                      
                             'Kokonor', 'Krungthep',                            
                             'KufiStandardGK', 'LXGW                            
                             ZhenKai', 'Lantinghei SC',                         
                             'Lantinghei TC', 'Lao MN', 'Lao                    
                             Sangam MN', 'LiHei Pro',                           
                             'LiSong Pro', 'Libian SC',                         
                             'Libian TC', 'LingWai SC',                         
                             'LingWai TC', 'Lucida Grande',                     
                             'Luminari', 'Malayalam MN',                        
                             'Malayalam Sangam MN', 'Marker                     
                             Felt', 'Menlo', 'Microsoft Sans                    
                             Serif', 'Mishafi', 'Mishafi                        
                             Gold', 'Monaco', 'Monospace',                      
                             'Mshtakan', 'Mukta Mahee',                         
                             'Muna', 'Myanmar MN', 'Myanmar                     
                             Sangam MN', 'Nadeem', 'Nanum                       
                             Brush Script', 'Nanum Gothic',                     
                             'Nanum Myeongjo', 'Nanum Pen                       
                             Script', 'New Peninim MT',                         
                             'Noteworthy', 'Noto Nastaliq                       
                             Urdu', 'Noto Sans Batak', 'Noto                    
                             Sans Kannada', 'Noto Sans                          
                             Myanmar', 'Noto Sans NKo',                         
                             'Noto Sans Oriya', 'Noto Sans                      
                             Syriac', 'Noto Sans Tagalog',                      
                             'Noto Serif Myanmar', 'Optima',                    
                             'Oriya MN', 'Oriya Sangam MN',                     
                             'Osaka', 'PCMyungjo', 'PT                          
                             Mono', 'PT Sans', 'PT Sans                         
                             Caption', 'PT Sans Narrow', 'PT                    
                             Serif', 'PT Serif Caption',                        
                             'Palatino', 'Papyrus', 'Party                      
                             LET', 'Phosphate', 'PilGi',                        
                             'PingFang HK', 'PingFang MO',                      
                             'PingFang SC', 'PingFang TC',                      
                             'Plantagenet Cherokee',                            
                             'Raanana', 'Rockwell',                             
                             'STFangsong', 'STHeiti', 'STIX                     
                             Two Math', 'STIX Two Text',                        
                             'STKaiti', 'STSong', 'Sana',                       
                             'Sans', 'Sathu', 'Savoye LET',                     
                             'Serif', 'Shree Devanagari                         
                             714', 'SignPainter', 'Silom',                      
                             'SimSong', 'Sinhala MN',                           
                             'Sinhala Sangam MN', 'Skia',                       
                             'Snell Roundhand', 'Songti SC',                    
                             'Songti TC', 'Sukhumvit Set',                      
                             'Symbol', 'Tahoma', 'Tamil MN',                    
                             'Tamil Sangam MN', 'Telugu MN',                    
                             'Telugu Sangam MN', 'Thonburi',                    
                             'Times New Roman', 'Toppan                         
                             Bunkyu Gothic', 'Toppan Bunkyu                     
                             Midashi Gothic', 'Toppan Bunkyu                    
                             Midashi Mincho', 'Toppan Bunkyu                    
                             Mincho', 'Trattatello',                            
                             'Trebuchet MS', 'Tsukushi A                        
                             Round Gothic', 'Tsukushi B                         
                             Round Gothic', 'Verdana',                          
                             'Waseem', 'Wawati SC', 'Wawati                     
                             TC', 'Webdings', 'Weibei SC',                      
                             'Weibei TC', 'Wingdings',                          
                             'Wingdings 2', 'Wingdings 3',                      
                             'Xingkai SC', 'Xingkai TC',                        
                             'YuGothic', 'YuKyokasho',                          
                             'YuKyokasho Yoko', 'YuMincho',                     
                             'YuMincho +36p Kana', 'Yuanti                      
                             SC', 'Yuanti TC', 'Yuppy SC',                      
                             'Yuppy TC', 'Zapf Dingbats',                       
                             'Zapfino', 'cursive',                              
                             'fantasy', 'system-ui'].                           
                    WARNING  Font Noto Sans CJK SC not in    text_mobject.py:464
                             ['.AppleSystemUIFont', 'Academy                    
                             Engraved LET', 'Al Bayan', 'Al                     
                             Nile', 'Al Tarikh', 'American                      
                             Typewriter', 'Andale Mono',                        
                             'Apple Braille', 'Apple                            
                             Chancery', 'Apple Color Emoji',                    
                             'Apple LiGothic', 'Apple                           
                             LiSung', 'Apple SD Gothic Neo',                    
                             'Apple Symbols', 'AppleGothic',                    
                             'AppleMyungjo', 'Arial', 'Arial                    
                             Black', 'Arial Hebrew', 'Arial                     
                             Hebrew Scholar', 'Arial                            
                             Narrow', 'Arial Rounded MT                         
                             Bold', 'Arial Unicode MS',                         
                             'Avenir', 'Avenir Next',                           
                             'Avenir Next Condensed',                           
                             'Ayuthaya', 'BIZ UDGothic',                        
                             'BIZ UDMincho', 'BM Dohyeon',                      
                             'BM Hanna 11yrs Old', 'BM Hanna                    
                             Air', 'BM Hanna Pro', 'BM Jua',                    
                             'BM Kirang Haerang', 'BM                           
                             Yeonsung', 'Baghdad', 'Bangla                      
                             MN', 'Bangla Sangam MN', 'Baoli                    
                             SC', 'Baoli TC', 'Baskerville',                    
                             'Beirut', 'BiauKaiHK',                             
                             'BiauKaiTC', 'Big Caslon',                         
                             'Bodoni 72', 'Bodoni 72                            
                             Oldstyle', 'Bodoni 72                              
                             Smallcaps', 'Bodoni Ornaments',                    
                             'Bradley Hand', 'Brush Script                      
                             MT', 'Chalkboard', 'Chalkboard                     
                             SE', 'Chalkduster', 'Charter',                     
                             'Cochin', 'Comic Sans MS',                         
                             'Copperplate', 'Corsiva                            
                             Hebrew', 'Courier New', 'DIN                       
                             Alternate', 'DIN Condensed',                       
                             'Damascus', 'DecoType Naskh',                      
                             'Devanagari MT', 'Devanagari                       
                             Sangam MN', 'Didot', 'Diwan                        
                             Kufi', 'Diwan Thuluth',                            
                             'Euphemia UCAS', 'Farah',                          
                             'Farisi', 'Futura', 'GB18030                       
                             Bitmap', 'Galvji', 'Geeza Pro',                    
                             'Geneva', 'Georgia', 'Gill                         
                             Sans', 'Grantha Sangam MN',                        
                             'Gujarati MT', 'Gujarati Sangam                    
                             MN', 'GungSeo', 'Gurmukhi MN',                     
                             'Gurmukhi MT', 'Gurmukhi Sangam                    
                             MN', 'Hannotate SC', 'Hannotate                    
                             TC', 'HanziPen SC', 'HanziPen                      
                             TC', 'HeadLineA', 'Hei', 'Heiti                    
                             SC', 'Heiti TC', 'Helvetica',                      
                             'Helvetica Neue', 'Herculanum',                    
                             'Hiragino Maru Gothic ProN',                       
                             'Hiragino Mincho ProN',                            
                             'Hiragino Sans', 'Hiragino Sans                    
                             GB', 'Hoefler Text', 'ITF                          
                             Devanagari', 'ITF Devanagari                       
                             Marathi', 'Impact',                                
                             'InaiMathi', 'Kai', 'Kailasa',                     
                             'Kaiti SC', 'Kaiti TC',                            
                             'Kannada MN', 'Kannada Sangam                      
                             MN', 'Kefa III', 'Khmer MN',                       
                             'Khmer Sangam MN', 'Klee',                         
                             'Kohinoor Bangla', 'Kohinoor                       
                             Devanagari', 'Kohinoor                             
                             Gujarati', 'Kohinoor Telugu',                      
                             'Kokonor', 'Krungthep',                            
                             'KufiStandardGK', 'LXGW                            
                             ZhenKai', 'Lantinghei SC',                         
                             'Lantinghei TC', 'Lao MN', 'Lao                    
                             Sangam MN', 'LiHei Pro',                           
                             'LiSong Pro', 'Libian SC',                         
                             'Libian TC', 'LingWai SC',                         
                             'LingWai TC', 'Lucida Grande',                     
                             'Luminari', 'Malayalam MN',                        
                             'Malayalam Sangam MN', 'Marker                     
                             Felt', 'Menlo', 'Microsoft Sans                    
                             Serif', 'Mishafi', 'Mishafi                        
                             Gold', 'Monaco', 'Monospace',                      
                             'Mshtakan', 'Mukta Mahee',                         
                             'Muna', 'Myanmar MN', 'Myanmar                     
                             Sangam MN', 'Nadeem', 'Nanum                       
                             Brush Script', 'Nanum Gothic',                     
                             'Nanum Myeongjo', 'Nanum Pen                       
                             Script', 'New Peninim MT',                         
                             'Noteworthy', 'Noto Nastaliq                       
                             Urdu', 'Noto Sans Batak', 'Noto                    
                             Sans Kannada', 'Noto Sans                          
                             Myanmar', 'Noto Sans NKo',                         
                             'Noto Sans Oriya', 'Noto Sans                      
                             Syriac', 'Noto Sans Tagalog',                      
                             'Noto Serif Myanmar', 'Optima',                    
                             'Oriya MN', 'Oriya Sangam MN',                     
                             'Osaka', 'PCMyungjo', 'PT                          
                             Mono', 'PT Sans', 'PT Sans                         
                             Caption', 'PT Sans Narrow', 'PT                    
                             Serif', 'PT Serif Caption',                        
                             'Palatino', 'Papyrus', 'Party                      
                             LET', 'Phosphate', 'PilGi',                        
                             'PingFang HK', 'PingFang MO',                      
                             'PingFang SC', 'PingFang TC',                      
                             'Plantagenet Cherokee',                            
                             'Raanana', 'Rockwell',                             
                             'STFangsong', 'STHeiti', 'STIX                     
                             Two Math', 'STIX Two Text',                        
                             'STKaiti', 'STSong', 'Sana',                       
                             'Sans', 'Sathu', 'Savoye LET',                     
                             'Serif', 'Shree Devanagari                         
                             714', 'SignPainter', 'Silom',                      
                             'SimSong', 'Sinhala MN',                           
                             'Sinhala Sangam MN', 'Skia',                       
                             'Snell Roundhand', 'Songti SC',                    
                             'Songti TC', 'Sukhumvit Set',                      
                             'Symbol', 'Tahoma', 'Tamil MN',                    
                             'Tamil Sangam MN', 'Telugu MN',                    
                             'Telugu Sangam MN', 'Thonburi',                    
                             'Times New Roman', 'Toppan                         
                             Bunkyu Gothic', 'Toppan Bunkyu                     
                             Midashi Gothic', 'Toppan Bunkyu                    
                             Midashi Mincho', 'Toppan Bunkyu                    
                             Mincho', 'Trattatello',                            
                             'Trebuchet MS', 'Tsukushi A                        
                             Round Gothic', 'Tsukushi B                         
                             Round Gothic', 'Verdana',                          
                             'Waseem', 'Wawati SC', 'Wawati                     
                             TC', 'Webdings', 'Weibei SC',                      
                             'Weibei TC', 'Wingdings',                          
                             'Wingdings 2', 'Wingdings 3',                      
                             'Xingkai SC', 'Xingkai TC',                        
                             'YuGothic', 'YuKyokasho',                          
                             'YuKyokasho Yoko', 'YuMincho',                     
                             'YuMincho +36p Kana', 'Yuanti                      
                             SC', 'Yuanti TC', 'Yuppy SC',                      
                             'Yuppy TC', 'Zapf Dingbats',                       
                             'Zapfino', 'cursive',                              
                             'fantasy', 'system-ui'].                           
Animation 13: _MethodAnimation(VGroup of 4 submobjects):   0%|          | 0/27 [00:00<?, ?it/s]Animation 13: _MethodAnimation(VGroup of 4 submobjects):  48%|████▊     | 13/27 [00:00<00:00, 127.90it/s]Animation 13: _MethodAnimation(VGroup of 4 submobjects): 100%|██████████| 27/27 [00:00<00:00, 130.14it/s]                                                                                                         [02/27/26 10:18:11] INFO     Animation 13 : Partial     scene_file_writer.py:590
                             movie file written in                              
                             '/Users/mx/Desktop/manim_m                         
                             ath/高中/高三/第二学期/第                          
                             十七章-概率论初步/001随机                          
                             事件与概率/media/videos/pr                         
                             obability/1920p60/partial_                         
                             movie_files/ProbabilitySce                         
                             ne/656162490_175675968_209                         
                             5417327.mp4'                                       
Animation 14: _MethodAnimation(VGroup of 4 submobjects):   0%|          | 0/27 [00:00<?, ?it/s]Animation 14: _MethodAnimation(VGroup of 4 submobjects):  48%|████▊     | 13/27 [00:00<00:00, 124.08it/s]                                                                                                         [02/27/26 10:18:12] INFO     Animation 14 : Partial     scene_file_writer.py:590
                             movie file written in                              
                             '/Users/mx/Desktop/manim_m                         
                             ath/高中/高三/第二学期/第                          
                             十七章-概率论初步/001随机                          
                             事件与概率/media/videos/pr                         
                             obability/1920p60/partial_                         
                             movie_files/ProbabilitySce                         
                             ne/656162490_1368034301_13                         
                             71542277.mp4'                                      
Animation 15: _MethodAnimation(VGroup of 4 submobjects):   0%|          | 0/27 [00:00<?, ?it/s]Animation 15: _MethodAnimation(VGroup of 4 submobjects):  44%|████▍     | 12/27 [00:00<00:00, 113.00it/s]Animation 15: _MethodAnimation(VGroup of 4 submobjects):  89%|████████▉ | 24/27 [00:00<00:00, 114.26it/s]                                                                                                         [02/27/26 10:18:13] INFO     Animation 15 : Partial     scene_file_writer.py:590
                             movie file written in                              
                             '/Users/mx/Desktop/manim_m                         
                             ath/高中/高三/第二学期/第                          
                             十七章-概率论初步/001随机                          
                             事件与概率/media/videos/pr                         
                             obability/1920p60/partial_                         
                             movie_files/ProbabilitySce                         
                             ne/656162490_394910289_122                         
                             2549261.mp4'                                       
                    WARNING  Font Noto Sans CJK SC not in    text_mobject.py:464
                             ['.AppleSystemUIFont', 'Academy                    
                             Engraved LET', 'Al Bayan', 'Al                     
                             Nile', 'Al Tarikh', 'American                      
                             Typewriter', 'Andale Mono',                        
                             'Apple Braille', 'Apple                            
                             Chancery', 'Apple Color Emoji',                    
                             'Apple LiGothic', 'Apple                           
                             LiSung', 'Apple SD Gothic Neo',                    
                             'Apple Symbols', 'AppleGothic',                    
                             'AppleMyungjo', 'Arial', 'Arial                    
                             Black', 'Arial Hebrew', 'Arial                     
                             Hebrew Scholar', 'Arial                            
                             Narrow', 'Arial Rounded MT                         
                             Bold', 'Arial Unicode MS',                         
                             'Avenir', 'Avenir Next',                           
                             'Avenir Next Condensed',                           
                             'Ayuthaya', 'BIZ UDGothic',                        
                             'BIZ UDMincho', 'BM Dohyeon',                      
                             'BM Hanna 11yrs Old', 'BM Hanna                    
                             Air', 'BM Hanna Pro', 'BM Jua',                    
                             'BM Kirang Haerang', 'BM                           
                             Yeonsung', 'Baghdad', 'Bangla                      
                             MN', 'Bangla Sangam MN', 'Baoli                    
                             SC', 'Baoli TC', 'Baskerville',                    
                             'Beirut', 'BiauKaiHK',                             
                             'BiauKaiTC', 'Big Caslon',                         
                             'Bodoni 72', 'Bodoni 72                            
                             Oldstyle', 'Bodoni 72                              
                             Smallcaps', 'Bodoni Ornaments',                    
                             'Bradley Hand', 'Brush Script                      
                             MT', 'Chalkboard', 'Chalkboard                     
                             SE', 'Chalkduster', 'Charter',                     
                             'Cochin', 'Comic Sans MS',                         
                             'Copperplate', 'Corsiva                            
                             Hebrew', 'Courier New', 'DIN                       
                             Alternate', 'DIN Condensed',                       
                             'Damascus', 'DecoType Naskh',                      
                             'Devanagari MT', 'Devanagari                       
                             Sangam MN', 'Didot', 'Diwan                        
                             Kufi', 'Diwan Thuluth',                            
                             'Euphemia UCAS', 'Farah',                          
                             'Farisi', 'Futura', 'GB18030                       
                             Bitmap', 'Galvji', 'Geeza Pro',                    
                             'Geneva', 'Georgia', 'Gill                         
                             Sans', 'Grantha Sangam MN',                        
                             'Gujarati MT', 'Gujarati Sangam                    
                             MN', 'GungSeo', 'Gurmukhi MN',                     
                             'Gurmukhi MT', 'Gurmukhi Sangam                    
                             MN', 'Hannotate SC', 'Hannotate                    
                             TC', 'HanziPen SC', 'HanziPen                      
                             TC', 'HeadLineA', 'Hei', 'Heiti                    
                             SC', 'Heiti TC', 'Helvetica',                      
                             'Helvetica Neue', 'Herculanum',                    
                             'Hiragino Maru Gothic ProN',                       
                             'Hiragino Mincho ProN',                            
                             'Hiragino Sans', 'Hiragino Sans                    
                             GB', 'Hoefler Text', 'ITF                          
                             Devanagari', 'ITF Devanagari                       
                             Marathi', 'Impact',                                
                             'InaiMathi', 'Kai', 'Kailasa',                     
                             'Kaiti SC', 'Kaiti TC',                            
                             'Kannada MN', 'Kannada Sangam                      
                             MN', 'Kefa III', 'Khmer MN',                       
                             'Khmer Sangam MN', 'Klee',                         
                             'Kohinoor Bangla', 'Kohinoor                       
                             Devanagari', 'Kohinoor                             
                             Gujarati', 'Kohinoor Telugu',                      
                             'Kokonor', 'Krungthep',                            
                             'KufiStandardGK', 'LXGW                            
                             ZhenKai', 'Lantinghei SC',                         
                             'Lantinghei TC', 'Lao MN', 'Lao                    
                             Sangam MN', 'LiHei Pro',                           
                             'LiSong Pro', 'Libian SC',                         
                             'Libian TC', 'LingWai SC',                         
                             'LingWai TC', 'Lucida Grande',                     
                             'Luminari', 'Malayalam MN',                        
                             'Malayalam Sangam MN', 'Marker                     
                             Felt', 'Menlo', 'Microsoft Sans                    
                             Serif', 'Mishafi', 'Mishafi                        
                             Gold', 'Monaco', 'Monospace',                      
                             'Mshtakan', 'Mukta Mahee',                         
                             'Muna', 'Myanmar MN', 'Myanmar                     
                             Sangam MN', 'Nadeem', 'Nanum                       
                             Brush Script', 'Nanum Gothic',                     
                             'Nanum Myeongjo', 'Nanum Pen                       
                             Script', 'New Peninim MT',                         
                             'Noteworthy', 'Noto Nastaliq                       
                             Urdu', 'Noto Sans Batak', 'Noto                    
                             Sans Kannada', 'Noto Sans                          
                             Myanmar', 'Noto Sans NKo',                         
                             'Noto Sans Oriya', 'Noto Sans                      
                             Syriac', 'Noto Sans Tagalog',                      
                             'Noto Serif Myanmar', 'Optima',                    
                             'Oriya MN', 'Oriya Sangam MN',                     
                             'Osaka', 'PCMyungjo', 'PT                          
                             Mono', 'PT Sans', 'PT Sans                         
                             Caption', 'PT Sans Narrow', 'PT                    
                             Serif', 'PT Serif Caption',                        
                             'Palatino', 'Papyrus', 'Party                      
                             LET', 'Phosphate', 'PilGi',                        
                             'PingFang HK', 'PingFang MO',                      
                             'PingFang SC', 'PingFang TC',                      
                             'Plantagenet Cherokee',                            
                             'Raanana', 'Rockwell',                             
                             'STFangsong', 'STHeiti', 'STIX                     
                             Two Math', 'STIX Two Text',                        
                             'STKaiti', 'STSong', 'Sana',                       
                             'Sans', 'Sathu', 'Savoye LET',                     
                             'Serif', 'Shree Devanagari                         
                             714', 'SignPainter', 'Silom',                      
                             'SimSong', 'Sinhala MN',                           
                             'Sinhala Sangam MN', 'Skia',                       
                             'Snell Roundhand', 'Songti SC',                    
                             'Songti TC', 'Sukhumvit Set',                      
                             'Symbol', 'Tahoma', 'Tamil MN',                    
                             'Tamil Sangam MN', 'Telugu MN',                    
                             'Telugu Sangam MN', 'Thonburi',                    
                             'Times New Roman', 'Toppan                         
                             Bunkyu Gothic', 'Toppan Bunkyu                     
                             Midashi Gothic', 'Toppan Bunkyu                    
                             Midashi Mincho', 'Toppan Bunkyu                    
                             Mincho', 'Trattatello',                            
                             'Trebuchet MS', 'Tsukushi A                        
                             Round Gothic', 'Tsukushi B                         
                             Round Gothic', 'Verdana',                          
                             'Waseem', 'Wawati SC', 'Wawati                     
                             TC', 'Webdings', 'Weibei SC',                      
                             'Weibei TC', 'Wingdings',                          
                             'Wingdings 2', 'Wingdings 3',                      
                             'Xingkai SC', 'Xingkai TC',                        
                             'YuGothic', 'YuKyokasho',                          
                             'YuKyokasho Yoko', 'YuMincho',                     
                             'YuMincho +36p Kana', 'Yuanti                      
                             SC', 'Yuanti TC', 'Yuppy SC',                      
                             'Yuppy TC', 'Zapf Dingbats',                       
                             'Zapfino', 'cursive',                              
                             'fantasy', 'system-ui'].                           
Animation 16: FadeIn(Text('• ① 可重复进行')):   0%|          | 0/24 [00:00<?, ?it/s]Animation 16: FadeIn(Text('• ① 可重复进行')):  92%|█████████▏| 22/24 [00:00<00:00, 216.69it/s]                                                                                              [02/27/26 10:18:14] INFO     Animation 16 : Partial     scene_file_writer.py:590
                             movie file written in                              
                             '/Users/mx/Desktop/manim_m                         
                             ath/高中/高三/第二学期/第                          
                             十七章-概率论初步/001随机                          
                             事件与概率/media/videos/pr                         
                             obability/1920p60/partial_                         
                             movie_files/ProbabilitySce                         
                             ne/656162490_2157750096_12                         
                             92149778.mp4'                                      
                    WARNING  Font Noto Sans CJK SC not in    text_mobject.py:464
                             ['.AppleSystemUIFont', 'Academy                    
                             Engraved LET', 'Al Bayan', 'Al                     
                             Nile', 'Al Tarikh', 'American                      
                             Typewriter', 'Andale Mono',                        
                             'Apple Braille', 'Apple                            
                             Chancery', 'Apple Color Emoji',                    
                             'Apple LiGothic', 'Apple                           
                             LiSung', 'Apple SD Gothic Neo',                    
                             'Apple Symbols', 'AppleGothic',                    
                             'AppleMyungjo', 'Arial', 'Arial                    
                             Black', 'Arial Hebrew', 'Arial                     
                             Hebrew Scholar', 'Arial                            
                             Narrow', 'Arial Rounded MT                         
                             Bold', 'Arial Unicode MS',                         
                             'Avenir', 'Avenir Next',                           
                             'Avenir Next Condensed',                           
                             'Ayuthaya', 'BIZ UDGothic',                        
                             'BIZ UDMincho', 'BM Dohyeon',                      
                             'BM Hanna 11yrs Old', 'BM Hanna                    
                             Air', 'BM Hanna Pro', 'BM Jua',                    
                             'BM Kirang Haerang', 'BM                           
                             Yeonsung', 'Baghdad', 'Bangla                      
                             MN', 'Bangla Sangam MN', 'Baoli                    
                             SC', 'Baoli TC', 'Baskerville',                    
                             'Beirut', 'BiauKaiHK',                             
                             'BiauKaiTC', 'Big Caslon',                         
                             'Bodoni 72', 'Bodoni 72                            
                             Oldstyle', 'Bodoni 72                              
                             Smallcaps', 'Bodoni Ornaments',                    
                             'Bradley Hand', 'Brush Script                      
                             MT', 'Chalkboard', 'Chalkboard                     
                             SE', 'Chalkduster', 'Charter',                     
                             'Cochin', 'Comic Sans MS',                         
                             'Copperplate', 'Corsiva                            
                             Hebrew', 'Courier New', 'DIN                       
                             Alternate', 'DIN Condensed',                       
                             'Damascus', 'DecoType Naskh',                      
                             'Devanagari MT', 'Devanagari                       
                             Sangam MN', 'Didot', 'Diwan                        
                             Kufi', 'Diwan Thuluth',                            
                             'Euphemia UCAS', 'Farah',                          
                             'Farisi', 'Futura', 'GB18030                       
                             Bitmap', 'Galvji', 'Geeza Pro',                    
                             'Geneva', 'Georgia', 'Gill                         
                             Sans', 'Grantha Sangam MN',                        
                             'Gujarati MT', 'Gujarati Sangam                    
                             MN', 'GungSeo', 'Gurmukhi MN',                     
                             'Gurmukhi MT', 'Gurmukhi Sangam                    
                             MN', 'Hannotate SC', 'Hannotate                    
                             TC', 'HanziPen SC', 'HanziPen                      
                             TC', 'HeadLineA', 'Hei', 'Heiti                    
                             SC', 'Heiti TC', 'Helvetica',                      
                             'Helvetica Neue', 'Herculanum',                    
                             'Hiragino Maru Gothic ProN',                       
                             'Hiragino Mincho ProN',                            
                             'Hiragino Sans', 'Hiragino Sans                    
                             GB', 'Hoefler Text', 'ITF                          
                             Devanagari', 'ITF Devanagari                       
                             Marathi', 'Impact',                                
                             'InaiMathi', 'Kai', 'Kailasa',                     
                             'Kaiti SC', 'Kaiti TC',                            
                             'Kannada MN', 'Kannada Sangam                      
                             MN', 'Kefa III', 'Khmer MN',                       
                             'Khmer Sangam MN', 'Klee',                         
                             'Kohinoor Bangla', 'Kohinoor                       
                             Devanagari', 'Kohinoor                             
                             Gujarati', 'Kohinoor Telugu',                      
                             'Kokonor', 'Krungthep',                            
                             'KufiStandardGK', 'LXGW                            
                             ZhenKai', 'Lantinghei SC',                         
                             'Lantinghei TC', 'Lao MN', 'Lao                    
                             Sangam MN', 'LiHei Pro',                           
                             'LiSong Pro', 'Libian SC',                         
                             'Libian TC', 'LingWai SC',                         
                             'LingWai TC', 'Lucida Grande',                     
                             'Luminari', 'Malayalam MN',                        
                             'Malayalam Sangam MN', 'Marker                     
                             Felt', 'Menlo', 'Microsoft Sans                    
                             Serif', 'Mishafi', 'Mishafi                        
                             Gold', 'Monaco', 'Monospace',                      
                             'Mshtakan', 'Mukta Mahee',                         
                             'Muna', 'Myanmar MN', 'Myanmar                     
                             Sangam MN', 'Nadeem', 'Nanum                       
                             Brush Script', 'Nanum Gothic',                     
                             'Nanum Myeongjo', 'Nanum Pen                       
                             Script', 'New Peninim MT',                         
                             'Noteworthy', 'Noto Nastaliq                       
                             Urdu', 'Noto Sans Batak', 'Noto                    
                             Sans Kannada', 'Noto Sans                          
                             Myanmar', 'Noto Sans NKo',                         
                             'Noto Sans Oriya', 'Noto Sans                      
                             Syriac', 'Noto Sans Tagalog',                      
                             'Noto Serif Myanmar', 'Optima',                    
                             'Oriya MN', 'Oriya Sangam MN',                     
                             'Osaka', 'PCMyungjo', 'PT                          
                             Mono', 'PT Sans', 'PT Sans                         
                             Caption', 'PT Sans Narrow', 'PT                    
                             Serif', 'PT Serif Caption',                        
                             'Palatino', 'Papyrus', 'Party                      
                             LET', 'Phosphate', 'PilGi',                        
                             'PingFang HK', 'PingFang MO',                      
                             'PingFang SC', 'PingFang TC',                      
                             'Plantagenet Cherokee',                            
                             'Raanana', 'Rockwell',                             
                             'STFangsong', 'STHeiti', 'STIX                     
                             Two Math', 'STIX Two Text',                        
                             'STKaiti', 'STSong', 'Sana',                       
                             'Sans', 'Sathu', 'Savoye LET',                     
                             'Serif', 'Shree Devanagari                         
                             714', 'SignPainter', 'Silom',                      
                             'SimSong', 'Sinhala MN',                           
                             'Sinhala Sangam MN', 'Skia',                       
                             'Snell Roundhand', 'Songti SC',                    
                             'Songti TC', 'Sukhumvit Set',                      
                             'Symbol', 'Tahoma', 'Tamil MN',                    
                             'Tamil Sangam MN', 'Telugu MN',                    
                             'Telugu Sangam MN', 'Thonburi',                    
                             'Times New Roman', 'Toppan                         
                             Bunkyu Gothic', 'Toppan Bunkyu                     
                             Midashi Gothic', 'Toppan Bunkyu                    
                             Midashi Mincho', 'Toppan Bunkyu                    
                             Mincho', 'Trattatello',                            
                             'Trebuchet MS', 'Tsukushi A                        
                             Round Gothic', 'Tsukushi B                         
                             Round Gothic', 'Verdana',                          
                             'Waseem', 'Wawati SC', 'Wawati                     
                             TC', 'Webdings', 'Weibei SC',                      
                             'Weibei TC', 'Wingdings',                          
                             'Wingdings 2', 'Wingdings 3',                      
                             'Xingkai SC', 'Xingkai TC',                        
                             'YuGothic', 'YuKyokasho',                          
                             'YuKyokasho Yoko', 'YuMincho',                     
                             'YuMincho +36p Kana', 'Yuanti                      
                             SC', 'Yuanti TC', 'Yuppy SC',                      
                             'Yuppy TC', 'Zapf Dingbats',                       
                             'Zapfino', 'cursive',                              
                             'fantasy', 'system-ui'].                           
Animation 17: FadeIn(Text('• ② 结果已知但不确定')):   0%|          | 0/24 [00:00<?, ?it/s]Animation 17: FadeIn(Text('• ② 结果已知但不确定')):  58%|█████▊    | 14/24 [00:00<00:00, 130.11it/s]                                                                                                    [02/27/26 10:18:15] INFO     Animation 17 : Partial     scene_file_writer.py:590
                             movie file written in                              
                             '/Users/mx/Desktop/manim_m                         
                             ath/高中/高三/第二学期/第                          
                             十七章-概率论初步/001随机                          
                             事件与概率/media/videos/pr                         
                             obability/1920p60/partial_                         
                             movie_files/ProbabilitySce                         
                             ne/656162490_2958895985_29                         
                             36556112.mp4'                                      
                    WARNING  Font Noto Sans CJK SC not in    text_mobject.py:464
                             ['.AppleSystemUIFont', 'Academy                    
                             Engraved LET', 'Al Bayan', 'Al                     
                             Nile', 'Al Tarikh', 'American                      
                             Typewriter', 'Andale Mono',                        
                             'Apple Braille', 'Apple                            
                             Chancery', 'Apple Color Emoji',                    
                             'Apple LiGothic', 'Apple                           
                             LiSung', 'Apple SD Gothic Neo',                    
                             'Apple Symbols', 'AppleGothic',                    
                             'AppleMyungjo', 'Arial', 'Arial                    
                             Black', 'Arial Hebrew', 'Arial                     
                             Hebrew Scholar', 'Arial                            
                             Narrow', 'Arial Rounded MT                         
                             Bold', 'Arial Unicode MS',                         
                             'Avenir', 'Avenir Next',                           
                             'Avenir Next Condensed',                           
                             'Ayuthaya', 'BIZ UDGothic',                        
                             'BIZ UDMincho', 'BM Dohyeon',                      
                             'BM Hanna 11yrs Old', 'BM Hanna                    
                             Air', 'BM Hanna Pro', 'BM Jua',                    
                             'BM Kirang Haerang', 'BM                           
                             Yeonsung', 'Baghdad', 'Bangla                      
                             MN', 'Bangla Sangam MN', 'Baoli                    
                             SC', 'Baoli TC', 'Baskerville',                    
                             'Beirut', 'BiauKaiHK',                             
                             'BiauKaiTC', 'Big Caslon',                         
                             'Bodoni 72', 'Bodoni 72                            
                             Oldstyle', 'Bodoni 72                              
                             Smallcaps', 'Bodoni Ornaments',                    
                             'Bradley Hand', 'Brush Script                      
                             MT', 'Chalkboard', 'Chalkboard                     
                             SE', 'Chalkduster', 'Charter',                     
                             'Cochin', 'Comic Sans MS',                         
                             'Copperplate', 'Corsiva                            
                             Hebrew', 'Courier New', 'DIN                       
                             Alternate', 'DIN Condensed',                       
                             'Damascus', 'DecoType Naskh',                      
                             'Devanagari MT', 'Devanagari                       
                             Sangam MN', 'Didot', 'Diwan                        
                             Kufi', 'Diwan Thuluth',                            
                             'Euphemia UCAS', 'Farah',                          
                             'Farisi', 'Futura', 'GB18030                       
                             Bitmap', 'Galvji', 'Geeza Pro',                    
                             'Geneva', 'Georgia', 'Gill                         
                             Sans', 'Grantha Sangam MN',                        
                             'Gujarati MT', 'Gujarati Sangam                    
                             MN', 'GungSeo', 'Gurmukhi MN',                     
                             'Gurmukhi MT', 'Gurmukhi Sangam                    
                             MN', 'Hannotate SC', 'Hannotate                    
                             TC', 'HanziPen SC', 'HanziPen                      
                             TC', 'HeadLineA', 'Hei', 'Heiti                    
                             SC', 'Heiti TC', 'Helvetica',                      
                             'Helvetica Neue', 'Herculanum',                    
                             'Hiragino Maru Gothic ProN',                       
                             'Hiragino Mincho ProN',                            
                             'Hiragino Sans', 'Hiragino Sans                    
                             GB', 'Hoefler Text', 'ITF                          
                             Devanagari', 'ITF Devanagari                       
                             Marathi', 'Impact',                                
                             'InaiMathi', 'Kai', 'Kailasa',                     
                             'Kaiti SC', 'Kaiti TC',                            
                             'Kannada MN', 'Kannada Sangam                      
                             MN', 'Kefa III', 'Khmer MN',                       
                             'Khmer Sangam MN', 'Klee',                         
                             'Kohinoor Bangla', 'Kohinoor                       
                             Devanagari', 'Kohinoor                             
                             Gujarati', 'Kohinoor Telugu',                      
                             'Kokonor', 'Krungthep',                            
                             'KufiStandardGK', 'LXGW                            
                             ZhenKai', 'Lantinghei SC',                         
                             'Lantinghei TC', 'Lao MN', 'Lao                    
                             Sangam MN', 'LiHei Pro',                           
                             'LiSong Pro', 'Libian SC',                         
                             'Libian TC', 'LingWai SC',                         
                             'LingWai TC', 'Lucida Grande',                     
                             'Luminari', 'Malayalam MN',                        
                             'Malayalam Sangam MN', 'Marker                     
                             Felt', 'Menlo', 'Microsoft Sans                    
                             Serif', 'Mishafi', 'Mishafi                        
                             Gold', 'Monaco', 'Monospace',                      
                             'Mshtakan', 'Mukta Mahee',                         
                             'Muna', 'Myanmar MN', 'Myanmar                     
                             Sangam MN', 'Nadeem', 'Nanum                       
                             Brush Script', 'Nanum Gothic',                     
                             'Nanum Myeongjo', 'Nanum Pen                       
                             Script', 'New Peninim MT',                         
                             'Noteworthy', 'Noto Nastaliq                       
                             Urdu', 'Noto Sans Batak', 'Noto                    
                             Sans Kannada', 'Noto Sans                          
                             Myanmar', 'Noto Sans NKo',                         
                             'Noto Sans Oriya', 'Noto Sans                      
                             Syriac', 'Noto Sans Tagalog',                      
                             'Noto Serif Myanmar', 'Optima',                    
                             'Oriya MN', 'Oriya Sangam MN',                     
                             'Osaka', 'PCMyungjo', 'PT                          
                             Mono', 'PT Sans', 'PT Sans                         
                             Caption', 'PT Sans Narrow', 'PT                    
                             Serif', 'PT Serif Caption',                        
                             'Palatino', 'Papyrus', 'Party                      
                             LET', 'Phosphate', 'PilGi',                        
                             'PingFang HK', 'PingFang MO',                      
                             'PingFang SC', 'PingFang TC',                      
                             'Plantagenet Cherokee',                            
                             'Raanana', 'Rockwell',                             
                             'STFangsong', 'STHeiti', 'STIX                     
                             Two Math', 'STIX Two Text',                        
                             'STKaiti', 'STSong', 'Sana',                       
                             'Sans', 'Sathu', 'Savoye LET',                     
                             'Serif', 'Shree Devanagari                         
                             714', 'SignPainter', 'Silom',                      
                             'SimSong', 'Sinhala MN',                           
                             'Sinhala Sangam MN', 'Skia',                       
                             'Snell Roundhand', 'Songti SC',                    
                             'Songti TC', 'Sukhumvit Set',                      
                             'Symbol', 'Tahoma', 'Tamil MN',                    
                             'Tamil Sangam MN', 'Telugu MN',                    
                             'Telugu Sangam MN', 'Thonburi',                    
                             'Times New Roman', 'Toppan                         
                             Bunkyu Gothic', 'Toppan Bunkyu                     
                             Midashi Gothic', 'Toppan Bunkyu                    
                             Midashi Mincho', 'Toppan Bunkyu                    
                             Mincho', 'Trattatello',                            
                             'Trebuchet MS', 'Tsukushi A                        
                             Round Gothic', 'Tsukushi B                         
                             Round Gothic', 'Verdana',                          
                             'Waseem', 'Wawati SC', 'Wawati                     
                             TC', 'Webdings', 'Weibei SC',                      
                             'Weibei TC', 'Wingdings',                          
                             'Wingdings 2', 'Wingdings 3',                      
                             'Xingkai SC', 'Xingkai TC',                        
                             'YuGothic', 'YuKyokasho',                          
                             'YuKyokasho Yoko', 'YuMincho',                     
                             'YuMincho +36p Kana', 'Yuanti                      
                             SC', 'Yuanti TC', 'Yuppy SC',                      
                             'Yuppy TC', 'Zapf Dingbats',                       
                             'Zapfino', 'cursive',                              
                             'fantasy', 'system-ui'].                           
Animation 18: FadeIn(Text('• ③ 可用数字描述可能性')):   0%|          | 0/24 [00:00<?, ?it/s]Animation 18: FadeIn(Text('• ③ 可用数字描述可能性')):  58%|█████▊    | 14/24 [00:00<00:00, 130.32it/s]                                                                                                      [02/27/26 10:18:16] INFO     Animation 18 : Partial     scene_file_writer.py:590
                             movie file written in                              
                             '/Users/mx/Desktop/manim_m                         
                             ath/高中/高三/第二学期/第                          
                             十七章-概率论初步/001随机                          
                             事件与概率/media/videos/pr                         
                             obability/1920p60/partial_                         
                             movie_files/ProbabilitySce                         
                             ne/656162490_2460775225_61                         
                             8959210.mp4'                                       
[02/27/26 10:18:18] INFO     Animation 19 : Partial     scene_file_writer.py:590
                             movie file written in                              
                             '/Users/mx/Desktop/manim_m                         
                             ath/高中/高三/第二学期/第                          
                             十七章-概率论初步/001随机                          
                             事件与概率/media/videos/pr                         
                             obability/1920p60/partial_                         
                             movie_files/ProbabilitySce                         
                             ne/656162490_2536175139_31                         
                             97387478.mp4'                                      
Animation 20: FadeOut(VGroup of 4 submobjects), etc.:   0%|          | 0/30 [00:00<?, ?it/s]Animation 20: FadeOut(VGroup of 4 submobjects), etc.:  13%|█▎        | 4/30 [00:00<00:00, 38.03it/s]Animation 20: FadeOut(VGroup of 4 submobjects), etc.:  27%|██▋       | 8/30 [00:00<00:00, 37.73it/s]Animation 20: FadeOut(VGroup of 4 submobjects), etc.:  40%|████      | 12/30 [00:00<00:00, 37.61it/s]Animation 20: FadeOut(VGroup of 4 submobjects), etc.:  53%|█████▎    | 16/30 [00:00<00:00, 38.17it/s]Animation 20: FadeOut(VGroup of 4 submobjects), etc.:  67%|██████▋   | 20/30 [00:00<00:00, 38.28it/s]Animation 20: FadeOut(VGroup of 4 submobjects), etc.:  80%|████████  | 24/30 [00:00<00:00, 38.62it/s]Animation 20: FadeOut(VGroup of 4 submobjects), etc.:  93%|█████████▎| 28/30 [00:00<00:00, 38.94it/s]                                                                                                     [02/27/26 10:18:20] INFO     Animation 20 : Partial     scene_file_writer.py:590
                             movie file written in                              
                             '/Users/mx/Desktop/manim_m                         
                             ath/高中/高三/第二学期/第                          
                             十七章-概率论初步/001随机                          
                             事件与概率/media/videos/pr                         
                             obability/1920p60/partial_                         
                             movie_files/ProbabilitySce                         
                             ne/656162490_1206765326_42                         
                             11836170.mp4'                                      
                    WARNING  Font Noto Sans CJK SC not in    text_mobject.py:464
                             ['.AppleSystemUIFont', 'Academy                    
                             Engraved LET', 'Al Bayan', 'Al                     
                             Nile', 'Al Tarikh', 'American                      
                             Typewriter', 'Andale Mono',                        
                             'Apple Braille', 'Apple                            
                             Chancery', 'Apple Color Emoji',                    
                             'Apple LiGothic', 'Apple                           
                             LiSung', 'Apple SD Gothic Neo',                    
                             'Apple Symbols', 'AppleGothic',                    
                             'AppleMyungjo', 'Arial', 'Arial                    
                             Black', 'Arial Hebrew', 'Arial                     
                             Hebrew Scholar', 'Arial                            
                             Narrow', 'Arial Rounded MT                         
                             Bold', 'Arial Unicode MS',                         
                             'Avenir', 'Avenir Next',                           
                             'Avenir Next Condensed',                           
                             'Ayuthaya', 'BIZ UDGothic',                        
                             'BIZ UDMincho', 'BM Dohyeon',                      
                             'BM Hanna 11yrs Old', 'BM Hanna                    
                             Air', 'BM Hanna Pro', 'BM Jua',                    
                             'BM Kirang Haerang', 'BM                           
                             Yeonsung', 'Baghdad', 'Bangla                      
                             MN', 'Bangla Sangam MN', 'Baoli                    
                             SC', 'Baoli TC', 'Baskerville',                    
                             'Beirut', 'BiauKaiHK',                             
                             'BiauKaiTC', 'Big Caslon',                         
                             'Bodoni 72', 'Bodoni 72                            
                             Oldstyle', 'Bodoni 72                              
                             Smallcaps', 'Bodoni Ornaments',                    
                             'Bradley Hand', 'Brush Script                      
                             MT', 'Chalkboard', 'Chalkboard                     
                             SE', 'Chalkduster', 'Charter',                     
                             'Cochin', 'Comic Sans MS',                         
                             'Copperplate', 'Corsiva                            
                             Hebrew', 'Courier New', 'DIN                       
                             Alternate', 'DIN Condensed',                       
                             'Damascus', 'DecoType Naskh',                      
                             'Devanagari MT', 'Devanagari                       
                             Sangam MN', 'Didot', 'Diwan                        
                             Kufi', 'Diwan Thuluth',                            
                             'Euphemia UCAS', 'Farah',                          
                             'Farisi', 'Futura', 'GB18030                       
                             Bitmap', 'Galvji', 'Geeza Pro',                    
                             'Geneva', 'Georgia', 'Gill                         
                             Sans', 'Grantha Sangam MN',                        
                             'Gujarati MT', 'Gujarati Sangam                    
                             MN', 'GungSeo', 'Gurmukhi MN',                     
                             'Gurmukhi MT', 'Gurmukhi Sangam                    
                             MN', 'Hannotate SC', 'Hannotate                    
                             TC', 'HanziPen SC', 'HanziPen                      
                             TC', 'HeadLineA', 'Hei', 'Heiti                    
                             SC', 'Heiti TC', 'Helvetica',                      
                             'Helvetica Neue', 'Herculanum',                    
                             'Hiragino Maru Gothic ProN',                       
                             'Hiragino Mincho ProN',                            
                             'Hiragino Sans', 'Hiragino Sans                    
                             GB', 'Hoefler Text', 'ITF                          
                             Devanagari', 'ITF Devanagari                       
                             Marathi', 'Impact',                                
                             'InaiMathi', 'Kai', 'Kailasa',                     
                             'Kaiti SC', 'Kaiti TC',                            
                             'Kannada MN', 'Kannada Sangam                      
                             MN', 'Kefa III', 'Khmer MN',                       
                             'Khmer Sangam MN', 'Klee',                         
                             'Kohinoor Bangla', 'Kohinoor                       
                             Devanagari', 'Kohinoor                             
                             Gujarati', 'Kohinoor Telugu',                      
                             'Kokonor', 'Krungthep',                            
                             'KufiStandardGK', 'LXGW                            
                             ZhenKai', 'Lantinghei SC',                         
                             'Lantinghei TC', 'Lao MN', 'Lao                    
                             Sangam MN', 'LiHei Pro',                           
                             'LiSong Pro', 'Libian SC',                         
                             'Libian TC', 'LingWai SC',                         
                             'LingWai TC', 'Lucida Grande',                     
                             'Luminari', 'Malayalam MN',                        
                             'Malayalam Sangam MN', 'Marker                     
                             Felt', 'Menlo', 'Microsoft Sans                    
                             Serif', 'Mishafi', 'Mishafi                        
                             Gold', 'Monaco', 'Monospace',                      
                             'Mshtakan', 'Mukta Mahee',                         
                             'Muna', 'Myanmar MN', 'Myanmar                     
                             Sangam MN', 'Nadeem', 'Nanum                       
                             Brush Script', 'Nanum Gothic',                     
                             'Nanum Myeongjo', 'Nanum Pen                       
                             Script', 'New Peninim MT',                         
                             'Noteworthy', 'Noto Nastaliq                       
                             Urdu', 'Noto Sans Batak', 'Noto                    
                             Sans Kannada', 'Noto Sans                          
                             Myanmar', 'Noto Sans NKo',                         
                             'Noto Sans Oriya', 'Noto Sans                      
                             Syriac', 'Noto Sans Tagalog',                      
                             'Noto Serif Myanmar', 'Optima',                    
                             'Oriya MN', 'Oriya Sangam MN',                     
                             'Osaka', 'PCMyungjo', 'PT                          
                             Mono', 'PT Sans', 'PT Sans                         
                             Caption', 'PT Sans Narrow', 'PT                    
                             Serif', 'PT Serif Caption',                        
                             'Palatino', 'Papyrus', 'Party                      
                             LET', 'Phosphate', 'PilGi',                        
                             'PingFang HK', 'PingFang MO',                      
                             'PingFang SC', 'PingFang TC',                      
                             'Plantagenet Cherokee',                            
                             'Raanana', 'Rockwell',                             
                             'STFangsong', 'STHeiti', 'STIX                     
                             Two Math', 'STIX Two Text',                        
                             'STKaiti', 'STSong', 'Sana',                       
                             'Sans', 'Sathu', 'Savoye LET',                     
                             'Serif', 'Shree Devanagari                         
                             714', 'SignPainter', 'Silom',                      
                             'SimSong', 'Sinhala MN',                           
                             'Sinhala Sangam MN', 'Skia',                       
                             'Snell Roundhand', 'Songti SC',                    
                             'Songti TC', 'Sukhumvit Set',                      
                             'Symbol', 'Tahoma', 'Tamil MN',                    
                             'Tamil Sangam MN', 'Telugu MN',                    
                             'Telugu Sangam MN', 'Thonburi',                    
                             'Times New Roman', 'Toppan                         
                             Bunkyu Gothic', 'Toppan Bunkyu                     
                             Midashi Gothic', 'Toppan Bunkyu                    
                             Midashi Mincho', 'Toppan Bunkyu                    
                             Mincho', 'Trattatello',                            
                             'Trebuchet MS', 'Tsukushi A                        
                             Round Gothic', 'Tsukushi B                         
                             Round Gothic', 'Verdana',                          
                             'Waseem', 'Wawati SC', 'Wawati                     
                             TC', 'Webdings', 'Weibei SC',                      
                             'Weibei TC', 'Wingdings',                          
                             'Wingdings 2', 'Wingdings 3',                      
                             'Xingkai SC', 'Xingkai TC',                        
                             'YuGothic', 'YuKyokasho',                          
                             'YuKyokasho Yoko', 'YuMincho',                     
                             'YuMincho +36p Kana', 'Yuanti                      
                             SC', 'Yuanti TC', 'Yuppy SC',                      
                             'Yuppy TC', 'Zapf Dingbats',                       
                             'Zapfino', 'cursive',                              
                             'fantasy', 'system-ui'].                           
Animation 21: Write(Text('概率的大小：0 到 1 之间')):   0%|          | 0/36 [00:00<?, ?it/s]Animation 21: Write(Text('概率的大小：0 到 1 之间')):  56%|█████▌    | 20/36 [00:00<00:00, 194.91it/s]                                                                                                                          INFO     Animation 21 : Partial     scene_file_writer.py:590
                             movie file written in                              
                             '/Users/mx/Desktop/manim_m                         
                             ath/高中/高三/第二学期/第                          
                             十七章-概率论初步/001随机                          
                             事件与概率/media/videos/pr                         
                             obability/1920p60/partial_                         
                             movie_files/ProbabilitySce                         
                             ne/656162490_4172503915_25                         
                             40119602.mp4'                                      
Animation 22: Create(Line), etc.:   0%|          | 0/42 [00:00<?, ?it/s]Animation 22: Create(Line), etc.:  88%|████████▊ | 37/42 [00:00<00:00, 368.83it/s]                                                                                  [02/27/26 10:18:21] INFO     Animation 22 : Partial     scene_file_writer.py:590
                             movie file written in                              
                             '/Users/mx/Desktop/manim_m                         
                             ath/高中/高三/第二学期/第                          
                             十七章-概率论初步/001随机                          
                             事件与概率/media/videos/pr                         
                             obability/1920p60/partial_                         
                             movie_files/ProbabilitySce                         
                             ne/656162490_3777166797_21                         
                             75692096.mp4'                                      
                    WARNING  Font Noto Sans CJK SC not in    text_mobject.py:464
                             ['.AppleSystemUIFont', 'Academy                    
                             Engraved LET', 'Al Bayan', 'Al                     
                             Nile', 'Al Tarikh', 'American                      
                             Typewriter', 'Andale Mono',                        
                             'Apple Braille', 'Apple                            
                             Chancery', 'Apple Color Emoji',                    
                             'Apple LiGothic', 'Apple                           
                             LiSung', 'Apple SD Gothic Neo',                    
                             'Apple Symbols', 'AppleGothic',                    
                             'AppleMyungjo', 'Arial', 'Arial                    
                             Black', 'Arial Hebrew', 'Arial                     
                             Hebrew Scholar', 'Arial                            
                             Narrow', 'Arial Rounded MT                         
                             Bold', 'Arial Unicode MS',                         
                             'Avenir', 'Avenir Next',                           
                             'Avenir Next Condensed',                           
                             'Ayuthaya', 'BIZ UDGothic',                        
                             'BIZ UDMincho', 'BM Dohyeon',                      
                             'BM Hanna 11yrs Old', 'BM Hanna                    
                             Air', 'BM Hanna Pro', 'BM Jua',                    
                             'BM Kirang Haerang', 'BM                           
                             Yeonsung', 'Baghdad', 'Bangla                      
                             MN', 'Bangla Sangam MN', 'Baoli                    
                             SC', 'Baoli TC', 'Baskerville',                    
                             'Beirut', 'BiauKaiHK',                             
                             'BiauKaiTC', 'Big Caslon',                         
                             'Bodoni 72', 'Bodoni 72                            
                             Oldstyle', 'Bodoni 72                              
                             Smallcaps', 'Bodoni Ornaments',                    
                             'Bradley Hand', 'Brush Script                      
                             MT', 'Chalkboard', 'Chalkboard                     
                             SE', 'Chalkduster', 'Charter',                     
                             'Cochin', 'Comic Sans MS',                         
                             'Copperplate', 'Corsiva                            
                             Hebrew', 'Courier New', 'DIN                       
                             Alternate', 'DIN Condensed',                       
                             'Damascus', 'DecoType Naskh',                      
                             'Devanagari MT', 'Devanagari                       
                             Sangam MN', 'Didot', 'Diwan                        
                             Kufi', 'Diwan Thuluth',                            
                             'Euphemia UCAS', 'Farah',                          
                             'Farisi', 'Futura', 'GB18030                       
                             Bitmap', 'Galvji', 'Geeza Pro',                    
                             'Geneva', 'Georgia', 'Gill                         
                             Sans', 'Grantha Sangam MN',                        
                             'Gujarati MT', 'Gujarati Sangam                    
                             MN', 'GungSeo', 'Gurmukhi MN',                     
                             'Gurmukhi MT', 'Gurmukhi Sangam                    
                             MN', 'Hannotate SC', 'Hannotate                    
                             TC', 'HanziPen SC', 'HanziPen                      
                             TC', 'HeadLineA', 'Hei', 'Heiti                    
                             SC', 'Heiti TC', 'Helvetica',                      
                             'Helvetica Neue', 'Herculanum',                    
                             'Hiragino Maru Gothic ProN',                       
                             'Hiragino Mincho ProN',                            
                             'Hiragino Sans', 'Hiragino Sans                    
                             GB', 'Hoefler Text', 'ITF                          
                             Devanagari', 'ITF Devanagari                       
                             Marathi', 'Impact',                                
                             'InaiMathi', 'Kai', 'Kailasa',                     
                             'Kaiti SC', 'Kaiti TC',                            
                             'Kannada MN', 'Kannada Sangam                      
                             MN', 'Kefa III', 'Khmer MN',                       
                             'Khmer Sangam MN', 'Klee',                         
                             'Kohinoor Bangla', 'Kohinoor                       
                             Devanagari', 'Kohinoor                             
                             Gujarati', 'Kohinoor Telugu',                      
                             'Kokonor', 'Krungthep',                            
                             'KufiStandardGK', 'LXGW                            
                             ZhenKai', 'Lantinghei SC',                         
                             'Lantinghei TC', 'Lao MN', 'Lao                    
                             Sangam MN', 'LiHei Pro',                           
                             'LiSong Pro', 'Libian SC',                         
                             'Libian TC', 'LingWai SC',                         
                             'LingWai TC', 'Lucida Grande',                     
                             'Luminari', 'Malayalam MN',                        
                             'Malayalam Sangam MN', 'Marker                     
                             Felt', 'Menlo', 'Microsoft Sans                    
                             Serif', 'Mishafi', 'Mishafi                        
                             Gold', 'Monaco', 'Monospace',                      
                             'Mshtakan', 'Mukta Mahee',                         
                             'Muna', 'Myanmar MN', 'Myanmar                     
                             Sangam MN', 'Nadeem', 'Nanum                       
                             Brush Script', 'Nanum Gothic',                     
                             'Nanum Myeongjo', 'Nanum Pen                       
                             Script', 'New Peninim MT',                         
                             'Noteworthy', 'Noto Nastaliq                       
                             Urdu', 'Noto Sans Batak', 'Noto                    
                             Sans Kannada', 'Noto Sans                          
                             Myanmar', 'Noto Sans NKo',                         
                             'Noto Sans Oriya', 'Noto Sans                      
                             Syriac', 'Noto Sans Tagalog',                      
                             'Noto Serif Myanmar', 'Optima',                    
                             'Oriya MN', 'Oriya Sangam MN',                     
                             'Osaka', 'PCMyungjo', 'PT                          
                             Mono', 'PT Sans', 'PT Sans                         
                             Caption', 'PT Sans Narrow', 'PT                    
                             Serif', 'PT Serif Caption',                        
                             'Palatino', 'Papyrus', 'Party                      
                             LET', 'Phosphate', 'PilGi',                        
                             'PingFang HK', 'PingFang MO',                      
                             'PingFang SC', 'PingFang TC',                      
                             'Plantagenet Cherokee',                            
                             'Raanana', 'Rockwell',                             
                             'STFangsong', 'STHeiti', 'STIX                     
                             Two Math', 'STIX Two Text',                        
                             'STKaiti', 'STSong', 'Sana',                       
                             'Sans', 'Sathu', 'Savoye LET',                     
                             'Serif', 'Shree Devanagari                         
                             714', 'SignPainter', 'Silom',                      
                             'SimSong', 'Sinhala MN',                           
                             'Sinhala Sangam MN', 'Skia',                       
                             'Snell Roundhand', 'Songti SC',                    
                             'Songti TC', 'Sukhumvit Set',                      
                             'Symbol', 'Tahoma', 'Tamil MN',                    
                             'Tamil Sangam MN', 'Telugu MN',                    
                             'Telugu Sangam MN', 'Thonburi',                    
                             'Times New Roman', 'Toppan                         
                             Bunkyu Gothic', 'Toppan Bunkyu                     
                             Midashi Gothic', 'Toppan Bunkyu                    
                             Midashi Mincho', 'Toppan Bunkyu                    
                             Mincho', 'Trattatello',                            
                             'Trebuchet MS', 'Tsukushi A                        
                             Round Gothic', 'Tsukushi B                         
                             Round Gothic', 'Verdana',                          
                             'Waseem', 'Wawati SC', 'Wawati                     
                             TC', 'Webdings', 'Weibei SC',                      
                             'Weibei TC', 'Wingdings',                          
                             'Wingdings 2', 'Wingdings 3',                      
                             'Xingkai SC', 'Xingkai TC',                        
                             'YuGothic', 'YuKyokasho',                          
                             'YuKyokasho Yoko', 'YuMincho',                     
                             'YuMincho +36p Kana', 'Yuanti                      
                             SC', 'Yuanti TC', 'Yuppy SC',                      
                             'Yuppy TC', 'Zapf Dingbats',                       
                             'Zapfino', 'cursive',                              
                             'fantasy', 'system-ui'].                           
Animation 23: FadeIn(Line), etc.:   0%|          | 0/21 [00:00<?, ?it/s]                                                                                            INFO     Animation 23 : Partial     scene_file_writer.py:590
                             movie file written in                              
                             '/Users/mx/Desktop/manim_m                         
                             ath/高中/高三/第二学期/第                          
                             十七章-概率论初步/001随机                          
                             事件与概率/media/videos/pr                         
                             obability/1920p60/partial_                         
                             movie_files/ProbabilitySce                         
                             ne/656162490_1189892538_41                         
                             31495165.mp4'                                      
                    WARNING  Font Noto Sans CJK SC not in    text_mobject.py:464
                             ['.AppleSystemUIFont', 'Academy                    
                             Engraved LET', 'Al Bayan', 'Al                     
                             Nile', 'Al Tarikh', 'American                      
                             Typewriter', 'Andale Mono',                        
                             'Apple Braille', 'Apple                            
                             Chancery', 'Apple Color Emoji',                    
                             'Apple LiGothic', 'Apple                           
                             LiSung', 'Apple SD Gothic Neo',                    
                             'Apple Symbols', 'AppleGothic',                    
                             'AppleMyungjo', 'Arial', 'Arial                    
                             Black', 'Arial Hebrew', 'Arial                     
                             Hebrew Scholar', 'Arial                            
                             Narrow', 'Arial Rounded MT                         
                             Bold', 'Arial Unicode MS',                         
                             'Avenir', 'Avenir Next',                           
                             'Avenir Next Condensed',                           
                             'Ayuthaya', 'BIZ UDGothic',                        
                             'BIZ UDMincho', 'BM Dohyeon',                      
                             'BM Hanna 11yrs Old', 'BM Hanna                    
                             Air', 'BM Hanna Pro', 'BM Jua',                    
                             'BM Kirang Haerang', 'BM                           
                             Yeonsung', 'Baghdad', 'Bangla                      
                             MN', 'Bangla Sangam MN', 'Baoli                    
                             SC', 'Baoli TC', 'Baskerville',                    
                             'Beirut', 'BiauKaiHK',                             
                             'BiauKaiTC', 'Big Caslon',                         
                             'Bodoni 72', 'Bodoni 72                            
                             Oldstyle', 'Bodoni 72                              
                             Smallcaps', 'Bodoni Ornaments',                    
                             'Bradley Hand', 'Brush Script                      
                             MT', 'Chalkboard', 'Chalkboard                     
                             SE', 'Chalkduster', 'Charter',                     
                             'Cochin', 'Comic Sans MS',                         
                             'Copperplate', 'Corsiva                            
                             Hebrew', 'Courier New', 'DIN                       
                             Alternate', 'DIN Condensed',                       
                             'Damascus', 'DecoType Naskh',                      
                             'Devanagari MT', 'Devanagari                       
                             Sangam MN', 'Didot', 'Diwan                        
                             Kufi', 'Diwan Thuluth',                            
                             'Euphemia UCAS', 'Farah',                          
                             'Farisi', 'Futura', 'GB18030                       
                             Bitmap', 'Galvji', 'Geeza Pro',                    
                             'Geneva', 'Georgia', 'Gill                         
                             Sans', 'Grantha Sangam MN',                        
                             'Gujarati MT', 'Gujarati Sangam                    
                             MN', 'GungSeo', 'Gurmukhi MN',                     
                             'Gurmukhi MT', 'Gurmukhi Sangam                    
                             MN', 'Hannotate SC', 'Hannotate                    
                             TC', 'HanziPen SC', 'HanziPen                      
                             TC', 'HeadLineA', 'Hei', 'Heiti                    
                             SC', 'Heiti TC', 'Helvetica',                      
                             'Helvetica Neue', 'Herculanum',                    
                             'Hiragino Maru Gothic ProN',                       
                             'Hiragino Mincho ProN',                            
                             'Hiragino Sans', 'Hiragino Sans                    
                             GB', 'Hoefler Text', 'ITF                          
                             Devanagari', 'ITF Devanagari                       
                             Marathi', 'Impact',                                
                             'InaiMathi', 'Kai', 'Kailasa',                     
                             'Kaiti SC', 'Kaiti TC',                            
                             'Kannada MN', 'Kannada Sangam                      
                             MN', 'Kefa III', 'Khmer MN',                       
                             'Khmer Sangam MN', 'Klee',                         
                             'Kohinoor Bangla', 'Kohinoor                       
                             Devanagari', 'Kohinoor                             
                             Gujarati', 'Kohinoor Telugu',                      
                             'Kokonor', 'Krungthep',                            
                             'KufiStandardGK', 'LXGW                            
                             ZhenKai', 'Lantinghei SC',                         
                             'Lantinghei TC', 'Lao MN', 'Lao                    
                             Sangam MN', 'LiHei Pro',                           
                             'LiSong Pro', 'Libian SC',                         
                             'Libian TC', 'LingWai SC',                         
                             'LingWai TC', 'Lucida Grande',                     
                             'Luminari', 'Malayalam MN',                        
                             'Malayalam Sangam MN', 'Marker                     
                             Felt', 'Menlo', 'Microsoft Sans                    
                             Serif', 'Mishafi', 'Mishafi                        
                             Gold', 'Monaco', 'Monospace',                      
                             'Mshtakan', 'Mukta Mahee',                         
                             'Muna', 'Myanmar MN', 'Myanmar                     
                             Sangam MN', 'Nadeem', 'Nanum                       
                             Brush Script', 'Nanum Gothic',                     
                             'Nanum Myeongjo', 'Nanum Pen                       
                             Script', 'New Peninim MT',                         
                             'Noteworthy', 'Noto Nastaliq                       
                             Urdu', 'Noto Sans Batak', 'Noto                    
                             Sans Kannada', 'Noto Sans                          
                             Myanmar', 'Noto Sans NKo',                         
                             'Noto Sans Oriya', 'Noto Sans                      
                             Syriac', 'Noto Sans Tagalog',                      
                             'Noto Serif Myanmar', 'Optima',                    
                             'Oriya MN', 'Oriya Sangam MN',                     
                             'Osaka', 'PCMyungjo', 'PT                          
                             Mono', 'PT Sans', 'PT Sans                         
                             Caption', 'PT Sans Narrow', 'PT                    
                             Serif', 'PT Serif Caption',                        
                             'Palatino', 'Papyrus', 'Party                      
                             LET', 'Phosphate', 'PilGi',                        
                             'PingFang HK', 'PingFang MO',                      
                             'PingFang SC', 'PingFang TC',                      
                             'Plantagenet Cherokee',                            
                             'Raanana', 'Rockwell',                             
                             'STFangsong', 'STHeiti', 'STIX                     
                             Two Math', 'STIX Two Text',                        
                             'STKaiti', 'STSong', 'Sana',                       
                             'Sans', 'Sathu', 'Savoye LET',                     
                             'Serif', 'Shree Devanagari                         
                             714', 'SignPainter', 'Silom',                      
                             'SimSong', 'Sinhala MN',                           
                             'Sinhala Sangam MN', 'Skia',                       
                             'Snell Roundhand', 'Songti SC',                    
                             'Songti TC', 'Sukhumvit Set',                      
                             'Symbol', 'Tahoma', 'Tamil MN',                    
                             'Tamil Sangam MN', 'Telugu MN',                    
                             'Telugu Sangam MN', 'Thonburi',                    
                             'Times New Roman', 'Toppan                         
                             Bunkyu Gothic', 'Toppan Bunkyu                     
                             Midashi Gothic', 'Toppan Bunkyu                    
                             Midashi Mincho', 'Toppan Bunkyu                    
                             Mincho', 'Trattatello',                            
                             'Trebuchet MS', 'Tsukushi A                        
                             Round Gothic', 'Tsukushi B                         
                             Round Gothic', 'Verdana',                          
                             'Waseem', 'Wawati SC', 'Wawati                     
                             TC', 'Webdings', 'Weibei SC',                      
                             'Weibei TC', 'Wingdings',                          
                             'Wingdings 2', 'Wingdings 3',                      
                             'Xingkai SC', 'Xingkai TC',                        
                             'YuGothic', 'YuKyokasho',                          
                             'YuKyokasho Yoko', 'YuMincho',                     
                             'YuMincho +36p Kana', 'Yuanti                      
                             SC', 'Yuanti TC', 'Yuppy SC',                      
                             'Yuppy TC', 'Zapf Dingbats',                       
                             'Zapfino', 'cursive',                              
                             'fantasy', 'system-ui'].                           
Animation 24: FadeIn(Line), etc.:   0%|          | 0/21 [00:00<?, ?it/s]                                                                        [02/27/26 10:18:22] INFO     Animation 24 : Partial     scene_file_writer.py:590
                             movie file written in                              
                             '/Users/mx/Desktop/manim_m                         
                             ath/高中/高三/第二学期/第                          
                             十七章-概率论初步/001随机                          
                             事件与概率/media/videos/pr                         
                             obability/1920p60/partial_                         
                             movie_files/ProbabilitySce                         
                             ne/656162490_2189630715_32                         
                             30412691.mp4'                                      
                    WARNING  Font Noto Sans CJK SC not in    text_mobject.py:464
                             ['.AppleSystemUIFont', 'Academy                    
                             Engraved LET', 'Al Bayan', 'Al                     
                             Nile', 'Al Tarikh', 'American                      
                             Typewriter', 'Andale Mono',                        
                             'Apple Braille', 'Apple                            
                             Chancery', 'Apple Color Emoji',                    
                             'Apple LiGothic', 'Apple                           
                             LiSung', 'Apple SD Gothic Neo',                    
                             'Apple Symbols', 'AppleGothic',                    
                             'AppleMyungjo', 'Arial', 'Arial                    
                             Black', 'Arial Hebrew', 'Arial                     
                             Hebrew Scholar', 'Arial                            
                             Narrow', 'Arial Rounded MT                         
                             Bold', 'Arial Unicode MS',                         
                             'Avenir', 'Avenir Next',                           
                             'Avenir Next Condensed',                           
                             'Ayuthaya', 'BIZ UDGothic',                        
                             'BIZ UDMincho', 'BM Dohyeon',                      
                             'BM Hanna 11yrs Old', 'BM Hanna                    
                             Air', 'BM Hanna Pro', 'BM Jua',                    
                             'BM Kirang Haerang', 'BM                           
                             Yeonsung', 'Baghdad', 'Bangla                      
                             MN', 'Bangla Sangam MN', 'Baoli                    
                             SC', 'Baoli TC', 'Baskerville',                    
                             'Beirut', 'BiauKaiHK',                             
                             'BiauKaiTC', 'Big Caslon',                         
                             'Bodoni 72', 'Bodoni 72                            
                             Oldstyle', 'Bodoni 72                              
                             Smallcaps', 'Bodoni Ornaments',                    
                             'Bradley Hand', 'Brush Script                      
                             MT', 'Chalkboard', 'Chalkboard                     
                             SE', 'Chalkduster', 'Charter',                     
                             'Cochin', 'Comic Sans MS',                         
                             'Copperplate', 'Corsiva                            
                             Hebrew', 'Courier New', 'DIN                       
                             Alternate', 'DIN Condensed',                       
                             'Damascus', 'DecoType Naskh',                      
                             'Devanagari MT', 'Devanagari                       
                             Sangam MN', 'Didot', 'Diwan                        
                             Kufi', 'Diwan Thuluth',                            
                             'Euphemia UCAS', 'Farah',                          
                             'Farisi', 'Futura', 'GB18030                       
                             Bitmap', 'Galvji', 'Geeza Pro',                    
                             'Geneva', 'Georgia', 'Gill                         
                             Sans', 'Grantha Sangam MN',                        
                             'Gujarati MT', 'Gujarati Sangam                    
                             MN', 'GungSeo', 'Gurmukhi MN',                     
                             'Gurmukhi MT', 'Gurmukhi Sangam                    
                             MN', 'Hannotate SC', 'Hannotate                    
                             TC', 'HanziPen SC', 'HanziPen                      
                             TC', 'HeadLineA', 'Hei', 'Heiti                    
                             SC', 'Heiti TC', 'Helvetica',                      
                             'Helvetica Neue', 'Herculanum',                    
                             'Hiragino Maru Gothic ProN',                       
                             'Hiragino Mincho ProN',                            
                             'Hiragino Sans', 'Hiragino Sans                    
                             GB', 'Hoefler Text', 'ITF                          
                             Devanagari', 'ITF Devanagari                       
                             Marathi', 'Impact',                                
                             'InaiMathi', 'Kai', 'Kailasa',                     
                             'Kaiti SC', 'Kaiti TC',                            
                             'Kannada MN', 'Kannada Sangam                      
                             MN', 'Kefa III', 'Khmer MN',                       
                             'Khmer Sangam MN', 'Klee',                         
                             'Kohinoor Bangla', 'Kohinoor                       
                             Devanagari', 'Kohinoor                             
                             Gujarati', 'Kohinoor Telugu',                      
                             'Kokonor', 'Krungthep',                            
                             'KufiStandardGK', 'LXGW                            
                             ZhenKai', 'Lantinghei SC',                         
                             'Lantinghei TC', 'Lao MN', 'Lao                    
                             Sangam MN', 'LiHei Pro',                           
                             'LiSong Pro', 'Libian SC',                         
                             'Libian TC', 'LingWai SC',                         
                             'LingWai TC', 'Lucida Grande',                     
                             'Luminari', 'Malayalam MN',                        
                             'Malayalam Sangam MN', 'Marker                     
                             Felt', 'Menlo', 'Microsoft Sans                    
                             Serif', 'Mishafi', 'Mishafi                        
                             Gold', 'Monaco', 'Monospace',                      
                             'Mshtakan', 'Mukta Mahee',                         
                             'Muna', 'Myanmar MN', 'Myanmar                     
                             Sangam MN', 'Nadeem', 'Nanum                       
                             Brush Script', 'Nanum Gothic',                     
                             'Nanum Myeongjo', 'Nanum Pen                       
                             Script', 'New Peninim MT',                         
                             'Noteworthy', 'Noto Nastaliq                       
                             Urdu', 'Noto Sans Batak', 'Noto                    
                             Sans Kannada', 'Noto Sans                          
                             Myanmar', 'Noto Sans NKo',                         
                             'Noto Sans Oriya', 'Noto Sans                      
                             Syriac', 'Noto Sans Tagalog',                      
                             'Noto Serif Myanmar', 'Optima',                    
                             'Oriya MN', 'Oriya Sangam MN',                     
                             'Osaka', 'PCMyungjo', 'PT                          
                             Mono', 'PT Sans', 'PT Sans                         
                             Caption', 'PT Sans Narrow', 'PT                    
                             Serif', 'PT Serif Caption',                        
                             'Palatino', 'Papyrus', 'Party                      
                             LET', 'Phosphate', 'PilGi',                        
                             'PingFang HK', 'PingFang MO',                      
                             'PingFang SC', 'PingFang TC',                      
                             'Plantagenet Cherokee',                            
                             'Raanana', 'Rockwell',                             
                             'STFangsong', 'STHeiti', 'STIX                     
                             Two Math', 'STIX Two Text',                        
                             'STKaiti', 'STSong', 'Sana',                       
                             'Sans', 'Sathu', 'Savoye LET',                     
                             'Serif', 'Shree Devanagari                         
                             714', 'SignPainter', 'Silom',                      
                             'SimSong', 'Sinhala MN',                           
                             'Sinhala Sangam MN', 'Skia',                       
                             'Snell Roundhand', 'Songti SC',                    
                             'Songti TC', 'Sukhumvit Set',                      
                             'Symbol', 'Tahoma', 'Tamil MN',                    
                             'Tamil Sangam MN', 'Telugu MN',                    
                             'Telugu Sangam MN', 'Thonburi',                    
                             'Times New Roman', 'Toppan                         
                             Bunkyu Gothic', 'Toppan Bunkyu                     
                             Midashi Gothic', 'Toppan Bunkyu                    
                             Midashi Mincho', 'Toppan Bunkyu                    
                             Mincho', 'Trattatello',                            
                             'Trebuchet MS', 'Tsukushi A                        
                             Round Gothic', 'Tsukushi B                         
                             Round Gothic', 'Verdana',                          
                             'Waseem', 'Wawati SC', 'Wawati                     
                             TC', 'Webdings', 'Weibei SC',                      
                             'Weibei TC', 'Wingdings',                          
                             'Wingdings 2', 'Wingdings 3',                      
                             'Xingkai SC', 'Xingkai TC',                        
                             'YuGothic', 'YuKyokasho',                          
                             'YuKyokasho Yoko', 'YuMincho',                     
                             'YuMincho +36p Kana', 'Yuanti                      
                             SC', 'Yuanti TC', 'Yuppy SC',                      
                             'Yuppy TC', 'Zapf Dingbats',                       
                             'Zapfino', 'cursive',                              
                             'fantasy', 'system-ui'].                           
Animation 25: FadeIn(Line), etc.:   0%|          | 0/21 [00:00<?, ?it/s]                                                                                            INFO     Animation 25 : Partial     scene_file_writer.py:590
                             movie file written in                              
                             '/Users/mx/Desktop/manim_m                         
                             ath/高中/高三/第二学期/第                          
                             十七章-概率论初步/001随机                          
                             事件与概率/media/videos/pr                         
                             obability/1920p60/partial_                         
                             movie_files/ProbabilitySce                         
                             ne/656162490_237855330_249                         
                             2037760.mp4'                                       
                    WARNING  Font Noto Sans CJK SC not in    text_mobject.py:464
                             ['.AppleSystemUIFont', 'Academy                    
                             Engraved LET', 'Al Bayan', 'Al                     
                             Nile', 'Al Tarikh', 'American                      
                             Typewriter', 'Andale Mono',                        
                             'Apple Braille', 'Apple                            
                             Chancery', 'Apple Color Emoji',                    
                             'Apple LiGothic', 'Apple                           
                             LiSung', 'Apple SD Gothic Neo',                    
                             'Apple Symbols', 'AppleGothic',                    
                             'AppleMyungjo', 'Arial', 'Arial                    
                             Black', 'Arial Hebrew', 'Arial                     
                             Hebrew Scholar', 'Arial                            
                             Narrow', 'Arial Rounded MT                         
                             Bold', 'Arial Unicode MS',                         
                             'Avenir', 'Avenir Next',                           
                             'Avenir Next Condensed',                           
                             'Ayuthaya', 'BIZ UDGothic',                        
                             'BIZ UDMincho', 'BM Dohyeon',                      
                             'BM Hanna 11yrs Old', 'BM Hanna                    
                             Air', 'BM Hanna Pro', 'BM Jua',                    
                             'BM Kirang Haerang', 'BM                           
                             Yeonsung', 'Baghdad', 'Bangla                      
                             MN', 'Bangla Sangam MN', 'Baoli                    
                             SC', 'Baoli TC', 'Baskerville',                    
                             'Beirut', 'BiauKaiHK',                             
                             'BiauKaiTC', 'Big Caslon',                         
                             'Bodoni 72', 'Bodoni 72                            
                             Oldstyle', 'Bodoni 72                              
                             Smallcaps', 'Bodoni Ornaments',                    
                             'Bradley Hand', 'Brush Script                      
                             MT', 'Chalkboard', 'Chalkboard                     
                             SE', 'Chalkduster', 'Charter',                     
                             'Cochin', 'Comic Sans MS',                         
                             'Copperplate', 'Corsiva                            
                             Hebrew', 'Courier New', 'DIN                       
                             Alternate', 'DIN Condensed',                       
                             'Damascus', 'DecoType Naskh',                      
                             'Devanagari MT', 'Devanagari                       
                             Sangam MN', 'Didot', 'Diwan                        
                             Kufi', 'Diwan Thuluth',                            
                             'Euphemia UCAS', 'Farah',                          
                             'Farisi', 'Futura', 'GB18030                       
                             Bitmap', 'Galvji', 'Geeza Pro',                    
                             'Geneva', 'Georgia', 'Gill                         
                             Sans', 'Grantha Sangam MN',                        
                             'Gujarati MT', 'Gujarati Sangam                    
                             MN', 'GungSeo', 'Gurmukhi MN',                     
                             'Gurmukhi MT', 'Gurmukhi Sangam                    
                             MN', 'Hannotate SC', 'Hannotate                    
                             TC', 'HanziPen SC', 'HanziPen                      
                             TC', 'HeadLineA', 'Hei', 'Heiti                    
                             SC', 'Heiti TC', 'Helvetica',                      
                             'Helvetica Neue', 'Herculanum',                    
                             'Hiragino Maru Gothic ProN',                       
                             'Hiragino Mincho ProN',                            
                             'Hiragino Sans', 'Hiragino Sans                    
                             GB', 'Hoefler Text', 'ITF                          
                             Devanagari', 'ITF Devanagari                       
                             Marathi', 'Impact',                                
                             'InaiMathi', 'Kai', 'Kailasa',                     
                             'Kaiti SC', 'Kaiti TC',                            
                             'Kannada MN', 'Kannada Sangam                      
                             MN', 'Kefa III', 'Khmer MN',                       
                             'Khmer Sangam MN', 'Klee',                         
                             'Kohinoor Bangla', 'Kohinoor                       
                             Devanagari', 'Kohinoor                             
                             Gujarati', 'Kohinoor Telugu',                      
                             'Kokonor', 'Krungthep',                            
                             'KufiStandardGK', 'LXGW                            
                             ZhenKai', 'Lantinghei SC',                         
                             'Lantinghei TC', 'Lao MN', 'Lao                    
                             Sangam MN', 'LiHei Pro',                           
                             'LiSong Pro', 'Libian SC',                         
                             'Libian TC', 'LingWai SC',                         
                             'LingWai TC', 'Lucida Grande',                     
                             'Luminari', 'Malayalam MN',                        
                             'Malayalam Sangam MN', 'Marker                     
                             Felt', 'Menlo', 'Microsoft Sans                    
                             Serif', 'Mishafi', 'Mishafi                        
                             Gold', 'Monaco', 'Monospace',                      
                             'Mshtakan', 'Mukta Mahee',                         
                             'Muna', 'Myanmar MN', 'Myanmar                     
                             Sangam MN', 'Nadeem', 'Nanum                       
                             Brush Script', 'Nanum Gothic',                     
                             'Nanum Myeongjo', 'Nanum Pen                       
                             Script', 'New Peninim MT',                         
                             'Noteworthy', 'Noto Nastaliq                       
                             Urdu', 'Noto Sans Batak', 'Noto                    
                             Sans Kannada', 'Noto Sans                          
                             Myanmar', 'Noto Sans NKo',                         
                             'Noto Sans Oriya', 'Noto Sans                      
                             Syriac', 'Noto Sans Tagalog',                      
                             'Noto Serif Myanmar', 'Optima',                    
                             'Oriya MN', 'Oriya Sangam MN',                     
                             'Osaka', 'PCMyungjo', 'PT                          
                             Mono', 'PT Sans', 'PT Sans                         
                             Caption', 'PT Sans Narrow', 'PT                    
                             Serif', 'PT Serif Caption',                        
                             'Palatino', 'Papyrus', 'Party                      
                             LET', 'Phosphate', 'PilGi',                        
                             'PingFang HK', 'PingFang MO',                      
                             'PingFang SC', 'PingFang TC',                      
                             'Plantagenet Cherokee',                            
                             'Raanana', 'Rockwell',                             
                             'STFangsong', 'STHeiti', 'STIX                     
                             Two Math', 'STIX Two Text',                        
                             'STKaiti', 'STSong', 'Sana',                       
                             'Sans', 'Sathu', 'Savoye LET',                     
                             'Serif', 'Shree Devanagari                         
                             714', 'SignPainter', 'Silom',                      
                             'SimSong', 'Sinhala MN',                           
                             'Sinhala Sangam MN', 'Skia',                       
                             'Snell Roundhand', 'Songti SC',                    
                             'Songti TC', 'Sukhumvit Set',                      
                             'Symbol', 'Tahoma', 'Tamil MN',                    
                             'Tamil Sangam MN', 'Telugu MN',                    
                             'Telugu Sangam MN', 'Thonburi',                    
                             'Times New Roman', 'Toppan                         
                             Bunkyu Gothic', 'Toppan Bunkyu                     
                             Midashi Gothic', 'Toppan Bunkyu                    
                             Midashi Mincho', 'Toppan Bunkyu                    
                             Mincho', 'Trattatello',                            
                             'Trebuchet MS', 'Tsukushi A                        
                             Round Gothic', 'Tsukushi B                         
                             Round Gothic', 'Verdana',                          
                             'Waseem', 'Wawati SC', 'Wawati                     
                             TC', 'Webdings', 'Weibei SC',                      
                             'Weibei TC', 'Wingdings',                          
                             'Wingdings 2', 'Wingdings 3',                      
                             'Xingkai SC', 'Xingkai TC',                        
                             'YuGothic', 'YuKyokasho',                          
                             'YuKyokasho Yoko', 'YuMincho',                     
                             'YuMincho +36p Kana', 'Yuanti                      
                             SC', 'Yuanti TC', 'Yuppy SC',                      
                             'Yuppy TC', 'Zapf Dingbats',                       
                             'Zapfino', 'cursive',                              
                             'fantasy', 'system-ui'].                           
Animation 26: FadeIn(Text('不可能')):   0%|          | 0/18 [00:00<?, ?it/s]                                                                            [02/27/26 10:18:23] INFO     Animation 26 : Partial     scene_file_writer.py:590
                             movie file written in                              
                             '/Users/mx/Desktop/manim_m                         
                             ath/高中/高三/第二学期/第                          
                             十七章-概率论初步/001随机                          
                             事件与概率/media/videos/pr                         
                             obability/1920p60/partial_                         
                             movie_files/ProbabilitySce                         
                             ne/656162490_4271991274_24                         
                             78059284.mp4'                                      
                    WARNING  Font Noto Sans CJK SC not in    text_mobject.py:464
                             ['.AppleSystemUIFont', 'Academy                    
                             Engraved LET', 'Al Bayan', 'Al                     
                             Nile', 'Al Tarikh', 'American                      
                             Typewriter', 'Andale Mono',                        
                             'Apple Braille', 'Apple                            
                             Chancery', 'Apple Color Emoji',                    
                             'Apple LiGothic', 'Apple                           
                             LiSung', 'Apple SD Gothic Neo',                    
                             'Apple Symbols', 'AppleGothic',                    
                             'AppleMyungjo', 'Arial', 'Arial                    
                             Black', 'Arial Hebrew', 'Arial                     
                             Hebrew Scholar', 'Arial                            
                             Narrow', 'Arial Rounded MT                         
                             Bold', 'Arial Unicode MS',                         
                             'Avenir', 'Avenir Next',                           
                             'Avenir Next Condensed',                           
                             'Ayuthaya', 'BIZ UDGothic',                        
                             'BIZ UDMincho', 'BM Dohyeon',                      
                             'BM Hanna 11yrs Old', 'BM Hanna                    
                             Air', 'BM Hanna Pro', 'BM Jua',                    
                             'BM Kirang Haerang', 'BM                           
                             Yeonsung', 'Baghdad', 'Bangla                      
                             MN', 'Bangla Sangam MN', 'Baoli                    
                             SC', 'Baoli TC', 'Baskerville',                    
                             'Beirut', 'BiauKaiHK',                             
                             'BiauKaiTC', 'Big Caslon',                         
                             'Bodoni 72', 'Bodoni 72                            
                             Oldstyle', 'Bodoni 72                              
                             Smallcaps', 'Bodoni Ornaments',                    
                             'Bradley Hand', 'Brush Script                      
                             MT', 'Chalkboard', 'Chalkboard                     
                             SE', 'Chalkduster', 'Charter',                     
                             'Cochin', 'Comic Sans MS',                         
                             'Copperplate', 'Corsiva                            
                             Hebrew', 'Courier New', 'DIN                       
                             Alternate', 'DIN Condensed',                       
                             'Damascus', 'DecoType Naskh',                      
                             'Devanagari MT', 'Devanagari                       
                             Sangam MN', 'Didot', 'Diwan                        
                             Kufi', 'Diwan Thuluth',                            
                             'Euphemia UCAS', 'Farah',                          
                             'Farisi', 'Futura', 'GB18030                       
                             Bitmap', 'Galvji', 'Geeza Pro',                    
                             'Geneva', 'Georgia', 'Gill                         
                             Sans', 'Grantha Sangam MN',                        
                             'Gujarati MT', 'Gujarati Sangam                    
                             MN', 'GungSeo', 'Gurmukhi MN',                     
                             'Gurmukhi MT', 'Gurmukhi Sangam                    
                             MN', 'Hannotate SC', 'Hannotate                    
                             TC', 'HanziPen SC', 'HanziPen                      
                             TC', 'HeadLineA', 'Hei', 'Heiti                    
                             SC', 'Heiti TC', 'Helvetica',                      
                             'Helvetica Neue', 'Herculanum',                    
                             'Hiragino Maru Gothic ProN',                       
                             'Hiragino Mincho ProN',                            
                             'Hiragino Sans', 'Hiragino Sans                    
                             GB', 'Hoefler Text', 'ITF                          
                             Devanagari', 'ITF Devanagari                       
                             Marathi', 'Impact',                                
                             'InaiMathi', 'Kai', 'Kailasa',                     
                             'Kaiti SC', 'Kaiti TC',                            
                             'Kannada MN', 'Kannada Sangam                      
                             MN', 'Kefa III', 'Khmer MN',                       
                             'Khmer Sangam MN', 'Klee',                         
                             'Kohinoor Bangla', 'Kohinoor                       
                             Devanagari', 'Kohinoor                             
                             Gujarati', 'Kohinoor Telugu',                      
                             'Kokonor', 'Krungthep',                            
                             'KufiStandardGK', 'LXGW                            
                             ZhenKai', 'Lantinghei SC',                         
                             'Lantinghei TC', 'Lao MN', 'Lao                    
                             Sangam MN', 'LiHei Pro',                           
                             'LiSong Pro', 'Libian SC',                         
                             'Libian TC', 'LingWai SC',                         
                             'LingWai TC', 'Lucida Grande',                     
                             'Luminari', 'Malayalam MN',                        
                             'Malayalam Sangam MN', 'Marker                     
                             Felt', 'Menlo', 'Microsoft Sans                    
                             Serif', 'Mishafi', 'Mishafi                        
                             Gold', 'Monaco', 'Monospace',                      
                             'Mshtakan', 'Mukta Mahee',                         
                             'Muna', 'Myanmar MN', 'Myanmar                     
                             Sangam MN', 'Nadeem', 'Nanum                       
                             Brush Script', 'Nanum Gothic',                     
                             'Nanum Myeongjo', 'Nanum Pen                       
                             Script', 'New Peninim MT',                         
                             'Noteworthy', 'Noto Nastaliq                       
                             Urdu', 'Noto Sans Batak', 'Noto                    
                             Sans Kannada', 'Noto Sans                          
                             Myanmar', 'Noto Sans NKo',                         
                             'Noto Sans Oriya', 'Noto Sans                      
                             Syriac', 'Noto Sans Tagalog',                      
                             'Noto Serif Myanmar', 'Optima',                    
                             'Oriya MN', 'Oriya Sangam MN',                     
                             'Osaka', 'PCMyungjo', 'PT                          
                             Mono', 'PT Sans', 'PT Sans                         
                             Caption', 'PT Sans Narrow', 'PT                    
                             Serif', 'PT Serif Caption',                        
                             'Palatino', 'Papyrus', 'Party                      
                             LET', 'Phosphate', 'PilGi',                        
                             'PingFang HK', 'PingFang MO',                      
                             'PingFang SC', 'PingFang TC',                      
                             'Plantagenet Cherokee',                            
                             'Raanana', 'Rockwell',                             
                             'STFangsong', 'STHeiti', 'STIX                     
                             Two Math', 'STIX Two Text',                        
                             'STKaiti', 'STSong', 'Sana',                       
                             'Sans', 'Sathu', 'Savoye LET',                     
                             'Serif', 'Shree Devanagari                         
                             714', 'SignPainter', 'Silom',                      
                             'SimSong', 'Sinhala MN',                           
                             'Sinhala Sangam MN', 'Skia',                       
                             'Snell Roundhand', 'Songti SC',                    
                             'Songti TC', 'Sukhumvit Set',                      
                             'Symbol', 'Tahoma', 'Tamil MN',                    
                             'Tamil Sangam MN', 'Telugu MN',                    
                             'Telugu Sangam MN', 'Thonburi',                    
                             'Times New Roman', 'Toppan                         
                             Bunkyu Gothic', 'Toppan Bunkyu                     
                             Midashi Gothic', 'Toppan Bunkyu                    
                             Midashi Mincho', 'Toppan Bunkyu                    
                             Mincho', 'Trattatello',                            
                             'Trebuchet MS', 'Tsukushi A                        
                             Round Gothic', 'Tsukushi B                         
                             Round Gothic', 'Verdana',                          
                             'Waseem', 'Wawati SC', 'Wawati                     
                             TC', 'Webdings', 'Weibei SC',                      
                             'Weibei TC', 'Wingdings',                          
                             'Wingdings 2', 'Wingdings 3',                      
                             'Xingkai SC', 'Xingkai TC',                        
                             'YuGothic', 'YuKyokasho',                          
                             'YuKyokasho Yoko', 'YuMincho',                     
                             'YuMincho +36p Kana', 'Yuanti                      
                             SC', 'Yuanti TC', 'Yuppy SC',                      
                             'Yuppy TC', 'Zapf Dingbats',                       
                             'Zapfino', 'cursive',                              
                             'fantasy', 'system-ui'].                           
Animation 27: FadeIn(Text('随机')):   0%|          | 0/18 [00:00<?, ?it/s]                                                                                              INFO     Animation 27 : Partial     scene_file_writer.py:590
                             movie file written in                              
                             '/Users/mx/Desktop/manim_m                         
                             ath/高中/高三/第二学期/第                          
                             十七章-概率论初步/001随机                          
                             事件与概率/media/videos/pr                         
                             obability/1920p60/partial_                         
                             movie_files/ProbabilitySce                         
                             ne/656162490_888207919_164                         
                             1866510.mp4'                                       
                    WARNING  Font Noto Sans CJK SC not in    text_mobject.py:464
                             ['.AppleSystemUIFont', 'Academy                    
                             Engraved LET', 'Al Bayan', 'Al                     
                             Nile', 'Al Tarikh', 'American                      
                             Typewriter', 'Andale Mono',                        
                             'Apple Braille', 'Apple                            
                             Chancery', 'Apple Color Emoji',                    
                             'Apple LiGothic', 'Apple                           
                             LiSung', 'Apple SD Gothic Neo',                    
                             'Apple Symbols', 'AppleGothic',                    
                             'AppleMyungjo', 'Arial', 'Arial                    
                             Black', 'Arial Hebrew', 'Arial                     
                             Hebrew Scholar', 'Arial                            
                             Narrow', 'Arial Rounded MT                         
                             Bold', 'Arial Unicode MS',                         
                             'Avenir', 'Avenir Next',                           
                             'Avenir Next Condensed',                           
                             'Ayuthaya', 'BIZ UDGothic',                        
                             'BIZ UDMincho', 'BM Dohyeon',                      
                             'BM Hanna 11yrs Old', 'BM Hanna                    
                             Air', 'BM Hanna Pro', 'BM Jua',                    
                             'BM Kirang Haerang', 'BM                           
                             Yeonsung', 'Baghdad', 'Bangla                      
                             MN', 'Bangla Sangam MN', 'Baoli                    
                             SC', 'Baoli TC', 'Baskerville',                    
                             'Beirut', 'BiauKaiHK',                             
                             'BiauKaiTC', 'Big Caslon',                         
                             'Bodoni 72', 'Bodoni 72                            
                             Oldstyle', 'Bodoni 72                              
                             Smallcaps', 'Bodoni Ornaments',                    
                             'Bradley Hand', 'Brush Script                      
                             MT', 'Chalkboard', 'Chalkboard                     
                             SE', 'Chalkduster', 'Charter',                     
                             'Cochin', 'Comic Sans MS',                         
                             'Copperplate', 'Corsiva                            
                             Hebrew', 'Courier New', 'DIN                       
                             Alternate', 'DIN Condensed',                       
                             'Damascus', 'DecoType Naskh',                      
                             'Devanagari MT', 'Devanagari                       
                             Sangam MN', 'Didot', 'Diwan                        
                             Kufi', 'Diwan Thuluth',                            
                             'Euphemia UCAS', 'Farah',                          
                             'Farisi', 'Futura', 'GB18030                       
                             Bitmap', 'Galvji', 'Geeza Pro',                    
                             'Geneva', 'Georgia', 'Gill                         
                             Sans', 'Grantha Sangam MN',                        
                             'Gujarati MT', 'Gujarati Sangam                    
                             MN', 'GungSeo', 'Gurmukhi MN',                     
                             'Gurmukhi MT', 'Gurmukhi Sangam                    
                             MN', 'Hannotate SC', 'Hannotate                    
                             TC', 'HanziPen SC', 'HanziPen                      
                             TC', 'HeadLineA', 'Hei', 'Heiti                    
                             SC', 'Heiti TC', 'Helvetica',                      
                             'Helvetica Neue', 'Herculanum',                    
                             'Hiragino Maru Gothic ProN',                       
                             'Hiragino Mincho ProN',                            
                             'Hiragino Sans', 'Hiragino Sans                    
                             GB', 'Hoefler Text', 'ITF                          
                             Devanagari', 'ITF Devanagari                       
                             Marathi', 'Impact',                                
                             'InaiMathi', 'Kai', 'Kailasa',                     
                             'Kaiti SC', 'Kaiti TC',                            
                             'Kannada MN', 'Kannada Sangam                      
                             MN', 'Kefa III', 'Khmer MN',                       
                             'Khmer Sangam MN', 'Klee',                         
                             'Kohinoor Bangla', 'Kohinoor                       
                             Devanagari', 'Kohinoor                             
                             Gujarati', 'Kohinoor Telugu',                      
                             'Kokonor', 'Krungthep',                            
                             'KufiStandardGK', 'LXGW                            
                             ZhenKai', 'Lantinghei SC',                         
                             'Lantinghei TC', 'Lao MN', 'Lao                    
                             Sangam MN', 'LiHei Pro',                           
                             'LiSong Pro', 'Libian SC',                         
                             'Libian TC', 'LingWai SC',                         
                             'LingWai TC', 'Lucida Grande',                     
                             'Luminari', 'Malayalam MN',                        
                             'Malayalam Sangam MN', 'Marker                     
                             Felt', 'Menlo', 'Microsoft Sans                    
                             Serif', 'Mishafi', 'Mishafi                        
                             Gold', 'Monaco', 'Monospace',                      
                             'Mshtakan', 'Mukta Mahee',                         
                             'Muna', 'Myanmar MN', 'Myanmar                     
                             Sangam MN', 'Nadeem', 'Nanum                       
                             Brush Script', 'Nanum Gothic',                     
                             'Nanum Myeongjo', 'Nanum Pen                       
                             Script', 'New Peninim MT',                         
                             'Noteworthy', 'Noto Nastaliq                       
                             Urdu', 'Noto Sans Batak', 'Noto                    
                             Sans Kannada', 'Noto Sans                          
                             Myanmar', 'Noto Sans NKo',                         
                             'Noto Sans Oriya', 'Noto Sans                      
                             Syriac', 'Noto Sans Tagalog',                      
                             'Noto Serif Myanmar', 'Optima',                    
                             'Oriya MN', 'Oriya Sangam MN',                     
                             'Osaka', 'PCMyungjo', 'PT                          
                             Mono', 'PT Sans', 'PT Sans                         
                             Caption', 'PT Sans Narrow', 'PT                    
                             Serif', 'PT Serif Caption',                        
                             'Palatino', 'Papyrus', 'Party                      
                             LET', 'Phosphate', 'PilGi',                        
                             'PingFang HK', 'PingFang MO',                      
                             'PingFang SC', 'PingFang TC',                      
                             'Plantagenet Cherokee',                            
                             'Raanana', 'Rockwell',                             
                             'STFangsong', 'STHeiti', 'STIX                     
                             Two Math', 'STIX Two Text',                        
                             'STKaiti', 'STSong', 'Sana',                       
                             'Sans', 'Sathu', 'Savoye LET',                     
                             'Serif', 'Shree Devanagari                         
                             714', 'SignPainter', 'Silom',                      
                             'SimSong', 'Sinhala MN',                           
                             'Sinhala Sangam MN', 'Skia',                       
                             'Snell Roundhand', 'Songti SC',                    
                             'Songti TC', 'Sukhumvit Set',                      
                             'Symbol', 'Tahoma', 'Tamil MN',                    
                             'Tamil Sangam MN', 'Telugu MN',                    
                             'Telugu Sangam MN', 'Thonburi',                    
                             'Times New Roman', 'Toppan                         
                             Bunkyu Gothic', 'Toppan Bunkyu                     
                             Midashi Gothic', 'Toppan Bunkyu                    
                             Midashi Mincho', 'Toppan Bunkyu                    
                             Mincho', 'Trattatello',                            
                             'Trebuchet MS', 'Tsukushi A                        
                             Round Gothic', 'Tsukushi B                         
                             Round Gothic', 'Verdana',                          
                             'Waseem', 'Wawati SC', 'Wawati                     
                             TC', 'Webdings', 'Weibei SC',                      
                             'Weibei TC', 'Wingdings',                          
                             'Wingdings 2', 'Wingdings 3',                      
                             'Xingkai SC', 'Xingkai TC',                        
                             'YuGothic', 'YuKyokasho',                          
                             'YuKyokasho Yoko', 'YuMincho',                     
                             'YuMincho +36p Kana', 'Yuanti                      
                             SC', 'Yuanti TC', 'Yuppy SC',                      
                             'Yuppy TC', 'Zapf Dingbats',                       
                             'Zapfino', 'cursive',                              
                             'fantasy', 'system-ui'].                           
Animation 28: FadeIn(Text('必然')):   0%|          | 0/18 [00:00<?, ?it/s]                                                                                              INFO     Animation 28 : Partial     scene_file_writer.py:590
                             movie file written in                              
                             '/Users/mx/Desktop/manim_m                         
                             ath/高中/高三/第二学期/第                          
                             十七章-概率论初步/001随机                          
                             事件与概率/media/videos/pr                         
                             obability/1920p60/partial_                         
                             movie_files/ProbabilitySce                         
                             ne/656162490_3885382499_13                         
                             88981477.mp4'                                      
                    INFO     Writing                     tex_file_writing.py:110
                             \special{dvisvgm:raw <g                            
                             id='unique000'>}0 \leq P(A)                        
                             \leq 1\special{dvisvgm:raw                         
                             </g>} to                                           
                             media/Tex/f6614233eff95cf1.                        
                             tex                                                
Animation 29: GrowFromCenter(BraceBetweenPoints), etc.:   0%|          | 0/42 [00:00<?, ?it/s]Animation 29: GrowFromCenter(BraceBetweenPoints), etc.:  52%|█████▏    | 22/42 [00:00<00:00, 211.16it/s]                                                                                                        [02/27/26 10:18:25] INFO     Animation 29 : Partial     scene_file_writer.py:590
                             movie file written in                              
                             '/Users/mx/Desktop/manim_m                         
                             ath/高中/高三/第二学期/第                          
                             十七章-概率论初步/001随机                          
                             事件与概率/media/videos/pr                         
                             obability/1920p60/partial_                         
                             movie_files/ProbabilitySce                         
                             ne/656162490_3165049186_35                         
                             17988883.mp4'                                      
                    INFO     Animation 30 : Partial     scene_file_writer.py:590
                             movie file written in                              
                             '/Users/mx/Desktop/manim_m                         
                             ath/高中/高三/第二学期/第                          
                             十七章-概率论初步/001随机                          
                             事件与概率/media/videos/pr                         
                             obability/1920p60/partial_                         
                             movie_files/ProbabilitySce                         
                             ne/656162490_3394500337_17                         
                             26067268.mp4'                                      
                    WARNING  Font Noto Sans CJK SC not in    text_mobject.py:464
                             ['.AppleSystemUIFont', 'Academy                    
                             Engraved LET', 'Al Bayan', 'Al                     
                             Nile', 'Al Tarikh', 'American                      
                             Typewriter', 'Andale Mono',                        
                             'Apple Braille', 'Apple                            
                             Chancery', 'Apple Color Emoji',                    
                             'Apple LiGothic', 'Apple                           
                             LiSung', 'Apple SD Gothic Neo',                    
                             'Apple Symbols', 'AppleGothic',                    
                             'AppleMyungjo', 'Arial', 'Arial                    
                             Black', 'Arial Hebrew', 'Arial                     
                             Hebrew Scholar', 'Arial                            
                             Narrow', 'Arial Rounded MT                         
                             Bold', 'Arial Unicode MS',                         
                             'Avenir', 'Avenir Next',                           
                             'Avenir Next Condensed',                           
                             'Ayuthaya', 'BIZ UDGothic',                        
                             'BIZ UDMincho', 'BM Dohyeon',                      
                             'BM Hanna 11yrs Old', 'BM Hanna                    
                             Air', 'BM Hanna Pro', 'BM Jua',                    
                             'BM Kirang Haerang', 'BM                           
                             Yeonsung', 'Baghdad', 'Bangla                      
                             MN', 'Bangla Sangam MN', 'Baoli                    
                             SC', 'Baoli TC', 'Baskerville',                    
                             'Beirut', 'BiauKaiHK',                             
                             'BiauKaiTC', 'Big Caslon',                         
                             'Bodoni 72', 'Bodoni 72                            
                             Oldstyle', 'Bodoni 72                              
                             Smallcaps', 'Bodoni Ornaments',                    
                             'Bradley Hand', 'Brush Script                      
                             MT', 'Chalkboard', 'Chalkboard                     
                             SE', 'Chalkduster', 'Charter',                     
                             'Cochin', 'Comic Sans MS',                         
                             'Copperplate', 'Corsiva                            
                             Hebrew', 'Courier New', 'DIN                       
                             Alternate', 'DIN Condensed',                       
                             'Damascus', 'DecoType Naskh',                      
                             'Devanagari MT', 'Devanagari                       
                             Sangam MN', 'Didot', 'Diwan                        
                             Kufi', 'Diwan Thuluth',                            
                             'Euphemia UCAS', 'Farah',                          
                             'Farisi', 'Futura', 'GB18030                       
                             Bitmap', 'Galvji', 'Geeza Pro',                    
                             'Geneva', 'Georgia', 'Gill                         
                             Sans', 'Grantha Sangam MN',                        
                             'Gujarati MT', 'Gujarati Sangam                    
                             MN', 'GungSeo', 'Gurmukhi MN',                     
                             'Gurmukhi MT', 'Gurmukhi Sangam                    
                             MN', 'Hannotate SC', 'Hannotate                    
                             TC', 'HanziPen SC', 'HanziPen                      
                             TC', 'HeadLineA', 'Hei', 'Heiti                    
                             SC', 'Heiti TC', 'Helvetica',                      
                             'Helvetica Neue', 'Herculanum',                    
                             'Hiragino Maru Gothic ProN',                       
                             'Hiragino Mincho ProN',                            
                             'Hiragino Sans', 'Hiragino Sans                    
                             GB', 'Hoefler Text', 'ITF                          
                             Devanagari', 'ITF Devanagari                       
                             Marathi', 'Impact',                                
                             'InaiMathi', 'Kai', 'Kailasa',                     
                             'Kaiti SC', 'Kaiti TC',                            
                             'Kannada MN', 'Kannada Sangam                      
                             MN', 'Kefa III', 'Khmer MN',                       
                             'Khmer Sangam MN', 'Klee',                         
                             'Kohinoor Bangla', 'Kohinoor                       
                             Devanagari', 'Kohinoor                             
                             Gujarati', 'Kohinoor Telugu',                      
                             'Kokonor', 'Krungthep',                            
                             'KufiStandardGK', 'LXGW                            
                             ZhenKai', 'Lantinghei SC',                         
                             'Lantinghei TC', 'Lao MN', 'Lao                    
                             Sangam MN', 'LiHei Pro',                           
                             'LiSong Pro', 'Libian SC',                         
                             'Libian TC', 'LingWai SC',                         
                             'LingWai TC', 'Lucida Grande',                     
                             'Luminari', 'Malayalam MN',                        
                             'Malayalam Sangam MN', 'Marker                     
                             Felt', 'Menlo', 'Microsoft Sans                    
                             Serif', 'Mishafi', 'Mishafi                        
                             Gold', 'Monaco', 'Monospace',                      
                             'Mshtakan', 'Mukta Mahee',                         
                             'Muna', 'Myanmar MN', 'Myanmar                     
                             Sangam MN', 'Nadeem', 'Nanum                       
                             Brush Script', 'Nanum Gothic',                     
                             'Nanum Myeongjo', 'Nanum Pen                       
                             Script', 'New Peninim MT',                         
                             'Noteworthy', 'Noto Nastaliq                       
                             Urdu', 'Noto Sans Batak', 'Noto                    
                             Sans Kannada', 'Noto Sans                          
                             Myanmar', 'Noto Sans NKo',                         
                             'Noto Sans Oriya', 'Noto Sans                      
                             Syriac', 'Noto Sans Tagalog',                      
                             'Noto Serif Myanmar', 'Optima',                    
                             'Oriya MN', 'Oriya Sangam MN',                     
                             'Osaka', 'PCMyungjo', 'PT                          
                             Mono', 'PT Sans', 'PT Sans                         
                             Caption', 'PT Sans Narrow', 'PT                    
                             Serif', 'PT Serif Caption',                        
                             'Palatino', 'Papyrus', 'Party                      
                             LET', 'Phosphate', 'PilGi',                        
                             'PingFang HK', 'PingFang MO',                      
                             'PingFang SC', 'PingFang TC',                      
                             'Plantagenet Cherokee',                            
                             'Raanana', 'Rockwell',                             
                             'STFangsong', 'STHeiti', 'STIX                     
                             Two Math', 'STIX Two Text',                        
                             'STKaiti', 'STSong', 'Sana',                       
                             'Sans', 'Sathu', 'Savoye LET',                     
                             'Serif', 'Shree Devanagari                         
                             714', 'SignPainter', 'Silom',                      
                             'SimSong', 'Sinhala MN',                           
                             'Sinhala Sangam MN', 'Skia',                       
                             'Snell Roundhand', 'Songti SC',                    
                             'Songti TC', 'Sukhumvit Set',                      
                             'Symbol', 'Tahoma', 'Tamil MN',                    
                             'Tamil Sangam MN', 'Telugu MN',                    
                             'Telugu Sangam MN', 'Thonburi',                    
                             'Times New Roman', 'Toppan                         
                             Bunkyu Gothic', 'Toppan Bunkyu                     
                             Midashi Gothic', 'Toppan Bunkyu                    
                             Midashi Mincho', 'Toppan Bunkyu                    
                             Mincho', 'Trattatello',                            
                             'Trebuchet MS', 'Tsukushi A                        
                             Round Gothic', 'Tsukushi B                         
                             Round Gothic', 'Verdana',                          
                             'Waseem', 'Wawati SC', 'Wawati                     
                             TC', 'Webdings', 'Weibei SC',                      
                             'Weibei TC', 'Wingdings',                          
                             'Wingdings 2', 'Wingdings 3',                      
                             'Xingkai SC', 'Xingkai TC',                        
                             'YuGothic', 'YuKyokasho',                          
                             'YuKyokasho Yoko', 'YuMincho',                     
                             'YuMincho +36p Kana', 'Yuanti                      
                             SC', 'Yuanti TC', 'Yuppy SC',                      
                             'Yuppy TC', 'Zapf Dingbats',                       
                             'Zapfino', 'cursive',                              
                             'fantasy', 'system-ui'].                           
                    INFO     Writing                     tex_file_writing.py:110
                             \special{dvisvgm:raw <g                            
                             id='unique000'>}P(A) \geq                          
                             0\special{dvisvgm:raw </g>}                        
                             to                                                 
                             media/Tex/a68818f15ddfff1c.                        
                             tex                                                
Animation 31: _MethodAnimation(VGroup of 3 submobjects):   0%|          | 0/24 [00:00<?, ?it/s]Animation 31: _MethodAnimation(VGroup of 3 submobjects):  67%|██████▋   | 16/24 [00:00<00:00, 156.39it/s]                                                                                                         [02/27/26 10:18:26] INFO     Animation 31 : Partial     scene_file_writer.py:590
                             movie file written in                              
                             '/Users/mx/Desktop/manim_m                         
                             ath/高中/高三/第二学期/第                          
                             十七章-概率论初步/001随机                          
                             事件与概率/media/videos/pr                         
                             obability/1920p60/partial_                         
                             movie_files/ProbabilitySce                         
                             ne/656162490_1802924453_15                         
                             55758090.mp4'                                      
                    WARNING  Font Noto Sans CJK SC not in    text_mobject.py:464
                             ['.AppleSystemUIFont', 'Academy                    
                             Engraved LET', 'Al Bayan', 'Al                     
                             Nile', 'Al Tarikh', 'American                      
                             Typewriter', 'Andale Mono',                        
                             'Apple Braille', 'Apple                            
                             Chancery', 'Apple Color Emoji',                    
                             'Apple LiGothic', 'Apple                           
                             LiSung', 'Apple SD Gothic Neo',                    
                             'Apple Symbols', 'AppleGothic',                    
                             'AppleMyungjo', 'Arial', 'Arial                    
                             Black', 'Arial Hebrew', 'Arial                     
                             Hebrew Scholar', 'Arial                            
                             Narrow', 'Arial Rounded MT                         
                             Bold', 'Arial Unicode MS',                         
                             'Avenir', 'Avenir Next',                           
                             'Avenir Next Condensed',                           
                             'Ayuthaya', 'BIZ UDGothic',                        
                             'BIZ UDMincho', 'BM Dohyeon',                      
                             'BM Hanna 11yrs Old', 'BM Hanna                    
                             Air', 'BM Hanna Pro', 'BM Jua',                    
                             'BM Kirang Haerang', 'BM                           
                             Yeonsung', 'Baghdad', 'Bangla                      
                             MN', 'Bangla Sangam MN', 'Baoli                    
                             SC', 'Baoli TC', 'Baskerville',                    
                             'Beirut', 'BiauKaiHK',                             
                             'BiauKaiTC', 'Big Caslon',                         
                             'Bodoni 72', 'Bodoni 72                            
                             Oldstyle', 'Bodoni 72                              
                             Smallcaps', 'Bodoni Ornaments',                    
                             'Bradley Hand', 'Brush Script                      
                             MT', 'Chalkboard', 'Chalkboard                     
                             SE', 'Chalkduster', 'Charter',                     
                             'Cochin', 'Comic Sans MS',                         
                             'Copperplate', 'Corsiva                            
                             Hebrew', 'Courier New', 'DIN                       
                             Alternate', 'DIN Condensed',                       
                             'Damascus', 'DecoType Naskh',                      
                             'Devanagari MT', 'Devanagari                       
                             Sangam MN', 'Didot', 'Diwan                        
                             Kufi', 'Diwan Thuluth',                            
                             'Euphemia UCAS', 'Farah',                          
                             'Farisi', 'Futura', 'GB18030                       
                             Bitmap', 'Galvji', 'Geeza Pro',                    
                             'Geneva', 'Georgia', 'Gill                         
                             Sans', 'Grantha Sangam MN',                        
                             'Gujarati MT', 'Gujarati Sangam                    
                             MN', 'GungSeo', 'Gurmukhi MN',                     
                             'Gurmukhi MT', 'Gurmukhi Sangam                    
                             MN', 'Hannotate SC', 'Hannotate                    
                             TC', 'HanziPen SC', 'HanziPen                      
                             TC', 'HeadLineA', 'Hei', 'Heiti                    
                             SC', 'Heiti TC', 'Helvetica',                      
                             'Helvetica Neue', 'Herculanum',                    
                             'Hiragino Maru Gothic ProN',                       
                             'Hiragino Mincho ProN',                            
                             'Hiragino Sans', 'Hiragino Sans                    
                             GB', 'Hoefler Text', 'ITF                          
                             Devanagari', 'ITF Devanagari                       
                             Marathi', 'Impact',                                
                             'InaiMathi', 'Kai', 'Kailasa',                     
                             'Kaiti SC', 'Kaiti TC',                            
                             'Kannada MN', 'Kannada Sangam                      
                             MN', 'Kefa III', 'Khmer MN',                       
                             'Khmer Sangam MN', 'Klee',                         
                             'Kohinoor Bangla', 'Kohinoor                       
                             Devanagari', 'Kohinoor                             
                             Gujarati', 'Kohinoor Telugu',                      
                             'Kokonor', 'Krungthep',                            
                             'KufiStandardGK', 'LXGW                            
                             ZhenKai', 'Lantinghei SC',                         
                             'Lantinghei TC', 'Lao MN', 'Lao                    
                             Sangam MN', 'LiHei Pro',                           
                             'LiSong Pro', 'Libian SC',                         
                             'Libian TC', 'LingWai SC',                         
                             'LingWai TC', 'Lucida Grande',                     
                             'Luminari', 'Malayalam MN',                        
                             'Malayalam Sangam MN', 'Marker                     
                             Felt', 'Menlo', 'Microsoft Sans                    
                             Serif', 'Mishafi', 'Mishafi                        
                             Gold', 'Monaco', 'Monospace',                      
                             'Mshtakan', 'Mukta Mahee',                         
                             'Muna', 'Myanmar MN', 'Myanmar                     
                             Sangam MN', 'Nadeem', 'Nanum                       
                             Brush Script', 'Nanum Gothic',                     
                             'Nanum Myeongjo', 'Nanum Pen                       
                             Script', 'New Peninim MT',                         
                             'Noteworthy', 'Noto Nastaliq                       
                             Urdu', 'Noto Sans Batak', 'Noto                    
                             Sans Kannada', 'Noto Sans                          
                             Myanmar', 'Noto Sans NKo',                         
                             'Noto Sans Oriya', 'Noto Sans                      
                             Syriac', 'Noto Sans Tagalog',                      
                             'Noto Serif Myanmar', 'Optima',                    
                             'Oriya MN', 'Oriya Sangam MN',                     
                             'Osaka', 'PCMyungjo', 'PT                          
                             Mono', 'PT Sans', 'PT Sans                         
                             Caption', 'PT Sans Narrow', 'PT                    
                             Serif', 'PT Serif Caption',                        
                             'Palatino', 'Papyrus', 'Party                      
                             LET', 'Phosphate', 'PilGi',                        
                             'PingFang HK', 'PingFang MO',                      
                             'PingFang SC', 'PingFang TC',                      
                             'Plantagenet Cherokee',                            
                             'Raanana', 'Rockwell',                             
                             'STFangsong', 'STHeiti', 'STIX                     
                             Two Math', 'STIX Two Text',                        
                             'STKaiti', 'STSong', 'Sana',                       
                             'Sans', 'Sathu', 'Savoye LET',                     
                             'Serif', 'Shree Devanagari                         
                             714', 'SignPainter', 'Silom',                      
                             'SimSong', 'Sinhala MN',                           
                             'Sinhala Sangam MN', 'Skia',                       
                             'Snell Roundhand', 'Songti SC',                    
                             'Songti TC', 'Sukhumvit Set',                      
                             'Symbol', 'Tahoma', 'Tamil MN',                    
                             'Tamil Sangam MN', 'Telugu MN',                    
                             'Telugu Sangam MN', 'Thonburi',                    
                             'Times New Roman', 'Toppan                         
                             Bunkyu Gothic', 'Toppan Bunkyu                     
                             Midashi Gothic', 'Toppan Bunkyu                    
                             Midashi Mincho', 'Toppan Bunkyu                    
                             Mincho', 'Trattatello',                            
                             'Trebuchet MS', 'Tsukushi A                        
                             Round Gothic', 'Tsukushi B                         
                             Round Gothic', 'Verdana',                          
                             'Waseem', 'Wawati SC', 'Wawati                     
                             TC', 'Webdings', 'Weibei SC',                      
                             'Weibei TC', 'Wingdings',                          
                             'Wingdings 2', 'Wingdings 3',                      
                             'Xingkai SC', 'Xingkai TC',                        
                             'YuGothic', 'YuKyokasho',                          
                             'YuKyokasho Yoko', 'YuMincho',                     
                             'YuMincho +36p Kana', 'Yuanti                      
                             SC', 'Yuanti TC', 'Yuppy SC',                      
                             'Yuppy TC', 'Zapf Dingbats',                       
                             'Zapfino', 'cursive',                              
                             'fantasy', 'system-ui'].                           
                    INFO     Writing                     tex_file_writing.py:110
                             \special{dvisvgm:raw <g                            
                             id='unique000'>}P(S) =                             
                             1\special{dvisvgm:raw </g>}                        
                             to                                                 
                             media/Tex/8577416f7586741d.                        
                             tex                                                
Animation 32: _MethodAnimation(VGroup of 3 submobjects):   0%|          | 0/24 [00:00<?, ?it/s]Animation 32: _MethodAnimation(VGroup of 3 submobjects):  71%|███████   | 17/24 [00:00<00:00, 158.93it/s]                                                                                                         [02/27/26 10:18:27] INFO     Animation 32 : Partial     scene_file_writer.py:590
                             movie file written in                              
                             '/Users/mx/Desktop/manim_m                         
                             ath/高中/高三/第二学期/第                          
                             十七章-概率论初步/001随机                          
                             事件与概率/media/videos/pr                         
                             obability/1920p60/partial_                         
                             movie_files/ProbabilitySce                         
                             ne/656162490_763375192_189                         
                             7726217.mp4'                                       
                    WARNING  Font Noto Sans CJK SC not in    text_mobject.py:464
                             ['.AppleSystemUIFont', 'Academy                    
                             Engraved LET', 'Al Bayan', 'Al                     
                             Nile', 'Al Tarikh', 'American                      
                             Typewriter', 'Andale Mono',                        
                             'Apple Braille', 'Apple                            
                             Chancery', 'Apple Color Emoji',                    
                             'Apple LiGothic', 'Apple                           
                             LiSung', 'Apple SD Gothic Neo',                    
                             'Apple Symbols', 'AppleGothic',                    
                             'AppleMyungjo', 'Arial', 'Arial                    
                             Black', 'Arial Hebrew', 'Arial                     
                             Hebrew Scholar', 'Arial                            
                             Narrow', 'Arial Rounded MT                         
                             Bold', 'Arial Unicode MS',                         
                             'Avenir', 'Avenir Next',                           
                             'Avenir Next Condensed',                           
                             'Ayuthaya', 'BIZ UDGothic',                        
                             'BIZ UDMincho', 'BM Dohyeon',                      
                             'BM Hanna 11yrs Old', 'BM Hanna                    
                             Air', 'BM Hanna Pro', 'BM Jua',                    
                             'BM Kirang Haerang', 'BM                           
                             Yeonsung', 'Baghdad', 'Bangla                      
                             MN', 'Bangla Sangam MN', 'Baoli                    
                             SC', 'Baoli TC', 'Baskerville',                    
                             'Beirut', 'BiauKaiHK',                             
                             'BiauKaiTC', 'Big Caslon',                         
                             'Bodoni 72', 'Bodoni 72                            
                             Oldstyle', 'Bodoni 72                              
                             Smallcaps', 'Bodoni Ornaments',                    
                             'Bradley Hand', 'Brush Script                      
                             MT', 'Chalkboard', 'Chalkboard                     
                             SE', 'Chalkduster', 'Charter',                     
                             'Cochin', 'Comic Sans MS',                         
                             'Copperplate', 'Corsiva                            
                             Hebrew', 'Courier New', 'DIN                       
                             Alternate', 'DIN Condensed',                       
                             'Damascus', 'DecoType Naskh',                      
                             'Devanagari MT', 'Devanagari                       
                             Sangam MN', 'Didot', 'Diwan                        
                             Kufi', 'Diwan Thuluth',                            
                             'Euphemia UCAS', 'Farah',                          
                             'Farisi', 'Futura', 'GB18030                       
                             Bitmap', 'Galvji', 'Geeza Pro',                    
                             'Geneva', 'Georgia', 'Gill                         
                             Sans', 'Grantha Sangam MN',                        
                             'Gujarati MT', 'Gujarati Sangam                    
                             MN', 'GungSeo', 'Gurmukhi MN',                     
                             'Gurmukhi MT', 'Gurmukhi Sangam                    
                             MN', 'Hannotate SC', 'Hannotate                    
                             TC', 'HanziPen SC', 'HanziPen                      
                             TC', 'HeadLineA', 'Hei', 'Heiti                    
                             SC', 'Heiti TC', 'Helvetica',                      
                             'Helvetica Neue', 'Herculanum',                    
                             'Hiragino Maru Gothic ProN',                       
                             'Hiragino Mincho ProN',                            
                             'Hiragino Sans', 'Hiragino Sans                    
                             GB', 'Hoefler Text', 'ITF                          
                             Devanagari', 'ITF Devanagari                       
                             Marathi', 'Impact',                                
                             'InaiMathi', 'Kai', 'Kailasa',                     
                             'Kaiti SC', 'Kaiti TC',                            
                             'Kannada MN', 'Kannada Sangam                      
                             MN', 'Kefa III', 'Khmer MN',                       
                             'Khmer Sangam MN', 'Klee',                         
                             'Kohinoor Bangla', 'Kohinoor                       
                             Devanagari', 'Kohinoor                             
                             Gujarati', 'Kohinoor Telugu',                      
                             'Kokonor', 'Krungthep',                            
                             'KufiStandardGK', 'LXGW                            
                             ZhenKai', 'Lantinghei SC',                         
                             'Lantinghei TC', 'Lao MN', 'Lao                    
                             Sangam MN', 'LiHei Pro',                           
                             'LiSong Pro', 'Libian SC',                         
                             'Libian TC', 'LingWai SC',                         
                             'LingWai TC', 'Lucida Grande',                     
                             'Luminari', 'Malayalam MN',                        
                             'Malayalam Sangam MN', 'Marker                     
                             Felt', 'Menlo', 'Microsoft Sans                    
                             Serif', 'Mishafi', 'Mishafi                        
                             Gold', 'Monaco', 'Monospace',                      
                             'Mshtakan', 'Mukta Mahee',                         
                             'Muna', 'Myanmar MN', 'Myanmar                     
                             Sangam MN', 'Nadeem', 'Nanum                       
                             Brush Script', 'Nanum Gothic',                     
                             'Nanum Myeongjo', 'Nanum Pen                       
                             Script', 'New Peninim MT',                         
                             'Noteworthy', 'Noto Nastaliq                       
                             Urdu', 'Noto Sans Batak', 'Noto                    
                             Sans Kannada', 'Noto Sans                          
                             Myanmar', 'Noto Sans NKo',                         
                             'Noto Sans Oriya', 'Noto Sans                      
                             Syriac', 'Noto Sans Tagalog',                      
                             'Noto Serif Myanmar', 'Optima',                    
                             'Oriya MN', 'Oriya Sangam MN',                     
                             'Osaka', 'PCMyungjo', 'PT                          
                             Mono', 'PT Sans', 'PT Sans                         
                             Caption', 'PT Sans Narrow', 'PT                    
                             Serif', 'PT Serif Caption',                        
                             'Palatino', 'Papyrus', 'Party                      
                             LET', 'Phosphate', 'PilGi',                        
                             'PingFang HK', 'PingFang MO',                      
                             'PingFang SC', 'PingFang TC',                      
                             'Plantagenet Cherokee',                            
                             'Raanana', 'Rockwell',                             
                             'STFangsong', 'STHeiti', 'STIX                     
                             Two Math', 'STIX Two Text',                        
                             'STKaiti', 'STSong', 'Sana',                       
                             'Sans', 'Sathu', 'Savoye LET',                     
                             'Serif', 'Shree Devanagari                         
                             714', 'SignPainter', 'Silom',                      
                             'SimSong', 'Sinhala MN',                           
                             'Sinhala Sangam MN', 'Skia',                       
                             'Snell Roundhand', 'Songti SC',                    
                             'Songti TC', 'Sukhumvit Set',                      
                             'Symbol', 'Tahoma', 'Tamil MN',                    
                             'Tamil Sangam MN', 'Telugu MN',                    
                             'Telugu Sangam MN', 'Thonburi',                    
                             'Times New Roman', 'Toppan                         
                             Bunkyu Gothic', 'Toppan Bunkyu                     
                             Midashi Gothic', 'Toppan Bunkyu                    
                             Midashi Mincho', 'Toppan Bunkyu                    
                             Mincho', 'Trattatello',                            
                             'Trebuchet MS', 'Tsukushi A                        
                             Round Gothic', 'Tsukushi B                         
                             Round Gothic', 'Verdana',                          
                             'Waseem', 'Wawati SC', 'Wawati                     
                             TC', 'Webdings', 'Weibei SC',                      
                             'Weibei TC', 'Wingdings',                          
                             'Wingdings 2', 'Wingdings 3',                      
                             'Xingkai SC', 'Xingkai TC',                        
                             'YuGothic', 'YuKyokasho',                          
                             'YuKyokasho Yoko', 'YuMincho',                     
                             'YuMincho +36p Kana', 'Yuanti                      
                             SC', 'Yuanti TC', 'Yuppy SC',                      
                             'Yuppy TC', 'Zapf Dingbats',                       
                             'Zapfino', 'cursive',                              
                             'fantasy', 'system-ui'].                           
                    INFO     Writing                     tex_file_writing.py:110
                             \special{dvisvgm:raw <g                            
                             id='unique000'>}A \cap B =                         
                             \varnothing \Rightarrow                            
                             P(A\cup                                            
                             B)=P(A)+P(B)\special{dvisvg                        
                             m:raw </g>} to                                     
                             media/Tex/ca28b02daa4b4217.                        
                             tex                                                
Animation 33: _MethodAnimation(VGroup of 3 submobjects):   0%|          | 0/24 [00:00<?, ?it/s]Animation 33: _MethodAnimation(VGroup of 3 submobjects):  58%|█████▊    | 14/24 [00:00<00:00, 129.03it/s]                                                                                                         [02/27/26 10:18:28] INFO     Animation 33 : Partial     scene_file_writer.py:590
                             movie file written in                              
                             '/Users/mx/Desktop/manim_m                         
                             ath/高中/高三/第二学期/第                          
                             十七章-概率论初步/001随机                          
                             事件与概率/media/videos/pr                         
                             obability/1920p60/partial_                         
                             movie_files/ProbabilitySce                         
                             ne/656162490_653338940_399                         
                             3511817.mp4'                                       
[02/27/26 10:18:29] INFO     Animation 34 : Partial     scene_file_writer.py:590
                             movie file written in                              
                             '/Users/mx/Desktop/manim_m                         
                             ath/高中/高三/第二学期/第                          
                             十七章-概率论初步/001随机                          
                             事件与概率/media/videos/pr                         
                             obability/1920p60/partial_                         
                             movie_files/ProbabilitySce                         
                             ne/656162490_2294583397_22                         
                             51662590.mp4'                                      
Animation 35: FadeOut(Text('概率的大小：0 到 1 之间')), etc.:   0%|          | 0/30 [00:00<?, ?it/s]Animation 35: FadeOut(Text('概率的大小：0 到 1 之间')), etc.:  17%|█▋        | 5/30 [00:00<00:00, 43.71it/s]Animation 35: FadeOut(Text('概率的大小：0 到 1 之间')), etc.:  37%|███▋      | 11/30 [00:00<00:00, 48.63it/s]Animation 35: FadeOut(Text('概率的大小：0 到 1 之间')), etc.:  57%|█████▋    | 17/30 [00:00<00:00, 51.24it/s]Animation 35: FadeOut(Text('概率的大小：0 到 1 之间')), etc.:  77%|███████▋  | 23/30 [00:00<00:00, 42.24it/s]Animation 35: FadeOut(Text('概率的大小：0 到 1 之间')), etc.:  97%|█████████▋| 29/30 [00:00<00:00, 45.97it/s]                                                                                                             [02/27/26 10:18:31] INFO     Animation 35 : Partial     scene_file_writer.py:590
                             movie file written in                              
                             '/Users/mx/Desktop/manim_m                         
                             ath/高中/高三/第二学期/第                          
                             十七章-概率论初步/001随机                          
                             事件与概率/media/videos/pr                         
                             obability/1920p60/partial_                         
                             movie_files/ProbabilitySce                         
                             ne/656162490_215909778_135                         
                             3373993.mp4'                                       
                    WARNING  Font Noto Sans CJK SC not in    text_mobject.py:464
                             ['.AppleSystemUIFont', 'Academy                    
                             Engraved LET', 'Al Bayan', 'Al                     
                             Nile', 'Al Tarikh', 'American                      
                             Typewriter', 'Andale Mono',                        
                             'Apple Braille', 'Apple                            
                             Chancery', 'Apple Color Emoji',                    
                             'Apple LiGothic', 'Apple                           
                             LiSung', 'Apple SD Gothic Neo',                    
                             'Apple Symbols', 'AppleGothic',                    
                             'AppleMyungjo', 'Arial', 'Arial                    
                             Black', 'Arial Hebrew', 'Arial                     
                             Hebrew Scholar', 'Arial                            
                             Narrow', 'Arial Rounded MT                         
                             Bold', 'Arial Unicode MS',                         
                             'Avenir', 'Avenir Next',                           
                             'Avenir Next Condensed',                           
                             'Ayuthaya', 'BIZ UDGothic',                        
                             'BIZ UDMincho', 'BM Dohyeon',                      
                             'BM Hanna 11yrs Old', 'BM Hanna                    
                             Air', 'BM Hanna Pro', 'BM Jua',                    
                             'BM Kirang Haerang', 'BM                           
                             Yeonsung', 'Baghdad', 'Bangla                      
                             MN', 'Bangla Sangam MN', 'Baoli                    
                             SC', 'Baoli TC', 'Baskerville',                    
                             'Beirut', 'BiauKaiHK',                             
                             'BiauKaiTC', 'Big Caslon',                         
                             'Bodoni 72', 'Bodoni 72                            
                             Oldstyle', 'Bodoni 72                              
                             Smallcaps', 'Bodoni Ornaments',                    
                             'Bradley Hand', 'Brush Script                      
                             MT', 'Chalkboard', 'Chalkboard                     
                             SE', 'Chalkduster', 'Charter',                     
                             'Cochin', 'Comic Sans MS',                         
                             'Copperplate', 'Corsiva                            
                             Hebrew', 'Courier New', 'DIN                       
                             Alternate', 'DIN Condensed',                       
                             'Damascus', 'DecoType Naskh',                      
                             'Devanagari MT', 'Devanagari                       
                             Sangam MN', 'Didot', 'Diwan                        
                             Kufi', 'Diwan Thuluth',                            
                             'Euphemia UCAS', 'Farah',                          
                             'Farisi', 'Futura', 'GB18030                       
                             Bitmap', 'Galvji', 'Geeza Pro',                    
                             'Geneva', 'Georgia', 'Gill                         
                             Sans', 'Grantha Sangam MN',                        
                             'Gujarati MT', 'Gujarati Sangam                    
                             MN', 'GungSeo', 'Gurmukhi MN',                     
                             'Gurmukhi MT', 'Gurmukhi Sangam                    
                             MN', 'Hannotate SC', 'Hannotate                    
                             TC', 'HanziPen SC', 'HanziPen                      
                             TC', 'HeadLineA', 'Hei', 'Heiti                    
                             SC', 'Heiti TC', 'Helvetica',                      
                             'Helvetica Neue', 'Herculanum',                    
                             'Hiragino Maru Gothic ProN',                       
                             'Hiragino Mincho ProN',                            
                             'Hiragino Sans', 'Hiragino Sans                    
                             GB', 'Hoefler Text', 'ITF                          
                             Devanagari', 'ITF Devanagari                       
                             Marathi', 'Impact',                                
                             'InaiMathi', 'Kai', 'Kailasa',                     
                             'Kaiti SC', 'Kaiti TC',                            
                             'Kannada MN', 'Kannada Sangam                      
                             MN', 'Kefa III', 'Khmer MN',                       
                             'Khmer Sangam MN', 'Klee',                         
                             'Kohinoor Bangla', 'Kohinoor                       
                             Devanagari', 'Kohinoor                             
                             Gujarati', 'Kohinoor Telugu',                      
                             'Kokonor', 'Krungthep',                            
                             'KufiStandardGK', 'LXGW                            
                             ZhenKai', 'Lantinghei SC',                         
                             'Lantinghei TC', 'Lao MN', 'Lao                    
                             Sangam MN', 'LiHei Pro',                           
                             'LiSong Pro', 'Libian SC',                         
                             'Libian TC', 'LingWai SC',                         
                             'LingWai TC', 'Lucida Grande',                     
                             'Luminari', 'Malayalam MN',                        
                             'Malayalam Sangam MN', 'Marker                     
                             Felt', 'Menlo', 'Microsoft Sans                    
                             Serif', 'Mishafi', 'Mishafi                        
                             Gold', 'Monaco', 'Monospace',                      
                             'Mshtakan', 'Mukta Mahee',                         
                             'Muna', 'Myanmar MN', 'Myanmar                     
                             Sangam MN', 'Nadeem', 'Nanum                       
                             Brush Script', 'Nanum Gothic',                     
                             'Nanum Myeongjo', 'Nanum Pen                       
                             Script', 'New Peninim MT',                         
                             'Noteworthy', 'Noto Nastaliq                       
                             Urdu', 'Noto Sans Batak', 'Noto                    
                             Sans Kannada', 'Noto Sans                          
                             Myanmar', 'Noto Sans NKo',                         
                             'Noto Sans Oriya', 'Noto Sans                      
                             Syriac', 'Noto Sans Tagalog',                      
                             'Noto Serif Myanmar', 'Optima',                    
                             'Oriya MN', 'Oriya Sangam MN',                     
                             'Osaka', 'PCMyungjo', 'PT                          
                             Mono', 'PT Sans', 'PT Sans                         
                             Caption', 'PT Sans Narrow', 'PT                    
                             Serif', 'PT Serif Caption',                        
                             'Palatino', 'Papyrus', 'Party                      
                             LET', 'Phosphate', 'PilGi',                        
                             'PingFang HK', 'PingFang MO',                      
                             'PingFang SC', 'PingFang TC',                      
                             'Plantagenet Cherokee',                            
                             'Raanana', 'Rockwell',                             
                             'STFangsong', 'STHeiti', 'STIX                     
                             Two Math', 'STIX Two Text',                        
                             'STKaiti', 'STSong', 'Sana',                       
                             'Sans', 'Sathu', 'Savoye LET',                     
                             'Serif', 'Shree Devanagari                         
                             714', 'SignPainter', 'Silom',                      
                             'SimSong', 'Sinhala MN',                           
                             'Sinhala Sangam MN', 'Skia',                       
                             'Snell Roundhand', 'Songti SC',                    
                             'Songti TC', 'Sukhumvit Set',                      
                             'Symbol', 'Tahoma', 'Tamil MN',                    
                             'Tamil Sangam MN', 'Telugu MN',                    
                             'Telugu Sangam MN', 'Thonburi',                    
                             'Times New Roman', 'Toppan                         
                             Bunkyu Gothic', 'Toppan Bunkyu                     
                             Midashi Gothic', 'Toppan Bunkyu                    
                             Midashi Mincho', 'Toppan Bunkyu                    
                             Mincho', 'Trattatello',                            
                             'Trebuchet MS', 'Tsukushi A                        
                             Round Gothic', 'Tsukushi B                         
                             Round Gothic', 'Verdana',                          
                             'Waseem', 'Wawati SC', 'Wawati                     
                             TC', 'Webdings', 'Weibei SC',                      
                             'Weibei TC', 'Wingdings',                          
                             'Wingdings 2', 'Wingdings 3',                      
                             'Xingkai SC', 'Xingkai TC',                        
                             'YuGothic', 'YuKyokasho',                          
                             'YuKyokasho Yoko', 'YuMincho',                     
                             'YuMincho +36p Kana', 'Yuanti                      
                             SC', 'Yuanti TC', 'Yuppy SC',                      
                             'Yuppy TC', 'Zapf Dingbats',                       
                             'Zapfino', 'cursive',                              
                             'fantasy', 'system-ui'].                           
Animation 36: Write(Text('事件的关系：韦恩图')):   0%|          | 0/30 [00:00<?, ?it/s]Animation 36: Write(Text('事件的关系：韦恩图')):  57%|█████▋    | 17/30 [00:00<00:00, 169.61it/s]                                                                                                 [02/27/26 10:18:32] INFO     Animation 36 : Partial     scene_file_writer.py:590
                             movie file written in                              
                             '/Users/mx/Desktop/manim_m                         
                             ath/高中/高三/第二学期/第                          
                             十七章-概率论初步/001随机                          
                             事件与概率/media/videos/pr                         
                             obability/1920p60/partial_                         
                             movie_files/ProbabilitySce                         
                             ne/656162490_1519471374_42                         
                             32590824.mp4'                                      
                    INFO     Writing                     tex_file_writing.py:110
                             \special{dvisvgm:raw <g                            
                             id='unique000'>}A\special{d                        
                             visvgm:raw </g>} to                                
                             media/Tex/d25c7d7a3d2eaa0a.                        
                             tex                                                
                    INFO     Writing                     tex_file_writing.py:110
                             \special{dvisvgm:raw <g                            
                             id='unique000'>}B\special{d                        
                             visvgm:raw </g>} to                                
                             media/Tex/5695d7844629e5de.                        
                             tex                                                
                    INFO     Writing                     tex_file_writing.py:110
                             \special{dvisvgm:raw <g                            
                             id='unique000'>}S\special{d                        
                             visvgm:raw </g>} to                                
                             media/Tex/e8be787a59d9c197.                        
                             tex                                                
Animation 37: Create(RoundedRectangle):   0%|          | 0/30 [00:00<?, ?it/s]Animation 37: Create(RoundedRectangle):  73%|███████▎  | 22/30 [00:00<00:00, 210.65it/s]                                                                                        [02/27/26 10:18:33] INFO     Animation 37 : Partial     scene_file_writer.py:590
                             movie file written in                              
                             '/Users/mx/Desktop/manim_m                         
                             ath/高中/高三/第二学期/第                          
                             十七章-概率论初步/001随机                          
                             事件与概率/media/videos/pr                         
                             obability/1920p60/partial_                         
                             movie_files/ProbabilitySce                         
                             ne/656162490_2286773969_11                         
                             42833198.mp4'                                      
Animation 38: GrowFromCenter(Circle):   0%|          | 0/36 [00:00<?, ?it/s]Animation 38: GrowFromCenter(Circle):  78%|███████▊  | 28/36 [00:00<00:00, 271.34it/s]                                                                                      [02/27/26 10:18:34] INFO     Animation 38 : Partial     scene_file_writer.py:590
                             movie file written in                              
                             '/Users/mx/Desktop/manim_m                         
                             ath/高中/高三/第二学期/第                          
                             十七章-概率论初步/001随机                          
                             事件与概率/media/videos/pr                         
                             obability/1920p60/partial_                         
                             movie_files/ProbabilitySce                         
                             ne/656162490_3590214798_26                         
                             43471998.mp4'                                      
Animation 39: Write(MathTex('A')):   0%|          | 0/18 [00:00<?, ?it/s]                                                                                             INFO     Animation 39 : Partial     scene_file_writer.py:590
                             movie file written in                              
                             '/Users/mx/Desktop/manim_m                         
                             ath/高中/高三/第二学期/第                          
                             十七章-概率论初步/001随机                          
                             事件与概率/media/videos/pr                         
                             obability/1920p60/partial_                         
                             movie_files/ProbabilitySce                         
                             ne/656162490_2319204175_31                         
                             85727572.mp4'                                      
Animation 40: GrowFromCenter(Circle):   0%|          | 0/36 [00:00<?, ?it/s]Animation 40: GrowFromCenter(Circle):  61%|██████    | 22/36 [00:00<00:00, 219.92it/s]                                                                                      [02/27/26 10:18:35] INFO     Animation 40 : Partial     scene_file_writer.py:590
                             movie file written in                              
                             '/Users/mx/Desktop/manim_m                         
                             ath/高中/高三/第二学期/第                          
                             十七章-概率论初步/001随机                          
                             事件与概率/media/videos/pr                         
                             obability/1920p60/partial_                         
                             movie_files/ProbabilitySce                         
                             ne/656162490_4198957136_35                         
                             3109967.mp4'                                       
Animation 41: Write(MathTex('B')):   0%|          | 0/18 [00:00<?, ?it/s]                                                                                             INFO     Animation 41 : Partial     scene_file_writer.py:590
                             movie file written in                              
                             '/Users/mx/Desktop/manim_m                         
                             ath/高中/高三/第二学期/第                          
                             十七章-概率论初步/001随机                          
                             事件与概率/media/videos/pr                         
                             obability/1920p60/partial_                         
                             movie_files/ProbabilitySce                         
                             ne/656162490_4142372080_85                         
                             7546623.mp4'                                       
Animation 42: FadeIn(MathTex('S')):   0%|          | 0/18 [00:00<?, ?it/s]                                                                          [02/27/26 10:18:36] INFO     Animation 42 : Partial     scene_file_writer.py:590
                             movie file written in                              
                             '/Users/mx/Desktop/manim_m                         
                             ath/高中/高三/第二学期/第                          
                             十七章-概率论初步/001随机                          
                             事件与概率/media/videos/pr                         
                             obability/1920p60/partial_                         
                             movie_files/ProbabilitySce                         
                             ne/656162490_4037095466_22                         
                             10227875.mp4'                                      
                    INFO     Writing                     tex_file_writing.py:110
                             \special{dvisvgm:raw <g                            
                             id='unique000'>}A \cap                             
                             B\special{dvisvgm:raw </g>}                        
                             to                                                 
                             media/Tex/c953d3ae4e7e16ad.                        
                             tex                                                
Animation 43: FadeIn(Dot), etc.:   0%|          | 0/30 [00:00<?, ?it/s]Animation 43: FadeIn(Dot), etc.:  63%|██████▎   | 19/30 [00:00<00:00, 184.21it/s]                                                                                 [02/27/26 10:18:37] INFO     Animation 43 : Partial     scene_file_writer.py:590
                             movie file written in                              
                             '/Users/mx/Desktop/manim_m                         
                             ath/高中/高三/第二学期/第                          
                             十七章-概率论初步/001随机                          
                             事件与概率/media/videos/pr                         
                             obability/1920p60/partial_                         
                             movie_files/ProbabilitySce                         
                             ne/656162490_3105470867_12                         
                             18746334.mp4'                                      
                    WARNING  Font Noto Sans CJK SC not in    text_mobject.py:464
                             ['.AppleSystemUIFont', 'Academy                    
                             Engraved LET', 'Al Bayan', 'Al                     
                             Nile', 'Al Tarikh', 'American                      
                             Typewriter', 'Andale Mono',                        
                             'Apple Braille', 'Apple                            
                             Chancery', 'Apple Color Emoji',                    
                             'Apple LiGothic', 'Apple                           
                             LiSung', 'Apple SD Gothic Neo',                    
                             'Apple Symbols', 'AppleGothic',                    
                             'AppleMyungjo', 'Arial', 'Arial                    
                             Black', 'Arial Hebrew', 'Arial                     
                             Hebrew Scholar', 'Arial                            
                             Narrow', 'Arial Rounded MT                         
                             Bold', 'Arial Unicode MS',                         
                             'Avenir', 'Avenir Next',                           
                             'Avenir Next Condensed',                           
                             'Ayuthaya', 'BIZ UDGothic',                        
                             'BIZ UDMincho', 'BM Dohyeon',                      
                             'BM Hanna 11yrs Old', 'BM Hanna                    
                             Air', 'BM Hanna Pro', 'BM Jua',                    
                             'BM Kirang Haerang', 'BM                           
                             Yeonsung', 'Baghdad', 'Bangla                      
                             MN', 'Bangla Sangam MN', 'Baoli                    
                             SC', 'Baoli TC', 'Baskerville',                    
                             'Beirut', 'BiauKaiHK',                             
                             'BiauKaiTC', 'Big Caslon',                         
                             'Bodoni 72', 'Bodoni 72                            
                             Oldstyle', 'Bodoni 72                              
                             Smallcaps', 'Bodoni Ornaments',                    
                             'Bradley Hand', 'Brush Script                      
                             MT', 'Chalkboard', 'Chalkboard                     
                             SE', 'Chalkduster', 'Charter',                     
                             'Cochin', 'Comic Sans MS',                         
                             'Copperplate', 'Corsiva                            
                             Hebrew', 'Courier New', 'DIN                       
                             Alternate', 'DIN Condensed',                       
                             'Damascus', 'DecoType Naskh',                      
                             'Devanagari MT', 'Devanagari                       
                             Sangam MN', 'Didot', 'Diwan                        
                             Kufi', 'Diwan Thuluth',                            
                             'Euphemia UCAS', 'Farah',                          
                             'Farisi', 'Futura', 'GB18030                       
                             Bitmap', 'Galvji', 'Geeza Pro',                    
                             'Geneva', 'Georgia', 'Gill                         
                             Sans', 'Grantha Sangam MN',                        
                             'Gujarati MT', 'Gujarati Sangam                    
                             MN', 'GungSeo', 'Gurmukhi MN',                     
                             'Gurmukhi MT', 'Gurmukhi Sangam                    
                             MN', 'Hannotate SC', 'Hannotate                    
                             TC', 'HanziPen SC', 'HanziPen                      
                             TC', 'HeadLineA', 'Hei', 'Heiti                    
                             SC', 'Heiti TC', 'Helvetica',                      
                             'Helvetica Neue', 'Herculanum',                    
                             'Hiragino Maru Gothic ProN',                       
                             'Hiragino Mincho ProN',                            
                             'Hiragino Sans', 'Hiragino Sans                    
                             GB', 'Hoefler Text', 'ITF                          
                             Devanagari', 'ITF Devanagari                       
                             Marathi', 'Impact',                                
                             'InaiMathi', 'Kai', 'Kailasa',                     
                             'Kaiti SC', 'Kaiti TC',                            
                             'Kannada MN', 'Kannada Sangam                      
                             MN', 'Kefa III', 'Khmer MN',                       
                             'Khmer Sangam MN', 'Klee',                         
                             'Kohinoor Bangla', 'Kohinoor                       
                             Devanagari', 'Kohinoor                             
                             Gujarati', 'Kohinoor Telugu',                      
                             'Kokonor', 'Krungthep',                            
                             'KufiStandardGK', 'LXGW                            
                             ZhenKai', 'Lantinghei SC',                         
                             'Lantinghei TC', 'Lao MN', 'Lao                    
                             Sangam MN', 'LiHei Pro',                           
                             'LiSong Pro', 'Libian SC',                         
                             'Libian TC', 'LingWai SC',                         
                             'LingWai TC', 'Lucida Grande',                     
                             'Luminari', 'Malayalam MN',                        
                             'Malayalam Sangam MN', 'Marker                     
                             Felt', 'Menlo', 'Microsoft Sans                    
                             Serif', 'Mishafi', 'Mishafi                        
                             Gold', 'Monaco', 'Monospace',                      
                             'Mshtakan', 'Mukta Mahee',                         
                             'Muna', 'Myanmar MN', 'Myanmar                     
                             Sangam MN', 'Nadeem', 'Nanum                       
                             Brush Script', 'Nanum Gothic',                     
                             'Nanum Myeongjo', 'Nanum Pen                       
                             Script', 'New Peninim MT',                         
                             'Noteworthy', 'Noto Nastaliq                       
                             Urdu', 'Noto Sans Batak', 'Noto                    
                             Sans Kannada', 'Noto Sans                          
                             Myanmar', 'Noto Sans NKo',                         
                             'Noto Sans Oriya', 'Noto Sans                      
                             Syriac', 'Noto Sans Tagalog',                      
                             'Noto Serif Myanmar', 'Optima',                    
                             'Oriya MN', 'Oriya Sangam MN',                     
                             'Osaka', 'PCMyungjo', 'PT                          
                             Mono', 'PT Sans', 'PT Sans                         
                             Caption', 'PT Sans Narrow', 'PT                    
                             Serif', 'PT Serif Caption',                        
                             'Palatino', 'Papyrus', 'Party                      
                             LET', 'Phosphate', 'PilGi',                        
                             'PingFang HK', 'PingFang MO',                      
                             'PingFang SC', 'PingFang TC',                      
                             'Plantagenet Cherokee',                            
                             'Raanana', 'Rockwell',                             
                             'STFangsong', 'STHeiti', 'STIX                     
                             Two Math', 'STIX Two Text',                        
                             'STKaiti', 'STSong', 'Sana',                       
                             'Sans', 'Sathu', 'Savoye LET',                     
                             'Serif', 'Shree Devanagari                         
                             714', 'SignPainter', 'Silom',                      
                             'SimSong', 'Sinhala MN',                           
                             'Sinhala Sangam MN', 'Skia',                       
                             'Snell Roundhand', 'Songti SC',                    
                             'Songti TC', 'Sukhumvit Set',                      
                             'Symbol', 'Tahoma', 'Tamil MN',                    
                             'Tamil Sangam MN', 'Telugu MN',                    
                             'Telugu Sangam MN', 'Thonburi',                    
                             'Times New Roman', 'Toppan                         
                             Bunkyu Gothic', 'Toppan Bunkyu                     
                             Midashi Gothic', 'Toppan Bunkyu                    
                             Midashi Mincho', 'Toppan Bunkyu                    
                             Mincho', 'Trattatello',                            
                             'Trebuchet MS', 'Tsukushi A                        
                             Round Gothic', 'Tsukushi B                         
                             Round Gothic', 'Verdana',                          
                             'Waseem', 'Wawati SC', 'Wawati                     
                             TC', 'Webdings', 'Weibei SC',                      
                             'Weibei TC', 'Wingdings',                          
                             'Wingdings 2', 'Wingdings 3',                      
                             'Xingkai SC', 'Xingkai TC',                        
                             'YuGothic', 'YuKyokasho',                          
                             'YuKyokasho Yoko', 'YuMincho',                     
                             'YuMincho +36p Kana', 'Yuanti                      
                             SC', 'Yuanti TC', 'Yuppy SC',                      
                             'Yuppy TC', 'Zapf Dingbats',                       
                             'Zapfino', 'cursive',                              
                             'fantasy', 'system-ui'].                           
Animation 44: FadeIn(Text('交集 A∩B：两事件同时发生')):   0%|          | 0/30 [00:00<?, ?it/s]Animation 44: FadeIn(Text('交集 A∩B：两事件同时发生')):  50%|█████     | 15/30 [00:00<00:00, 147.89it/s]Animation 44: FadeIn(Text('交集 A∩B：两事件同时发生')): 100%|██████████| 30/30 [00:00<00:00, 135.64it/s]                                                                                                                            INFO     Animation 44 : Partial     scene_file_writer.py:590
                             movie file written in                              
                             '/Users/mx/Desktop/manim_m                         
                             ath/高中/高三/第二学期/第                          
                             十七章-概率论初步/001随机                          
                             事件与概率/media/videos/pr                         
                             obability/1920p60/partial_                         
                             movie_files/ProbabilitySce                         
                             ne/656162490_759318928_238                         
                             6446924.mp4'                                       
[02/27/26 10:18:38] INFO     Animation 45 : Partial     scene_file_writer.py:590
                             movie file written in                              
                             '/Users/mx/Desktop/manim_m                         
                             ath/高中/高三/第二学期/第                          
                             十七章-概率论初步/001随机                          
                             事件与概率/media/videos/pr                         
                             obability/1920p60/partial_                         
                             movie_files/ProbabilitySce                         
                             ne/656162490_4119804541_43                         
                             4732910.mp4'                                       
Animation 46: _MethodAnimation(Circle), etc.:   0%|          | 0/30 [00:00<?, ?it/s]Animation 46: _MethodAnimation(Circle), etc.:  43%|████▎     | 13/30 [00:00<00:00, 120.89it/s]Animation 46: _MethodAnimation(Circle), etc.:  90%|█████████ | 27/30 [00:00<00:00, 128.95it/s]                                                                                              [02/27/26 10:18:39] INFO     Animation 46 : Partial     scene_file_writer.py:590
                             movie file written in                              
                             '/Users/mx/Desktop/manim_m                         
                             ath/高中/高三/第二学期/第                          
                             十七章-概率论初步/001随机                          
                             事件与概率/media/videos/pr                         
                             obability/1920p60/partial_                         
                             movie_files/ProbabilitySce                         
                             ne/656162490_1719734529_36                         
                             51477565.mp4'                                      
                    WARNING  Font Noto Sans CJK SC not in    text_mobject.py:464
                             ['.AppleSystemUIFont', 'Academy                    
                             Engraved LET', 'Al Bayan', 'Al                     
                             Nile', 'Al Tarikh', 'American                      
                             Typewriter', 'Andale Mono',                        
                             'Apple Braille', 'Apple                            
                             Chancery', 'Apple Color Emoji',                    
                             'Apple LiGothic', 'Apple                           
                             LiSung', 'Apple SD Gothic Neo',                    
                             'Apple Symbols', 'AppleGothic',                    
                             'AppleMyungjo', 'Arial', 'Arial                    
                             Black', 'Arial Hebrew', 'Arial                     
                             Hebrew Scholar', 'Arial                            
                             Narrow', 'Arial Rounded MT                         
                             Bold', 'Arial Unicode MS',                         
                             'Avenir', 'Avenir Next',                           
                             'Avenir Next Condensed',                           
                             'Ayuthaya', 'BIZ UDGothic',                        
                             'BIZ UDMincho', 'BM Dohyeon',                      
                             'BM Hanna 11yrs Old', 'BM Hanna                    
                             Air', 'BM Hanna Pro', 'BM Jua',                    
                             'BM Kirang Haerang', 'BM                           
                             Yeonsung', 'Baghdad', 'Bangla                      
                             MN', 'Bangla Sangam MN', 'Baoli                    
                             SC', 'Baoli TC', 'Baskerville',                    
                             'Beirut', 'BiauKaiHK',                             
                             'BiauKaiTC', 'Big Caslon',                         
                             'Bodoni 72', 'Bodoni 72                            
                             Oldstyle', 'Bodoni 72                              
                             Smallcaps', 'Bodoni Ornaments',                    
                             'Bradley Hand', 'Brush Script                      
                             MT', 'Chalkboard', 'Chalkboard                     
                             SE', 'Chalkduster', 'Charter',                     
                             'Cochin', 'Comic Sans MS',                         
                             'Copperplate', 'Corsiva                            
                             Hebrew', 'Courier New', 'DIN                       
                             Alternate', 'DIN Condensed',                       
                             'Damascus', 'DecoType Naskh',                      
                             'Devanagari MT', 'Devanagari                       
                             Sangam MN', 'Didot', 'Diwan                        
                             Kufi', 'Diwan Thuluth',                            
                             'Euphemia UCAS', 'Farah',                          
                             'Farisi', 'Futura', 'GB18030                       
                             Bitmap', 'Galvji', 'Geeza Pro',                    
                             'Geneva', 'Georgia', 'Gill                         
                             Sans', 'Grantha Sangam MN',                        
                             'Gujarati MT', 'Gujarati Sangam                    
                             MN', 'GungSeo', 'Gurmukhi MN',                     
                             'Gurmukhi MT', 'Gurmukhi Sangam                    
                             MN', 'Hannotate SC', 'Hannotate                    
                             TC', 'HanziPen SC', 'HanziPen                      
                             TC', 'HeadLineA', 'Hei', 'Heiti                    
                             SC', 'Heiti TC', 'Helvetica',                      
                             'Helvetica Neue', 'Herculanum',                    
                             'Hiragino Maru Gothic ProN',                       
                             'Hiragino Mincho ProN',                            
                             'Hiragino Sans', 'Hiragino Sans                    
                             GB', 'Hoefler Text', 'ITF                          
                             Devanagari', 'ITF Devanagari                       
                             Marathi', 'Impact',                                
                             'InaiMathi', 'Kai', 'Kailasa',                     
                             'Kaiti SC', 'Kaiti TC',                            
                             'Kannada MN', 'Kannada Sangam                      
                             MN', 'Kefa III', 'Khmer MN',                       
                             'Khmer Sangam MN', 'Klee',                         
                             'Kohinoor Bangla', 'Kohinoor                       
                             Devanagari', 'Kohinoor                             
                             Gujarati', 'Kohinoor Telugu',                      
                             'Kokonor', 'Krungthep',                            
                             'KufiStandardGK', 'LXGW                            
                             ZhenKai', 'Lantinghei SC',                         
                             'Lantinghei TC', 'Lao MN', 'Lao                    
                             Sangam MN', 'LiHei Pro',                           
                             'LiSong Pro', 'Libian SC',                         
                             'Libian TC', 'LingWai SC',                         
                             'LingWai TC', 'Lucida Grande',                     
                             'Luminari', 'Malayalam MN',                        
                             'Malayalam Sangam MN', 'Marker                     
                             Felt', 'Menlo', 'Microsoft Sans                    
                             Serif', 'Mishafi', 'Mishafi                        
                             Gold', 'Monaco', 'Monospace',                      
                             'Mshtakan', 'Mukta Mahee',                         
                             'Muna', 'Myanmar MN', 'Myanmar                     
                             Sangam MN', 'Nadeem', 'Nanum                       
                             Brush Script', 'Nanum Gothic',                     
                             'Nanum Myeongjo', 'Nanum Pen                       
                             Script', 'New Peninim MT',                         
                             'Noteworthy', 'Noto Nastaliq                       
                             Urdu', 'Noto Sans Batak', 'Noto                    
                             Sans Kannada', 'Noto Sans                          
                             Myanmar', 'Noto Sans NKo',                         
                             'Noto Sans Oriya', 'Noto Sans                      
                             Syriac', 'Noto Sans Tagalog',                      
                             'Noto Serif Myanmar', 'Optima',                    
                             'Oriya MN', 'Oriya Sangam MN',                     
                             'Osaka', 'PCMyungjo', 'PT                          
                             Mono', 'PT Sans', 'PT Sans                         
                             Caption', 'PT Sans Narrow', 'PT                    
                             Serif', 'PT Serif Caption',                        
                             'Palatino', 'Papyrus', 'Party                      
                             LET', 'Phosphate', 'PilGi',                        
                             'PingFang HK', 'PingFang MO',                      
                             'PingFang SC', 'PingFang TC',                      
                             'Plantagenet Cherokee',                            
                             'Raanana', 'Rockwell',                             
                             'STFangsong', 'STHeiti', 'STIX                     
                             Two Math', 'STIX Two Text',                        
                             'STKaiti', 'STSong', 'Sana',                       
                             'Sans', 'Sathu', 'Savoye LET',                     
                             'Serif', 'Shree Devanagari                         
                             714', 'SignPainter', 'Silom',                      
                             'SimSong', 'Sinhala MN',                           
                             'Sinhala Sangam MN', 'Skia',                       
                             'Snell Roundhand', 'Songti SC',                    
                             'Songti TC', 'Sukhumvit Set',                      
                             'Symbol', 'Tahoma', 'Tamil MN',                    
                             'Tamil Sangam MN', 'Telugu MN',                    
                             'Telugu Sangam MN', 'Thonburi',                    
                             'Times New Roman', 'Toppan                         
                             Bunkyu Gothic', 'Toppan Bunkyu                     
                             Midashi Gothic', 'Toppan Bunkyu                    
                             Midashi Mincho', 'Toppan Bunkyu                    
                             Mincho', 'Trattatello',                            
                             'Trebuchet MS', 'Tsukushi A                        
                             Round Gothic', 'Tsukushi B                         
                             Round Gothic', 'Verdana',                          
                             'Waseem', 'Wawati SC', 'Wawati                     
                             TC', 'Webdings', 'Weibei SC',                      
                             'Weibei TC', 'Wingdings',                          
                             'Wingdings 2', 'Wingdings 3',                      
                             'Xingkai SC', 'Xingkai TC',                        
                             'YuGothic', 'YuKyokasho',                          
                             'YuKyokasho Yoko', 'YuMincho',                     
                             'YuMincho +36p Kana', 'Yuanti                      
                             SC', 'Yuanti TC', 'Yuppy SC',                      
                             'Yuppy TC', 'Zapf Dingbats',                       
                             'Zapfino', 'cursive',                              
                             'fantasy', 'system-ui'].                           
                    INFO     Writing                     tex_file_writing.py:110
                             \special{dvisvgm:raw <g                            
                             id='unique000'>}A \cup                             
                             B\special{dvisvgm:raw </g>}                        
                             to                                                 
                             media/Tex/862b0860f5e8b34e.                        
                             tex                                                
Animation 47: FadeIn(Text('并集 A∪B：A 或 B 至少发生一个')), etc.:   0%|          | 0/30 [00:00<?, ?it/s]Animation 47: FadeIn(Text('并集 A∪B：A 或 B 至少发生一个')), etc.:  37%|███▋      | 11/30 [00:00<00:00, 107.33it/s]Animation 47: FadeIn(Text('并集 A∪B：A 或 B 至少发生一个')), etc.:  80%|████████  | 24/30 [00:00<00:00, 117.21it/s]                                                                                                                   [02/27/26 10:18:40] INFO     Animation 47 : Partial     scene_file_writer.py:590
                             movie file written in                              
                             '/Users/mx/Desktop/manim_m                         
                             ath/高中/高三/第二学期/第                          
                             十七章-概率论初步/001随机                          
                             事件与概率/media/videos/pr                         
                             obability/1920p60/partial_                         
                             movie_files/ProbabilitySce                         
                             ne/656162490_498519104_125                         
                             2614988.mp4'                                       
[02/27/26 10:18:41] INFO     Animation 48 : Partial     scene_file_writer.py:590
                             movie file written in                              
                             '/Users/mx/Desktop/manim_m                         
                             ath/高中/高三/第二学期/第                          
                             十七章-概率论初步/001随机                          
                             事件与概率/media/videos/pr                         
                             obability/1920p60/partial_                         
                             movie_files/ProbabilitySce                         
                             ne/656162490_4119804541_27                         
                             80100716.mp4'                                      
Animation 49: _MethodAnimation(Circle), etc.:   0%|          | 0/24 [00:00<?, ?it/s]Animation 49: _MethodAnimation(Circle), etc.:  33%|███▎      | 8/24 [00:00<00:00, 71.23it/s]Animation 49: _MethodAnimation(Circle), etc.:  67%|██████▋   | 16/24 [00:00<00:00, 69.07it/s]Animation 49: _MethodAnimation(Circle), etc.: 100%|██████████| 24/24 [00:00<00:00, 71.44it/s]                                                                                                                 INFO     Animation 49 : Partial     scene_file_writer.py:590
                             movie file written in                              
                             '/Users/mx/Desktop/manim_m                         
                             ath/高中/高三/第二学期/第                          
                             十七章-概率论初步/001随机                          
                             事件与概率/media/videos/pr                         
                             obability/1920p60/partial_                         
                             movie_files/ProbabilitySce                         
                             ne/656162490_2186445089_32                         
                             86768697.mp4'                                      
[02/27/26 10:18:42] INFO     Animation 50 : Partial     scene_file_writer.py:590
                             movie file written in                              
                             '/Users/mx/Desktop/manim_m                         
                             ath/高中/高三/第二学期/第                          
                             十七章-概率论初步/001随机                          
                             事件与概率/media/videos/pr                         
                             obability/1920p60/partial_                         
                             movie_files/ProbabilitySce                         
                             ne/656162490_1433877407_24                         
                             27421213.mp4'                                      
Animation 51: FadeOut(Text('事件的关系：韦恩图')), etc.:   0%|          | 0/30 [00:00<?, ?it/s]Animation 51: FadeOut(Text('事件的关系：韦恩图')), etc.:  23%|██▎       | 7/30 [00:00<00:00, 66.12it/s]Animation 51: FadeOut(Text('事件的关系：韦恩图')), etc.:  47%|████▋     | 14/30 [00:00<00:00, 66.53it/s]Animation 51: FadeOut(Text('事件的关系：韦恩图')), etc.:  73%|███████▎  | 22/30 [00:00<00:00, 69.25it/s]Animation 51: FadeOut(Text('事件的关系：韦恩图')), etc.: 100%|██████████| 30/30 [00:00<00:00, 72.42it/s]                                                                                                        [02/27/26 10:18:43] INFO     Animation 51 : Partial     scene_file_writer.py:590
                             movie file written in                              
                             '/Users/mx/Desktop/manim_m                         
                             ath/高中/高三/第二学期/第                          
                             十七章-概率论初步/001随机                          
                             事件与概率/media/videos/pr                         
                             obability/1920p60/partial_                         
                             movie_files/ProbabilitySce                         
                             ne/656162490_3840210188_25                         
                             9535605.mp4'                                       
                    WARNING  Font Noto Sans CJK SC not in    text_mobject.py:464
                             ['.AppleSystemUIFont', 'Academy                    
                             Engraved LET', 'Al Bayan', 'Al                     
                             Nile', 'Al Tarikh', 'American                      
                             Typewriter', 'Andale Mono',                        
                             'Apple Braille', 'Apple                            
                             Chancery', 'Apple Color Emoji',                    
                             'Apple LiGothic', 'Apple                           
                             LiSung', 'Apple SD Gothic Neo',                    
                             'Apple Symbols', 'AppleGothic',                    
                             'AppleMyungjo', 'Arial', 'Arial                    
                             Black', 'Arial Hebrew', 'Arial                     
                             Hebrew Scholar', 'Arial                            
                             Narrow', 'Arial Rounded MT                         
                             Bold', 'Arial Unicode MS',                         
                             'Avenir', 'Avenir Next',                           
                             'Avenir Next Condensed',                           
                             'Ayuthaya', 'BIZ UDGothic',                        
                             'BIZ UDMincho', 'BM Dohyeon',                      
                             'BM Hanna 11yrs Old', 'BM Hanna                    
                             Air', 'BM Hanna Pro', 'BM Jua',                    
                             'BM Kirang Haerang', 'BM                           
                             Yeonsung', 'Baghdad', 'Bangla                      
                             MN', 'Bangla Sangam MN', 'Baoli                    
                             SC', 'Baoli TC', 'Baskerville',                    
                             'Beirut', 'BiauKaiHK',                             
                             'BiauKaiTC', 'Big Caslon',                         
                             'Bodoni 72', 'Bodoni 72                            
                             Oldstyle', 'Bodoni 72                              
                             Smallcaps', 'Bodoni Ornaments',                    
                             'Bradley Hand', 'Brush Script                      
                             MT', 'Chalkboard', 'Chalkboard                     
                             SE', 'Chalkduster', 'Charter',                     
                             'Cochin', 'Comic Sans MS',                         
                             'Copperplate', 'Corsiva                            
                             Hebrew', 'Courier New', 'DIN                       
                             Alternate', 'DIN Condensed',                       
                             'Damascus', 'DecoType Naskh',                      
                             'Devanagari MT', 'Devanagari                       
                             Sangam MN', 'Didot', 'Diwan                        
                             Kufi', 'Diwan Thuluth',                            
                             'Euphemia UCAS', 'Farah',                          
                             'Farisi', 'Futura', 'GB18030                       
                             Bitmap', 'Galvji', 'Geeza Pro',                    
                             'Geneva', 'Georgia', 'Gill                         
                             Sans', 'Grantha Sangam MN',                        
                             'Gujarati MT', 'Gujarati Sangam                    
                             MN', 'GungSeo', 'Gurmukhi MN',                     
                             'Gurmukhi MT', 'Gurmukhi Sangam                    
                             MN', 'Hannotate SC', 'Hannotate                    
                             TC', 'HanziPen SC', 'HanziPen                      
                             TC', 'HeadLineA', 'Hei', 'Heiti                    
                             SC', 'Heiti TC', 'Helvetica',                      
                             'Helvetica Neue', 'Herculanum',                    
                             'Hiragino Maru Gothic ProN',                       
                             'Hiragino Mincho ProN',                            
                             'Hiragino Sans', 'Hiragino Sans                    
                             GB', 'Hoefler Text', 'ITF                          
                             Devanagari', 'ITF Devanagari                       
                             Marathi', 'Impact',                                
                             'InaiMathi', 'Kai', 'Kailasa',                     
                             'Kaiti SC', 'Kaiti TC',                            
                             'Kannada MN', 'Kannada Sangam                      
                             MN', 'Kefa III', 'Khmer MN',                       
                             'Khmer Sangam MN', 'Klee',                         
                             'Kohinoor Bangla', 'Kohinoor                       
                             Devanagari', 'Kohinoor                             
                             Gujarati', 'Kohinoor Telugu',                      
                             'Kokonor', 'Krungthep',                            
                             'KufiStandardGK', 'LXGW                            
                             ZhenKai', 'Lantinghei SC',                         
                             'Lantinghei TC', 'Lao MN', 'Lao                    
                             Sangam MN', 'LiHei Pro',                           
                             'LiSong Pro', 'Libian SC',                         
                             'Libian TC', 'LingWai SC',                         
                             'LingWai TC', 'Lucida Grande',                     
                             'Luminari', 'Malayalam MN',                        
                             'Malayalam Sangam MN', 'Marker                     
                             Felt', 'Menlo', 'Microsoft Sans                    
                             Serif', 'Mishafi', 'Mishafi                        
                             Gold', 'Monaco', 'Monospace',                      
                             'Mshtakan', 'Mukta Mahee',                         
                             'Muna', 'Myanmar MN', 'Myanmar                     
                             Sangam MN', 'Nadeem', 'Nanum                       
                             Brush Script', 'Nanum Gothic',                     
                             'Nanum Myeongjo', 'Nanum Pen                       
                             Script', 'New Peninim MT',                         
                             'Noteworthy', 'Noto Nastaliq                       
                             Urdu', 'Noto Sans Batak', 'Noto                    
                             Sans Kannada', 'Noto Sans                          
                             Myanmar', 'Noto Sans NKo',                         
                             'Noto Sans Oriya', 'Noto Sans                      
                             Syriac', 'Noto Sans Tagalog',                      
                             'Noto Serif Myanmar', 'Optima',                    
                             'Oriya MN', 'Oriya Sangam MN',                     
                             'Osaka', 'PCMyungjo', 'PT                          
                             Mono', 'PT Sans', 'PT Sans                         
                             Caption', 'PT Sans Narrow', 'PT                    
                             Serif', 'PT Serif Caption',                        
                             'Palatino', 'Papyrus', 'Party                      
                             LET', 'Phosphate', 'PilGi',                        
                             'PingFang HK', 'PingFang MO',                      
                             'PingFang SC', 'PingFang TC',                      
                             'Plantagenet Cherokee',                            
                             'Raanana', 'Rockwell',                             
                             'STFangsong', 'STHeiti', 'STIX                     
                             Two Math', 'STIX Two Text',                        
                             'STKaiti', 'STSong', 'Sana',                       
                             'Sans', 'Sathu', 'Savoye LET',                     
                             'Serif', 'Shree Devanagari                         
                             714', 'SignPainter', 'Silom',                      
                             'SimSong', 'Sinhala MN',                           
                             'Sinhala Sangam MN', 'Skia',                       
                             'Snell Roundhand', 'Songti SC',                    
                             'Songti TC', 'Sukhumvit Set',                      
                             'Symbol', 'Tahoma', 'Tamil MN',                    
                             'Tamil Sangam MN', 'Telugu MN',                    
                             'Telugu Sangam MN', 'Thonburi',                    
                             'Times New Roman', 'Toppan                         
                             Bunkyu Gothic', 'Toppan Bunkyu                     
                             Midashi Gothic', 'Toppan Bunkyu                    
                             Midashi Mincho', 'Toppan Bunkyu                    
                             Mincho', 'Trattatello',                            
                             'Trebuchet MS', 'Tsukushi A                        
                             Round Gothic', 'Tsukushi B                         
                             Round Gothic', 'Verdana',                          
                             'Waseem', 'Wawati SC', 'Wawati                     
                             TC', 'Webdings', 'Weibei SC',                      
                             'Weibei TC', 'Wingdings',                          
                             'Wingdings 2', 'Wingdings 3',                      
                             'Xingkai SC', 'Xingkai TC',                        
                             'YuGothic', 'YuKyokasho',                          
                             'YuKyokasho Yoko', 'YuMincho',                     
                             'YuMincho +36p Kana', 'Yuanti                      
                             SC', 'Yuanti TC', 'Yuppy SC',                      
                             'Yuppy TC', 'Zapf Dingbats',                       
                             'Zapfino', 'cursive',                              
                             'fantasy', 'system-ui'].                           
Animation 52: Write(Text('加法公式')):   0%|          | 0/30 [00:00<?, ?it/s]Animation 52: Write(Text('加法公式')):  73%|███████▎  | 22/30 [00:00<00:00, 218.18it/s]                                                                                       [02/27/26 10:18:44] INFO     Animation 52 : Partial     scene_file_writer.py:590
                             movie file written in                              
                             '/Users/mx/Desktop/manim_m                         
                             ath/高中/高三/第二学期/第                          
                             十七章-概率论初步/001随机                          
                             事件与概率/media/videos/pr                         
                             obability/1920p60/partial_                         
                             movie_files/ProbabilitySce                         
                             ne/656162490_1406456743_27                         
                             79942241.mp4'                                      
Animation 53: Create(RoundedRectangle), etc.:   0%|          | 0/42 [00:00<?, ?it/s]Animation 53: Create(RoundedRectangle), etc.:  79%|███████▊  | 33/42 [00:00<00:00, 319.69it/s]                                                                                                                  INFO     Animation 53 : Partial     scene_file_writer.py:590
                             movie file written in                              
                             '/Users/mx/Desktop/manim_m                         
                             ath/高中/高三/第二学期/第                          
                             十七章-概率论初步/001随机                          
                             事件与概率/media/videos/pr                         
                             obability/1920p60/partial_                         
                             movie_files/ProbabilitySce                         
                             ne/656162490_3015530444_85                         
                             7896384.mp4'                                       
Animation 54: Write(MathTex('A')), etc.:   0%|          | 0/18 [00:00<?, ?it/s]                                                                                                   INFO     Animation 54 : Partial     scene_file_writer.py:590
                             movie file written in                              
                             '/Users/mx/Desktop/manim_m                         
                             ath/高中/高三/第二学期/第                          
                             十七章-概率论初步/001随机                          
                             事件与概率/media/videos/pr                         
                             obability/1920p60/partial_                         
                             movie_files/ProbabilitySce                         
                             ne/656162490_1555944778_11                         
                             37220419.mp4'                                      
Animation 55: _MethodAnimation(Circle):   0%|          | 0/24 [00:00<?, ?it/s]Animation 55: _MethodAnimation(Circle): 100%|██████████| 24/24 [00:00<00:00, 231.94it/s]                                                                                        [02/27/26 10:18:45] INFO     Animation 55 : Partial     scene_file_writer.py:590
                             movie file written in                              
                             '/Users/mx/Desktop/manim_m                         
                             ath/高中/高三/第二学期/第                          
                             十七章-概率论初步/001随机                          
                             事件与概率/media/videos/pr                         
                             obability/1920p60/partial_                         
                             movie_files/ProbabilitySce                         
                             ne/656162490_1390318683_24                         
                             84819534.mp4'                                      
                    INFO     Writing                     tex_file_writing.py:110
                             \special{dvisvgm:raw <g                            
                             id='unique000'>}P(A)\specia                        
                             l{dvisvgm:raw </g>} to                             
                             media/Tex/98f5f3c499874306.                        
                             tex                                                
Animation 56: FadeIn(MathTex('P(A)')):   0%|          | 0/18 [00:00<?, ?it/s]Animation 56: FadeIn(MathTex('P(A)')):  78%|███████▊  | 14/18 [00:00<00:00, 130.11it/s]                                                                                       [02/27/26 10:18:46] INFO     Animation 56 : Partial     scene_file_writer.py:590
                             movie file written in                              
                             '/Users/mx/Desktop/manim_m                         
                             ath/高中/高三/第二学期/第                          
                             十七章-概率论初步/001随机                          
                             事件与概率/media/videos/pr                         
                             obability/1920p60/partial_                         
                             movie_files/ProbabilitySce                         
                             ne/656162490_1817969593_59                         
                             6407491.mp4'                                       
                    INFO     Animation 57 : Partial     scene_file_writer.py:590
                             movie file written in                              
                             '/Users/mx/Desktop/manim_m                         
                             ath/高中/高三/第二学期/第                          
                             十七章-概率论初步/001随机                          
                             事件与概率/media/videos/pr                         
                             obability/1920p60/partial_                         
                             movie_files/ProbabilitySce                         
                             ne/656162490_2318836581_30                         
                             58010490.mp4'                                      
Animation 58: _MethodAnimation(Circle):   0%|          | 0/24 [00:00<?, ?it/s]Animation 58: _MethodAnimation(Circle):  71%|███████   | 17/24 [00:00<00:00, 161.79it/s]                                                                                        [02/27/26 10:18:47] INFO     Animation 58 : Partial     scene_file_writer.py:590
                             movie file written in                              
                             '/Users/mx/Desktop/manim_m                         
                             ath/高中/高三/第二学期/第                          
                             十七章-概率论初步/001随机                          
                             事件与概率/media/videos/pr                         
                             obability/1920p60/partial_                         
                             movie_files/ProbabilitySce                         
                             ne/656162490_412991439_193                         
                             1983567.mp4'                                       
                    INFO     Writing                     tex_file_writing.py:110
                             \special{dvisvgm:raw <g                            
                             id='unique000'>}+                                  
                             P(B)\special{dvisvgm:raw                           
                             </g>} to                                           
                             media/Tex/07a60b50fa729658.                        
                             tex                                                
Animation 59: FadeIn(MathTex('+ P(B)')):   0%|          | 0/18 [00:00<?, ?it/s]                                                                                                   INFO     Animation 59 : Partial     scene_file_writer.py:590
                             movie file written in                              
                             '/Users/mx/Desktop/manim_m                         
                             ath/高中/高三/第二学期/第                          
                             十七章-概率论初步/001随机                          
                             事件与概率/media/videos/pr                         
                             obability/1920p60/partial_                         
                             movie_files/ProbabilitySce                         
                             ne/656162490_577933620_243                         
                             5022963.mp4'                                       
[02/27/26 10:18:48] INFO     Animation 60 : Partial     scene_file_writer.py:590
                             movie file written in                              
                             '/Users/mx/Desktop/manim_m                         
                             ath/高中/高三/第二学期/第                          
                             十七章-概率论初步/001随机                          
                             事件与概率/media/videos/pr                         
                             obability/1920p60/partial_                         
                             movie_files/ProbabilitySce                         
                             ne/656162490_2318836581_31                         
                             30875606.mp4'                                      
                    WARNING  Font Noto Sans CJK SC not in    text_mobject.py:464
                             ['.AppleSystemUIFont', 'Academy                    
                             Engraved LET', 'Al Bayan', 'Al                     
                             Nile', 'Al Tarikh', 'American                      
                             Typewriter', 'Andale Mono',                        
                             'Apple Braille', 'Apple                            
                             Chancery', 'Apple Color Emoji',                    
                             'Apple LiGothic', 'Apple                           
                             LiSung', 'Apple SD Gothic Neo',                    
                             'Apple Symbols', 'AppleGothic',                    
                             'AppleMyungjo', 'Arial', 'Arial                    
                             Black', 'Arial Hebrew', 'Arial                     
                             Hebrew Scholar', 'Arial                            
                             Narrow', 'Arial Rounded MT                         
                             Bold', 'Arial Unicode MS',                         
                             'Avenir', 'Avenir Next',                           
                             'Avenir Next Condensed',                           
                             'Ayuthaya', 'BIZ UDGothic',                        
                             'BIZ UDMincho', 'BM Dohyeon',                      
                             'BM Hanna 11yrs Old', 'BM Hanna                    
                             Air', 'BM Hanna Pro', 'BM Jua',                    
                             'BM Kirang Haerang', 'BM                           
                             Yeonsung', 'Baghdad', 'Bangla                      
                             MN', 'Bangla Sangam MN', 'Baoli                    
                             SC', 'Baoli TC', 'Baskerville',                    
                             'Beirut', 'BiauKaiHK',                             
                             'BiauKaiTC', 'Big Caslon',                         
                             'Bodoni 72', 'Bodoni 72                            
                             Oldstyle', 'Bodoni 72                              
                             Smallcaps', 'Bodoni Ornaments',                    
                             'Bradley Hand', 'Brush Script                      
                             MT', 'Chalkboard', 'Chalkboard                     
                             SE', 'Chalkduster', 'Charter',                     
                             'Cochin', 'Comic Sans MS',                         
                             'Copperplate', 'Corsiva                            
                             Hebrew', 'Courier New', 'DIN                       
                             Alternate', 'DIN Condensed',                       
                             'Damascus', 'DecoType Naskh',                      
                             'Devanagari MT', 'Devanagari                       
                             Sangam MN', 'Didot', 'Diwan                        
                             Kufi', 'Diwan Thuluth',                            
                             'Euphemia UCAS', 'Farah',                          
                             'Farisi', 'Futura', 'GB18030                       
                             Bitmap', 'Galvji', 'Geeza Pro',                    
                             'Geneva', 'Georgia', 'Gill                         
                             Sans', 'Grantha Sangam MN',                        
                             'Gujarati MT', 'Gujarati Sangam                    
                             MN', 'GungSeo', 'Gurmukhi MN',                     
                             'Gurmukhi MT', 'Gurmukhi Sangam                    
                             MN', 'Hannotate SC', 'Hannotate                    
                             TC', 'HanziPen SC', 'HanziPen                      
                             TC', 'HeadLineA', 'Hei', 'Heiti                    
                             SC', 'Heiti TC', 'Helvetica',                      
                             'Helvetica Neue', 'Herculanum',                    
                             'Hiragino Maru Gothic ProN',                       
                             'Hiragino Mincho ProN',                            
                             'Hiragino Sans', 'Hiragino Sans                    
                             GB', 'Hoefler Text', 'ITF                          
                             Devanagari', 'ITF Devanagari                       
                             Marathi', 'Impact',                                
                             'InaiMathi', 'Kai', 'Kailasa',                     
                             'Kaiti SC', 'Kaiti TC',                            
                             'Kannada MN', 'Kannada Sangam                      
                             MN', 'Kefa III', 'Khmer MN',                       
                             'Khmer Sangam MN', 'Klee',                         
                             'Kohinoor Bangla', 'Kohinoor                       
                             Devanagari', 'Kohinoor                             
                             Gujarati', 'Kohinoor Telugu',                      
                             'Kokonor', 'Krungthep',                            
                             'KufiStandardGK', 'LXGW                            
                             ZhenKai', 'Lantinghei SC',                         
                             'Lantinghei TC', 'Lao MN', 'Lao                    
                             Sangam MN', 'LiHei Pro',                           
                             'LiSong Pro', 'Libian SC',                         
                             'Libian TC', 'LingWai SC',                         
                             'LingWai TC', 'Lucida Grande',                     
                             'Luminari', 'Malayalam MN',                        
                             'Malayalam Sangam MN', 'Marker                     
                             Felt', 'Menlo', 'Microsoft Sans                    
                             Serif', 'Mishafi', 'Mishafi                        
                             Gold', 'Monaco', 'Monospace',                      
                             'Mshtakan', 'Mukta Mahee',                         
                             'Muna', 'Myanmar MN', 'Myanmar                     
                             Sangam MN', 'Nadeem', 'Nanum                       
                             Brush Script', 'Nanum Gothic',                     
                             'Nanum Myeongjo', 'Nanum Pen                       
                             Script', 'New Peninim MT',                         
                             'Noteworthy', 'Noto Nastaliq                       
                             Urdu', 'Noto Sans Batak', 'Noto                    
                             Sans Kannada', 'Noto Sans                          
                             Myanmar', 'Noto Sans NKo',                         
                             'Noto Sans Oriya', 'Noto Sans                      
                             Syriac', 'Noto Sans Tagalog',                      
                             'Noto Serif Myanmar', 'Optima',                    
                             'Oriya MN', 'Oriya Sangam MN',                     
                             'Osaka', 'PCMyungjo', 'PT                          
                             Mono', 'PT Sans', 'PT Sans                         
                             Caption', 'PT Sans Narrow', 'PT                    
                             Serif', 'PT Serif Caption',                        
                             'Palatino', 'Papyrus', 'Party                      
                             LET', 'Phosphate', 'PilGi',                        
                             'PingFang HK', 'PingFang MO',                      
                             'PingFang SC', 'PingFang TC',                      
                             'Plantagenet Cherokee',                            
                             'Raanana', 'Rockwell',                             
                             'STFangsong', 'STHeiti', 'STIX                     
                             Two Math', 'STIX Two Text',                        
                             'STKaiti', 'STSong', 'Sana',                       
                             'Sans', 'Sathu', 'Savoye LET',                     
                             'Serif', 'Shree Devanagari                         
                             714', 'SignPainter', 'Silom',                      
                             'SimSong', 'Sinhala MN',                           
                             'Sinhala Sangam MN', 'Skia',                       
                             'Snell Roundhand', 'Songti SC',                    
                             'Songti TC', 'Sukhumvit Set',                      
                             'Symbol', 'Tahoma', 'Tamil MN',                    
                             'Tamil Sangam MN', 'Telugu MN',                    
                             'Telugu Sangam MN', 'Thonburi',                    
                             'Times New Roman', 'Toppan                         
                             Bunkyu Gothic', 'Toppan Bunkyu                     
                             Midashi Gothic', 'Toppan Bunkyu                    
                             Midashi Mincho', 'Toppan Bunkyu                    
                             Mincho', 'Trattatello',                            
                             'Trebuchet MS', 'Tsukushi A                        
                             Round Gothic', 'Tsukushi B                         
                             Round Gothic', 'Verdana',                          
                             'Waseem', 'Wawati SC', 'Wawati                     
                             TC', 'Webdings', 'Weibei SC',                      
                             'Weibei TC', 'Wingdings',                          
                             'Wingdings 2', 'Wingdings 3',                      
                             'Xingkai SC', 'Xingkai TC',                        
                             'YuGothic', 'YuKyokasho',                          
                             'YuKyokasho Yoko', 'YuMincho',                     
                             'YuMincho +36p Kana', 'Yuanti                      
                             SC', 'Yuanti TC', 'Yuppy SC',                      
                             'Yuppy TC', 'Zapf Dingbats',                       
                             'Zapfino', 'cursive',                              
                             'fantasy', 'system-ui'].                           
Animation 61: Flash(VGroup of 12 submobjects), etc.:   0%|          | 0/30 [00:00<?, ?it/s]Animation 61: Flash(VGroup of 12 submobjects), etc.:  67%|██████▋   | 20/30 [00:00<00:00, 192.53it/s]                                                                                                                         INFO     Animation 61 : Partial     scene_file_writer.py:590
                             movie file written in                              
                             '/Users/mx/Desktop/manim_m                         
                             ath/高中/高三/第二学期/第                          
                             十七章-概率论初步/001随机                          
                             事件与概率/media/videos/pr                         
                             obability/1920p60/partial_                         
                             movie_files/ProbabilitySce                         
                             ne/656162490_677965820_236                         
                             5409097.mp4'                                       
                    INFO     Writing                     tex_file_writing.py:110
                             \special{dvisvgm:raw <g                            
                             id='unique000'>}- P(A \cap                         
                             B)\special{dvisvgm:raw                             
                             </g>} to                                           
                             media/Tex/2e998bafb3ae0b27.                        
                             tex                                                
Animation 62: FadeIn(MathTex('- P(A \\cap B)')):   0%|          | 0/24 [00:00<?, ?it/s]Animation 62: FadeIn(MathTex('- P(A \\cap B)')):  92%|█████████▏| 22/24 [00:00<00:00, 215.28it/s]                                                                                                 [02/27/26 10:18:49] INFO     Animation 62 : Partial     scene_file_writer.py:590
                             movie file written in                              
                             '/Users/mx/Desktop/manim_m                         
                             ath/高中/高三/第二学期/第                          
                             十七章-概率论初步/001随机                          
                             事件与概率/media/videos/pr                         
                             obability/1920p60/partial_                         
                             movie_files/ProbabilitySce                         
                             ne/656162490_2348346540_19                         
                             87775788.mp4'                                      
[02/27/26 10:18:50] INFO     Animation 63 : Partial     scene_file_writer.py:590
                             movie file written in                              
                             '/Users/mx/Desktop/manim_m                         
                             ath/高中/高三/第二学期/第                          
                             十七章-概率论初步/001随机                          
                             事件与概率/media/videos/pr                         
                             obability/1920p60/partial_                         
                             movie_files/ProbabilitySce                         
                             ne/656162490_3394500337_11                         
                             20275349.mp4'                                      
                    INFO     Writing                     tex_file_writing.py:110
                             \special{dvisvgm:raw <g                            
                             id='unique000'>}P(A \cup B)                        
                             = P(A) + P(B) - P(A \cap                           
                             B)\special{dvisvgm:raw                             
                             </g>} to                                           
                             media/Tex/ff887cd4200496e1.                        
                             tex                                                
Animation 64: _MethodAnimation(Circle), etc.:   0%|          | 0/24 [00:00<?, ?it/s]Animation 64: _MethodAnimation(Circle), etc.:  42%|████▏     | 10/24 [00:00<00:00, 89.57it/s]Animation 64: _MethodAnimation(Circle), etc.:  83%|████████▎ | 20/24 [00:00<00:00, 92.26it/s]                                                                                             [02/27/26 10:18:51] INFO     Animation 64 : Partial     scene_file_writer.py:590
                             movie file written in                              
                             '/Users/mx/Desktop/manim_m                         
                             ath/高中/高三/第二学期/第                          
                             十七章-概率论初步/001随机                          
                             事件与概率/media/videos/pr                         
                             obability/1920p60/partial_                         
                             movie_files/ProbabilitySce                         
                             ne/656162490_1390107377_89                         
                             1922841.mp4'                                       
Animation 65: Write(MathTex('P(A \\cup B) = P(A) + P(B) - P(A \\cap B)')), etc.:   0%|          | 0/48 [00:00<?, ?it/s]Animation 65: Write(MathTex('P(A \\cup B) = P(A) + P(B) - P(A \\cap B)')), etc.:  33%|███▎      | 16/48 [00:00<00:00, 156.60it/s]Animation 65: Write(MathTex('P(A \\cup B) = P(A) + P(B) - P(A \\cap B)')), etc.:  67%|██████▋   | 32/48 [00:00<00:00, 158.12it/s]                                                                                                                                                     INFO     Animation 65 : Partial     scene_file_writer.py:590
                             movie file written in                              
                             '/Users/mx/Desktop/manim_m                         
                             ath/高中/高三/第二学期/第                          
                             十七章-概率论初步/001随机                          
                             事件与概率/media/videos/pr                         
                             obability/1920p60/partial_                         
                             movie_files/ProbabilitySce                         
                             ne/656162490_1203150372_44                         
                             6309397.mp4'                                       
                    WARNING  Font Noto Sans CJK SC not in    text_mobject.py:464
                             ['.AppleSystemUIFont', 'Academy                    
                             Engraved LET', 'Al Bayan', 'Al                     
                             Nile', 'Al Tarikh', 'American                      
                             Typewriter', 'Andale Mono',                        
                             'Apple Braille', 'Apple                            
                             Chancery', 'Apple Color Emoji',                    
                             'Apple LiGothic', 'Apple                           
                             LiSung', 'Apple SD Gothic Neo',                    
                             'Apple Symbols', 'AppleGothic',                    
                             'AppleMyungjo', 'Arial', 'Arial                    
                             Black', 'Arial Hebrew', 'Arial                     
                             Hebrew Scholar', 'Arial                            
                             Narrow', 'Arial Rounded MT                         
                             Bold', 'Arial Unicode MS',                         
                             'Avenir', 'Avenir Next',                           
                             'Avenir Next Condensed',                           
                             'Ayuthaya', 'BIZ UDGothic',                        
                             'BIZ UDMincho', 'BM Dohyeon',                      
                             'BM Hanna 11yrs Old', 'BM Hanna                    
                             Air', 'BM Hanna Pro', 'BM Jua',                    
                             'BM Kirang Haerang', 'BM                           
                             Yeonsung', 'Baghdad', 'Bangla                      
                             MN', 'Bangla Sangam MN', 'Baoli                    
                             SC', 'Baoli TC', 'Baskerville',                    
                             'Beirut', 'BiauKaiHK',                             
                             'BiauKaiTC', 'Big Caslon',                         
                             'Bodoni 72', 'Bodoni 72                            
                             Oldstyle', 'Bodoni 72                              
                             Smallcaps', 'Bodoni Ornaments',                    
                             'Bradley Hand', 'Brush Script                      
                             MT', 'Chalkboard', 'Chalkboard                     
                             SE', 'Chalkduster', 'Charter',                     
                             'Cochin', 'Comic Sans MS',                         
                             'Copperplate', 'Corsiva                            
                             Hebrew', 'Courier New', 'DIN                       
                             Alternate', 'DIN Condensed',                       
                             'Damascus', 'DecoType Naskh',                      
                             'Devanagari MT', 'Devanagari                       
                             Sangam MN', 'Didot', 'Diwan                        
                             Kufi', 'Diwan Thuluth',                            
                             'Euphemia UCAS', 'Farah',                          
                             'Farisi', 'Futura', 'GB18030                       
                             Bitmap', 'Galvji', 'Geeza Pro',                    
                             'Geneva', 'Georgia', 'Gill                         
                             Sans', 'Grantha Sangam MN',                        
                             'Gujarati MT', 'Gujarati Sangam                    
                             MN', 'GungSeo', 'Gurmukhi MN',                     
                             'Gurmukhi MT', 'Gurmukhi Sangam                    
                             MN', 'Hannotate SC', 'Hannotate                    
                             TC', 'HanziPen SC', 'HanziPen                      
                             TC', 'HeadLineA', 'Hei', 'Heiti                    
                             SC', 'Heiti TC', 'Helvetica',                      
                             'Helvetica Neue', 'Herculanum',                    
                             'Hiragino Maru Gothic ProN',                       
                             'Hiragino Mincho ProN',                            
                             'Hiragino Sans', 'Hiragino Sans                    
                             GB', 'Hoefler Text', 'ITF                          
                             Devanagari', 'ITF Devanagari                       
                             Marathi', 'Impact',                                
                             'InaiMathi', 'Kai', 'Kailasa',                     
                             'Kaiti SC', 'Kaiti TC',                            
                             'Kannada MN', 'Kannada Sangam                      
                             MN', 'Kefa III', 'Khmer MN',                       
                             'Khmer Sangam MN', 'Klee',                         
                             'Kohinoor Bangla', 'Kohinoor                       
                             Devanagari', 'Kohinoor                             
                             Gujarati', 'Kohinoor Telugu',                      
                             'Kokonor', 'Krungthep',                            
                             'KufiStandardGK', 'LXGW                            
                             ZhenKai', 'Lantinghei SC',                         
                             'Lantinghei TC', 'Lao MN', 'Lao                    
                             Sangam MN', 'LiHei Pro',                           
                             'LiSong Pro', 'Libian SC',                         
                             'Libian TC', 'LingWai SC',                         
                             'LingWai TC', 'Lucida Grande',                     
                             'Luminari', 'Malayalam MN',                        
                             'Malayalam Sangam MN', 'Marker                     
                             Felt', 'Menlo', 'Microsoft Sans                    
                             Serif', 'Mishafi', 'Mishafi                        
                             Gold', 'Monaco', 'Monospace',                      
                             'Mshtakan', 'Mukta Mahee',                         
                             'Muna', 'Myanmar MN', 'Myanmar                     
                             Sangam MN', 'Nadeem', 'Nanum                       
                             Brush Script', 'Nanum Gothic',                     
                             'Nanum Myeongjo', 'Nanum Pen                       
                             Script', 'New Peninim MT',                         
                             'Noteworthy', 'Noto Nastaliq                       
                             Urdu', 'Noto Sans Batak', 'Noto                    
                             Sans Kannada', 'Noto Sans                          
                             Myanmar', 'Noto Sans NKo',                         
                             'Noto Sans Oriya', 'Noto Sans                      
                             Syriac', 'Noto Sans Tagalog',                      
                             'Noto Serif Myanmar', 'Optima',                    
                             'Oriya MN', 'Oriya Sangam MN',                     
                             'Osaka', 'PCMyungjo', 'PT                          
                             Mono', 'PT Sans', 'PT Sans                         
                             Caption', 'PT Sans Narrow', 'PT                    
                             Serif', 'PT Serif Caption',                        
                             'Palatino', 'Papyrus', 'Party                      
                             LET', 'Phosphate', 'PilGi',                        
                             'PingFang HK', 'PingFang MO',                      
                             'PingFang SC', 'PingFang TC',                      
                             'Plantagenet Cherokee',                            
                             'Raanana', 'Rockwell',                             
                             'STFangsong', 'STHeiti', 'STIX                     
                             Two Math', 'STIX Two Text',                        
                             'STKaiti', 'STSong', 'Sana',                       
                             'Sans', 'Sathu', 'Savoye LET',                     
                             'Serif', 'Shree Devanagari                         
                             714', 'SignPainter', 'Silom',                      
                             'SimSong', 'Sinhala MN',                           
                             'Sinhala Sangam MN', 'Skia',                       
                             'Snell Roundhand', 'Songti SC',                    
                             'Songti TC', 'Sukhumvit Set',                      
                             'Symbol', 'Tahoma', 'Tamil MN',                    
                             'Tamil Sangam MN', 'Telugu MN',                    
                             'Telugu Sangam MN', 'Thonburi',                    
                             'Times New Roman', 'Toppan                         
                             Bunkyu Gothic', 'Toppan Bunkyu                     
                             Midashi Gothic', 'Toppan Bunkyu                    
                             Midashi Mincho', 'Toppan Bunkyu                    
                             Mincho', 'Trattatello',                            
                             'Trebuchet MS', 'Tsukushi A                        
                             Round Gothic', 'Tsukushi B                         
                             Round Gothic', 'Verdana',                          
                             'Waseem', 'Wawati SC', 'Wawati                     
                             TC', 'Webdings', 'Weibei SC',                      
                             'Weibei TC', 'Wingdings',                          
                             'Wingdings 2', 'Wingdings 3',                      
                             'Xingkai SC', 'Xingkai TC',                        
                             'YuGothic', 'YuKyokasho',                          
                             'YuKyokasho Yoko', 'YuMincho',                     
                             'YuMincho +36p Kana', 'Yuanti                      
                             SC', 'Yuanti TC', 'Yuppy SC',                      
                             'Yuppy TC', 'Zapf Dingbats',                       
                             'Zapfino', 'cursive',                              
                             'fantasy', 'system-ui'].                           
                    INFO     Writing                     tex_file_writing.py:110
                             \special{dvisvgm:raw <g                            
                             id='unique000'>}P(A\cup B)                         
                             = 0.5 + 0.4 - 0.2 =                                
                             0.7\special{dvisvgm:raw                            
                             </g>} to                                           
                             media/Tex/85aba4198dd759cd.                        
                             tex                                                
Animation 66: FadeIn(Text('例：P(A)=0.5, P(B)=0.4, P(A∩B)=0.2')):   0%|          | 0/24 [00:00<?, ?it/s]Animation 66: FadeIn(Text('例：P(A)=0.5, P(B)=0.4, P(A∩B)=0.2')):  50%|█████     | 12/24 [00:00<00:00, 118.00it/s]                                                                                                                  [02/27/26 10:18:52] INFO     Animation 66 : Partial     scene_file_writer.py:590
                             movie file written in                              
                             '/Users/mx/Desktop/manim_m                         
                             ath/高中/高三/第二学期/第                          
                             十七章-概率论初步/001随机                          
                             事件与概率/media/videos/pr                         
                             obability/1920p60/partial_                         
                             movie_files/ProbabilitySce                         
                             ne/656162490_839066750_418                         
                             8794963.mp4'                                       
Animation 67: Write(MathTex('P(A\\cup B) = 0.5 + 0.4 - 0.2 = 0.7')):   0%|          | 0/42 [00:00<?, ?it/s]Animation 67: Write(MathTex('P(A\\cup B) = 0.5 + 0.4 - 0.2 = 0.7')):  38%|███▊      | 16/42 [00:00<00:00, 148.71it/s]Animation 67: Write(MathTex('P(A\\cup B) = 0.5 + 0.4 - 0.2 = 0.7')):  76%|███████▌  | 32/42 [00:00<00:00, 149.99it/s]                                                                                                                     [02/27/26 10:18:53] INFO     Animation 67 : Partial     scene_file_writer.py:590
                             movie file written in                              
                             '/Users/mx/Desktop/manim_m                         
                             ath/高中/高三/第二学期/第                          
                             十七章-概率论初步/001随机                          
                             事件与概率/media/videos/pr                         
                             obability/1920p60/partial_                         
                             movie_files/ProbabilitySce                         
                             ne/656162490_558770308_380                         
                             7830044.mp4'                                       
[02/27/26 10:18:54] INFO     Animation 68 : Partial     scene_file_writer.py:590
                             movie file written in                              
                             '/Users/mx/Desktop/manim_m                         
                             ath/高中/高三/第二学期/第                          
                             十七章-概率论初步/001随机                          
                             事件与概率/media/videos/pr                         
                             obability/1920p60/partial_                         
                             movie_files/ProbabilitySce                         
                             ne/656162490_2294583397_36                         
                             94003413.mp4'                                      
Animation 69: FadeOut(Text('加法公式')), etc.:   0%|          | 0/30 [00:00<?, ?it/s]Animation 69: FadeOut(Text('加法公式')), etc.:  23%|██▎       | 7/30 [00:00<00:00, 65.35it/s]Animation 69: FadeOut(Text('加法公式')), etc.:  47%|████▋     | 14/30 [00:00<00:00, 65.43it/s]Animation 69: FadeOut(Text('加法公式')), etc.:  70%|███████   | 21/30 [00:00<00:00, 65.54it/s]Animation 69: FadeOut(Text('加法公式')), etc.:  97%|█████████▋| 29/30 [00:00<00:00, 68.83it/s]                                                                                              [02/27/26 10:18:55] INFO     Animation 69 : Partial     scene_file_writer.py:590
                             movie file written in                              
                             '/Users/mx/Desktop/manim_m                         
                             ath/高中/高三/第二学期/第                          
                             十七章-概率论初步/001随机                          
                             事件与概率/media/videos/pr                         
                             obability/1920p60/partial_                         
                             movie_files/ProbabilitySce                         
                             ne/656162490_3224049114_38                         
                             91276435.mp4'                                      
                    WARNING  Font Noto Sans CJK SC not in    text_mobject.py:464
                             ['.AppleSystemUIFont', 'Academy                    
                             Engraved LET', 'Al Bayan', 'Al                     
                             Nile', 'Al Tarikh', 'American                      
                             Typewriter', 'Andale Mono',                        
                             'Apple Braille', 'Apple                            
                             Chancery', 'Apple Color Emoji',                    
                             'Apple LiGothic', 'Apple                           
                             LiSung', 'Apple SD Gothic Neo',                    
                             'Apple Symbols', 'AppleGothic',                    
                             'AppleMyungjo', 'Arial', 'Arial                    
                             Black', 'Arial Hebrew', 'Arial                     
                             Hebrew Scholar', 'Arial                            
                             Narrow', 'Arial Rounded MT                         
                             Bold', 'Arial Unicode MS',                         
                             'Avenir', 'Avenir Next',                           
                             'Avenir Next Condensed',                           
                             'Ayuthaya', 'BIZ UDGothic',                        
                             'BIZ UDMincho', 'BM Dohyeon',                      
                             'BM Hanna 11yrs Old', 'BM Hanna                    
                             Air', 'BM Hanna Pro', 'BM Jua',                    
                             'BM Kirang Haerang', 'BM                           
                             Yeonsung', 'Baghdad', 'Bangla                      
                             MN', 'Bangla Sangam MN', 'Baoli                    
                             SC', 'Baoli TC', 'Baskerville',                    
                             'Beirut', 'BiauKaiHK',                             
                             'BiauKaiTC', 'Big Caslon',                         
                             'Bodoni 72', 'Bodoni 72                            
                             Oldstyle', 'Bodoni 72                              
                             Smallcaps', 'Bodoni Ornaments',                    
                             'Bradley Hand', 'Brush Script                      
                             MT', 'Chalkboard', 'Chalkboard                     
                             SE', 'Chalkduster', 'Charter',                     
                             'Cochin', 'Comic Sans MS',                         
                             'Copperplate', 'Corsiva                            
                             Hebrew', 'Courier New', 'DIN                       
                             Alternate', 'DIN Condensed',                       
                             'Damascus', 'DecoType Naskh',                      
                             'Devanagari MT', 'Devanagari                       
                             Sangam MN', 'Didot', 'Diwan                        
                             Kufi', 'Diwan Thuluth',                            
                             'Euphemia UCAS', 'Farah',                          
                             'Farisi', 'Futura', 'GB18030                       
                             Bitmap', 'Galvji', 'Geeza Pro',                    
                             'Geneva', 'Georgia', 'Gill                         
                             Sans', 'Grantha Sangam MN',                        
                             'Gujarati MT', 'Gujarati Sangam                    
                             MN', 'GungSeo', 'Gurmukhi MN',                     
                             'Gurmukhi MT', 'Gurmukhi Sangam                    
                             MN', 'Hannotate SC', 'Hannotate                    
                             TC', 'HanziPen SC', 'HanziPen                      
                             TC', 'HeadLineA', 'Hei', 'Heiti                    
                             SC', 'Heiti TC', 'Helvetica',                      
                             'Helvetica Neue', 'Herculanum',                    
                             'Hiragino Maru Gothic ProN',                       
                             'Hiragino Mincho ProN',                            
                             'Hiragino Sans', 'Hiragino Sans                    
                             GB', 'Hoefler Text', 'ITF                          
                             Devanagari', 'ITF Devanagari                       
                             Marathi', 'Impact',                                
                             'InaiMathi', 'Kai', 'Kailasa',                     
                             'Kaiti SC', 'Kaiti TC',                            
                             'Kannada MN', 'Kannada Sangam                      
                             MN', 'Kefa III', 'Khmer MN',                       
                             'Khmer Sangam MN', 'Klee',                         
                             'Kohinoor Bangla', 'Kohinoor                       
                             Devanagari', 'Kohinoor                             
                             Gujarati', 'Kohinoor Telugu',                      
                             'Kokonor', 'Krungthep',                            
                             'KufiStandardGK', 'LXGW                            
                             ZhenKai', 'Lantinghei SC',                         
                             'Lantinghei TC', 'Lao MN', 'Lao                    
                             Sangam MN', 'LiHei Pro',                           
                             'LiSong Pro', 'Libian SC',                         
                             'Libian TC', 'LingWai SC',                         
                             'LingWai TC', 'Lucida Grande',                     
                             'Luminari', 'Malayalam MN',                        
                             'Malayalam Sangam MN', 'Marker                     
                             Felt', 'Menlo', 'Microsoft Sans                    
                             Serif', 'Mishafi', 'Mishafi                        
                             Gold', 'Monaco', 'Monospace',                      
                             'Mshtakan', 'Mukta Mahee',                         
                             'Muna', 'Myanmar MN', 'Myanmar                     
                             Sangam MN', 'Nadeem', 'Nanum                       
                             Brush Script', 'Nanum Gothic',                     
                             'Nanum Myeongjo', 'Nanum Pen                       
                             Script', 'New Peninim MT',                         
                             'Noteworthy', 'Noto Nastaliq                       
                             Urdu', 'Noto Sans Batak', 'Noto                    
                             Sans Kannada', 'Noto Sans                          
                             Myanmar', 'Noto Sans NKo',                         
                             'Noto Sans Oriya', 'Noto Sans                      
                             Syriac', 'Noto Sans Tagalog',                      
                             'Noto Serif Myanmar', 'Optima',                    
                             'Oriya MN', 'Oriya Sangam MN',                     
                             'Osaka', 'PCMyungjo', 'PT                          
                             Mono', 'PT Sans', 'PT Sans                         
                             Caption', 'PT Sans Narrow', 'PT                    
                             Serif', 'PT Serif Caption',                        
                             'Palatino', 'Papyrus', 'Party                      
                             LET', 'Phosphate', 'PilGi',                        
                             'PingFang HK', 'PingFang MO',                      
                             'PingFang SC', 'PingFang TC',                      
                             'Plantagenet Cherokee',                            
                             'Raanana', 'Rockwell',                             
                             'STFangsong', 'STHeiti', 'STIX                     
                             Two Math', 'STIX Two Text',                        
                             'STKaiti', 'STSong', 'Sana',                       
                             'Sans', 'Sathu', 'Savoye LET',                     
                             'Serif', 'Shree Devanagari                         
                             714', 'SignPainter', 'Silom',                      
                             'SimSong', 'Sinhala MN',                           
                             'Sinhala Sangam MN', 'Skia',                       
                             'Snell Roundhand', 'Songti SC',                    
                             'Songti TC', 'Sukhumvit Set',                      
                             'Symbol', 'Tahoma', 'Tamil MN',                    
                             'Tamil Sangam MN', 'Telugu MN',                    
                             'Telugu Sangam MN', 'Thonburi',                    
                             'Times New Roman', 'Toppan                         
                             Bunkyu Gothic', 'Toppan Bunkyu                     
                             Midashi Gothic', 'Toppan Bunkyu                    
                             Midashi Mincho', 'Toppan Bunkyu                    
                             Mincho', 'Trattatello',                            
                             'Trebuchet MS', 'Tsukushi A                        
                             Round Gothic', 'Tsukushi B                         
                             Round Gothic', 'Verdana',                          
                             'Waseem', 'Wawati SC', 'Wawati                     
                             TC', 'Webdings', 'Weibei SC',                      
                             'Weibei TC', 'Wingdings',                          
                             'Wingdings 2', 'Wingdings 3',                      
                             'Xingkai SC', 'Xingkai TC',                        
                             'YuGothic', 'YuKyokasho',                          
                             'YuKyokasho Yoko', 'YuMincho',                     
                             'YuMincho +36p Kana', 'Yuanti                      
                             SC', 'Yuanti TC', 'Yuppy SC',                      
                             'Yuppy TC', 'Zapf Dingbats',                       
                             'Zapfino', 'cursive',                              
                             'fantasy', 'system-ui'].                           
Animation 70: Write(Text('互补公式')):   0%|          | 0/30 [00:00<?, ?it/s]Animation 70: Write(Text('互补公式')):  90%|█████████ | 27/30 [00:00<00:00, 262.09it/s]                                                                                       [02/27/26 10:18:56] INFO     Animation 70 : Partial     scene_file_writer.py:590
                             movie file written in                              
                             '/Users/mx/Desktop/manim_m                         
                             ath/高中/高三/第二学期/第                          
                             十七章-概率论初步/001随机                          
                             事件与概率/media/videos/pr                         
                             obability/1920p60/partial_                         
                             movie_files/ProbabilitySce                         
                             ne/656162490_1545132569_39                         
                             3049698.mp4'                                       
                    WARNING  Font Noto Sans CJK SC not in    text_mobject.py:464
                             ['.AppleSystemUIFont', 'Academy                    
                             Engraved LET', 'Al Bayan', 'Al                     
                             Nile', 'Al Tarikh', 'American                      
                             Typewriter', 'Andale Mono',                        
                             'Apple Braille', 'Apple                            
                             Chancery', 'Apple Color Emoji',                    
                             'Apple LiGothic', 'Apple                           
                             LiSung', 'Apple SD Gothic Neo',                    
                             'Apple Symbols', 'AppleGothic',                    
                             'AppleMyungjo', 'Arial', 'Arial                    
                             Black', 'Arial Hebrew', 'Arial                     
                             Hebrew Scholar', 'Arial                            
                             Narrow', 'Arial Rounded MT                         
                             Bold', 'Arial Unicode MS',                         
                             'Avenir', 'Avenir Next',                           
                             'Avenir Next Condensed',                           
                             'Ayuthaya', 'BIZ UDGothic',                        
                             'BIZ UDMincho', 'BM Dohyeon',                      
                             'BM Hanna 11yrs Old', 'BM Hanna                    
                             Air', 'BM Hanna Pro', 'BM Jua',                    
                             'BM Kirang Haerang', 'BM                           
                             Yeonsung', 'Baghdad', 'Bangla                      
                             MN', 'Bangla Sangam MN', 'Baoli                    
                             SC', 'Baoli TC', 'Baskerville',                    
                             'Beirut', 'BiauKaiHK',                             
                             'BiauKaiTC', 'Big Caslon',                         
                             'Bodoni 72', 'Bodoni 72                            
                             Oldstyle', 'Bodoni 72                              
                             Smallcaps', 'Bodoni Ornaments',                    
                             'Bradley Hand', 'Brush Script                      
                             MT', 'Chalkboard', 'Chalkboard                     
                             SE', 'Chalkduster', 'Charter',                     
                             'Cochin', 'Comic Sans MS',                         
                             'Copperplate', 'Corsiva                            
                             Hebrew', 'Courier New', 'DIN                       
                             Alternate', 'DIN Condensed',                       
                             'Damascus', 'DecoType Naskh',                      
                             'Devanagari MT', 'Devanagari                       
                             Sangam MN', 'Didot', 'Diwan                        
                             Kufi', 'Diwan Thuluth',                            
                             'Euphemia UCAS', 'Farah',                          
                             'Farisi', 'Futura', 'GB18030                       
                             Bitmap', 'Galvji', 'Geeza Pro',                    
                             'Geneva', 'Georgia', 'Gill                         
                             Sans', 'Grantha Sangam MN',                        
                             'Gujarati MT', 'Gujarati Sangam                    
                             MN', 'GungSeo', 'Gurmukhi MN',                     
                             'Gurmukhi MT', 'Gurmukhi Sangam                    
                             MN', 'Hannotate SC', 'Hannotate                    
                             TC', 'HanziPen SC', 'HanziPen                      
                             TC', 'HeadLineA', 'Hei', 'Heiti                    
                             SC', 'Heiti TC', 'Helvetica',                      
                             'Helvetica Neue', 'Herculanum',                    
                             'Hiragino Maru Gothic ProN',                       
                             'Hiragino Mincho ProN',                            
                             'Hiragino Sans', 'Hiragino Sans                    
                             GB', 'Hoefler Text', 'ITF                          
                             Devanagari', 'ITF Devanagari                       
                             Marathi', 'Impact',                                
                             'InaiMathi', 'Kai', 'Kailasa',                     
                             'Kaiti SC', 'Kaiti TC',                            
                             'Kannada MN', 'Kannada Sangam                      
                             MN', 'Kefa III', 'Khmer MN',                       
                             'Khmer Sangam MN', 'Klee',                         
                             'Kohinoor Bangla', 'Kohinoor                       
                             Devanagari', 'Kohinoor                             
                             Gujarati', 'Kohinoor Telugu',                      
                             'Kokonor', 'Krungthep',                            
                             'KufiStandardGK', 'LXGW                            
                             ZhenKai', 'Lantinghei SC',                         
                             'Lantinghei TC', 'Lao MN', 'Lao                    
                             Sangam MN', 'LiHei Pro',                           
                             'LiSong Pro', 'Libian SC',                         
                             'Libian TC', 'LingWai SC',                         
                             'LingWai TC', 'Lucida Grande',                     
                             'Luminari', 'Malayalam MN',                        
                             'Malayalam Sangam MN', 'Marker                     
                             Felt', 'Menlo', 'Microsoft Sans                    
                             Serif', 'Mishafi', 'Mishafi                        
                             Gold', 'Monaco', 'Monospace',                      
                             'Mshtakan', 'Mukta Mahee',                         
                             'Muna', 'Myanmar MN', 'Myanmar                     
                             Sangam MN', 'Nadeem', 'Nanum                       
                             Brush Script', 'Nanum Gothic',                     
                             'Nanum Myeongjo', 'Nanum Pen                       
                             Script', 'New Peninim MT',                         
                             'Noteworthy', 'Noto Nastaliq                       
                             Urdu', 'Noto Sans Batak', 'Noto                    
                             Sans Kannada', 'Noto Sans                          
                             Myanmar', 'Noto Sans NKo',                         
                             'Noto Sans Oriya', 'Noto Sans                      
                             Syriac', 'Noto Sans Tagalog',                      
                             'Noto Serif Myanmar', 'Optima',                    
                             'Oriya MN', 'Oriya Sangam MN',                     
                             'Osaka', 'PCMyungjo', 'PT                          
                             Mono', 'PT Sans', 'PT Sans                         
                             Caption', 'PT Sans Narrow', 'PT                    
                             Serif', 'PT Serif Caption',                        
                             'Palatino', 'Papyrus', 'Party                      
                             LET', 'Phosphate', 'PilGi',                        
                             'PingFang HK', 'PingFang MO',                      
                             'PingFang SC', 'PingFang TC',                      
                             'Plantagenet Cherokee',                            
                             'Raanana', 'Rockwell',                             
                             'STFangsong', 'STHeiti', 'STIX                     
                             Two Math', 'STIX Two Text',                        
                             'STKaiti', 'STSong', 'Sana',                       
                             'Sans', 'Sathu', 'Savoye LET',                     
                             'Serif', 'Shree Devanagari                         
                             714', 'SignPainter', 'Silom',                      
                             'SimSong', 'Sinhala MN',                           
                             'Sinhala Sangam MN', 'Skia',                       
                             'Snell Roundhand', 'Songti SC',                    
                             'Songti TC', 'Sukhumvit Set',                      
                             'Symbol', 'Tahoma', 'Tamil MN',                    
                             'Tamil Sangam MN', 'Telugu MN',                    
                             'Telugu Sangam MN', 'Thonburi',                    
                             'Times New Roman', 'Toppan                         
                             Bunkyu Gothic', 'Toppan Bunkyu                     
                             Midashi Gothic', 'Toppan Bunkyu                    
                             Midashi Mincho', 'Toppan Bunkyu                    
                             Mincho', 'Trattatello',                            
                             'Trebuchet MS', 'Tsukushi A                        
                             Round Gothic', 'Tsukushi B                         
                             Round Gothic', 'Verdana',                          
                             'Waseem', 'Wawati SC', 'Wawati                     
                             TC', 'Webdings', 'Weibei SC',                      
                             'Weibei TC', 'Wingdings',                          
                             'Wingdings 2', 'Wingdings 3',                      
                             'Xingkai SC', 'Xingkai TC',                        
                             'YuGothic', 'YuKyokasho',                          
                             'YuKyokasho Yoko', 'YuMincho',                     
                             'YuMincho +36p Kana', 'Yuanti                      
                             SC', 'Yuanti TC', 'Yuppy SC',                      
                             'Yuppy TC', 'Zapf Dingbats',                       
                             'Zapfino', 'cursive',                              
                             'fantasy', 'system-ui'].                           
                    INFO     Writing                     tex_file_writing.py:110
                             \special{dvisvgm:raw <g                            
                             id='unique000'>}\bar{A}\spe                        
                             cial{dvisvgm:raw </g>} to                          
                             media/Tex/6b1c43e705ae2b97.                        
                             tex                                                
Animation 71: Create(Rectangle):   0%|          | 0/30 [00:00<?, ?it/s]Animation 71: Create(Rectangle):  83%|████████▎ | 25/30 [00:00<00:00, 242.65it/s]                                                                                 [02/27/26 10:18:57] INFO     Animation 71 : Partial     scene_file_writer.py:590
                             movie file written in                              
                             '/Users/mx/Desktop/manim_m                         
                             ath/高中/高三/第二学期/第                          
                             十七章-概率论初步/001随机                          
                             事件与概率/media/videos/pr                         
                             obability/1920p60/partial_                         
                             movie_files/ProbabilitySce                         
                             ne/656162490_1048585308_42                         
                             62138874.mp4'                                      
Animation 72: FadeIn(Rectangle):   0%|          | 0/30 [00:00<?, ?it/s]                                                                                           INFO     Animation 72 : Partial     scene_file_writer.py:590
                             movie file written in                              
                             '/Users/mx/Desktop/manim_m                         
                             ath/高中/高三/第二学期/第                          
                             十七章-概率论初步/001随机                          
                             事件与概率/media/videos/pr                         
                             obability/1920p60/partial_                         
                             movie_files/ProbabilitySce                         
                             ne/656162490_2913574532_97                         
                             8375369.mp4'                                       
Animation 73: FadeIn(Rectangle):   0%|          | 0/30 [00:00<?, ?it/s]                                                                                           INFO     Animation 73 : Partial     scene_file_writer.py:590
                             movie file written in                              
                             '/Users/mx/Desktop/manim_m                         
                             ath/高中/高三/第二学期/第                          
                             十七章-概率论初步/001随机                          
                             事件与概率/media/videos/pr                         
                             obability/1920p60/partial_                         
                             movie_files/ProbabilitySce                         
                             ne/656162490_455366943_346                         
                             5274549.mp4'                                       
Animation 74: Write(Text('A')), etc.:   0%|          | 0/24 [00:00<?, ?it/s]                                                                            [02/27/26 10:18:58] INFO     Animation 74 : Partial     scene_file_writer.py:590
                             movie file written in                              
                             '/Users/mx/Desktop/manim_m                         
                             ath/高中/高三/第二学期/第                          
                             十七章-概率论初步/001随机                          
                             事件与概率/media/videos/pr                         
                             obability/1920p60/partial_                         
                             movie_files/ProbabilitySce                         
                             ne/656162490_4079128694_32                         
                             69290915.mp4'                                      
                    INFO     Writing                     tex_file_writing.py:110
                             \special{dvisvgm:raw <g                            
                             id='unique000'>}P(A) =                             
                             0.65\special{dvisvgm:raw                           
                             </g>} to                                           
                             media/Tex/c4310a9fc892d5bd.                        
                             tex                                                
                    INFO     Writing                     tex_file_writing.py:110
                             \special{dvisvgm:raw <g                            
                             id='unique000'>}P(\bar{A})                         
                             = 0.35\special{dvisvgm:raw                         
                             </g>} to                                           
                             media/Tex/be613572d0eade16.                        
                             tex                                                
Animation 75: Write(MathTex('P(A) = 0.65')):   0%|          | 0/24 [00:00<?, ?it/s]Animation 75: Write(MathTex('P(A) = 0.65')):  83%|████████▎ | 20/24 [00:00<00:00, 199.73it/s]                                                                                             [02/27/26 10:18:59] INFO     Animation 75 : Partial     scene_file_writer.py:590
                             movie file written in                              
                             '/Users/mx/Desktop/manim_m                         
                             ath/高中/高三/第二学期/第                          
                             十七章-概率论初步/001随机                          
                             事件与概率/media/videos/pr                         
                             obability/1920p60/partial_                         
                             movie_files/ProbabilitySce                         
                             ne/656162490_3331120420_18                         
                             02136029.mp4'                                      
Animation 76: Write(MathTex('P(\\bar{A}) = 0.35')):   0%|          | 0/24 [00:00<?, ?it/s]Animation 76: Write(MathTex('P(\\bar{A}) = 0.35')):  92%|█████████▏| 22/24 [00:00<00:00, 211.10it/s]                                                                                                    [02/27/26 10:19:00] INFO     Animation 76 : Partial     scene_file_writer.py:590
                             movie file written in                              
                             '/Users/mx/Desktop/manim_m                         
                             ath/高中/高三/第二学期/第                          
                             十七章-概率论初步/001随机                          
                             事件与概率/media/videos/pr                         
                             obability/1920p60/partial_                         
                             movie_files/ProbabilitySce                         
                             ne/656162490_3712654440_35                         
                             0467298.mp4'                                       
                    INFO     Writing                     tex_file_writing.py:110
                             \special{dvisvgm:raw <g                            
                             id='unique000'>}P(A) +                             
                             P(\bar{A}) =                                       
                             1\special{dvisvgm:raw </g>}                        
                             to                                                 
                             media/Tex/0a9d0fee14dd6e81.                        
                             tex                                                
Animation 77: Write(MathTex('P(A) + P(\\bar{A}) = 1')), etc.:   0%|          | 0/42 [00:00<?, ?it/s]Animation 77: Write(MathTex('P(A) + P(\\bar{A}) = 1')), etc.:  40%|████      | 17/42 [00:00<00:00, 163.08it/s]Animation 77: Write(MathTex('P(A) + P(\\bar{A}) = 1')), etc.:  83%|████████▎ | 35/42 [00:00<00:00, 170.31it/s]                                                                                                              [02/27/26 10:19:01] INFO     Animation 77 : Partial     scene_file_writer.py:590
                             movie file written in                              
                             '/Users/mx/Desktop/manim_m                         
                             ath/高中/高三/第二学期/第                          
                             十七章-概率论初步/001随机                          
                             事件与概率/media/videos/pr                         
                             obability/1920p60/partial_                         
                             movie_files/ProbabilitySce                         
                             ne/656162490_1267667635_30                         
                             44260519.mp4'                                      
                    INFO     Writing                     tex_file_writing.py:110
                             \special{dvisvgm:raw <g                            
                             id='unique000'>}\therefore\                        
                             P(\bar{A}) = 1 -                                   
                             P(A)\special{dvisvgm:raw                           
                             </g>} to                                           
                             media/Tex/db0a0d0296f8126d.                        
                             tex                                                
Animation 78: FadeIn(MathTex('\\therefore\\ P(\\bar{A}) = 1 - P(A)')):   0%|          | 0/30 [00:00<?, ?it/s]Animation 78: FadeIn(MathTex('\\therefore\\ P(\\bar{A}) = 1 - P(A)')):  60%|██████    | 18/30 [00:00<00:00, 177.80it/s]                                                                                                                                           INFO     Animation 78 : Partial     scene_file_writer.py:590
                             movie file written in                              
                             '/Users/mx/Desktop/manim_m                         
                             ath/高中/高三/第二学期/第                          
                             十七章-概率论初步/001随机                          
                             事件与概率/media/videos/pr                         
                             obability/1920p60/partial_                         
                             movie_files/ProbabilitySce                         
                             ne/656162490_4145795535_14                         
                             40496765.mp4'                                      
                    WARNING  Font Noto Sans CJK SC not in    text_mobject.py:464
                             ['.AppleSystemUIFont', 'Academy                    
                             Engraved LET', 'Al Bayan', 'Al                     
                             Nile', 'Al Tarikh', 'American                      
                             Typewriter', 'Andale Mono',                        
                             'Apple Braille', 'Apple                            
                             Chancery', 'Apple Color Emoji',                    
                             'Apple LiGothic', 'Apple                           
                             LiSung', 'Apple SD Gothic Neo',                    
                             'Apple Symbols', 'AppleGothic',                    
                             'AppleMyungjo', 'Arial', 'Arial                    
                             Black', 'Arial Hebrew', 'Arial                     
                             Hebrew Scholar', 'Arial                            
                             Narrow', 'Arial Rounded MT                         
                             Bold', 'Arial Unicode MS',                         
                             'Avenir', 'Avenir Next',                           
                             'Avenir Next Condensed',                           
                             'Ayuthaya', 'BIZ UDGothic',                        
                             'BIZ UDMincho', 'BM Dohyeon',                      
                             'BM Hanna 11yrs Old', 'BM Hanna                    
                             Air', 'BM Hanna Pro', 'BM Jua',                    
                             'BM Kirang Haerang', 'BM                           
                             Yeonsung', 'Baghdad', 'Bangla                      
                             MN', 'Bangla Sangam MN', 'Baoli                    
                             SC', 'Baoli TC', 'Baskerville',                    
                             'Beirut', 'BiauKaiHK',                             
                             'BiauKaiTC', 'Big Caslon',                         
                             'Bodoni 72', 'Bodoni 72                            
                             Oldstyle', 'Bodoni 72                              
                             Smallcaps', 'Bodoni Ornaments',                    
                             'Bradley Hand', 'Brush Script                      
                             MT', 'Chalkboard', 'Chalkboard                     
                             SE', 'Chalkduster', 'Charter',                     
                             'Cochin', 'Comic Sans MS',                         
                             'Copperplate', 'Corsiva                            
                             Hebrew', 'Courier New', 'DIN                       
                             Alternate', 'DIN Condensed',                       
                             'Damascus', 'DecoType Naskh',                      
                             'Devanagari MT', 'Devanagari                       
                             Sangam MN', 'Didot', 'Diwan                        
                             Kufi', 'Diwan Thuluth',                            
                             'Euphemia UCAS', 'Farah',                          
                             'Farisi', 'Futura', 'GB18030                       
                             Bitmap', 'Galvji', 'Geeza Pro',                    
                             'Geneva', 'Georgia', 'Gill                         
                             Sans', 'Grantha Sangam MN',                        
                             'Gujarati MT', 'Gujarati Sangam                    
                             MN', 'GungSeo', 'Gurmukhi MN',                     
                             'Gurmukhi MT', 'Gurmukhi Sangam                    
                             MN', 'Hannotate SC', 'Hannotate                    
                             TC', 'HanziPen SC', 'HanziPen                      
                             TC', 'HeadLineA', 'Hei', 'Heiti                    
                             SC', 'Heiti TC', 'Helvetica',                      
                             'Helvetica Neue', 'Herculanum',                    
                             'Hiragino Maru Gothic ProN',                       
                             'Hiragino Mincho ProN',                            
                             'Hiragino Sans', 'Hiragino Sans                    
                             GB', 'Hoefler Text', 'ITF                          
                             Devanagari', 'ITF Devanagari                       
                             Marathi', 'Impact',                                
                             'InaiMathi', 'Kai', 'Kailasa',                     
                             'Kaiti SC', 'Kaiti TC',                            
                             'Kannada MN', 'Kannada Sangam                      
                             MN', 'Kefa III', 'Khmer MN',                       
                             'Khmer Sangam MN', 'Klee',                         
                             'Kohinoor Bangla', 'Kohinoor                       
                             Devanagari', 'Kohinoor                             
                             Gujarati', 'Kohinoor Telugu',                      
                             'Kokonor', 'Krungthep',                            
                             'KufiStandardGK', 'LXGW                            
                             ZhenKai', 'Lantinghei SC',                         
                             'Lantinghei TC', 'Lao MN', 'Lao                    
                             Sangam MN', 'LiHei Pro',                           
                             'LiSong Pro', 'Libian SC',                         
                             'Libian TC', 'LingWai SC',                         
                             'LingWai TC', 'Lucida Grande',                     
                             'Luminari', 'Malayalam MN',                        
                             'Malayalam Sangam MN', 'Marker                     
                             Felt', 'Menlo', 'Microsoft Sans                    
                             Serif', 'Mishafi', 'Mishafi                        
                             Gold', 'Monaco', 'Monospace',                      
                             'Mshtakan', 'Mukta Mahee',                         
                             'Muna', 'Myanmar MN', 'Myanmar                     
                             Sangam MN', 'Nadeem', 'Nanum                       
                             Brush Script', 'Nanum Gothic',                     
                             'Nanum Myeongjo', 'Nanum Pen                       
                             Script', 'New Peninim MT',                         
                             'Noteworthy', 'Noto Nastaliq                       
                             Urdu', 'Noto Sans Batak', 'Noto                    
                             Sans Kannada', 'Noto Sans                          
                             Myanmar', 'Noto Sans NKo',                         
                             'Noto Sans Oriya', 'Noto Sans                      
                             Syriac', 'Noto Sans Tagalog',                      
                             'Noto Serif Myanmar', 'Optima',                    
                             'Oriya MN', 'Oriya Sangam MN',                     
                             'Osaka', 'PCMyungjo', 'PT                          
                             Mono', 'PT Sans', 'PT Sans                         
                             Caption', 'PT Sans Narrow', 'PT                    
                             Serif', 'PT Serif Caption',                        
                             'Palatino', 'Papyrus', 'Party                      
                             LET', 'Phosphate', 'PilGi',                        
                             'PingFang HK', 'PingFang MO',                      
                             'PingFang SC', 'PingFang TC',                      
                             'Plantagenet Cherokee',                            
                             'Raanana', 'Rockwell',                             
                             'STFangsong', 'STHeiti', 'STIX                     
                             Two Math', 'STIX Two Text',                        
                             'STKaiti', 'STSong', 'Sana',                       
                             'Sans', 'Sathu', 'Savoye LET',                     
                             'Serif', 'Shree Devanagari                         
                             714', 'SignPainter', 'Silom',                      
                             'SimSong', 'Sinhala MN',                           
                             'Sinhala Sangam MN', 'Skia',                       
                             'Snell Roundhand', 'Songti SC',                    
                             'Songti TC', 'Sukhumvit Set',                      
                             'Symbol', 'Tahoma', 'Tamil MN',                    
                             'Tamil Sangam MN', 'Telugu MN',                    
                             'Telugu Sangam MN', 'Thonburi',                    
                             'Times New Roman', 'Toppan                         
                             Bunkyu Gothic', 'Toppan Bunkyu                     
                             Midashi Gothic', 'Toppan Bunkyu                    
                             Midashi Mincho', 'Toppan Bunkyu                    
                             Mincho', 'Trattatello',                            
                             'Trebuchet MS', 'Tsukushi A                        
                             Round Gothic', 'Tsukushi B                         
                             Round Gothic', 'Verdana',                          
                             'Waseem', 'Wawati SC', 'Wawati                     
                             TC', 'Webdings', 'Weibei SC',                      
                             'Weibei TC', 'Wingdings',                          
                             'Wingdings 2', 'Wingdings 3',                      
                             'Xingkai SC', 'Xingkai TC',                        
                             'YuGothic', 'YuKyokasho',                          
                             'YuKyokasho Yoko', 'YuMincho',                     
                             'YuMincho +36p Kana', 'Yuanti                      
                             SC', 'Yuanti TC', 'Yuppy SC',                      
                             'Yuppy TC', 'Zapf Dingbats',                       
                             'Zapfino', 'cursive',                              
                             'fantasy', 'system-ui'].                           
Animation 79: FadeIn(Text('已知 P(A) 求 P(Ā) 的秘诀！')):   0%|          | 0/24 [00:00<?, ?it/s]Animation 79: FadeIn(Text('已知 P(A) 求 P(Ā) 的秘诀！')):  67%|██████▋   | 16/24 [00:00<00:00, 156.87it/s]                                                                                                          [02/27/26 10:19:02] INFO     Animation 79 : Partial     scene_file_writer.py:590
                             movie file written in                              
                             '/Users/mx/Desktop/manim_m                         
                             ath/高中/高三/第二学期/第                          
                             十七章-概率论初步/001随机                          
                             事件与概率/media/videos/pr                         
                             obability/1920p60/partial_                         
                             movie_files/ProbabilitySce                         
                             ne/656162490_2465575169_21                         
                             91333098.mp4'                                      
[02/27/26 10:19:03] INFO     Animation 80 : Partial     scene_file_writer.py:590
                             movie file written in                              
                             '/Users/mx/Desktop/manim_m                         
                             ath/高中/高三/第二学期/第                          
                             十七章-概率论初步/001随机                          
                             事件与概率/media/videos/pr                         
                             obability/1920p60/partial_                         
                             movie_files/ProbabilitySce                         
                             ne/656162490_3612320695_35                         
                             3474262.mp4'                                       
Animation 81: FadeOut(Text('互补公式')), etc.:   0%|          | 0/30 [00:00<?, ?it/s]Animation 81: FadeOut(Text('互补公式')), etc.:  27%|██▋       | 8/30 [00:00<00:00, 72.70it/s]Animation 81: FadeOut(Text('互补公式')), etc.:  53%|█████▎    | 16/30 [00:00<00:00, 74.02it/s]Animation 81: FadeOut(Text('互补公式')), etc.:  83%|████████▎ | 25/30 [00:00<00:00, 77.15it/s]                                                                                              [02/27/26 10:19:04] INFO     Animation 81 : Partial     scene_file_writer.py:590
                             movie file written in                              
                             '/Users/mx/Desktop/manim_m                         
                             ath/高中/高三/第二学期/第                          
                             十七章-概率论初步/001随机                          
                             事件与概率/media/videos/pr                         
                             obability/1920p60/partial_                         
                             movie_files/ProbabilitySce                         
                             ne/656162490_105355037_148                         
                             0050957.mp4'                                       
                    WARNING  Font Noto Sans CJK SC not in    text_mobject.py:464
                             ['.AppleSystemUIFont', 'Academy                    
                             Engraved LET', 'Al Bayan', 'Al                     
                             Nile', 'Al Tarikh', 'American                      
                             Typewriter', 'Andale Mono',                        
                             'Apple Braille', 'Apple                            
                             Chancery', 'Apple Color Emoji',                    
                             'Apple LiGothic', 'Apple                           
                             LiSung', 'Apple SD Gothic Neo',                    
                             'Apple Symbols', 'AppleGothic',                    
                             'AppleMyungjo', 'Arial', 'Arial                    
                             Black', 'Arial Hebrew', 'Arial                     
                             Hebrew Scholar', 'Arial                            
                             Narrow', 'Arial Rounded MT                         
                             Bold', 'Arial Unicode MS',                         
                             'Avenir', 'Avenir Next',                           
                             'Avenir Next Condensed',                           
                             'Ayuthaya', 'BIZ UDGothic',                        
                             'BIZ UDMincho', 'BM Dohyeon',                      
                             'BM Hanna 11yrs Old', 'BM Hanna                    
                             Air', 'BM Hanna Pro', 'BM Jua',                    
                             'BM Kirang Haerang', 'BM                           
                             Yeonsung', 'Baghdad', 'Bangla                      
                             MN', 'Bangla Sangam MN', 'Baoli                    
                             SC', 'Baoli TC', 'Baskerville',                    
                             'Beirut', 'BiauKaiHK',                             
                             'BiauKaiTC', 'Big Caslon',                         
                             'Bodoni 72', 'Bodoni 72                            
                             Oldstyle', 'Bodoni 72                              
                             Smallcaps', 'Bodoni Ornaments',                    
                             'Bradley Hand', 'Brush Script                      
                             MT', 'Chalkboard', 'Chalkboard                     
                             SE', 'Chalkduster', 'Charter',                     
                             'Cochin', 'Comic Sans MS',                         
                             'Copperplate', 'Corsiva                            
                             Hebrew', 'Courier New', 'DIN                       
                             Alternate', 'DIN Condensed',                       
                             'Damascus', 'DecoType Naskh',                      
                             'Devanagari MT', 'Devanagari                       
                             Sangam MN', 'Didot', 'Diwan                        
                             Kufi', 'Diwan Thuluth',                            
                             'Euphemia UCAS', 'Farah',                          
                             'Farisi', 'Futura', 'GB18030                       
                             Bitmap', 'Galvji', 'Geeza Pro',                    
                             'Geneva', 'Georgia', 'Gill                         
                             Sans', 'Grantha Sangam MN',                        
                             'Gujarati MT', 'Gujarati Sangam                    
                             MN', 'GungSeo', 'Gurmukhi MN',                     
                             'Gurmukhi MT', 'Gurmukhi Sangam                    
                             MN', 'Hannotate SC', 'Hannotate                    
                             TC', 'HanziPen SC', 'HanziPen                      
                             TC', 'HeadLineA', 'Hei', 'Heiti                    
                             SC', 'Heiti TC', 'Helvetica',                      
                             'Helvetica Neue', 'Herculanum',                    
                             'Hiragino Maru Gothic ProN',                       
                             'Hiragino Mincho ProN',                            
                             'Hiragino Sans', 'Hiragino Sans                    
                             GB', 'Hoefler Text', 'ITF                          
                             Devanagari', 'ITF Devanagari                       
                             Marathi', 'Impact',                                
                             'InaiMathi', 'Kai', 'Kailasa',                     
                             'Kaiti SC', 'Kaiti TC',                            
                             'Kannada MN', 'Kannada Sangam                      
                             MN', 'Kefa III', 'Khmer MN',                       
                             'Khmer Sangam MN', 'Klee',                         
                             'Kohinoor Bangla', 'Kohinoor                       
                             Devanagari', 'Kohinoor                             
                             Gujarati', 'Kohinoor Telugu',                      
                             'Kokonor', 'Krungthep',                            
                             'KufiStandardGK', 'LXGW                            
                             ZhenKai', 'Lantinghei SC',                         
                             'Lantinghei TC', 'Lao MN', 'Lao                    
                             Sangam MN', 'LiHei Pro',                           
                             'LiSong Pro', 'Libian SC',                         
                             'Libian TC', 'LingWai SC',                         
                             'LingWai TC', 'Lucida Grande',                     
                             'Luminari', 'Malayalam MN',                        
                             'Malayalam Sangam MN', 'Marker                     
                             Felt', 'Menlo', 'Microsoft Sans                    
                             Serif', 'Mishafi', 'Mishafi                        
                             Gold', 'Monaco', 'Monospace',                      
                             'Mshtakan', 'Mukta Mahee',                         
                             'Muna', 'Myanmar MN', 'Myanmar                     
                             Sangam MN', 'Nadeem', 'Nanum                       
                             Brush Script', 'Nanum Gothic',                     
                             'Nanum Myeongjo', 'Nanum Pen                       
                             Script', 'New Peninim MT',                         
                             'Noteworthy', 'Noto Nastaliq                       
                             Urdu', 'Noto Sans Batak', 'Noto                    
                             Sans Kannada', 'Noto Sans                          
                             Myanmar', 'Noto Sans NKo',                         
                             'Noto Sans Oriya', 'Noto Sans                      
                             Syriac', 'Noto Sans Tagalog',                      
                             'Noto Serif Myanmar', 'Optima',                    
                             'Oriya MN', 'Oriya Sangam MN',                     
                             'Osaka', 'PCMyungjo', 'PT                          
                             Mono', 'PT Sans', 'PT Sans                         
                             Caption', 'PT Sans Narrow', 'PT                    
                             Serif', 'PT Serif Caption',                        
                             'Palatino', 'Papyrus', 'Party                      
                             LET', 'Phosphate', 'PilGi',                        
                             'PingFang HK', 'PingFang MO',                      
                             'PingFang SC', 'PingFang TC',                      
                             'Plantagenet Cherokee',                            
                             'Raanana', 'Rockwell',                             
                             'STFangsong', 'STHeiti', 'STIX                     
                             Two Math', 'STIX Two Text',                        
                             'STKaiti', 'STSong', 'Sana',                       
                             'Sans', 'Sathu', 'Savoye LET',                     
                             'Serif', 'Shree Devanagari                         
                             714', 'SignPainter', 'Silom',                      
                             'SimSong', 'Sinhala MN',                           
                             'Sinhala Sangam MN', 'Skia',                       
                             'Snell Roundhand', 'Songti SC',                    
                             'Songti TC', 'Sukhumvit Set',                      
                             'Symbol', 'Tahoma', 'Tamil MN',                    
                             'Tamil Sangam MN', 'Telugu MN',                    
                             'Telugu Sangam MN', 'Thonburi',                    
                             'Times New Roman', 'Toppan                         
                             Bunkyu Gothic', 'Toppan Bunkyu                     
                             Midashi Gothic', 'Toppan Bunkyu                    
                             Midashi Mincho', 'Toppan Bunkyu                    
                             Mincho', 'Trattatello',                            
                             'Trebuchet MS', 'Tsukushi A                        
                             Round Gothic', 'Tsukushi B                         
                             Round Gothic', 'Verdana',                          
                             'Waseem', 'Wawati SC', 'Wawati                     
                             TC', 'Webdings', 'Weibei SC',                      
                             'Weibei TC', 'Wingdings',                          
                             'Wingdings 2', 'Wingdings 3',                      
                             'Xingkai SC', 'Xingkai TC',                        
                             'YuGothic', 'YuKyokasho',                          
                             'YuKyokasho Yoko', 'YuMincho',                     
                             'YuMincho +36p Kana', 'Yuanti                      
                             SC', 'Yuanti TC', 'Yuppy SC',                      
                             'Yuppy TC', 'Zapf Dingbats',                       
                             'Zapfino', 'cursive',                              
                             'fantasy', 'system-ui'].                           
Animation 82: Write(Text('核心公式总结')):   0%|          | 0/36 [00:00<?, ?it/s]Animation 82: Write(Text('核心公式总结')):  67%|██████▋   | 24/36 [00:00<00:00, 226.93it/s]                                                                                           [02/27/26 10:19:05] INFO     Animation 82 : Partial     scene_file_writer.py:590
                             movie file written in                              
                             '/Users/mx/Desktop/manim_m                         
                             ath/高中/高三/第二学期/第                          
                             十七章-概率论初步/001随机                          
                             事件与概率/media/videos/pr                         
                             obability/1920p60/partial_                         
                             movie_files/ProbabilitySce                         
                             ne/656162490_3885638991_10                         
                             05725653.mp4'                                      
                    WARNING  Font Noto Sans CJK SC not in    text_mobject.py:464
                             ['.AppleSystemUIFont', 'Academy                    
                             Engraved LET', 'Al Bayan', 'Al                     
                             Nile', 'Al Tarikh', 'American                      
                             Typewriter', 'Andale Mono',                        
                             'Apple Braille', 'Apple                            
                             Chancery', 'Apple Color Emoji',                    
                             'Apple LiGothic', 'Apple                           
                             LiSung', 'Apple SD Gothic Neo',                    
                             'Apple Symbols', 'AppleGothic',                    
                             'AppleMyungjo', 'Arial', 'Arial                    
                             Black', 'Arial Hebrew', 'Arial                     
                             Hebrew Scholar', 'Arial                            
                             Narrow', 'Arial Rounded MT                         
                             Bold', 'Arial Unicode MS',                         
                             'Avenir', 'Avenir Next',                           
                             'Avenir Next Condensed',                           
                             'Ayuthaya', 'BIZ UDGothic',                        
                             'BIZ UDMincho', 'BM Dohyeon',                      
                             'BM Hanna 11yrs Old', 'BM Hanna                    
                             Air', 'BM Hanna Pro', 'BM Jua',                    
                             'BM Kirang Haerang', 'BM                           
                             Yeonsung', 'Baghdad', 'Bangla                      
                             MN', 'Bangla Sangam MN', 'Baoli                    
                             SC', 'Baoli TC', 'Baskerville',                    
                             'Beirut', 'BiauKaiHK',                             
                             'BiauKaiTC', 'Big Caslon',                         
                             'Bodoni 72', 'Bodoni 72                            
                             Oldstyle', 'Bodoni 72                              
                             Smallcaps', 'Bodoni Ornaments',                    
                             'Bradley Hand', 'Brush Script                      
                             MT', 'Chalkboard', 'Chalkboard                     
                             SE', 'Chalkduster', 'Charter',                     
                             'Cochin', 'Comic Sans MS',                         
                             'Copperplate', 'Corsiva                            
                             Hebrew', 'Courier New', 'DIN                       
                             Alternate', 'DIN Condensed',                       
                             'Damascus', 'DecoType Naskh',                      
                             'Devanagari MT', 'Devanagari                       
                             Sangam MN', 'Didot', 'Diwan                        
                             Kufi', 'Diwan Thuluth',                            
                             'Euphemia UCAS', 'Farah',                          
                             'Farisi', 'Futura', 'GB18030                       
                             Bitmap', 'Galvji', 'Geeza Pro',                    
                             'Geneva', 'Georgia', 'Gill                         
                             Sans', 'Grantha Sangam MN',                        
                             'Gujarati MT', 'Gujarati Sangam                    
                             MN', 'GungSeo', 'Gurmukhi MN',                     
                             'Gurmukhi MT', 'Gurmukhi Sangam                    
                             MN', 'Hannotate SC', 'Hannotate                    
                             TC', 'HanziPen SC', 'HanziPen                      
                             TC', 'HeadLineA', 'Hei', 'Heiti                    
                             SC', 'Heiti TC', 'Helvetica',                      
                             'Helvetica Neue', 'Herculanum',                    
                             'Hiragino Maru Gothic ProN',                       
                             'Hiragino Mincho ProN',                            
                             'Hiragino Sans', 'Hiragino Sans                    
                             GB', 'Hoefler Text', 'ITF                          
                             Devanagari', 'ITF Devanagari                       
                             Marathi', 'Impact',                                
                             'InaiMathi', 'Kai', 'Kailasa',                     
                             'Kaiti SC', 'Kaiti TC',                            
                             'Kannada MN', 'Kannada Sangam                      
                             MN', 'Kefa III', 'Khmer MN',                       
                             'Khmer Sangam MN', 'Klee',                         
                             'Kohinoor Bangla', 'Kohinoor                       
                             Devanagari', 'Kohinoor                             
                             Gujarati', 'Kohinoor Telugu',                      
                             'Kokonor', 'Krungthep',                            
                             'KufiStandardGK', 'LXGW                            
                             ZhenKai', 'Lantinghei SC',                         
                             'Lantinghei TC', 'Lao MN', 'Lao                    
                             Sangam MN', 'LiHei Pro',                           
                             'LiSong Pro', 'Libian SC',                         
                             'Libian TC', 'LingWai SC',                         
                             'LingWai TC', 'Lucida Grande',                     
                             'Luminari', 'Malayalam MN',                        
                             'Malayalam Sangam MN', 'Marker                     
                             Felt', 'Menlo', 'Microsoft Sans                    
                             Serif', 'Mishafi', 'Mishafi                        
                             Gold', 'Monaco', 'Monospace',                      
                             'Mshtakan', 'Mukta Mahee',                         
                             'Muna', 'Myanmar MN', 'Myanmar                     
                             Sangam MN', 'Nadeem', 'Nanum                       
                             Brush Script', 'Nanum Gothic',                     
                             'Nanum Myeongjo', 'Nanum Pen                       
                             Script', 'New Peninim MT',                         
                             'Noteworthy', 'Noto Nastaliq                       
                             Urdu', 'Noto Sans Batak', 'Noto                    
                             Sans Kannada', 'Noto Sans                          
                             Myanmar', 'Noto Sans NKo',                         
                             'Noto Sans Oriya', 'Noto Sans                      
                             Syriac', 'Noto Sans Tagalog',                      
                             'Noto Serif Myanmar', 'Optima',                    
                             'Oriya MN', 'Oriya Sangam MN',                     
                             'Osaka', 'PCMyungjo', 'PT                          
                             Mono', 'PT Sans', 'PT Sans                         
                             Caption', 'PT Sans Narrow', 'PT                    
                             Serif', 'PT Serif Caption',                        
                             'Palatino', 'Papyrus', 'Party                      
                             LET', 'Phosphate', 'PilGi',                        
                             'PingFang HK', 'PingFang MO',                      
                             'PingFang SC', 'PingFang TC',                      
                             'Plantagenet Cherokee',                            
                             'Raanana', 'Rockwell',                             
                             'STFangsong', 'STHeiti', 'STIX                     
                             Two Math', 'STIX Two Text',                        
                             'STKaiti', 'STSong', 'Sana',                       
                             'Sans', 'Sathu', 'Savoye LET',                     
                             'Serif', 'Shree Devanagari                         
                             714', 'SignPainter', 'Silom',                      
                             'SimSong', 'Sinhala MN',                           
                             'Sinhala Sangam MN', 'Skia',                       
                             'Snell Roundhand', 'Songti SC',                    
                             'Songti TC', 'Sukhumvit Set',                      
                             'Symbol', 'Tahoma', 'Tamil MN',                    
                             'Tamil Sangam MN', 'Telugu MN',                    
                             'Telugu Sangam MN', 'Thonburi',                    
                             'Times New Roman', 'Toppan                         
                             Bunkyu Gothic', 'Toppan Bunkyu                     
                             Midashi Gothic', 'Toppan Bunkyu                    
                             Midashi Mincho', 'Toppan Bunkyu                    
                             Mincho', 'Trattatello',                            
                             'Trebuchet MS', 'Tsukushi A                        
                             Round Gothic', 'Tsukushi B                         
                             Round Gothic', 'Verdana',                          
                             'Waseem', 'Wawati SC', 'Wawati                     
                             TC', 'Webdings', 'Weibei SC',                      
                             'Weibei TC', 'Wingdings',                          
                             'Wingdings 2', 'Wingdings 3',                      
                             'Xingkai SC', 'Xingkai TC',                        
                             'YuGothic', 'YuKyokasho',                          
                             'YuKyokasho Yoko', 'YuMincho',                     
                             'YuMincho +36p Kana', 'Yuanti                      
                             SC', 'Yuanti TC', 'Yuppy SC',                      
                             'Yuppy TC', 'Zapf Dingbats',                       
                             'Zapfino', 'cursive',                              
                             'fantasy', 'system-ui'].                           
Animation 83: _MethodAnimation(VGroup of 3 submobjects):   0%|          | 0/23 [00:00<?, ?it/s]Animation 83: _MethodAnimation(VGroup of 3 submobjects):  91%|█████████▏| 21/23 [00:00<00:00, 207.87it/s]                                                                                                                             INFO     Animation 83 : Partial     scene_file_writer.py:590
                             movie file written in                              
                             '/Users/mx/Desktop/manim_m                         
                             ath/高中/高三/第二学期/第                          
                             十七章-概率论初步/001随机                          
                             事件与概率/media/videos/pr                         
                             obability/1920p60/partial_                         
                             movie_files/ProbabilitySce                         
                             ne/656162490_332503082_407                         
                             8018143.mp4'                                       
                    WARNING  Font Noto Sans CJK SC not in    text_mobject.py:464
                             ['.AppleSystemUIFont', 'Academy                    
                             Engraved LET', 'Al Bayan', 'Al                     
                             Nile', 'Al Tarikh', 'American                      
                             Typewriter', 'Andale Mono',                        
                             'Apple Braille', 'Apple                            
                             Chancery', 'Apple Color Emoji',                    
                             'Apple LiGothic', 'Apple                           
                             LiSung', 'Apple SD Gothic Neo',                    
                             'Apple Symbols', 'AppleGothic',                    
                             'AppleMyungjo', 'Arial', 'Arial                    
                             Black', 'Arial Hebrew', 'Arial                     
                             Hebrew Scholar', 'Arial                            
                             Narrow', 'Arial Rounded MT                         
                             Bold', 'Arial Unicode MS',                         
                             'Avenir', 'Avenir Next',                           
                             'Avenir Next Condensed',                           
                             'Ayuthaya', 'BIZ UDGothic',                        
                             'BIZ UDMincho', 'BM Dohyeon',                      
                             'BM Hanna 11yrs Old', 'BM Hanna                    
                             Air', 'BM Hanna Pro', 'BM Jua',                    
                             'BM Kirang Haerang', 'BM                           
                             Yeonsung', 'Baghdad', 'Bangla                      
                             MN', 'Bangla Sangam MN', 'Baoli                    
                             SC', 'Baoli TC', 'Baskerville',                    
                             'Beirut', 'BiauKaiHK',                             
                             'BiauKaiTC', 'Big Caslon',                         
                             'Bodoni 72', 'Bodoni 72                            
                             Oldstyle', 'Bodoni 72                              
                             Smallcaps', 'Bodoni Ornaments',                    
                             'Bradley Hand', 'Brush Script                      
                             MT', 'Chalkboard', 'Chalkboard                     
                             SE', 'Chalkduster', 'Charter',                     
                             'Cochin', 'Comic Sans MS',                         
                             'Copperplate', 'Corsiva                            
                             Hebrew', 'Courier New', 'DIN                       
                             Alternate', 'DIN Condensed',                       
                             'Damascus', 'DecoType Naskh',                      
                             'Devanagari MT', 'Devanagari                       
                             Sangam MN', 'Didot', 'Diwan                        
                             Kufi', 'Diwan Thuluth',                            
                             'Euphemia UCAS', 'Farah',                          
                             'Farisi', 'Futura', 'GB18030                       
                             Bitmap', 'Galvji', 'Geeza Pro',                    
                             'Geneva', 'Georgia', 'Gill                         
                             Sans', 'Grantha Sangam MN',                        
                             'Gujarati MT', 'Gujarati Sangam                    
                             MN', 'GungSeo', 'Gurmukhi MN',                     
                             'Gurmukhi MT', 'Gurmukhi Sangam                    
                             MN', 'Hannotate SC', 'Hannotate                    
                             TC', 'HanziPen SC', 'HanziPen                      
                             TC', 'HeadLineA', 'Hei', 'Heiti                    
                             SC', 'Heiti TC', 'Helvetica',                      
                             'Helvetica Neue', 'Herculanum',                    
                             'Hiragino Maru Gothic ProN',                       
                             'Hiragino Mincho ProN',                            
                             'Hiragino Sans', 'Hiragino Sans                    
                             GB', 'Hoefler Text', 'ITF                          
                             Devanagari', 'ITF Devanagari                       
                             Marathi', 'Impact',                                
                             'InaiMathi', 'Kai', 'Kailasa',                     
                             'Kaiti SC', 'Kaiti TC',                            
                             'Kannada MN', 'Kannada Sangam                      
                             MN', 'Kefa III', 'Khmer MN',                       
                             'Khmer Sangam MN', 'Klee',                         
                             'Kohinoor Bangla', 'Kohinoor                       
                             Devanagari', 'Kohinoor                             
                             Gujarati', 'Kohinoor Telugu',                      
                             'Kokonor', 'Krungthep',                            
                             'KufiStandardGK', 'LXGW                            
                             ZhenKai', 'Lantinghei SC',                         
                             'Lantinghei TC', 'Lao MN', 'Lao                    
                             Sangam MN', 'LiHei Pro',                           
                             'LiSong Pro', 'Libian SC',                         
                             'Libian TC', 'LingWai SC',                         
                             'LingWai TC', 'Lucida Grande',                     
                             'Luminari', 'Malayalam MN',                        
                             'Malayalam Sangam MN', 'Marker                     
                             Felt', 'Menlo', 'Microsoft Sans                    
                             Serif', 'Mishafi', 'Mishafi                        
                             Gold', 'Monaco', 'Monospace',                      
                             'Mshtakan', 'Mukta Mahee',                         
                             'Muna', 'Myanmar MN', 'Myanmar                     
                             Sangam MN', 'Nadeem', 'Nanum                       
                             Brush Script', 'Nanum Gothic',                     
                             'Nanum Myeongjo', 'Nanum Pen                       
                             Script', 'New Peninim MT',                         
                             'Noteworthy', 'Noto Nastaliq                       
                             Urdu', 'Noto Sans Batak', 'Noto                    
                             Sans Kannada', 'Noto Sans                          
                             Myanmar', 'Noto Sans NKo',                         
                             'Noto Sans Oriya', 'Noto Sans                      
                             Syriac', 'Noto Sans Tagalog',                      
                             'Noto Serif Myanmar', 'Optima',                    
                             'Oriya MN', 'Oriya Sangam MN',                     
                             'Osaka', 'PCMyungjo', 'PT                          
                             Mono', 'PT Sans', 'PT Sans                         
                             Caption', 'PT Sans Narrow', 'PT                    
                             Serif', 'PT Serif Caption',                        
                             'Palatino', 'Papyrus', 'Party                      
                             LET', 'Phosphate', 'PilGi',                        
                             'PingFang HK', 'PingFang MO',                      
                             'PingFang SC', 'PingFang TC',                      
                             'Plantagenet Cherokee',                            
                             'Raanana', 'Rockwell',                             
                             'STFangsong', 'STHeiti', 'STIX                     
                             Two Math', 'STIX Two Text',                        
                             'STKaiti', 'STSong', 'Sana',                       
                             'Sans', 'Sathu', 'Savoye LET',                     
                             'Serif', 'Shree Devanagari                         
                             714', 'SignPainter', 'Silom',                      
                             'SimSong', 'Sinhala MN',                           
                             'Sinhala Sangam MN', 'Skia',                       
                             'Snell Roundhand', 'Songti SC',                    
                             'Songti TC', 'Sukhumvit Set',                      
                             'Symbol', 'Tahoma', 'Tamil MN',                    
                             'Tamil Sangam MN', 'Telugu MN',                    
                             'Telugu Sangam MN', 'Thonburi',                    
                             'Times New Roman', 'Toppan                         
                             Bunkyu Gothic', 'Toppan Bunkyu                     
                             Midashi Gothic', 'Toppan Bunkyu                    
                             Midashi Mincho', 'Toppan Bunkyu                    
                             Mincho', 'Trattatello',                            
                             'Trebuchet MS', 'Tsukushi A                        
                             Round Gothic', 'Tsukushi B                         
                             Round Gothic', 'Verdana',                          
                             'Waseem', 'Wawati SC', 'Wawati                     
                             TC', 'Webdings', 'Weibei SC',                      
                             'Weibei TC', 'Wingdings',                          
                             'Wingdings 2', 'Wingdings 3',                      
                             'Xingkai SC', 'Xingkai TC',                        
                             'YuGothic', 'YuKyokasho',                          
                             'YuKyokasho Yoko', 'YuMincho',                     
                             'YuMincho +36p Kana', 'Yuanti                      
                             SC', 'Yuanti TC', 'Yuppy SC',                      
                             'Yuppy TC', 'Zapf Dingbats',                       
                             'Zapfino', 'cursive',                              
                             'fantasy', 'system-ui'].                           
                    INFO     Writing                     tex_file_writing.py:110
                             \special{dvisvgm:raw <g                            
                             id='unique000'>}P(S) =                             
                             1,\quad P(\varnothing) =                           
                             0\special{dvisvgm:raw </g>}                        
                             to                                                 
                             media/Tex/0185bc7a8ae2b886.                        
                             tex                                                
Animation 84: _MethodAnimation(VGroup of 3 submobjects):   0%|          | 0/23 [00:00<?, ?it/s]Animation 84: _MethodAnimation(VGroup of 3 submobjects):  65%|██████▌   | 15/23 [00:00<00:00, 142.22it/s]                                                                                                         [02/27/26 10:19:06] INFO     Animation 84 : Partial     scene_file_writer.py:590
                             movie file written in                              
                             '/Users/mx/Desktop/manim_m                         
                             ath/高中/高三/第二学期/第                          
                             十七章-概率论初步/001随机                          
                             事件与概率/media/videos/pr                         
                             obability/1920p60/partial_                         
                             movie_files/ProbabilitySce                         
                             ne/656162490_2782380602_13                         
                             83605728.mp4'                                      
                    WARNING  Font Noto Sans CJK SC not in    text_mobject.py:464
                             ['.AppleSystemUIFont', 'Academy                    
                             Engraved LET', 'Al Bayan', 'Al                     
                             Nile', 'Al Tarikh', 'American                      
                             Typewriter', 'Andale Mono',                        
                             'Apple Braille', 'Apple                            
                             Chancery', 'Apple Color Emoji',                    
                             'Apple LiGothic', 'Apple                           
                             LiSung', 'Apple SD Gothic Neo',                    
                             'Apple Symbols', 'AppleGothic',                    
                             'AppleMyungjo', 'Arial', 'Arial                    
                             Black', 'Arial Hebrew', 'Arial                     
                             Hebrew Scholar', 'Arial                            
                             Narrow', 'Arial Rounded MT                         
                             Bold', 'Arial Unicode MS',                         
                             'Avenir', 'Avenir Next',                           
                             'Avenir Next Condensed',                           
                             'Ayuthaya', 'BIZ UDGothic',                        
                             'BIZ UDMincho', 'BM Dohyeon',                      
                             'BM Hanna 11yrs Old', 'BM Hanna                    
                             Air', 'BM Hanna Pro', 'BM Jua',                    
                             'BM Kirang Haerang', 'BM                           
                             Yeonsung', 'Baghdad', 'Bangla                      
                             MN', 'Bangla Sangam MN', 'Baoli                    
                             SC', 'Baoli TC', 'Baskerville',                    
                             'Beirut', 'BiauKaiHK',                             
                             'BiauKaiTC', 'Big Caslon',                         
                             'Bodoni 72', 'Bodoni 72                            
                             Oldstyle', 'Bodoni 72                              
                             Smallcaps', 'Bodoni Ornaments',                    
                             'Bradley Hand', 'Brush Script                      
                             MT', 'Chalkboard', 'Chalkboard                     
                             SE', 'Chalkduster', 'Charter',                     
                             'Cochin', 'Comic Sans MS',                         
                             'Copperplate', 'Corsiva                            
                             Hebrew', 'Courier New', 'DIN                       
                             Alternate', 'DIN Condensed',                       
                             'Damascus', 'DecoType Naskh',                      
                             'Devanagari MT', 'Devanagari                       
                             Sangam MN', 'Didot', 'Diwan                        
                             Kufi', 'Diwan Thuluth',                            
                             'Euphemia UCAS', 'Farah',                          
                             'Farisi', 'Futura', 'GB18030                       
                             Bitmap', 'Galvji', 'Geeza Pro',                    
                             'Geneva', 'Georgia', 'Gill                         
                             Sans', 'Grantha Sangam MN',                        
                             'Gujarati MT', 'Gujarati Sangam                    
                             MN', 'GungSeo', 'Gurmukhi MN',                     
                             'Gurmukhi MT', 'Gurmukhi Sangam                    
                             MN', 'Hannotate SC', 'Hannotate                    
                             TC', 'HanziPen SC', 'HanziPen                      
                             TC', 'HeadLineA', 'Hei', 'Heiti                    
                             SC', 'Heiti TC', 'Helvetica',                      
                             'Helvetica Neue', 'Herculanum',                    
                             'Hiragino Maru Gothic ProN',                       
                             'Hiragino Mincho ProN',                            
                             'Hiragino Sans', 'Hiragino Sans                    
                             GB', 'Hoefler Text', 'ITF                          
                             Devanagari', 'ITF Devanagari                       
                             Marathi', 'Impact',                                
                             'InaiMathi', 'Kai', 'Kailasa',                     
                             'Kaiti SC', 'Kaiti TC',                            
                             'Kannada MN', 'Kannada Sangam                      
                             MN', 'Kefa III', 'Khmer MN',                       
                             'Khmer Sangam MN', 'Klee',                         
                             'Kohinoor Bangla', 'Kohinoor                       
                             Devanagari', 'Kohinoor                             
                             Gujarati', 'Kohinoor Telugu',                      
                             'Kokonor', 'Krungthep',                            
                             'KufiStandardGK', 'LXGW                            
                             ZhenKai', 'Lantinghei SC',                         
                             'Lantinghei TC', 'Lao MN', 'Lao                    
                             Sangam MN', 'LiHei Pro',                           
                             'LiSong Pro', 'Libian SC',                         
                             'Libian TC', 'LingWai SC',                         
                             'LingWai TC', 'Lucida Grande',                     
                             'Luminari', 'Malayalam MN',                        
                             'Malayalam Sangam MN', 'Marker                     
                             Felt', 'Menlo', 'Microsoft Sans                    
                             Serif', 'Mishafi', 'Mishafi                        
                             Gold', 'Monaco', 'Monospace',                      
                             'Mshtakan', 'Mukta Mahee',                         
                             'Muna', 'Myanmar MN', 'Myanmar                     
                             Sangam MN', 'Nadeem', 'Nanum                       
                             Brush Script', 'Nanum Gothic',                     
                             'Nanum Myeongjo', 'Nanum Pen                       
                             Script', 'New Peninim MT',                         
                             'Noteworthy', 'Noto Nastaliq                       
                             Urdu', 'Noto Sans Batak', 'Noto                    
                             Sans Kannada', 'Noto Sans                          
                             Myanmar', 'Noto Sans NKo',                         
                             'Noto Sans Oriya', 'Noto Sans                      
                             Syriac', 'Noto Sans Tagalog',                      
                             'Noto Serif Myanmar', 'Optima',                    
                             'Oriya MN', 'Oriya Sangam MN',                     
                             'Osaka', 'PCMyungjo', 'PT                          
                             Mono', 'PT Sans', 'PT Sans                         
                             Caption', 'PT Sans Narrow', 'PT                    
                             Serif', 'PT Serif Caption',                        
                             'Palatino', 'Papyrus', 'Party                      
                             LET', 'Phosphate', 'PilGi',                        
                             'PingFang HK', 'PingFang MO',                      
                             'PingFang SC', 'PingFang TC',                      
                             'Plantagenet Cherokee',                            
                             'Raanana', 'Rockwell',                             
                             'STFangsong', 'STHeiti', 'STIX                     
                             Two Math', 'STIX Two Text',                        
                             'STKaiti', 'STSong', 'Sana',                       
                             'Sans', 'Sathu', 'Savoye LET',                     
                             'Serif', 'Shree Devanagari                         
                             714', 'SignPainter', 'Silom',                      
                             'SimSong', 'Sinhala MN',                           
                             'Sinhala Sangam MN', 'Skia',                       
                             'Snell Roundhand', 'Songti SC',                    
                             'Songti TC', 'Sukhumvit Set',                      
                             'Symbol', 'Tahoma', 'Tamil MN',                    
                             'Tamil Sangam MN', 'Telugu MN',                    
                             'Telugu Sangam MN', 'Thonburi',                    
                             'Times New Roman', 'Toppan                         
                             Bunkyu Gothic', 'Toppan Bunkyu                     
                             Midashi Gothic', 'Toppan Bunkyu                    
                             Midashi Mincho', 'Toppan Bunkyu                    
                             Mincho', 'Trattatello',                            
                             'Trebuchet MS', 'Tsukushi A                        
                             Round Gothic', 'Tsukushi B                         
                             Round Gothic', 'Verdana',                          
                             'Waseem', 'Wawati SC', 'Wawati                     
                             TC', 'Webdings', 'Weibei SC',                      
                             'Weibei TC', 'Wingdings',                          
                             'Wingdings 2', 'Wingdings 3',                      
                             'Xingkai SC', 'Xingkai TC',                        
                             'YuGothic', 'YuKyokasho',                          
                             'YuKyokasho Yoko', 'YuMincho',                     
                             'YuMincho +36p Kana', 'Yuanti                      
                             SC', 'Yuanti TC', 'Yuppy SC',                      
                             'Yuppy TC', 'Zapf Dingbats',                       
                             'Zapfino', 'cursive',                              
                             'fantasy', 'system-ui'].                           
                    INFO     Writing                     tex_file_writing.py:110
                             \special{dvisvgm:raw <g                            
                             id='unique000'>}P(A\cup                            
                             B)=P(A)+P(B)-P(A\cap                               
                             B)\special{dvisvgm:raw                             
                             </g>} to                                           
                             media/Tex/f2e8e943f8457483.                        
                             tex                                                
Animation 85: _MethodAnimation(VGroup of 3 submobjects):   0%|          | 0/23 [00:00<?, ?it/s]Animation 85: _MethodAnimation(VGroup of 3 submobjects):  61%|██████    | 14/23 [00:00<00:00, 134.45it/s]                                                                                                         [02/27/26 10:19:07] INFO     Animation 85 : Partial     scene_file_writer.py:590
                             movie file written in                              
                             '/Users/mx/Desktop/manim_m                         
                             ath/高中/高三/第二学期/第                          
                             十七章-概率论初步/001随机                          
                             事件与概率/media/videos/pr                         
                             obability/1920p60/partial_                         
                             movie_files/ProbabilitySce                         
                             ne/656162490_4206876054_32                         
                             71395843.mp4'                                      
                    WARNING  Font Noto Sans CJK SC not in    text_mobject.py:464
                             ['.AppleSystemUIFont', 'Academy                    
                             Engraved LET', 'Al Bayan', 'Al                     
                             Nile', 'Al Tarikh', 'American                      
                             Typewriter', 'Andale Mono',                        
                             'Apple Braille', 'Apple                            
                             Chancery', 'Apple Color Emoji',                    
                             'Apple LiGothic', 'Apple                           
                             LiSung', 'Apple SD Gothic Neo',                    
                             'Apple Symbols', 'AppleGothic',                    
                             'AppleMyungjo', 'Arial', 'Arial                    
                             Black', 'Arial Hebrew', 'Arial                     
                             Hebrew Scholar', 'Arial                            
                             Narrow', 'Arial Rounded MT                         
                             Bold', 'Arial Unicode MS',                         
                             'Avenir', 'Avenir Next',                           
                             'Avenir Next Condensed',                           
                             'Ayuthaya', 'BIZ UDGothic',                        
                             'BIZ UDMincho', 'BM Dohyeon',                      
                             'BM Hanna 11yrs Old', 'BM Hanna                    
                             Air', 'BM Hanna Pro', 'BM Jua',                    
                             'BM Kirang Haerang', 'BM                           
                             Yeonsung', 'Baghdad', 'Bangla                      
                             MN', 'Bangla Sangam MN', 'Baoli                    
                             SC', 'Baoli TC', 'Baskerville',                    
                             'Beirut', 'BiauKaiHK',                             
                             'BiauKaiTC', 'Big Caslon',                         
                             'Bodoni 72', 'Bodoni 72                            
                             Oldstyle', 'Bodoni 72                              
                             Smallcaps', 'Bodoni Ornaments',                    
                             'Bradley Hand', 'Brush Script                      
                             MT', 'Chalkboard', 'Chalkboard                     
                             SE', 'Chalkduster', 'Charter',                     
                             'Cochin', 'Comic Sans MS',                         
                             'Copperplate', 'Corsiva                            
                             Hebrew', 'Courier New', 'DIN                       
                             Alternate', 'DIN Condensed',                       
                             'Damascus', 'DecoType Naskh',                      
                             'Devanagari MT', 'Devanagari                       
                             Sangam MN', 'Didot', 'Diwan                        
                             Kufi', 'Diwan Thuluth',                            
                             'Euphemia UCAS', 'Farah',                          
                             'Farisi', 'Futura', 'GB18030                       
                             Bitmap', 'Galvji', 'Geeza Pro',                    
                             'Geneva', 'Georgia', 'Gill                         
                             Sans', 'Grantha Sangam MN',                        
                             'Gujarati MT', 'Gujarati Sangam                    
                             MN', 'GungSeo', 'Gurmukhi MN',                     
                             'Gurmukhi MT', 'Gurmukhi Sangam                    
                             MN', 'Hannotate SC', 'Hannotate                    
                             TC', 'HanziPen SC', 'HanziPen                      
                             TC', 'HeadLineA', 'Hei', 'Heiti                    
                             SC', 'Heiti TC', 'Helvetica',                      
                             'Helvetica Neue', 'Herculanum',                    
                             'Hiragino Maru Gothic ProN',                       
                             'Hiragino Mincho ProN',                            
                             'Hiragino Sans', 'Hiragino Sans                    
                             GB', 'Hoefler Text', 'ITF                          
                             Devanagari', 'ITF Devanagari                       
                             Marathi', 'Impact',                                
                             'InaiMathi', 'Kai', 'Kailasa',                     
                             'Kaiti SC', 'Kaiti TC',                            
                             'Kannada MN', 'Kannada Sangam                      
                             MN', 'Kefa III', 'Khmer MN',                       
                             'Khmer Sangam MN', 'Klee',                         
                             'Kohinoor Bangla', 'Kohinoor                       
                             Devanagari', 'Kohinoor                             
                             Gujarati', 'Kohinoor Telugu',                      
                             'Kokonor', 'Krungthep',                            
                             'KufiStandardGK', 'LXGW                            
                             ZhenKai', 'Lantinghei SC',                         
                             'Lantinghei TC', 'Lao MN', 'Lao                    
                             Sangam MN', 'LiHei Pro',                           
                             'LiSong Pro', 'Libian SC',                         
                             'Libian TC', 'LingWai SC',                         
                             'LingWai TC', 'Lucida Grande',                     
                             'Luminari', 'Malayalam MN',                        
                             'Malayalam Sangam MN', 'Marker                     
                             Felt', 'Menlo', 'Microsoft Sans                    
                             Serif', 'Mishafi', 'Mishafi                        
                             Gold', 'Monaco', 'Monospace',                      
                             'Mshtakan', 'Mukta Mahee',                         
                             'Muna', 'Myanmar MN', 'Myanmar                     
                             Sangam MN', 'Nadeem', 'Nanum                       
                             Brush Script', 'Nanum Gothic',                     
                             'Nanum Myeongjo', 'Nanum Pen                       
                             Script', 'New Peninim MT',                         
                             'Noteworthy', 'Noto Nastaliq                       
                             Urdu', 'Noto Sans Batak', 'Noto                    
                             Sans Kannada', 'Noto Sans                          
                             Myanmar', 'Noto Sans NKo',                         
                             'Noto Sans Oriya', 'Noto Sans                      
                             Syriac', 'Noto Sans Tagalog',                      
                             'Noto Serif Myanmar', 'Optima',                    
                             'Oriya MN', 'Oriya Sangam MN',                     
                             'Osaka', 'PCMyungjo', 'PT                          
                             Mono', 'PT Sans', 'PT Sans                         
                             Caption', 'PT Sans Narrow', 'PT                    
                             Serif', 'PT Serif Caption',                        
                             'Palatino', 'Papyrus', 'Party                      
                             LET', 'Phosphate', 'PilGi',                        
                             'PingFang HK', 'PingFang MO',                      
                             'PingFang SC', 'PingFang TC',                      
                             'Plantagenet Cherokee',                            
                             'Raanana', 'Rockwell',                             
                             'STFangsong', 'STHeiti', 'STIX                     
                             Two Math', 'STIX Two Text',                        
                             'STKaiti', 'STSong', 'Sana',                       
                             'Sans', 'Sathu', 'Savoye LET',                     
                             'Serif', 'Shree Devanagari                         
                             714', 'SignPainter', 'Silom',                      
                             'SimSong', 'Sinhala MN',                           
                             'Sinhala Sangam MN', 'Skia',                       
                             'Snell Roundhand', 'Songti SC',                    
                             'Songti TC', 'Sukhumvit Set',                      
                             'Symbol', 'Tahoma', 'Tamil MN',                    
                             'Tamil Sangam MN', 'Telugu MN',                    
                             'Telugu Sangam MN', 'Thonburi',                    
                             'Times New Roman', 'Toppan                         
                             Bunkyu Gothic', 'Toppan Bunkyu                     
                             Midashi Gothic', 'Toppan Bunkyu                    
                             Midashi Mincho', 'Toppan Bunkyu                    
                             Mincho', 'Trattatello',                            
                             'Trebuchet MS', 'Tsukushi A                        
                             Round Gothic', 'Tsukushi B                         
                             Round Gothic', 'Verdana',                          
                             'Waseem', 'Wawati SC', 'Wawati                     
                             TC', 'Webdings', 'Weibei SC',                      
                             'Weibei TC', 'Wingdings',                          
                             'Wingdings 2', 'Wingdings 3',                      
                             'Xingkai SC', 'Xingkai TC',                        
                             'YuGothic', 'YuKyokasho',                          
                             'YuKyokasho Yoko', 'YuMincho',                     
                             'YuMincho +36p Kana', 'Yuanti                      
                             SC', 'Yuanti TC', 'Yuppy SC',                      
                             'Yuppy TC', 'Zapf Dingbats',                       
                             'Zapfino', 'cursive',                              
                             'fantasy', 'system-ui'].                           
                    INFO     Writing                     tex_file_writing.py:110
                             \special{dvisvgm:raw <g                            
                             id='unique000'>}P(\bar{A})                         
                             = 1 -                                              
                             P(A)\special{dvisvgm:raw                           
                             </g>} to                                           
                             media/Tex/2f953b31218decf1.                        
                             tex                                                
Animation 86: _MethodAnimation(VGroup of 3 submobjects):   0%|          | 0/23 [00:00<?, ?it/s]Animation 86: _MethodAnimation(VGroup of 3 submobjects):  65%|██████▌   | 15/23 [00:00<00:00, 147.73it/s]                                                                                                         [02/27/26 10:19:09] INFO     Animation 86 : Partial     scene_file_writer.py:590
                             movie file written in                              
                             '/Users/mx/Desktop/manim_m                         
                             ath/高中/高三/第二学期/第                          
                             十七章-概率论初步/001随机                          
                             事件与概率/media/videos/pr                         
                             obability/1920p60/partial_                         
                             movie_files/ProbabilitySce                         
                             ne/656162490_2200727252_32                         
                             60146974.mp4'                                      
                    WARNING  Font Noto Sans CJK SC not in    text_mobject.py:464
                             ['.AppleSystemUIFont', 'Academy                    
                             Engraved LET', 'Al Bayan', 'Al                     
                             Nile', 'Al Tarikh', 'American                      
                             Typewriter', 'Andale Mono',                        
                             'Apple Braille', 'Apple                            
                             Chancery', 'Apple Color Emoji',                    
                             'Apple LiGothic', 'Apple                           
                             LiSung', 'Apple SD Gothic Neo',                    
                             'Apple Symbols', 'AppleGothic',                    
                             'AppleMyungjo', 'Arial', 'Arial                    
                             Black', 'Arial Hebrew', 'Arial                     
                             Hebrew Scholar', 'Arial                            
                             Narrow', 'Arial Rounded MT                         
                             Bold', 'Arial Unicode MS',                         
                             'Avenir', 'Avenir Next',                           
                             'Avenir Next Condensed',                           
                             'Ayuthaya', 'BIZ UDGothic',                        
                             'BIZ UDMincho', 'BM Dohyeon',                      
                             'BM Hanna 11yrs Old', 'BM Hanna                    
                             Air', 'BM Hanna Pro', 'BM Jua',                    
                             'BM Kirang Haerang', 'BM                           
                             Yeonsung', 'Baghdad', 'Bangla                      
                             MN', 'Bangla Sangam MN', 'Baoli                    
                             SC', 'Baoli TC', 'Baskerville',                    
                             'Beirut', 'BiauKaiHK',                             
                             'BiauKaiTC', 'Big Caslon',                         
                             'Bodoni 72', 'Bodoni 72                            
                             Oldstyle', 'Bodoni 72                              
                             Smallcaps', 'Bodoni Ornaments',                    
                             'Bradley Hand', 'Brush Script                      
                             MT', 'Chalkboard', 'Chalkboard                     
                             SE', 'Chalkduster', 'Charter',                     
                             'Cochin', 'Comic Sans MS',                         
                             'Copperplate', 'Corsiva                            
                             Hebrew', 'Courier New', 'DIN                       
                             Alternate', 'DIN Condensed',                       
                             'Damascus', 'DecoType Naskh',                      
                             'Devanagari MT', 'Devanagari                       
                             Sangam MN', 'Didot', 'Diwan                        
                             Kufi', 'Diwan Thuluth',                            
                             'Euphemia UCAS', 'Farah',                          
                             'Farisi', 'Futura', 'GB18030                       
                             Bitmap', 'Galvji', 'Geeza Pro',                    
                             'Geneva', 'Georgia', 'Gill                         
                             Sans', 'Grantha Sangam MN',                        
                             'Gujarati MT', 'Gujarati Sangam                    
                             MN', 'GungSeo', 'Gurmukhi MN',                     
                             'Gurmukhi MT', 'Gurmukhi Sangam                    
                             MN', 'Hannotate SC', 'Hannotate                    
                             TC', 'HanziPen SC', 'HanziPen                      
                             TC', 'HeadLineA', 'Hei', 'Heiti                    
                             SC', 'Heiti TC', 'Helvetica',                      
                             'Helvetica Neue', 'Herculanum',                    
                             'Hiragino Maru Gothic ProN',                       
                             'Hiragino Mincho ProN',                            
                             'Hiragino Sans', 'Hiragino Sans                    
                             GB', 'Hoefler Text', 'ITF                          
                             Devanagari', 'ITF Devanagari                       
                             Marathi', 'Impact',                                
                             'InaiMathi', 'Kai', 'Kailasa',                     
                             'Kaiti SC', 'Kaiti TC',                            
                             'Kannada MN', 'Kannada Sangam                      
                             MN', 'Kefa III', 'Khmer MN',                       
                             'Khmer Sangam MN', 'Klee',                         
                             'Kohinoor Bangla', 'Kohinoor                       
                             Devanagari', 'Kohinoor                             
                             Gujarati', 'Kohinoor Telugu',                      
                             'Kokonor', 'Krungthep',                            
                             'KufiStandardGK', 'LXGW                            
                             ZhenKai', 'Lantinghei SC',                         
                             'Lantinghei TC', 'Lao MN', 'Lao                    
                             Sangam MN', 'LiHei Pro',                           
                             'LiSong Pro', 'Libian SC',                         
                             'Libian TC', 'LingWai SC',                         
                             'LingWai TC', 'Lucida Grande',                     
                             'Luminari', 'Malayalam MN',                        
                             'Malayalam Sangam MN', 'Marker                     
                             Felt', 'Menlo', 'Microsoft Sans                    
                             Serif', 'Mishafi', 'Mishafi                        
                             Gold', 'Monaco', 'Monospace',                      
                             'Mshtakan', 'Mukta Mahee',                         
                             'Muna', 'Myanmar MN', 'Myanmar                     
                             Sangam MN', 'Nadeem', 'Nanum                       
                             Brush Script', 'Nanum Gothic',                     
                             'Nanum Myeongjo', 'Nanum Pen                       
                             Script', 'New Peninim MT',                         
                             'Noteworthy', 'Noto Nastaliq                       
                             Urdu', 'Noto Sans Batak', 'Noto                    
                             Sans Kannada', 'Noto Sans                          
                             Myanmar', 'Noto Sans NKo',                         
                             'Noto Sans Oriya', 'Noto Sans                      
                             Syriac', 'Noto Sans Tagalog',                      
                             'Noto Serif Myanmar', 'Optima',                    
                             'Oriya MN', 'Oriya Sangam MN',                     
                             'Osaka', 'PCMyungjo', 'PT                          
                             Mono', 'PT Sans', 'PT Sans                         
                             Caption', 'PT Sans Narrow', 'PT                    
                             Serif', 'PT Serif Caption',                        
                             'Palatino', 'Papyrus', 'Party                      
                             LET', 'Phosphate', 'PilGi',                        
                             'PingFang HK', 'PingFang MO',                      
                             'PingFang SC', 'PingFang TC',                      
                             'Plantagenet Cherokee',                            
                             'Raanana', 'Rockwell',                             
                             'STFangsong', 'STHeiti', 'STIX                     
                             Two Math', 'STIX Two Text',                        
                             'STKaiti', 'STSong', 'Sana',                       
                             'Sans', 'Sathu', 'Savoye LET',                     
                             'Serif', 'Shree Devanagari                         
                             714', 'SignPainter', 'Silom',                      
                             'SimSong', 'Sinhala MN',                           
                             'Sinhala Sangam MN', 'Skia',                       
                             'Snell Roundhand', 'Songti SC',                    
                             'Songti TC', 'Sukhumvit Set',                      
                             'Symbol', 'Tahoma', 'Tamil MN',                    
                             'Tamil Sangam MN', 'Telugu MN',                    
                             'Telugu Sangam MN', 'Thonburi',                    
                             'Times New Roman', 'Toppan                         
                             Bunkyu Gothic', 'Toppan Bunkyu                     
                             Midashi Gothic', 'Toppan Bunkyu                    
                             Midashi Mincho', 'Toppan Bunkyu                    
                             Mincho', 'Trattatello',                            
                             'Trebuchet MS', 'Tsukushi A                        
                             Round Gothic', 'Tsukushi B                         
                             Round Gothic', 'Verdana',                          
                             'Waseem', 'Wawati SC', 'Wawati                     
                             TC', 'Webdings', 'Weibei SC',                      
                             'Weibei TC', 'Wingdings',                          
                             'Wingdings 2', 'Wingdings 3',                      
                             'Xingkai SC', 'Xingkai TC',                        
                             'YuGothic', 'YuKyokasho',                          
                             'YuKyokasho Yoko', 'YuMincho',                     
                             'YuMincho +36p Kana', 'Yuanti                      
                             SC', 'Yuanti TC', 'Yuppy SC',                      
                             'Yuppy TC', 'Zapf Dingbats',                       
                             'Zapfino', 'cursive',                              
                             'fantasy', 'system-ui'].                           
Animation 87: _MethodAnimation(VGroup of 3 submobjects):   0%|          | 0/23 [00:00<?, ?it/s]Animation 87: _MethodAnimation(VGroup of 3 submobjects):  78%|███████▊  | 18/23 [00:00<00:00, 172.40it/s]                                                                                                                             INFO     Animation 87 : Partial     scene_file_writer.py:590
                             movie file written in                              
                             '/Users/mx/Desktop/manim_m                         
                             ath/高中/高三/第二学期/第                          
                             十七章-概率论初步/001随机                          
                             事件与概率/media/videos/pr                         
                             obability/1920p60/partial_                         
                             movie_files/ProbabilitySce                         
                             ne/656162490_267776496_306                         
                             5585388.mp4'                                       
                    WARNING  Font Noto Sans CJK SC not in    text_mobject.py:464
                             ['.AppleSystemUIFont', 'Academy                    
                             Engraved LET', 'Al Bayan', 'Al                     
                             Nile', 'Al Tarikh', 'American                      
                             Typewriter', 'Andale Mono',                        
                             'Apple Braille', 'Apple                            
                             Chancery', 'Apple Color Emoji',                    
                             'Apple LiGothic', 'Apple                           
                             LiSung', 'Apple SD Gothic Neo',                    
                             'Apple Symbols', 'AppleGothic',                    
                             'AppleMyungjo', 'Arial', 'Arial                    
                             Black', 'Arial Hebrew', 'Arial                     
                             Hebrew Scholar', 'Arial                            
                             Narrow', 'Arial Rounded MT                         
                             Bold', 'Arial Unicode MS',                         
                             'Avenir', 'Avenir Next',                           
                             'Avenir Next Condensed',                           
                             'Ayuthaya', 'BIZ UDGothic',                        
                             'BIZ UDMincho', 'BM Dohyeon',                      
                             'BM Hanna 11yrs Old', 'BM Hanna                    
                             Air', 'BM Hanna Pro', 'BM Jua',                    
                             'BM Kirang Haerang', 'BM                           
                             Yeonsung', 'Baghdad', 'Bangla                      
                             MN', 'Bangla Sangam MN', 'Baoli                    
                             SC', 'Baoli TC', 'Baskerville',                    
                             'Beirut', 'BiauKaiHK',                             
                             'BiauKaiTC', 'Big Caslon',                         
                             'Bodoni 72', 'Bodoni 72                            
                             Oldstyle', 'Bodoni 72                              
                             Smallcaps', 'Bodoni Ornaments',                    
                             'Bradley Hand', 'Brush Script                      
                             MT', 'Chalkboard', 'Chalkboard                     
                             SE', 'Chalkduster', 'Charter',                     
                             'Cochin', 'Comic Sans MS',                         
                             'Copperplate', 'Corsiva                            
                             Hebrew', 'Courier New', 'DIN                       
                             Alternate', 'DIN Condensed',                       
                             'Damascus', 'DecoType Naskh',                      
                             'Devanagari MT', 'Devanagari                       
                             Sangam MN', 'Didot', 'Diwan                        
                             Kufi', 'Diwan Thuluth',                            
                             'Euphemia UCAS', 'Farah',                          
                             'Farisi', 'Futura', 'GB18030                       
                             Bitmap', 'Galvji', 'Geeza Pro',                    
                             'Geneva', 'Georgia', 'Gill                         
                             Sans', 'Grantha Sangam MN',                        
                             'Gujarati MT', 'Gujarati Sangam                    
                             MN', 'GungSeo', 'Gurmukhi MN',                     
                             'Gurmukhi MT', 'Gurmukhi Sangam                    
                             MN', 'Hannotate SC', 'Hannotate                    
                             TC', 'HanziPen SC', 'HanziPen                      
                             TC', 'HeadLineA', 'Hei', 'Heiti                    
                             SC', 'Heiti TC', 'Helvetica',                      
                             'Helvetica Neue', 'Herculanum',                    
                             'Hiragino Maru Gothic ProN',                       
                             'Hiragino Mincho ProN',                            
                             'Hiragino Sans', 'Hiragino Sans                    
                             GB', 'Hoefler Text', 'ITF                          
                             Devanagari', 'ITF Devanagari                       
                             Marathi', 'Impact',                                
                             'InaiMathi', 'Kai', 'Kailasa',                     
                             'Kaiti SC', 'Kaiti TC',                            
                             'Kannada MN', 'Kannada Sangam                      
                             MN', 'Kefa III', 'Khmer MN',                       
                             'Khmer Sangam MN', 'Klee',                         
                             'Kohinoor Bangla', 'Kohinoor                       
                             Devanagari', 'Kohinoor                             
                             Gujarati', 'Kohinoor Telugu',                      
                             'Kokonor', 'Krungthep',                            
                             'KufiStandardGK', 'LXGW                            
                             ZhenKai', 'Lantinghei SC',                         
                             'Lantinghei TC', 'Lao MN', 'Lao                    
                             Sangam MN', 'LiHei Pro',                           
                             'LiSong Pro', 'Libian SC',                         
                             'Libian TC', 'LingWai SC',                         
                             'LingWai TC', 'Lucida Grande',                     
                             'Luminari', 'Malayalam MN',                        
                             'Malayalam Sangam MN', 'Marker                     
                             Felt', 'Menlo', 'Microsoft Sans                    
                             Serif', 'Mishafi', 'Mishafi                        
                             Gold', 'Monaco', 'Monospace',                      
                             'Mshtakan', 'Mukta Mahee',                         
                             'Muna', 'Myanmar MN', 'Myanmar                     
                             Sangam MN', 'Nadeem', 'Nanum                       
                             Brush Script', 'Nanum Gothic',                     
                             'Nanum Myeongjo', 'Nanum Pen                       
                             Script', 'New Peninim MT',                         
                             'Noteworthy', 'Noto Nastaliq                       
                             Urdu', 'Noto Sans Batak', 'Noto                    
                             Sans Kannada', 'Noto Sans                          
                             Myanmar', 'Noto Sans NKo',                         
                             'Noto Sans Oriya', 'Noto Sans                      
                             Syriac', 'Noto Sans Tagalog',                      
                             'Noto Serif Myanmar', 'Optima',                    
                             'Oriya MN', 'Oriya Sangam MN',                     
                             'Osaka', 'PCMyungjo', 'PT                          
                             Mono', 'PT Sans', 'PT Sans                         
                             Caption', 'PT Sans Narrow', 'PT                    
                             Serif', 'PT Serif Caption',                        
                             'Palatino', 'Papyrus', 'Party                      
                             LET', 'Phosphate', 'PilGi',                        
                             'PingFang HK', 'PingFang MO',                      
                             'PingFang SC', 'PingFang TC',                      
                             'Plantagenet Cherokee',                            
                             'Raanana', 'Rockwell',                             
                             'STFangsong', 'STHeiti', 'STIX                     
                             Two Math', 'STIX Two Text',                        
                             'STKaiti', 'STSong', 'Sana',                       
                             'Sans', 'Sathu', 'Savoye LET',                     
                             'Serif', 'Shree Devanagari                         
                             714', 'SignPainter', 'Silom',                      
                             'SimSong', 'Sinhala MN',                           
                             'Sinhala Sangam MN', 'Skia',                       
                             'Snell Roundhand', 'Songti SC',                    
                             'Songti TC', 'Sukhumvit Set',                      
                             'Symbol', 'Tahoma', 'Tamil MN',                    
                             'Tamil Sangam MN', 'Telugu MN',                    
                             'Telugu Sangam MN', 'Thonburi',                    
                             'Times New Roman', 'Toppan                         
                             Bunkyu Gothic', 'Toppan Bunkyu                     
                             Midashi Gothic', 'Toppan Bunkyu                    
                             Midashi Mincho', 'Toppan Bunkyu                    
                             Mincho', 'Trattatello',                            
                             'Trebuchet MS', 'Tsukushi A                        
                             Round Gothic', 'Tsukushi B                         
                             Round Gothic', 'Verdana',                          
                             'Waseem', 'Wawati SC', 'Wawati                     
                             TC', 'Webdings', 'Weibei SC',                      
                             'Weibei TC', 'Wingdings',                          
                             'Wingdings 2', 'Wingdings 3',                      
                             'Xingkai SC', 'Xingkai TC',                        
                             'YuGothic', 'YuKyokasho',                          
                             'YuKyokasho Yoko', 'YuMincho',                     
                             'YuMincho +36p Kana', 'Yuanti                      
                             SC', 'Yuanti TC', 'Yuppy SC',                      
                             'Yuppy TC', 'Zapf Dingbats',                       
                             'Zapfino', 'cursive',                              
                             'fantasy', 'system-ui'].                           
Animation 88: FadeIn(Text('概率 = 用数字描述不确定性')):   0%|          | 0/36 [00:00<?, ?it/s]Animation 88: FadeIn(Text('概率 = 用数字描述不确定性')):  33%|███▎      | 12/36 [00:00<00:00, 119.30it/s]Animation 88: FadeIn(Text('概率 = 用数字描述不确定性')):  67%|██████▋   | 24/36 [00:00<00:00, 119.24it/s]Animation 88: FadeIn(Text('概率 = 用数字描述不确定性')): 100%|██████████| 36/36 [00:00<00:00, 118.37it/s]                                                                                                         [02/27/26 10:19:11] INFO     Animation 88 : Partial     scene_file_writer.py:590
                             movie file written in                              
                             '/Users/mx/Desktop/manim_m                         
                             ath/高中/高三/第二学期/第                          
                             十七章-概率论初步/001随机                          
                             事件与概率/media/videos/pr                         
                             obability/1920p60/partial_                         
                             movie_files/ProbabilitySce                         
                             ne/656162490_1985717181_29                         
                             10339858.mp4'                                      
[02/27/26 10:19:12] INFO     Animation 89 : Partial     scene_file_writer.py:590
                             movie file written in                              
                             '/Users/mx/Desktop/manim_m                         
                             ath/高中/高三/第二学期/第                          
                             十七章-概率论初步/001随机                          
                             事件与概率/media/videos/pr                         
                             obability/1920p60/partial_                         
                             movie_files/ProbabilitySce                         
                             ne/656162490_2950721455_50                         
                             6217474.mp4'                                       
Animation 90: FadeOut(VGroup of 3 submobjects), etc.:   0%|          | 0/36 [00:00<?, ?it/s]Animation 90: FadeOut(VGroup of 3 submobjects), etc.:  14%|█▍        | 5/36 [00:00<00:00, 45.88it/s]Animation 90: FadeOut(VGroup of 3 submobjects), etc.:  28%|██▊       | 10/36 [00:00<00:00, 44.97it/s]Animation 90: FadeOut(VGroup of 3 submobjects), etc.:  42%|████▏     | 15/36 [00:00<00:00, 44.97it/s]Animation 90: FadeOut(VGroup of 3 submobjects), etc.:  56%|█████▌    | 20/36 [00:00<00:00, 46.13it/s]Animation 90: FadeOut(VGroup of 3 submobjects), etc.:  69%|██████▉   | 25/36 [00:00<00:00, 46.68it/s]Animation 90: FadeOut(VGroup of 3 submobjects), etc.:  86%|████████▌ | 31/36 [00:00<00:00, 48.19it/s]                                                                                                     [02/27/26 10:19:14] INFO     Animation 90 : Partial     scene_file_writer.py:590
                             movie file written in                              
                             '/Users/mx/Desktop/manim_m                         
                             ath/高中/高三/第二学期/第                          
                             十七章-概率论初步/001随机                          
                             事件与概率/media/videos/pr                         
                             obability/1920p60/partial_                         
                             movie_files/ProbabilitySce                         
                             ne/656162490_2933254004_20                         
                             67472716.mp4'                                      
Animation 91: FadeOut(Text('随机事件与概率')):   0%|          | 0/24 [00:00<?, ?it/s]Animation 91: FadeOut(Text('随机事件与概率')):  71%|███████   | 17/24 [00:00<00:00, 160.28it/s]                                                                                               [02/27/26 10:19:15] INFO     Animation 91 : Partial     scene_file_writer.py:590
                             movie file written in                              
                             '/Users/mx/Desktop/manim_m                         
                             ath/高中/高三/第二学期/第                          
                             十七章-概率论初步/001随机                          
                             事件与概率/media/videos/pr                         
                             obability/1920p60/partial_                         
                             movie_files/ProbabilitySce                         
                             ne/656162490_4060411493_39                         
                             82660228.mp4'                                      
                    WARNING  Font Noto Sans CJK SC not in    text_mobject.py:464
                             ['.AppleSystemUIFont', 'Academy                    
                             Engraved LET', 'Al Bayan', 'Al                     
                             Nile', 'Al Tarikh', 'American                      
                             Typewriter', 'Andale Mono',                        
                             'Apple Braille', 'Apple                            
                             Chancery', 'Apple Color Emoji',                    
                             'Apple LiGothic', 'Apple                           
                             LiSung', 'Apple SD Gothic Neo',                    
                             'Apple Symbols', 'AppleGothic',                    
                             'AppleMyungjo', 'Arial', 'Arial                    
                             Black', 'Arial Hebrew', 'Arial                     
                             Hebrew Scholar', 'Arial                            
                             Narrow', 'Arial Rounded MT                         
                             Bold', 'Arial Unicode MS',                         
                             'Avenir', 'Avenir Next',                           
                             'Avenir Next Condensed',                           
                             'Ayuthaya', 'BIZ UDGothic',                        
                             'BIZ UDMincho', 'BM Dohyeon',                      
                             'BM Hanna 11yrs Old', 'BM Hanna                    
                             Air', 'BM Hanna Pro', 'BM Jua',                    
                             'BM Kirang Haerang', 'BM                           
                             Yeonsung', 'Baghdad', 'Bangla                      
                             MN', 'Bangla Sangam MN', 'Baoli                    
                             SC', 'Baoli TC', 'Baskerville',                    
                             'Beirut', 'BiauKaiHK',                             
                             'BiauKaiTC', 'Big Caslon',                         
                             'Bodoni 72', 'Bodoni 72                            
                             Oldstyle', 'Bodoni 72                              
                             Smallcaps', 'Bodoni Ornaments',                    
                             'Bradley Hand', 'Brush Script                      
                             MT', 'Chalkboard', 'Chalkboard                     
                             SE', 'Chalkduster', 'Charter',                     
                             'Cochin', 'Comic Sans MS',                         
                             'Copperplate', 'Corsiva                            
                             Hebrew', 'Courier New', 'DIN                       
                             Alternate', 'DIN Condensed',                       
                             'Damascus', 'DecoType Naskh',                      
                             'Devanagari MT', 'Devanagari                       
                             Sangam MN', 'Didot', 'Diwan                        
                             Kufi', 'Diwan Thuluth',                            
                             'Euphemia UCAS', 'Farah',                          
                             'Farisi', 'Futura', 'GB18030                       
                             Bitmap', 'Galvji', 'Geeza Pro',                    
                             'Geneva', 'Georgia', 'Gill                         
                             Sans', 'Grantha Sangam MN',                        
                             'Gujarati MT', 'Gujarati Sangam                    
                             MN', 'GungSeo', 'Gurmukhi MN',                     
                             'Gurmukhi MT', 'Gurmukhi Sangam                    
                             MN', 'Hannotate SC', 'Hannotate                    
                             TC', 'HanziPen SC', 'HanziPen                      
                             TC', 'HeadLineA', 'Hei', 'Heiti                    
                             SC', 'Heiti TC', 'Helvetica',                      
                             'Helvetica Neue', 'Herculanum',                    
                             'Hiragino Maru Gothic ProN',                       
                             'Hiragino Mincho ProN',                            
                             'Hiragino Sans', 'Hiragino Sans                    
                             GB', 'Hoefler Text', 'ITF                          
                             Devanagari', 'ITF Devanagari                       
                             Marathi', 'Impact',                                
                             'InaiMathi', 'Kai', 'Kailasa',                     
                             'Kaiti SC', 'Kaiti TC',                            
                             'Kannada MN', 'Kannada Sangam                      
                             MN', 'Kefa III', 'Khmer MN',                       
                             'Khmer Sangam MN', 'Klee',                         
                             'Kohinoor Bangla', 'Kohinoor                       
                             Devanagari', 'Kohinoor                             
                             Gujarati', 'Kohinoor Telugu',                      
                             'Kokonor', 'Krungthep',                            
                             'KufiStandardGK', 'LXGW                            
                             ZhenKai', 'Lantinghei SC',                         
                             'Lantinghei TC', 'Lao MN', 'Lao                    
                             Sangam MN', 'LiHei Pro',                           
                             'LiSong Pro', 'Libian SC',                         
                             'Libian TC', 'LingWai SC',                         
                             'LingWai TC', 'Lucida Grande',                     
                             'Luminari', 'Malayalam MN',                        
                             'Malayalam Sangam MN', 'Marker                     
                             Felt', 'Menlo', 'Microsoft Sans                    
                             Serif', 'Mishafi', 'Mishafi                        
                             Gold', 'Monaco', 'Monospace',                      
                             'Mshtakan', 'Mukta Mahee',                         
                             'Muna', 'Myanmar MN', 'Myanmar                     
                             Sangam MN', 'Nadeem', 'Nanum                       
                             Brush Script', 'Nanum Gothic',                     
                             'Nanum Myeongjo', 'Nanum Pen                       
                             Script', 'New Peninim MT',                         
                             'Noteworthy', 'Noto Nastaliq                       
                             Urdu', 'Noto Sans Batak', 'Noto                    
                             Sans Kannada', 'Noto Sans                          
                             Myanmar', 'Noto Sans NKo',                         
                             'Noto Sans Oriya', 'Noto Sans                      
                             Syriac', 'Noto Sans Tagalog',                      
                             'Noto Serif Myanmar', 'Optima',                    
                             'Oriya MN', 'Oriya Sangam MN',                     
                             'Osaka', 'PCMyungjo', 'PT                          
                             Mono', 'PT Sans', 'PT Sans                         
                             Caption', 'PT Sans Narrow', 'PT                    
                             Serif', 'PT Serif Caption',                        
                             'Palatino', 'Papyrus', 'Party                      
                             LET', 'Phosphate', 'PilGi',                        
                             'PingFang HK', 'PingFang MO',                      
                             'PingFang SC', 'PingFang TC',                      
                             'Plantagenet Cherokee',                            
                             'Raanana', 'Rockwell',                             
                             'STFangsong', 'STHeiti', 'STIX                     
                             Two Math', 'STIX Two Text',                        
                             'STKaiti', 'STSong', 'Sana',                       
                             'Sans', 'Sathu', 'Savoye LET',                     
                             'Serif', 'Shree Devanagari                         
                             714', 'SignPainter', 'Silom',                      
                             'SimSong', 'Sinhala MN',                           
                             'Sinhala Sangam MN', 'Skia',                       
                             'Snell Roundhand', 'Songti SC',                    
                             'Songti TC', 'Sukhumvit Set',                      
                             'Symbol', 'Tahoma', 'Tamil MN',                    
                             'Tamil Sangam MN', 'Telugu MN',                    
                             'Telugu Sangam MN', 'Thonburi',                    
                             'Times New Roman', 'Toppan                         
                             Bunkyu Gothic', 'Toppan Bunkyu                     
                             Midashi Gothic', 'Toppan Bunkyu                    
                             Midashi Mincho', 'Toppan Bunkyu                    
                             Mincho', 'Trattatello',                            
                             'Trebuchet MS', 'Tsukushi A                        
                             Round Gothic', 'Tsukushi B                         
                             Round Gothic', 'Verdana',                          
                             'Waseem', 'Wawati SC', 'Wawati                     
                             TC', 'Webdings', 'Weibei SC',                      
                             'Weibei TC', 'Wingdings',                          
                             'Wingdings 2', 'Wingdings 3',                      
                             'Xingkai SC', 'Xingkai TC',                        
                             'YuGothic', 'YuKyokasho',                          
                             'YuKyokasho Yoko', 'YuMincho',                     
                             'YuMincho +36p Kana', 'Yuanti                      
                             SC', 'Yuanti TC', 'Yuppy SC',                      
                             'Yuppy TC', 'Zapf Dingbats',                       
                             'Zapfino', 'cursive',                              
                             'fantasy', 'system-ui'].                           
                    WARNING  Font Noto Sans CJK SC not in    text_mobject.py:464
                             ['.AppleSystemUIFont', 'Academy                    
                             Engraved LET', 'Al Bayan', 'Al                     
                             Nile', 'Al Tarikh', 'American                      
                             Typewriter', 'Andale Mono',                        
                             'Apple Braille', 'Apple                            
                             Chancery', 'Apple Color Emoji',                    
                             'Apple LiGothic', 'Apple                           
                             LiSung', 'Apple SD Gothic Neo',                    
                             'Apple Symbols', 'AppleGothic',                    
                             'AppleMyungjo', 'Arial', 'Arial                    
                             Black', 'Arial Hebrew', 'Arial                     
                             Hebrew Scholar', 'Arial                            
                             Narrow', 'Arial Rounded MT                         
                             Bold', 'Arial Unicode MS',                         
                             'Avenir', 'Avenir Next',                           
                             'Avenir Next Condensed',                           
                             'Ayuthaya', 'BIZ UDGothic',                        
                             'BIZ UDMincho', 'BM Dohyeon',                      
                             'BM Hanna 11yrs Old', 'BM Hanna                    
                             Air', 'BM Hanna Pro', 'BM Jua',                    
                             'BM Kirang Haerang', 'BM                           
                             Yeonsung', 'Baghdad', 'Bangla                      
                             MN', 'Bangla Sangam MN', 'Baoli                    
                             SC', 'Baoli TC', 'Baskerville',                    
                             'Beirut', 'BiauKaiHK',                             
                             'BiauKaiTC', 'Big Caslon',                         
                             'Bodoni 72', 'Bodoni 72                            
                             Oldstyle', 'Bodoni 72                              
                             Smallcaps', 'Bodoni Ornaments',                    
                             'Bradley Hand', 'Brush Script                      
                             MT', 'Chalkboard', 'Chalkboard                     
                             SE', 'Chalkduster', 'Charter',                     
                             'Cochin', 'Comic Sans MS',                         
                             'Copperplate', 'Corsiva                            
                             Hebrew', 'Courier New', 'DIN                       
                             Alternate', 'DIN Condensed',                       
                             'Damascus', 'DecoType Naskh',                      
                             'Devanagari MT', 'Devanagari                       
                             Sangam MN', 'Didot', 'Diwan                        
                             Kufi', 'Diwan Thuluth',                            
                             'Euphemia UCAS', 'Farah',                          
                             'Farisi', 'Futura', 'GB18030                       
                             Bitmap', 'Galvji', 'Geeza Pro',                    
                             'Geneva', 'Georgia', 'Gill                         
                             Sans', 'Grantha Sangam MN',                        
                             'Gujarati MT', 'Gujarati Sangam                    
                             MN', 'GungSeo', 'Gurmukhi MN',                     
                             'Gurmukhi MT', 'Gurmukhi Sangam                    
                             MN', 'Hannotate SC', 'Hannotate                    
                             TC', 'HanziPen SC', 'HanziPen                      
                             TC', 'HeadLineA', 'Hei', 'Heiti                    
                             SC', 'Heiti TC', 'Helvetica',                      
                             'Helvetica Neue', 'Herculanum',                    
                             'Hiragino Maru Gothic ProN',                       
                             'Hiragino Mincho ProN',                            
                             'Hiragino Sans', 'Hiragino Sans                    
                             GB', 'Hoefler Text', 'ITF                          
                             Devanagari', 'ITF Devanagari                       
                             Marathi', 'Impact',                                
                             'InaiMathi', 'Kai', 'Kailasa',                     
                             'Kaiti SC', 'Kaiti TC',                            
                             'Kannada MN', 'Kannada Sangam                      
                             MN', 'Kefa III', 'Khmer MN',                       
                             'Khmer Sangam MN', 'Klee',                         
                             'Kohinoor Bangla', 'Kohinoor                       
                             Devanagari', 'Kohinoor                             
                             Gujarati', 'Kohinoor Telugu',                      
                             'Kokonor', 'Krungthep',                            
                             'KufiStandardGK', 'LXGW                            
                             ZhenKai', 'Lantinghei SC',                         
                             'Lantinghei TC', 'Lao MN', 'Lao                    
                             Sangam MN', 'LiHei Pro',                           
                             'LiSong Pro', 'Libian SC',                         
                             'Libian TC', 'LingWai SC',                         
                             'LingWai TC', 'Lucida Grande',                     
                             'Luminari', 'Malayalam MN',                        
                             'Malayalam Sangam MN', 'Marker                     
                             Felt', 'Menlo', 'Microsoft Sans                    
                             Serif', 'Mishafi', 'Mishafi                        
                             Gold', 'Monaco', 'Monospace',                      
                             'Mshtakan', 'Mukta Mahee',                         
                             'Muna', 'Myanmar MN', 'Myanmar                     
                             Sangam MN', 'Nadeem', 'Nanum                       
                             Brush Script', 'Nanum Gothic',                     
                             'Nanum Myeongjo', 'Nanum Pen                       
                             Script', 'New Peninim MT',                         
                             'Noteworthy', 'Noto Nastaliq                       
                             Urdu', 'Noto Sans Batak', 'Noto                    
                             Sans Kannada', 'Noto Sans                          
                             Myanmar', 'Noto Sans NKo',                         
                             'Noto Sans Oriya', 'Noto Sans                      
                             Syriac', 'Noto Sans Tagalog',                      
                             'Noto Serif Myanmar', 'Optima',                    
                             'Oriya MN', 'Oriya Sangam MN',                     
                             'Osaka', 'PCMyungjo', 'PT                          
                             Mono', 'PT Sans', 'PT Sans                         
                             Caption', 'PT Sans Narrow', 'PT                    
                             Serif', 'PT Serif Caption',                        
                             'Palatino', 'Papyrus', 'Party                      
                             LET', 'Phosphate', 'PilGi',                        
                             'PingFang HK', 'PingFang MO',                      
                             'PingFang SC', 'PingFang TC',                      
                             'Plantagenet Cherokee',                            
                             'Raanana', 'Rockwell',                             
                             'STFangsong', 'STHeiti', 'STIX                     
                             Two Math', 'STIX Two Text',                        
                             'STKaiti', 'STSong', 'Sana',                       
                             'Sans', 'Sathu', 'Savoye LET',                     
                             'Serif', 'Shree Devanagari                         
                             714', 'SignPainter', 'Silom',                      
                             'SimSong', 'Sinhala MN',                           
                             'Sinhala Sangam MN', 'Skia',                       
                             'Snell Roundhand', 'Songti SC',                    
                             'Songti TC', 'Sukhumvit Set',                      
                             'Symbol', 'Tahoma', 'Tamil MN',                    
                             'Tamil Sangam MN', 'Telugu MN',                    
                             'Telugu Sangam MN', 'Thonburi',                    
                             'Times New Roman', 'Toppan                         
                             Bunkyu Gothic', 'Toppan Bunkyu                     
                             Midashi Gothic', 'Toppan Bunkyu                    
                             Midashi Mincho', 'Toppan Bunkyu                    
                             Mincho', 'Trattatello',                            
                             'Trebuchet MS', 'Tsukushi A                        
                             Round Gothic', 'Tsukushi B                         
                             Round Gothic', 'Verdana',                          
                             'Waseem', 'Wawati SC', 'Wawati                     
                             TC', 'Webdings', 'Weibei SC',                      
                             'Weibei TC', 'Wingdings',                          
                             'Wingdings 2', 'Wingdings 3',                      
                             'Xingkai SC', 'Xingkai TC',                        
                             'YuGothic', 'YuKyokasho',                          
                             'YuKyokasho Yoko', 'YuMincho',                     
                             'YuMincho +36p Kana', 'Yuanti                      
                             SC', 'Yuanti TC', 'Yuppy SC',                      
                             'Yuppy TC', 'Zapf Dingbats',                       
                             'Zapfino', 'cursive',                              
                             'fantasy', 'system-ui'].                           
                    WARNING  Font Noto Sans CJK SC not in    text_mobject.py:464
                             ['.AppleSystemUIFont', 'Academy                    
                             Engraved LET', 'Al Bayan', 'Al                     
                             Nile', 'Al Tarikh', 'American                      
                             Typewriter', 'Andale Mono',                        
                             'Apple Braille', 'Apple                            
                             Chancery', 'Apple Color Emoji',                    
                             'Apple LiGothic', 'Apple                           
                             LiSung', 'Apple SD Gothic Neo',                    
                             'Apple Symbols', 'AppleGothic',                    
                             'AppleMyungjo', 'Arial', 'Arial                    
                             Black', 'Arial Hebrew', 'Arial                     
                             Hebrew Scholar', 'Arial                            
                             Narrow', 'Arial Rounded MT                         
                             Bold', 'Arial Unicode MS',                         
                             'Avenir', 'Avenir Next',                           
                             'Avenir Next Condensed',                           
                             'Ayuthaya', 'BIZ UDGothic',                        
                             'BIZ UDMincho', 'BM Dohyeon',                      
                             'BM Hanna 11yrs Old', 'BM Hanna                    
                             Air', 'BM Hanna Pro', 'BM Jua',                    
                             'BM Kirang Haerang', 'BM                           
                             Yeonsung', 'Baghdad', 'Bangla                      
                             MN', 'Bangla Sangam MN', 'Baoli                    
                             SC', 'Baoli TC', 'Baskerville',                    
                             'Beirut', 'BiauKaiHK',                             
                             'BiauKaiTC', 'Big Caslon',                         
                             'Bodoni 72', 'Bodoni 72                            
                             Oldstyle', 'Bodoni 72                              
                             Smallcaps', 'Bodoni Ornaments',                    
                             'Bradley Hand', 'Brush Script                      
                             MT', 'Chalkboard', 'Chalkboard                     
                             SE', 'Chalkduster', 'Charter',                     
                             'Cochin', 'Comic Sans MS',                         
                             'Copperplate', 'Corsiva                            
                             Hebrew', 'Courier New', 'DIN                       
                             Alternate', 'DIN Condensed',                       
                             'Damascus', 'DecoType Naskh',                      
                             'Devanagari MT', 'Devanagari                       
                             Sangam MN', 'Didot', 'Diwan                        
                             Kufi', 'Diwan Thuluth',                            
                             'Euphemia UCAS', 'Farah',                          
                             'Farisi', 'Futura', 'GB18030                       
                             Bitmap', 'Galvji', 'Geeza Pro',                    
                             'Geneva', 'Georgia', 'Gill                         
                             Sans', 'Grantha Sangam MN',                        
                             'Gujarati MT', 'Gujarati Sangam                    
                             MN', 'GungSeo', 'Gurmukhi MN',                     
                             'Gurmukhi MT', 'Gurmukhi Sangam                    
                             MN', 'Hannotate SC', 'Hannotate                    
                             TC', 'HanziPen SC', 'HanziPen                      
                             TC', 'HeadLineA', 'Hei', 'Heiti                    
                             SC', 'Heiti TC', 'Helvetica',                      
                             'Helvetica Neue', 'Herculanum',                    
                             'Hiragino Maru Gothic ProN',                       
                             'Hiragino Mincho ProN',                            
                             'Hiragino Sans', 'Hiragino Sans                    
                             GB', 'Hoefler Text', 'ITF                          
                             Devanagari', 'ITF Devanagari                       
                             Marathi', 'Impact',                                
                             'InaiMathi', 'Kai', 'Kailasa',                     
                             'Kaiti SC', 'Kaiti TC',                            
                             'Kannada MN', 'Kannada Sangam                      
                             MN', 'Kefa III', 'Khmer MN',                       
                             'Khmer Sangam MN', 'Klee',                         
                             'Kohinoor Bangla', 'Kohinoor                       
                             Devanagari', 'Kohinoor                             
                             Gujarati', 'Kohinoor Telugu',                      
                             'Kokonor', 'Krungthep',                            
                             'KufiStandardGK', 'LXGW                            
                             ZhenKai', 'Lantinghei SC',                         
                             'Lantinghei TC', 'Lao MN', 'Lao                    
                             Sangam MN', 'LiHei Pro',                           
                             'LiSong Pro', 'Libian SC',                         
                             'Libian TC', 'LingWai SC',                         
                             'LingWai TC', 'Lucida Grande',                     
                             'Luminari', 'Malayalam MN',                        
                             'Malayalam Sangam MN', 'Marker                     
                             Felt', 'Menlo', 'Microsoft Sans                    
                             Serif', 'Mishafi', 'Mishafi                        
                             Gold', 'Monaco', 'Monospace',                      
                             'Mshtakan', 'Mukta Mahee',                         
                             'Muna', 'Myanmar MN', 'Myanmar                     
                             Sangam MN', 'Nadeem', 'Nanum                       
                             Brush Script', 'Nanum Gothic',                     
                             'Nanum Myeongjo', 'Nanum Pen                       
                             Script', 'New Peninim MT',                         
                             'Noteworthy', 'Noto Nastaliq                       
                             Urdu', 'Noto Sans Batak', 'Noto                    
                             Sans Kannada', 'Noto Sans                          
                             Myanmar', 'Noto Sans NKo',                         
                             'Noto Sans Oriya', 'Noto Sans                      
                             Syriac', 'Noto Sans Tagalog',                      
                             'Noto Serif Myanmar', 'Optima',                    
                             'Oriya MN', 'Oriya Sangam MN',                     
                             'Osaka', 'PCMyungjo', 'PT                          
                             Mono', 'PT Sans', 'PT Sans                         
                             Caption', 'PT Sans Narrow', 'PT                    
                             Serif', 'PT Serif Caption',                        
                             'Palatino', 'Papyrus', 'Party                      
                             LET', 'Phosphate', 'PilGi',                        
                             'PingFang HK', 'PingFang MO',                      
                             'PingFang SC', 'PingFang TC',                      
                             'Plantagenet Cherokee',                            
                             'Raanana', 'Rockwell',                             
                             'STFangsong', 'STHeiti', 'STIX                     
                             Two Math', 'STIX Two Text',                        
                             'STKaiti', 'STSong', 'Sana',                       
                             'Sans', 'Sathu', 'Savoye LET',                     
                             'Serif', 'Shree Devanagari                         
                             714', 'SignPainter', 'Silom',                      
                             'SimSong', 'Sinhala MN',                           
                             'Sinhala Sangam MN', 'Skia',                       
                             'Snell Roundhand', 'Songti SC',                    
                             'Songti TC', 'Sukhumvit Set',                      
                             'Symbol', 'Tahoma', 'Tamil MN',                    
                             'Tamil Sangam MN', 'Telugu MN',                    
                             'Telugu Sangam MN', 'Thonburi',                    
                             'Times New Roman', 'Toppan                         
                             Bunkyu Gothic', 'Toppan Bunkyu                     
                             Midashi Gothic', 'Toppan Bunkyu                    
                             Midashi Mincho', 'Toppan Bunkyu                    
                             Mincho', 'Trattatello',                            
                             'Trebuchet MS', 'Tsukushi A                        
                             Round Gothic', 'Tsukushi B                         
                             Round Gothic', 'Verdana',                          
                             'Waseem', 'Wawati SC', 'Wawati                     
                             TC', 'Webdings', 'Weibei SC',                      
                             'Weibei TC', 'Wingdings',                          
                             'Wingdings 2', 'Wingdings 3',                      
                             'Xingkai SC', 'Xingkai TC',                        
                             'YuGothic', 'YuKyokasho',                          
                             'YuKyokasho Yoko', 'YuMincho',                     
                             'YuMincho +36p Kana', 'Yuanti                      
                             SC', 'Yuanti TC', 'Yuppy SC',                      
                             'Yuppy TC', 'Zapf Dingbats',                       
                             'Zapfino', 'cursive',                              
                             'fantasy', 'system-ui'].                           
Animation 92: Transform(Text('上海初高中数学直通车  @emptyandcalm')):   0%|          | 0/42 [00:00<?, ?it/s]Animation 92: Transform(Text('上海初高中数学直通车  @emptyandcalm')):  21%|██▏       | 9/42 [00:00<00:00, 86.57it/s]Animation 92: Transform(Text('上海初高中数学直通车  @emptyandcalm')):  43%|████▎     | 18/42 [00:00<00:00, 86.31it/s]Animation 92: Transform(Text('上海初高中数学直通车  @emptyandcalm')):  67%|██████▋   | 28/42 [00:00<00:00, 90.79it/s]Animation 92: Transform(Text('上海初高中数学直通车  @emptyandcalm')):  93%|█████████▎| 39/42 [00:00<00:00, 96.07it/s]                                                                                                                     [02/27/26 10:19:16] INFO     Animation 92 : Partial     scene_file_writer.py:590
                             movie file written in                              
                             '/Users/mx/Desktop/manim_m                         
                             ath/高中/高三/第二学期/第                          
                             十七章-概率论初步/001随机                          
                             事件与概率/media/videos/pr                         
                             obability/1920p60/partial_                         
                             movie_files/ProbabilitySce                         
                             ne/656162490_2400091770_93                         
                             73377.mp4'                                         
Animation 93: FadeIn(Text('@emptyandcalm')):   0%|          | 0/24 [00:00<?, ?it/s]Animation 93: FadeIn(Text('@emptyandcalm')):  79%|███████▉  | 19/24 [00:00<00:00, 182.85it/s]                                                                                                                 INFO     Animation 93 : Partial     scene_file_writer.py:590
                             movie file written in                              
                             '/Users/mx/Desktop/manim_m                         
                             ath/高中/高三/第二学期/第                          
                             十七章-概率论初步/001随机                          
                             事件与概率/media/videos/pr                         
                             obability/1920p60/partial_                         
                             movie_files/ProbabilitySce                         
                             ne/656162490_4000869421_17                         
                             57810830.mp4'                                      
Animation 94: FadeIn(Text('关注我，获得更多数学技巧！')):   0%|          | 0/36 [00:00<?, ?it/s]Animation 94: FadeIn(Text('关注我，获得更多数学技巧！')):  39%|███▉      | 14/36 [00:00<00:00, 139.03it/s]Animation 94: FadeIn(Text('关注我，获得更多数学技巧！')):  78%|███████▊  | 28/36 [00:00<00:00, 127.19it/s]                                                                                                          [02/27/26 10:19:17] INFO     Animation 94 : Partial     scene_file_writer.py:590
                             movie file written in                              
                             '/Users/mx/Desktop/manim_m                         
                             ath/高中/高三/第二学期/第                          
                             十七章-概率论初步/001随机                          
                             事件与概率/media/videos/pr                         
                             obability/1920p60/partial_                         
                             movie_files/ProbabilitySce                         
                             ne/656162490_2782771116_40                         
                             43939845.mp4'                                      
╭───────────────────── Traceback (most recent call last) ──────────────────────╮
│ /opt/homebrew/Caskroom/miniconda/base/lib/python3.11/site-packages/manim/cli │
│ /render/commands.py:125 in render                                            │
│                                                                              │
│   122 │   │   │   try:                                                       │
│   123 │   │   │   │   with tempconfig({}):                                   │
│   124 │   │   │   │   │   scene = SceneClass()                               │
│ ❱ 125 │   │   │   │   │   scene.render()                                     │
│   126 │   │   │   except Exception:                                          │
│   127 │   │   │   │   error_console.print_exception()                        │
│   128 │   │   │   │   sys.exit(1)                                            │
│                                                                              │
│ /opt/homebrew/Caskroom/miniconda/base/lib/python3.11/site-packages/manim/sce │
│ ne/scene.py:259 in render                                                    │
│                                                                              │
│    256 │   │   """                                                           │
│    257 │   │   self.setup()                                                  │
│    258 │   │   try:                                                          │
│ ❱  259 │   │   │   self.construct()                                          │
│    260 │   │   except EndSceneEarlyException:                                │
│    261 │   │   │   pass                                                      │
│    262 │   │   except RerunSceneException:                                   │
│                                                                              │
│ /Users/mx/Desktop/manim_math/高中/高三/第二学期/第十七章-概率论初步/001随机  │
│ 事件与概率/probability.py:60 in construct                                    │
│                                                                              │
│    57 │   │   self.scene_addition()                                          │
│    58 │   │   self.scene_complement()                                        │
│    59 │   │   self.scene_summary()                                           │
│ ❱  60 │   │   self.scene_outro()                                             │
│    61 │                                                                      │
│    62 │   # ──────────────────────────────────────────────────────           │
│    63 │   # 统一几何数据初始化                                               │
│                                                                              │
│ /Users/mx/Desktop/manim_math/高中/高三/第二学期/第十七章-概率论初步/001随机  │
│ 事件与概率/probability.py:681 in scene_outro                                 │
│                                                                              │
│   678 │   │                                                                  │
│   679 │   │   # 五彩圆点（代表概率 0~1）                                     │
│   680 │   │   n = 6                                                          │
│ ❱ 681 │   │   deco_dots = VGroup(*[                                          │
│   682 │   │   │   Dot(radius=0.2, color=interpolate_color(C_IMPOS, C_CERTAIN │
│   683 │   │   │   │   fill_opacity=0.9)                                      │
│   684 │   │   │   for i in range(n)                                          │
│                                                                              │
│ /Users/mx/Desktop/manim_math/高中/高三/第二学期/第十七章-概率论初步/001随机  │
│ 事件与概率/probability.py:682 in <listcomp>                                  │
│                                                                              │
│   679 │   │   # 五彩圆点（代表概率 0~1）                                     │
│   680 │   │   n = 6                                                          │
│   681 │   │   deco_dots = VGroup(*[                                          │
│ ❱ 682 │   │   │   Dot(radius=0.2, color=interpolate_color(C_IMPOS, C_CERTAIN │
│   683 │   │   │   │   fill_opacity=0.9)                                      │
│   684 │   │   │   for i in range(n)                                          │
│   685 │   │   ]).arrange(RIGHT, buff=0.42).move_to(DOWN * 1.8)               │
│                                                                              │
│ /opt/homebrew/Caskroom/miniconda/base/lib/python3.11/site-packages/manim/uti │
│ ls/color/core.py:1445 in interpolate_color                                   │
│                                                                              │
│   1442 │   ManimColor                                                        │
│   1443 │   │   The interpolated ManimColor.                                  │
│   1444 │   """                                                               │
│ ❱ 1445 │   return color1.interpolate(color2, alpha)                          │
│   1446                                                                       │
│   1447                                                                       │
│   1448 def average_color(*colors: ParsableManimColor) -> ManimColor:         │
╰──────────────────────────────────────────────────────────────────────────────╯
AttributeError: 'str' object has no attribute 'interpolate'
