Manim Community v0.20.0

[02/27/26 10:31:15] ERROR                                      module_ops.py:104
                                Probability is not in the                       
                             script                                             
                                                                                
✓ setup_geometry 完成
                    WARNING  Font Noto Sans CJK SC not in    text_mobject.py:464
                             ['.AppleSystemUIFont', 'Academy                    
                             Engraved LET', 'Al Bayan', 'Al                     
                             Nile', 'Al Tarikh', 'American                      
                             Typewriter', 'Andale Mono',                        
                             'Apple Braille', 'Apple                            
                             Chancery', 'Apple Color Emoji',                    
                             'Apple LiGothic', 'Apple                           
                             LiSung', 'Apple SD Gothic Neo',                    
                             'Apple Symbols', 'AppleGothic',                    
                             'AppleMyungjo', 'Arial', 'Arial                    
                             Black', 'Arial Hebrew', 'Arial                     
                             Hebrew Scholar', 'Arial                            
                             Narrow', 'Arial Rounded MT                         
                             Bold', 'Arial Unicode MS',                         
                             'Avenir', 'Avenir Next',                           
                             'Avenir Next Condensed',                           
                             'Ayuthaya', 'BIZ UDGothic',                        
                             'BIZ UDMincho', 'BM Dohyeon',                      
                             'BM Hanna 11yrs Old', 'BM Hanna                    
                             Air', 'BM Hanna Pro', 'BM Jua',                    
                             'BM Kirang Haerang', 'BM                           
                             Yeonsung', 'Baghdad', 'Bangla                      
                             MN', 'Bangla Sangam MN', 'Baoli                    
                             SC', 'Baoli TC', 'Baskerville',                    
                             'Beirut', 'BiauKaiHK',                             
                             'BiauKaiTC', 'Big Caslon',                         
                             'Bodoni 72', 'Bodoni 72                            
                             Oldstyle', 'Bodoni 72                              
                             Smallcaps', 'Bodoni Ornaments',                    
                             'Bradley Hand', 'Brush Script                      
                             MT', 'Chalkboard', 'Chalkboard                     
                             SE', 'Chalkduster', 'Charter',                     
                             'Cochin', 'Comic Sans MS',                         
                             'Copperplate', 'Corsiva                            
                             Hebrew', 'Courier New', 'DIN                       
                             Alternate', 'DIN Condensed',                       
                             'Damascus', 'DecoType Naskh',                      
                             'Devanagari MT', 'Devanagari                       
                             Sangam MN', 'Didot', 'Diwan                        
                             Kufi', 'Diwan Thuluth',                            
                             'Euphemia UCAS', 'Farah',                          
                             'Farisi', 'Futura', 'GB18030                       
                             Bitmap', 'Galvji', 'Geeza Pro',                    
                             'Geneva', 'Georgia', 'Gill                         
                             Sans', 'Grantha Sangam MN',                        
                             'Gujarati MT', 'Gujarati Sangam                    
                             MN', 'GungSeo', 'Gurmukhi MN',                     
                             'Gurmukhi MT', 'Gurmukhi Sangam                    
                             MN', 'Hannotate SC', 'Hannotate                    
                             TC', 'HanziPen SC', 'HanziPen                      
                             TC', 'HeadLineA', 'Hei', 'Heiti                    
                             SC', 'Heiti TC', 'Helvetica',                      
                             'Helvetica Neue', 'Herculanum',                    
                             'Hiragino Maru Gothic ProN',                       
                             'Hiragino Mincho ProN',                            
                             'Hiragino Sans', 'Hiragino Sans                    
                             GB', 'Hoefler Text', 'ITF                          
                             Devanagari', 'ITF Devanagari                       
                             Marathi', 'Impact',                                
                             'InaiMathi', 'Kai', 'Kailasa',                     
                             'Kaiti SC', 'Kaiti TC',                            
                             'Kannada MN', 'Kannada Sangam                      
                             MN', 'Kefa III', 'Khmer MN',                       
                             'Khmer Sangam MN', 'Klee',                         
                             'Kohinoor Bangla', 'Kohinoor                       
                             Devanagari', 'Kohinoor                             
                             Gujarati', 'Kohinoor Telugu',                      
                             'Kokonor', 'Krungthep',                            
                             'KufiStandardGK', 'LXGW                            
                             ZhenKai', 'Lantinghei SC',                         
                             'Lantinghei TC', 'Lao MN', 'Lao                    
                             Sangam MN', 'LiHei Pro',                           
                             'LiSong Pro', 'Libian SC',                         
                             'Libian TC', 'LingWai SC',                         
                             'LingWai TC', 'Lucida Grande',                     
                             'Luminari', 'Malayalam MN',                        
                             'Malayalam Sangam MN', 'Marker                     
                             Felt', 'Menlo', 'Microsoft Sans                    
                             Serif', 'Mishafi', 'Mishafi                        
                             Gold', 'Monaco', 'Monospace',                      
                             'Mshtakan', 'Mukta Mahee',                         
                             'Muna', 'Myanmar MN', 'Myanmar                     
                             Sangam MN', 'Nadeem', 'Nanum                       
                             Brush Script', 'Nanum Gothic',                     
                             'Nanum Myeongjo', 'Nanum Pen                       
                             Script', 'New Peninim MT',                         
                             'Noteworthy', 'Noto Nastaliq                       
                             Urdu', 'Noto Sans Batak', 'Noto                    
                             Sans Kannada', 'Noto Sans                          
                             Myanmar', 'Noto Sans NKo',                         
                             'Noto Sans Oriya', 'Noto Sans                      
                             Syriac', 'Noto Sans Tagalog',                      
                             'Noto Serif Myanmar', 'Optima',                    
                             'Oriya MN', 'Oriya Sangam MN',                     
                             'Osaka', 'PCMyungjo', 'PT                          
                             Mono', 'PT Sans', 'PT Sans                         
                             Caption', 'PT Sans Narrow', 'PT                    
                             Serif', 'PT Serif Caption',                        
                             'Palatino', 'Papyrus', 'Party                      
                             LET', 'Phosphate', 'PilGi',                        
                             'PingFang HK', 'PingFang MO',                      
                             'PingFang SC', 'PingFang TC',                      
                             'Plantagenet Cherokee',                            
                             'Raanana', 'Rockwell',                             
                             'STFangsong', 'STHeiti', 'STIX                     
                             Two Math', 'STIX Two Text',                        
                             'STKaiti', 'STSong', 'Sana',                       
                             'Sans', 'Sathu', 'Savoye LET',                     
                             'Serif', 'Shree Devanagari                         
                             714', 'SignPainter', 'Silom',                      
                             'SimSong', 'Sinhala MN',                           
                             'Sinhala Sangam MN', 'Skia',                       
                             'Snell Roundhand', 'Songti SC',                    
                             'Songti TC', 'Sukhumvit Set',                      
                             'Symbol', 'Tahoma', 'Tamil MN',                    
                             'Tamil Sangam MN', 'Telugu MN',                    
                             'Telugu Sangam MN', 'Thonburi',                    
                             'Times New Roman', 'Toppan                         
                             Bunkyu Gothic', 'Toppan Bunkyu                     
                             Midashi Gothic', 'Toppan Bunkyu                    
                             Midashi Mincho', 'Toppan Bunkyu                    
                             Mincho', 'Trattatello',                            
                             'Trebuchet MS', 'Tsukushi A                        
                             Round Gothic', 'Tsukushi B                         
                             Round Gothic', 'Verdana',                          
                             'Waseem', 'Wawati SC', 'Wawati                     
                             TC', 'Webdings', 'Weibei SC',                      
                             'Weibei TC', 'Wingdings',                          
                             'Wingdings 2', 'Wingdings 3',                      
                             'Xingkai SC', 'Xingkai TC',                        
                             'YuGothic', 'YuKyokasho',                          
                             'YuKyokasho Yoko', 'YuMincho',                     
                             'YuMincho +36p Kana', 'Yuanti                      
                             SC', 'Yuanti TC', 'Yuppy SC',                      
                             'Yuppy TC', 'Zapf Dingbats',                       
                             'Zapfino', 'cursive',                              
                             'fantasy', 'system-ui'].                           
                    INFO     Animation 0 : Using cached     cairo_renderer.py:94
                             data (hash :                                       
                             3748413652_2817984416_22313245                     
                             7)                                                 
Animation 0: FadeIn(Text('上海初高中数学直通车  @emptyandcalm')):   0%|          | 0/1 [00:00<?, ?it/s]                                                                                                       [02/27/26 10:31:16] WARNING  Font Noto Sans CJK SC not in    text_mobject.py:464
                             ['.AppleSystemUIFont', 'Academy                    
                             Engraved LET', 'Al Bayan', 'Al                     
                             Nile', 'Al Tarikh', 'American                      
                             Typewriter', 'Andale Mono',                        
                             'Apple Braille', 'Apple                            
                             Chancery', 'Apple Color Emoji',                    
                             'Apple LiGothic', 'Apple                           
                             LiSung', 'Apple SD Gothic Neo',                    
                             'Apple Symbols', 'AppleGothic',                    
                             'AppleMyungjo', 'Arial', 'Arial                    
                             Black', 'Arial Hebrew', 'Arial                     
                             Hebrew Scholar', 'Arial                            
                             Narrow', 'Arial Rounded MT                         
                             Bold', 'Arial Unicode MS',                         
                             'Avenir', 'Avenir Next',                           
                             'Avenir Next Condensed',                           
                             'Ayuthaya', 'BIZ UDGothic',                        
                             'BIZ UDMincho', 'BM Dohyeon',                      
                             'BM Hanna 11yrs Old', 'BM Hanna                    
                             Air', 'BM Hanna Pro', 'BM Jua',                    
                             'BM Kirang Haerang', 'BM                           
                             Yeonsung', 'Baghdad', 'Bangla                      
                             MN', 'Bangla Sangam MN', 'Baoli                    
                             SC', 'Baoli TC', 'Baskerville',                    
                             'Beirut', 'BiauKaiHK',                             
                             'BiauKaiTC', 'Big Caslon',                         
                             'Bodoni 72', 'Bodoni 72                            
                             Oldstyle', 'Bodoni 72                              
                             Smallcaps', 'Bodoni Ornaments',                    
                             'Bradley Hand', 'Brush Script                      
                             MT', 'Chalkboard', 'Chalkboard                     
                             SE', 'Chalkduster', 'Charter',                     
                             'Cochin', 'Comic Sans MS',                         
                             'Copperplate', 'Corsiva                            
                             Hebrew', 'Courier New', 'DIN                       
                             Alternate', 'DIN Condensed',                       
                             'Damascus', 'DecoType Naskh',                      
                             'Devanagari MT', 'Devanagari                       
                             Sangam MN', 'Didot', 'Diwan                        
                             Kufi', 'Diwan Thuluth',                            
                             'Euphemia UCAS', 'Farah',                          
                             'Farisi', 'Futura', 'GB18030                       
                             Bitmap', 'Galvji', 'Geeza Pro',                    
                             'Geneva', 'Georgia', 'Gill                         
                             Sans', 'Grantha Sangam MN',                        
                             'Gujarati MT', 'Gujarati Sangam                    
                             MN', 'GungSeo', 'Gurmukhi MN',                     
                             'Gurmukhi MT', 'Gurmukhi Sangam                    
                             MN', 'Hannotate SC', 'Hannotate                    
                             TC', 'HanziPen SC', 'HanziPen                      
                             TC', 'HeadLineA', 'Hei', 'Heiti                    
                             SC', 'Heiti TC', 'Helvetica',                      
                             'Helvetica Neue', 'Herculanum',                    
                             'Hiragino Maru Gothic ProN',                       
                             'Hiragino Mincho ProN',                            
                             'Hiragino Sans', 'Hiragino Sans                    
                             GB', 'Hoefler Text', 'ITF                          
                             Devanagari', 'ITF Devanagari                       
                             Marathi', 'Impact',                                
                             'InaiMathi', 'Kai', 'Kailasa',                     
                             'Kaiti SC', 'Kaiti TC',                            
                             'Kannada MN', 'Kannada Sangam                      
                             MN', 'Kefa III', 'Khmer MN',                       
                             'Khmer Sangam MN', 'Klee',                         
                             'Kohinoor Bangla', 'Kohinoor                       
                             Devanagari', 'Kohinoor                             
                             Gujarati', 'Kohinoor Telugu',                      
                             'Kokonor', 'Krungthep',                            
                             'KufiStandardGK', 'LXGW                            
                             ZhenKai', 'Lantinghei SC',                         
                             'Lantinghei TC', 'Lao MN', 'Lao                    
                             Sangam MN', 'LiHei Pro',                           
                             'LiSong Pro', 'Libian SC',                         
                             'Libian TC', 'LingWai SC',                         
                             'LingWai TC', 'Lucida Grande',                     
                             'Luminari', 'Malayalam MN',                        
                             'Malayalam Sangam MN', 'Marker                     
                             Felt', 'Menlo', 'Microsoft Sans                    
                             Serif', 'Mishafi', 'Mishafi                        
                             Gold', 'Monaco', 'Monospace',                      
                             'Mshtakan', 'Mukta Mahee',                         
                             'Muna', 'Myanmar MN', 'Myanmar                     
                             Sangam MN', 'Nadeem', 'Nanum                       
                             Brush Script', 'Nanum Gothic',                     
                             'Nanum Myeongjo', 'Nanum Pen                       
                             Script', 'New Peninim MT',                         
                             'Noteworthy', 'Noto Nastaliq                       
                             Urdu', 'Noto Sans Batak', 'Noto                    
                             Sans Kannada', 'Noto Sans                          
                             Myanmar', 'Noto Sans NKo',                         
                             'Noto Sans Oriya', 'Noto Sans                      
                             Syriac', 'Noto Sans Tagalog',                      
                             'Noto Serif Myanmar', 'Optima',                    
                             'Oriya MN', 'Oriya Sangam MN',                     
                             'Osaka', 'PCMyungjo', 'PT                          
                             Mono', 'PT Sans', 'PT Sans                         
                             Caption', 'PT Sans Narrow', 'PT                    
                             Serif', 'PT Serif Caption',                        
                             'Palatino', 'Papyrus', 'Party                      
                             LET', 'Phosphate', 'PilGi',                        
                             'PingFang HK', 'PingFang MO',                      
                             'PingFang SC', 'PingFang TC',                      
                             'Plantagenet Cherokee',                            
                             'Raanana', 'Rockwell',                             
                             'STFangsong', 'STHeiti', 'STIX                     
                             Two Math', 'STIX Two Text',                        
                             'STKaiti', 'STSong', 'Sana',                       
                             'Sans', 'Sathu', 'Savoye LET',                     
                             'Serif', 'Shree Devanagari                         
                             714', 'SignPainter', 'Silom',                      
                             'SimSong', 'Sinhala MN',                           
                             'Sinhala Sangam MN', 'Skia',                       
                             'Snell Roundhand', 'Songti SC',                    
                             'Songti TC', 'Sukhumvit Set',                      
                             'Symbol', 'Tahoma', 'Tamil MN',                    
                             'Tamil Sangam MN', 'Telugu MN',                    
                             'Telugu Sangam MN', 'Thonburi',                    
                             'Times New Roman', 'Toppan                         
                             Bunkyu Gothic', 'Toppan Bunkyu                     
                             Midashi Gothic', 'Toppan Bunkyu                    
                             Midashi Mincho', 'Toppan Bunkyu                    
                             Mincho', 'Trattatello',                            
                             'Trebuchet MS', 'Tsukushi A                        
                             Round Gothic', 'Tsukushi B                         
                             Round Gothic', 'Verdana',                          
                             'Waseem', 'Wawati SC', 'Wawati                     
                             TC', 'Webdings', 'Weibei SC',                      
                             'Weibei TC', 'Wingdings',                          
                             'Wingdings 2', 'Wingdings 3',                      
                             'Xingkai SC', 'Xingkai TC',                        
                             'YuGothic', 'YuKyokasho',                          
                             'YuKyokasho Yoko', 'YuMincho',                     
                             'YuMincho +36p Kana', 'Yuanti                      
                             SC', 'Yuanti TC', 'Yuppy SC',                      
                             'Yuppy TC', 'Zapf Dingbats',                       
                             'Zapfino', 'cursive',                              
                             'fantasy', 'system-ui'].                           
                    INFO     Animation 1 : Using cached     cairo_renderer.py:94
                             data (hash :                                       
                             656162490_1787779993_329834485                     
                             6)                                                 
Animation 1: GrowFromCenter(Circle):   0%|          | 0/1 [00:00<?, ?it/s]                                                                                              INFO     Animation 2 : Using cached     cairo_renderer.py:94
                             data (hash :                                       
                             656162490_3193512129_381115331                     
                             6)                                                 
Animation 2: Write(Text('?')):   0%|          | 0/1 [00:00<?, ?it/s]                                                                                        INFO     Animation 3 : Using cached     cairo_renderer.py:94
                             data (hash :                                       
                             656162490_3150488066_160123695                     
                             5)                                                 
Animation 3: Rotate(Circle):   0%|          | 0/1 [00:00<?, ?it/s]                                                                                      WARNING  Font Noto Sans CJK SC not in    text_mobject.py:464
                             ['.AppleSystemUIFont', 'Academy                    
                             Engraved LET', 'Al Bayan', 'Al                     
                             Nile', 'Al Tarikh', 'American                      
                             Typewriter', 'Andale Mono',                        
                             'Apple Braille', 'Apple                            
                             Chancery', 'Apple Color Emoji',                    
                             'Apple LiGothic', 'Apple                           
                             LiSung', 'Apple SD Gothic Neo',                    
                             'Apple Symbols', 'AppleGothic',                    
                             'AppleMyungjo', 'Arial', 'Arial                    
                             Black', 'Arial Hebrew', 'Arial                     
                             Hebrew Scholar', 'Arial                            
                             Narrow', 'Arial Rounded MT                         
                             Bold', 'Arial Unicode MS',                         
                             'Avenir', 'Avenir Next',                           
                             'Avenir Next Condensed',                           
                             'Ayuthaya', 'BIZ UDGothic',                        
                             'BIZ UDMincho', 'BM Dohyeon',                      
                             'BM Hanna 11yrs Old', 'BM Hanna                    
                             Air', 'BM Hanna Pro', 'BM Jua',                    
                             'BM Kirang Haerang', 'BM                           
                             Yeonsung', 'Baghdad', 'Bangla                      
                             MN', 'Bangla Sangam MN', 'Baoli                    
                             SC', 'Baoli TC', 'Baskerville',                    
                             'Beirut', 'BiauKaiHK',                             
                             'BiauKaiTC', 'Big Caslon',                         
                             'Bodoni 72', 'Bodoni 72                            
                             Oldstyle', 'Bodoni 72                              
                             Smallcaps', 'Bodoni Ornaments',                    
                             'Bradley Hand', 'Brush Script                      
                             MT', 'Chalkboard', 'Chalkboard                     
                             SE', 'Chalkduster', 'Charter',                     
                             'Cochin', 'Comic Sans MS',                         
                             'Copperplate', 'Corsiva                            
                             Hebrew', 'Courier New', 'DIN                       
                             Alternate', 'DIN Condensed',                       
                             'Damascus', 'DecoType Naskh',                      
                             'Devanagari MT', 'Devanagari                       
                             Sangam MN', 'Didot', 'Diwan                        
                             Kufi', 'Diwan Thuluth',                            
                             'Euphemia UCAS', 'Farah',                          
                             'Farisi', 'Futura', 'GB18030                       
                             Bitmap', 'Galvji', 'Geeza Pro',                    
                             'Geneva', 'Georgia', 'Gill                         
                             Sans', 'Grantha Sangam MN',                        
                             'Gujarati MT', 'Gujarati Sangam                    
                             MN', 'GungSeo', 'Gurmukhi MN',                     
                             'Gurmukhi MT', 'Gurmukhi Sangam                    
                             MN', 'Hannotate SC', 'Hannotate                    
                             TC', 'HanziPen SC', 'HanziPen                      
                             TC', 'HeadLineA', 'Hei', 'Heiti                    
                             SC', 'Heiti TC', 'Helvetica',                      
                             'Helvetica Neue', 'Herculanum',                    
                             'Hiragino Maru Gothic ProN',                       
                             'Hiragino Mincho ProN',                            
                             'Hiragino Sans', 'Hiragino Sans                    
                             GB', 'Hoefler Text', 'ITF                          
                             Devanagari', 'ITF Devanagari                       
                             Marathi', 'Impact',                                
                             'InaiMathi', 'Kai', 'Kailasa',                     
                             'Kaiti SC', 'Kaiti TC',                            
                             'Kannada MN', 'Kannada Sangam                      
                             MN', 'Kefa III', 'Khmer MN',                       
                             'Khmer Sangam MN', 'Klee',                         
                             'Kohinoor Bangla', 'Kohinoor                       
                             Devanagari', 'Kohinoor                             
                             Gujarati', 'Kohinoor Telugu',                      
                             'Kokonor', 'Krungthep',                            
                             'KufiStandardGK', 'LXGW                            
                             ZhenKai', 'Lantinghei SC',                         
                             'Lantinghei TC', 'Lao MN', 'Lao                    
                             Sangam MN', 'LiHei Pro',                           
                             'LiSong Pro', 'Libian SC',                         
                             'Libian TC', 'LingWai SC',                         
                             'LingWai TC', 'Lucida Grande',                     
                             'Luminari', 'Malayalam MN',                        
                             'Malayalam Sangam MN', 'Marker                     
                             Felt', 'Menlo', 'Microsoft Sans                    
                             Serif', 'Mishafi', 'Mishafi                        
                             Gold', 'Monaco', 'Monospace',                      
                             'Mshtakan', 'Mukta Mahee',                         
                             'Muna', 'Myanmar MN', 'Myanmar                     
                             Sangam MN', 'Nadeem', 'Nanum                       
                             Brush Script', 'Nanum Gothic',                     
                             'Nanum Myeongjo', 'Nanum Pen                       
                             Script', 'New Peninim MT',                         
                             'Noteworthy', 'Noto Nastaliq                       
                             Urdu', 'Noto Sans Batak', 'Noto                    
                             Sans Kannada', 'Noto Sans                          
                             Myanmar', 'Noto Sans NKo',                         
                             'Noto Sans Oriya', 'Noto Sans                      
                             Syriac', 'Noto Sans Tagalog',                      
                             'Noto Serif Myanmar', 'Optima',                    
                             'Oriya MN', 'Oriya Sangam MN',                     
                             'Osaka', 'PCMyungjo', 'PT                          
                             Mono', 'PT Sans', 'PT Sans                         
                             Caption', 'PT Sans Narrow', 'PT                    
                             Serif', 'PT Serif Caption',                        
                             'Palatino', 'Papyrus', 'Party                      
                             LET', 'Phosphate', 'PilGi',                        
                             'PingFang HK', 'PingFang MO',                      
                             'PingFang SC', 'PingFang TC',                      
                             'Plantagenet Cherokee',                            
                             'Raanana', 'Rockwell',                             
                             'STFangsong', 'STHeiti', 'STIX                     
                             Two Math', 'STIX Two Text',                        
                             'STKaiti', 'STSong', 'Sana',                       
                             'Sans', 'Sathu', 'Savoye LET',                     
                             'Serif', 'Shree Devanagari                         
                             714', 'SignPainter', 'Silom',                      
                             'SimSong', 'Sinhala MN',                           
                             'Sinhala Sangam MN', 'Skia',                       
                             'Snell Roundhand', 'Songti SC',                    
                             'Songti TC', 'Sukhumvit Set',                      
                             'Symbol', 'Tahoma', 'Tamil MN',                    
                             'Tamil Sangam MN', 'Telugu MN',                    
                             'Telugu Sangam MN', 'Thonburi',                    
                             'Times New Roman', 'Toppan                         
                             Bunkyu Gothic', 'Toppan Bunkyu                     
                             Midashi Gothic', 'Toppan Bunkyu                    
                             Midashi Mincho', 'Toppan Bunkyu                    
                             Mincho', 'Trattatello',                            
                             'Trebuchet MS', 'Tsukushi A                        
                             Round Gothic', 'Tsukushi B                         
                             Round Gothic', 'Verdana',                          
                             'Waseem', 'Wawati SC', 'Wawati                     
                             TC', 'Webdings', 'Weibei SC',                      
                             'Weibei TC', 'Wingdings',                          
                             'Wingdings 2', 'Wingdings 3',                      
                             'Xingkai SC', 'Xingkai TC',                        
                             'YuGothic', 'YuKyokasho',                          
                             'YuKyokasho Yoko', 'YuMincho',                     
                             'YuMincho +36p Kana', 'Yuanti                      
                             SC', 'Yuanti TC', 'Yuppy SC',                      
                             'Yuppy TC', 'Zapf Dingbats',                       
                             'Zapfino', 'cursive',                              
                             'fantasy', 'system-ui'].                           
                    WARNING  Font Noto Sans CJK SC not in    text_mobject.py:464
                             ['.AppleSystemUIFont', 'Academy                    
                             Engraved LET', 'Al Bayan', 'Al                     
                             Nile', 'Al Tarikh', 'American                      
                             Typewriter', 'Andale Mono',                        
                             'Apple Braille', 'Apple                            
                             Chancery', 'Apple Color Emoji',                    
                             'Apple LiGothic', 'Apple                           
                             LiSung', 'Apple SD Gothic Neo',                    
                             'Apple Symbols', 'AppleGothic',                    
                             'AppleMyungjo', 'Arial', 'Arial                    
                             Black', 'Arial Hebrew', 'Arial                     
                             Hebrew Scholar', 'Arial                            
                             Narrow', 'Arial Rounded MT                         
                             Bold', 'Arial Unicode MS',                         
                             'Avenir', 'Avenir Next',                           
                             'Avenir Next Condensed',                           
                             'Ayuthaya', 'BIZ UDGothic',                        
                             'BIZ UDMincho', 'BM Dohyeon',                      
                             'BM Hanna 11yrs Old', 'BM Hanna                    
                             Air', 'BM Hanna Pro', 'BM Jua',                    
                             'BM Kirang Haerang', 'BM                           
                             Yeonsung', 'Baghdad', 'Bangla                      
                             MN', 'Bangla Sangam MN', 'Baoli                    
                             SC', 'Baoli TC', 'Baskerville',                    
                             'Beirut', 'BiauKaiHK',                             
                             'BiauKaiTC', 'Big Caslon',                         
                             'Bodoni 72', 'Bodoni 72                            
                             Oldstyle', 'Bodoni 72                              
                             Smallcaps', 'Bodoni Ornaments',                    
                             'Bradley Hand', 'Brush Script                      
                             MT', 'Chalkboard', 'Chalkboard                     
                             SE', 'Chalkduster', 'Charter',                     
                             'Cochin', 'Comic Sans MS',                         
                             'Copperplate', 'Corsiva                            
                             Hebrew', 'Courier New', 'DIN                       
                             Alternate', 'DIN Condensed',                       
                             'Damascus', 'DecoType Naskh',                      
                             'Devanagari MT', 'Devanagari                       
                             Sangam MN', 'Didot', 'Diwan                        
                             Kufi', 'Diwan Thuluth',                            
                             'Euphemia UCAS', 'Farah',                          
                             'Farisi', 'Futura', 'GB18030                       
                             Bitmap', 'Galvji', 'Geeza Pro',                    
                             'Geneva', 'Georgia', 'Gill                         
                             Sans', 'Grantha Sangam MN',                        
                             'Gujarati MT', 'Gujarati Sangam                    
                             MN', 'GungSeo', 'Gurmukhi MN',                     
                             'Gurmukhi MT', 'Gurmukhi Sangam                    
                             MN', 'Hannotate SC', 'Hannotate                    
                             TC', 'HanziPen SC', 'HanziPen                      
                             TC', 'HeadLineA', 'Hei', 'Heiti                    
                             SC', 'Heiti TC', 'Helvetica',                      
                             'Helvetica Neue', 'Herculanum',                    
                             'Hiragino Maru Gothic ProN',                       
                             'Hiragino Mincho ProN',                            
                             'Hiragino Sans', 'Hiragino Sans                    
                             GB', 'Hoefler Text', 'ITF                          
                             Devanagari', 'ITF Devanagari                       
                             Marathi', 'Impact',                                
                             'InaiMathi', 'Kai', 'Kailasa',                     
                             'Kaiti SC', 'Kaiti TC',                            
                             'Kannada MN', 'Kannada Sangam                      
                             MN', 'Kefa III', 'Khmer MN',                       
                             'Khmer Sangam MN', 'Klee',                         
                             'Kohinoor Bangla', 'Kohinoor                       
                             Devanagari', 'Kohinoor                             
                             Gujarati', 'Kohinoor Telugu',                      
                             'Kokonor', 'Krungthep',                            
                             'KufiStandardGK', 'LXGW                            
                             ZhenKai', 'Lantinghei SC',                         
                             'Lantinghei TC', 'Lao MN', 'Lao                    
                             Sangam MN', 'LiHei Pro',                           
                             'LiSong Pro', 'Libian SC',                         
                             'Libian TC', 'LingWai SC',                         
                             'LingWai TC', 'Lucida Grande',                     
                             'Luminari', 'Malayalam MN',                        
                             'Malayalam Sangam MN', 'Marker                     
                             Felt', 'Menlo', 'Microsoft Sans                    
                             Serif', 'Mishafi', 'Mishafi                        
                             Gold', 'Monaco', 'Monospace',                      
                             'Mshtakan', 'Mukta Mahee',                         
                             'Muna', 'Myanmar MN', 'Myanmar                     
                             Sangam MN', 'Nadeem', 'Nanum                       
                             Brush Script', 'Nanum Gothic',                     
                             'Nanum Myeongjo', 'Nanum Pen                       
                             Script', 'New Peninim MT',                         
                             'Noteworthy', 'Noto Nastaliq                       
                             Urdu', 'Noto Sans Batak', 'Noto                    
                             Sans Kannada', 'Noto Sans                          
                             Myanmar', 'Noto Sans NKo',                         
                             'Noto Sans Oriya', 'Noto Sans                      
                             Syriac', 'Noto Sans Tagalog',                      
                             'Noto Serif Myanmar', 'Optima',                    
                             'Oriya MN', 'Oriya Sangam MN',                     
                             'Osaka', 'PCMyungjo', 'PT                          
                             Mono', 'PT Sans', 'PT Sans                         
                             Caption', 'PT Sans Narrow', 'PT                    
                             Serif', 'PT Serif Caption',                        
                             'Palatino', 'Papyrus', 'Party                      
                             LET', 'Phosphate', 'PilGi',                        
                             'PingFang HK', 'PingFang MO',                      
                             'PingFang SC', 'PingFang TC',                      
                             'Plantagenet Cherokee',                            
                             'Raanana', 'Rockwell',                             
                             'STFangsong', 'STHeiti', 'STIX                     
                             Two Math', 'STIX Two Text',                        
                             'STKaiti', 'STSong', 'Sana',                       
                             'Sans', 'Sathu', 'Savoye LET',                     
                             'Serif', 'Shree Devanagari                         
                             714', 'SignPainter', 'Silom',                      
                             'SimSong', 'Sinhala MN',                           
                             'Sinhala Sangam MN', 'Skia',                       
                             'Snell Roundhand', 'Songti SC',                    
                             'Songti TC', 'Sukhumvit Set',                      
                             'Symbol', 'Tahoma', 'Tamil MN',                    
                             'Tamil Sangam MN', 'Telugu MN',                    
                             'Telugu Sangam MN', 'Thonburi',                    
                             'Times New Roman', 'Toppan                         
                             Bunkyu Gothic', 'Toppan Bunkyu                     
                             Midashi Gothic', 'Toppan Bunkyu                    
                             Midashi Mincho', 'Toppan Bunkyu                    
                             Mincho', 'Trattatello',                            
                             'Trebuchet MS', 'Tsukushi A                        
                             Round Gothic', 'Tsukushi B                         
                             Round Gothic', 'Verdana',                          
                             'Waseem', 'Wawati SC', 'Wawati                     
                             TC', 'Webdings', 'Weibei SC',                      
                             'Weibei TC', 'Wingdings',                          
                             'Wingdings 2', 'Wingdings 3',                      
                             'Xingkai SC', 'Xingkai TC',                        
                             'YuGothic', 'YuKyokasho',                          
                             'YuKyokasho Yoko', 'YuMincho',                     
                             'YuMincho +36p Kana', 'Yuanti                      
                             SC', 'Yuanti TC', 'Yuppy SC',                      
                             'Yuppy TC', 'Zapf Dingbats',                       
                             'Zapfino', 'cursive',                              
                             'fantasy', 'system-ui'].                           
                    INFO     Animation 4 : Using cached     cairo_renderer.py:94
                             data (hash :                                       
                             656162490_1088768118_610653952                     
                             )                                                  
Animation 4: Write(Text('随机事件与概率')):   0%|          | 0/1 [00:00<?, ?it/s]                                                                                                     INFO     Animation 5 : Using cached     cairo_renderer.py:94
                             data (hash :                                       
                             656162490_2712728469_337676234                     
                             2)                                                 
Animation 5: FadeIn(Text('不确定的世界，用数字来度量')):   0%|          | 0/1 [00:00<?, ?it/s]                                                                                                                  WARNING  Font Noto Sans CJK SC not in    text_mobject.py:464
                             ['.AppleSystemUIFont', 'Academy                    
                             Engraved LET', 'Al Bayan', 'Al                     
                             Nile', 'Al Tarikh', 'American                      
                             Typewriter', 'Andale Mono',                        
                             'Apple Braille', 'Apple                            
                             Chancery', 'Apple Color Emoji',                    
                             'Apple LiGothic', 'Apple                           
                             LiSung', 'Apple SD Gothic Neo',                    
                             'Apple Symbols', 'AppleGothic',                    
                             'AppleMyungjo', 'Arial', 'Arial                    
                             Black', 'Arial Hebrew', 'Arial                     
                             Hebrew Scholar', 'Arial                            
                             Narrow', 'Arial Rounded MT                         
                             Bold', 'Arial Unicode MS',                         
                             'Avenir', 'Avenir Next',                           
                             'Avenir Next Condensed',                           
                             'Ayuthaya', 'BIZ UDGothic',                        
                             'BIZ UDMincho', 'BM Dohyeon',                      
                             'BM Hanna 11yrs Old', 'BM Hanna                    
                             Air', 'BM Hanna Pro', 'BM Jua',                    
                             'BM Kirang Haerang', 'BM                           
                             Yeonsung', 'Baghdad', 'Bangla                      
                             MN', 'Bangla Sangam MN', 'Baoli                    
                             SC', 'Baoli TC', 'Baskerville',                    
                             'Beirut', 'BiauKaiHK',                             
                             'BiauKaiTC', 'Big Caslon',                         
                             'Bodoni 72', 'Bodoni 72                            
                             Oldstyle', 'Bodoni 72                              
                             Smallcaps', 'Bodoni Ornaments',                    
                             'Bradley Hand', 'Brush Script                      
                             MT', 'Chalkboard', 'Chalkboard                     
                             SE', 'Chalkduster', 'Charter',                     
                             'Cochin', 'Comic Sans MS',                         
                             'Copperplate', 'Corsiva                            
                             Hebrew', 'Courier New', 'DIN                       
                             Alternate', 'DIN Condensed',                       
                             'Damascus', 'DecoType Naskh',                      
                             'Devanagari MT', 'Devanagari                       
                             Sangam MN', 'Didot', 'Diwan                        
                             Kufi', 'Diwan Thuluth',                            
                             'Euphemia UCAS', 'Farah',                          
                             'Farisi', 'Futura', 'GB18030                       
                             Bitmap', 'Galvji', 'Geeza Pro',                    
                             'Geneva', 'Georgia', 'Gill                         
                             Sans', 'Grantha Sangam MN',                        
                             'Gujarati MT', 'Gujarati Sangam                    
                             MN', 'GungSeo', 'Gurmukhi MN',                     
                             'Gurmukhi MT', 'Gurmukhi Sangam                    
                             MN', 'Hannotate SC', 'Hannotate                    
                             TC', 'HanziPen SC', 'HanziPen                      
                             TC', 'HeadLineA', 'Hei', 'Heiti                    
                             SC', 'Heiti TC', 'Helvetica',                      
                             'Helvetica Neue', 'Herculanum',                    
                             'Hiragino Maru Gothic ProN',                       
                             'Hiragino Mincho ProN',                            
                             'Hiragino Sans', 'Hiragino Sans                    
                             GB', 'Hoefler Text', 'ITF                          
                             Devanagari', 'ITF Devanagari                       
                             Marathi', 'Impact',                                
                             'InaiMathi', 'Kai', 'Kailasa',                     
                             'Kaiti SC', 'Kaiti TC',                            
                             'Kannada MN', 'Kannada Sangam                      
                             MN', 'Kefa III', 'Khmer MN',                       
                             'Khmer Sangam MN', 'Klee',                         
                             'Kohinoor Bangla', 'Kohinoor                       
                             Devanagari', 'Kohinoor                             
                             Gujarati', 'Kohinoor Telugu',                      
                             'Kokonor', 'Krungthep',                            
                             'KufiStandardGK', 'LXGW                            
                             ZhenKai', 'Lantinghei SC',                         
                             'Lantinghei TC', 'Lao MN', 'Lao                    
                             Sangam MN', 'LiHei Pro',                           
                             'LiSong Pro', 'Libian SC',                         
                             'Libian TC', 'LingWai SC',                         
                             'LingWai TC', 'Lucida Grande',                     
                             'Luminari', 'Malayalam MN',                        
                             'Malayalam Sangam MN', 'Marker                     
                             Felt', 'Menlo', 'Microsoft Sans                    
                             Serif', 'Mishafi', 'Mishafi                        
                             Gold', 'Monaco', 'Monospace',                      
                             'Mshtakan', 'Mukta Mahee',                         
                             'Muna', 'Myanmar MN', 'Myanmar                     
                             Sangam MN', 'Nadeem', 'Nanum                       
                             Brush Script', 'Nanum Gothic',                     
                             'Nanum Myeongjo', 'Nanum Pen                       
                             Script', 'New Peninim MT',                         
                             'Noteworthy', 'Noto Nastaliq                       
                             Urdu', 'Noto Sans Batak', 'Noto                    
                             Sans Kannada', 'Noto Sans                          
                             Myanmar', 'Noto Sans NKo',                         
                             'Noto Sans Oriya', 'Noto Sans                      
                             Syriac', 'Noto Sans Tagalog',                      
                             'Noto Serif Myanmar', 'Optima',                    
                             'Oriya MN', 'Oriya Sangam MN',                     
                             'Osaka', 'PCMyungjo', 'PT                          
                             Mono', 'PT Sans', 'PT Sans                         
                             Caption', 'PT Sans Narrow', 'PT                    
                             Serif', 'PT Serif Caption',                        
                             'Palatino', 'Papyrus', 'Party                      
                             LET', 'Phosphate', 'PilGi',                        
                             'PingFang HK', 'PingFang MO',                      
                             'PingFang SC', 'PingFang TC',                      
                             'Plantagenet Cherokee',                            
                             'Raanana', 'Rockwell',                             
                             'STFangsong', 'STHeiti', 'STIX                     
                             Two Math', 'STIX Two Text',                        
                             'STKaiti', 'STSong', 'Sana',                       
                             'Sans', 'Sathu', 'Savoye LET',                     
                             'Serif', 'Shree Devanagari                         
                             714', 'SignPainter', 'Silom',                      
                             'SimSong', 'Sinhala MN',                           
                             'Sinhala Sangam MN', 'Skia',                       
                             'Snell Roundhand', 'Songti SC',                    
                             'Songti TC', 'Sukhumvit Set',                      
                             'Symbol', 'Tahoma', 'Tamil MN',                    
                             'Tamil Sangam MN', 'Telugu MN',                    
                             'Telugu Sangam MN', 'Thonburi',                    
                             'Times New Roman', 'Toppan                         
                             Bunkyu Gothic', 'Toppan Bunkyu                     
                             Midashi Gothic', 'Toppan Bunkyu                    
                             Midashi Mincho', 'Toppan Bunkyu                    
                             Mincho', 'Trattatello',                            
                             'Trebuchet MS', 'Tsukushi A                        
                             Round Gothic', 'Tsukushi B                         
                             Round Gothic', 'Verdana',                          
                             'Waseem', 'Wawati SC', 'Wawati                     
                             TC', 'Webdings', 'Weibei SC',                      
                             'Weibei TC', 'Wingdings',                          
                             'Wingdings 2', 'Wingdings 3',                      
                             'Xingkai SC', 'Xingkai TC',                        
                             'YuGothic', 'YuKyokasho',                          
                             'YuKyokasho Yoko', 'YuMincho',                     
                             'YuMincho +36p Kana', 'Yuanti                      
                             SC', 'Yuanti TC', 'Yuppy SC',                      
                             'Yuppy TC', 'Zapf Dingbats',                       
                             'Zapfino', 'cursive',                              
                             'fantasy', 'system-ui'].                           
[02/27/26 10:31:17] INFO     Animation 6 : Using cached     cairo_renderer.py:94
                             data (hash :                                       
                             656162490_1974729967_290119131                     
                             5)                                                 
Animation 6: _MethodAnimation(Text('随机事件')):   0%|          | 0/1 [00:00<?, ?it/s]                                                                                                          WARNING  Font Noto Sans CJK SC not in    text_mobject.py:464
                             ['.AppleSystemUIFont', 'Academy                    
                             Engraved LET', 'Al Bayan', 'Al                     
                             Nile', 'Al Tarikh', 'American                      
                             Typewriter', 'Andale Mono',                        
                             'Apple Braille', 'Apple                            
                             Chancery', 'Apple Color Emoji',                    
                             'Apple LiGothic', 'Apple                           
                             LiSung', 'Apple SD Gothic Neo',                    
                             'Apple Symbols', 'AppleGothic',                    
                             'AppleMyungjo', 'Arial', 'Arial                    
                             Black', 'Arial Hebrew', 'Arial                     
                             Hebrew Scholar', 'Arial                            
                             Narrow', 'Arial Rounded MT                         
                             Bold', 'Arial Unicode MS',                         
                             'Avenir', 'Avenir Next',                           
                             'Avenir Next Condensed',                           
                             'Ayuthaya', 'BIZ UDGothic',                        
                             'BIZ UDMincho', 'BM Dohyeon',                      
                             'BM Hanna 11yrs Old', 'BM Hanna                    
                             Air', 'BM Hanna Pro', 'BM Jua',                    
                             'BM Kirang Haerang', 'BM                           
                             Yeonsung', 'Baghdad', 'Bangla                      
                             MN', 'Bangla Sangam MN', 'Baoli                    
                             SC', 'Baoli TC', 'Baskerville',                    
                             'Beirut', 'BiauKaiHK',                             
                             'BiauKaiTC', 'Big Caslon',                         
                             'Bodoni 72', 'Bodoni 72                            
                             Oldstyle', 'Bodoni 72                              
                             Smallcaps', 'Bodoni Ornaments',                    
                             'Bradley Hand', 'Brush Script                      
                             MT', 'Chalkboard', 'Chalkboard                     
                             SE', 'Chalkduster', 'Charter',                     
                             'Cochin', 'Comic Sans MS',                         
                             'Copperplate', 'Corsiva                            
                             Hebrew', 'Courier New', 'DIN                       
                             Alternate', 'DIN Condensed',                       
                             'Damascus', 'DecoType Naskh',                      
                             'Devanagari MT', 'Devanagari                       
                             Sangam MN', 'Didot', 'Diwan                        
                             Kufi', 'Diwan Thuluth',                            
                             'Euphemia UCAS', 'Farah',                          
                             'Farisi', 'Futura', 'GB18030                       
                             Bitmap', 'Galvji', 'Geeza Pro',                    
                             'Geneva', 'Georgia', 'Gill                         
                             Sans', 'Grantha Sangam MN',                        
                             'Gujarati MT', 'Gujarati Sangam                    
                             MN', 'GungSeo', 'Gurmukhi MN',                     
                             'Gurmukhi MT', 'Gurmukhi Sangam                    
                             MN', 'Hannotate SC', 'Hannotate                    
                             TC', 'HanziPen SC', 'HanziPen                      
                             TC', 'HeadLineA', 'Hei', 'Heiti                    
                             SC', 'Heiti TC', 'Helvetica',                      
                             'Helvetica Neue', 'Herculanum',                    
                             'Hiragino Maru Gothic ProN',                       
                             'Hiragino Mincho ProN',                            
                             'Hiragino Sans', 'Hiragino Sans                    
                             GB', 'Hoefler Text', 'ITF                          
                             Devanagari', 'ITF Devanagari                       
                             Marathi', 'Impact',                                
                             'InaiMathi', 'Kai', 'Kailasa',                     
                             'Kaiti SC', 'Kaiti TC',                            
                             'Kannada MN', 'Kannada Sangam                      
                             MN', 'Kefa III', 'Khmer MN',                       
                             'Khmer Sangam MN', 'Klee',                         
                             'Kohinoor Bangla', 'Kohinoor                       
                             Devanagari', 'Kohinoor                             
                             Gujarati', 'Kohinoor Telugu',                      
                             'Kokonor', 'Krungthep',                            
                             'KufiStandardGK', 'LXGW                            
                             ZhenKai', 'Lantinghei SC',                         
                             'Lantinghei TC', 'Lao MN', 'Lao                    
                             Sangam MN', 'LiHei Pro',                           
                             'LiSong Pro', 'Libian SC',                         
                             'Libian TC', 'LingWai SC',                         
                             'LingWai TC', 'Lucida Grande',                     
                             'Luminari', 'Malayalam MN',                        
                             'Malayalam Sangam MN', 'Marker                     
                             Felt', 'Menlo', 'Microsoft Sans                    
                             Serif', 'Mishafi', 'Mishafi                        
                             Gold', 'Monaco', 'Monospace',                      
                             'Mshtakan', 'Mukta Mahee',                         
                             'Muna', 'Myanmar MN', 'Myanmar                     
                             Sangam MN', 'Nadeem', 'Nanum                       
                             Brush Script', 'Nanum Gothic',                     
                             'Nanum Myeongjo', 'Nanum Pen                       
                             Script', 'New Peninim MT',                         
                             'Noteworthy', 'Noto Nastaliq                       
                             Urdu', 'Noto Sans Batak', 'Noto                    
                             Sans Kannada', 'Noto Sans                          
                             Myanmar', 'Noto Sans NKo',                         
                             'Noto Sans Oriya', 'Noto Sans                      
                             Syriac', 'Noto Sans Tagalog',                      
                             'Noto Serif Myanmar', 'Optima',                    
                             'Oriya MN', 'Oriya Sangam MN',                     
                             'Osaka', 'PCMyungjo', 'PT                          
                             Mono', 'PT Sans', 'PT Sans                         
                             Caption', 'PT Sans Narrow', 'PT                    
                             Serif', 'PT Serif Caption',                        
                             'Palatino', 'Papyrus', 'Party                      
                             LET', 'Phosphate', 'PilGi',                        
                             'PingFang HK', 'PingFang MO',                      
                             'PingFang SC', 'PingFang TC',                      
                             'Plantagenet Cherokee',                            
                             'Raanana', 'Rockwell',                             
                             'STFangsong', 'STHeiti', 'STIX                     
                             Two Math', 'STIX Two Text',                        
                             'STKaiti', 'STSong', 'Sana',                       
                             'Sans', 'Sathu', 'Savoye LET',                     
                             'Serif', 'Shree Devanagari                         
                             714', 'SignPainter', 'Silom',                      
                             'SimSong', 'Sinhala MN',                           
                             'Sinhala Sangam MN', 'Skia',                       
                             'Snell Roundhand', 'Songti SC',                    
                             'Songti TC', 'Sukhumvit Set',                      
                             'Symbol', 'Tahoma', 'Tamil MN',                    
                             'Tamil Sangam MN', 'Telugu MN',                    
                             'Telugu Sangam MN', 'Thonburi',                    
                             'Times New Roman', 'Toppan                         
                             Bunkyu Gothic', 'Toppan Bunkyu                     
                             Midashi Gothic', 'Toppan Bunkyu                    
                             Midashi Mincho', 'Toppan Bunkyu                    
                             Mincho', 'Trattatello',                            
                             'Trebuchet MS', 'Tsukushi A                        
                             Round Gothic', 'Tsukushi B                         
                             Round Gothic', 'Verdana',                          
                             'Waseem', 'Wawati SC', 'Wawati                     
                             TC', 'Webdings', 'Weibei SC',                      
                             'Weibei TC', 'Wingdings',                          
                             'Wingdings 2', 'Wingdings 3',                      
                             'Xingkai SC', 'Xingkai TC',                        
                             'YuGothic', 'YuKyokasho',                          
                             'YuKyokasho Yoko', 'YuMincho',                     
                             'YuMincho +36p Kana', 'Yuanti                      
                             SC', 'Yuanti TC', 'Yuppy SC',                      
                             'Yuppy TC', 'Zapf Dingbats',                       
                             'Zapfino', 'cursive',                              
                             'fantasy', 'system-ui'].                           
                    INFO     Animation 7 : Using cached     cairo_renderer.py:94
                             data (hash :                                       
                             656162490_1523308322_178390068                     
                             5)                                                 
Animation 7: _MethodAnimation(Text('必然事件')):   0%|          | 0/1 [00:00<?, ?it/s]                                                                                                          WARNING  Font Noto Sans CJK SC not in    text_mobject.py:464
                             ['.AppleSystemUIFont', 'Academy                    
                             Engraved LET', 'Al Bayan', 'Al                     
                             Nile', 'Al Tarikh', 'American                      
                             Typewriter', 'Andale Mono',                        
                             'Apple Braille', 'Apple                            
                             Chancery', 'Apple Color Emoji',                    
                             'Apple LiGothic', 'Apple                           
                             LiSung', 'Apple SD Gothic Neo',                    
                             'Apple Symbols', 'AppleGothic',                    
                             'AppleMyungjo', 'Arial', 'Arial                    
                             Black', 'Arial Hebrew', 'Arial                     
                             Hebrew Scholar', 'Arial                            
                             Narrow', 'Arial Rounded MT                         
                             Bold', 'Arial Unicode MS',                         
                             'Avenir', 'Avenir Next',                           
                             'Avenir Next Condensed',                           
                             'Ayuthaya', 'BIZ UDGothic',                        
                             'BIZ UDMincho', 'BM Dohyeon',                      
                             'BM Hanna 11yrs Old', 'BM Hanna                    
                             Air', 'BM Hanna Pro', 'BM Jua',                    
                             'BM Kirang Haerang', 'BM                           
                             Yeonsung', 'Baghdad', 'Bangla                      
                             MN', 'Bangla Sangam MN', 'Baoli                    
                             SC', 'Baoli TC', 'Baskerville',                    
                             'Beirut', 'BiauKaiHK',                             
                             'BiauKaiTC', 'Big Caslon',                         
                             'Bodoni 72', 'Bodoni 72                            
                             Oldstyle', 'Bodoni 72                              
                             Smallcaps', 'Bodoni Ornaments',                    
                             'Bradley Hand', 'Brush Script                      
                             MT', 'Chalkboard', 'Chalkboard                     
                             SE', 'Chalkduster', 'Charter',                     
                             'Cochin', 'Comic Sans MS',                         
                             'Copperplate', 'Corsiva                            
                             Hebrew', 'Courier New', 'DIN                       
                             Alternate', 'DIN Condensed',                       
                             'Damascus', 'DecoType Naskh',                      
                             'Devanagari MT', 'Devanagari                       
                             Sangam MN', 'Didot', 'Diwan                        
                             Kufi', 'Diwan Thuluth',                            
                             'Euphemia UCAS', 'Farah',                          
                             'Farisi', 'Futura', 'GB18030                       
                             Bitmap', 'Galvji', 'Geeza Pro',                    
                             'Geneva', 'Georgia', 'Gill                         
                             Sans', 'Grantha Sangam MN',                        
                             'Gujarati MT', 'Gujarati Sangam                    
                             MN', 'GungSeo', 'Gurmukhi MN',                     
                             'Gurmukhi MT', 'Gurmukhi Sangam                    
                             MN', 'Hannotate SC', 'Hannotate                    
                             TC', 'HanziPen SC', 'HanziPen                      
                             TC', 'HeadLineA', 'Hei', 'Heiti                    
                             SC', 'Heiti TC', 'Helvetica',                      
                             'Helvetica Neue', 'Herculanum',                    
                             'Hiragino Maru Gothic ProN',                       
                             'Hiragino Mincho ProN',                            
                             'Hiragino Sans', 'Hiragino Sans                    
                             GB', 'Hoefler Text', 'ITF                          
                             Devanagari', 'ITF Devanagari                       
                             Marathi', 'Impact',                                
                             'InaiMathi', 'Kai', 'Kailasa',                     
                             'Kaiti SC', 'Kaiti TC',                            
                             'Kannada MN', 'Kannada Sangam                      
                             MN', 'Kefa III', 'Khmer MN',                       
                             'Khmer Sangam MN', 'Klee',                         
                             'Kohinoor Bangla', 'Kohinoor                       
                             Devanagari', 'Kohinoor                             
                             Gujarati', 'Kohinoor Telugu',                      
                             'Kokonor', 'Krungthep',                            
                             'KufiStandardGK', 'LXGW                            
                             ZhenKai', 'Lantinghei SC',                         
                             'Lantinghei TC', 'Lao MN', 'Lao                    
                             Sangam MN', 'LiHei Pro',                           
                             'LiSong Pro', 'Libian SC',                         
                             'Libian TC', 'LingWai SC',                         
                             'LingWai TC', 'Lucida Grande',                     
                             'Luminari', 'Malayalam MN',                        
                             'Malayalam Sangam MN', 'Marker                     
                             Felt', 'Menlo', 'Microsoft Sans                    
                             Serif', 'Mishafi', 'Mishafi                        
                             Gold', 'Monaco', 'Monospace',                      
                             'Mshtakan', 'Mukta Mahee',                         
                             'Muna', 'Myanmar MN', 'Myanmar                     
                             Sangam MN', 'Nadeem', 'Nanum                       
                             Brush Script', 'Nanum Gothic',                     
                             'Nanum Myeongjo', 'Nanum Pen                       
                             Script', 'New Peninim MT',                         
                             'Noteworthy', 'Noto Nastaliq                       
                             Urdu', 'Noto Sans Batak', 'Noto                    
                             Sans Kannada', 'Noto Sans                          
                             Myanmar', 'Noto Sans NKo',                         
                             'Noto Sans Oriya', 'Noto Sans                      
                             Syriac', 'Noto Sans Tagalog',                      
                             'Noto Serif Myanmar', 'Optima',                    
                             'Oriya MN', 'Oriya Sangam MN',                     
                             'Osaka', 'PCMyungjo', 'PT                          
                             Mono', 'PT Sans', 'PT Sans                         
                             Caption', 'PT Sans Narrow', 'PT                    
                             Serif', 'PT Serif Caption',                        
                             'Palatino', 'Papyrus', 'Party                      
                             LET', 'Phosphate', 'PilGi',                        
                             'PingFang HK', 'PingFang MO',                      
                             'PingFang SC', 'PingFang TC',                      
                             'Plantagenet Cherokee',                            
                             'Raanana', 'Rockwell',                             
                             'STFangsong', 'STHeiti', 'STIX                     
                             Two Math', 'STIX Two Text',                        
                             'STKaiti', 'STSong', 'Sana',                       
                             'Sans', 'Sathu', 'Savoye LET',                     
                             'Serif', 'Shree Devanagari                         
                             714', 'SignPainter', 'Silom',                      
                             'SimSong', 'Sinhala MN',                           
                             'Sinhala Sangam MN', 'Skia',                       
                             'Snell Roundhand', 'Songti SC',                    
                             'Songti TC', 'Sukhumvit Set',                      
                             'Symbol', 'Tahoma', 'Tamil MN',                    
                             'Tamil Sangam MN', 'Telugu MN',                    
                             'Telugu Sangam MN', 'Thonburi',                    
                             'Times New Roman', 'Toppan                         
                             Bunkyu Gothic', 'Toppan Bunkyu                     
                             Midashi Gothic', 'Toppan Bunkyu                    
                             Midashi Mincho', 'Toppan Bunkyu                    
                             Mincho', 'Trattatello',                            
                             'Trebuchet MS', 'Tsukushi A                        
                             Round Gothic', 'Tsukushi B                         
                             Round Gothic', 'Verdana',                          
                             'Waseem', 'Wawati SC', 'Wawati                     
                             TC', 'Webdings', 'Weibei SC',                      
                             'Weibei TC', 'Wingdings',                          
                             'Wingdings 2', 'Wingdings 3',                      
                             'Xingkai SC', 'Xingkai TC',                        
                             'YuGothic', 'YuKyokasho',                          
                             'YuKyokasho Yoko', 'YuMincho',                     
                             'YuMincho +36p Kana', 'Yuanti                      
                             SC', 'Yuanti TC', 'Yuppy SC',                      
                             'Yuppy TC', 'Zapf Dingbats',                       
                             'Zapfino', 'cursive',                              
                             'fantasy', 'system-ui'].                           
                    INFO     Animation 8 : Using cached     cairo_renderer.py:94
                             data (hash :                                       
                             656162490_2120129856_284682995                     
                             3)                                                 
Animation 8: _MethodAnimation(Text('不可能事件')):   0%|          | 0/1 [00:00<?, ?it/s]                                                                                                            WARNING  Font Noto Sans CJK SC not in    text_mobject.py:464
                             ['.AppleSystemUIFont', 'Academy                    
                             Engraved LET', 'Al Bayan', 'Al                     
                             Nile', 'Al Tarikh', 'American                      
                             Typewriter', 'Andale Mono',                        
                             'Apple Braille', 'Apple                            
                             Chancery', 'Apple Color Emoji',                    
                             'Apple LiGothic', 'Apple                           
                             LiSung', 'Apple SD Gothic Neo',                    
                             'Apple Symbols', 'AppleGothic',                    
                             'AppleMyungjo', 'Arial', 'Arial                    
                             Black', 'Arial Hebrew', 'Arial                     
                             Hebrew Scholar', 'Arial                            
                             Narrow', 'Arial Rounded MT                         
                             Bold', 'Arial Unicode MS',                         
                             'Avenir', 'Avenir Next',                           
                             'Avenir Next Condensed',                           
                             'Ayuthaya', 'BIZ UDGothic',                        
                             'BIZ UDMincho', 'BM Dohyeon',                      
                             'BM Hanna 11yrs Old', 'BM Hanna                    
                             Air', 'BM Hanna Pro', 'BM Jua',                    
                             'BM Kirang Haerang', 'BM                           
                             Yeonsung', 'Baghdad', 'Bangla                      
                             MN', 'Bangla Sangam MN', 'Baoli                    
                             SC', 'Baoli TC', 'Baskerville',                    
                             'Beirut', 'BiauKaiHK',                             
                             'BiauKaiTC', 'Big Caslon',                         
                             'Bodoni 72', 'Bodoni 72                            
                             Oldstyle', 'Bodoni 72                              
                             Smallcaps', 'Bodoni Ornaments',                    
                             'Bradley Hand', 'Brush Script                      
                             MT', 'Chalkboard', 'Chalkboard                     
                             SE', 'Chalkduster', 'Charter',                     
                             'Cochin', 'Comic Sans MS',                         
                             'Copperplate', 'Corsiva                            
                             Hebrew', 'Courier New', 'DIN                       
                             Alternate', 'DIN Condensed',                       
                             'Damascus', 'DecoType Naskh',                      
                             'Devanagari MT', 'Devanagari                       
                             Sangam MN', 'Didot', 'Diwan                        
                             Kufi', 'Diwan Thuluth',                            
                             'Euphemia UCAS', 'Farah',                          
                             'Farisi', 'Futura', 'GB18030                       
                             Bitmap', 'Galvji', 'Geeza Pro',                    
                             'Geneva', 'Georgia', 'Gill                         
                             Sans', 'Grantha Sangam MN',                        
                             'Gujarati MT', 'Gujarati Sangam                    
                             MN', 'GungSeo', 'Gurmukhi MN',                     
                             'Gurmukhi MT', 'Gurmukhi Sangam                    
                             MN', 'Hannotate SC', 'Hannotate                    
                             TC', 'HanziPen SC', 'HanziPen                      
                             TC', 'HeadLineA', 'Hei', 'Heiti                    
                             SC', 'Heiti TC', 'Helvetica',                      
                             'Helvetica Neue', 'Herculanum',                    
                             'Hiragino Maru Gothic ProN',                       
                             'Hiragino Mincho ProN',                            
                             'Hiragino Sans', 'Hiragino Sans                    
                             GB', 'Hoefler Text', 'ITF                          
                             Devanagari', 'ITF Devanagari                       
                             Marathi', 'Impact',                                
                             'InaiMathi', 'Kai', 'Kailasa',                     
                             'Kaiti SC', 'Kaiti TC',                            
                             'Kannada MN', 'Kannada Sangam                      
                             MN', 'Kefa III', 'Khmer MN',                       
                             'Khmer Sangam MN', 'Klee',                         
                             'Kohinoor Bangla', 'Kohinoor                       
                             Devanagari', 'Kohinoor                             
                             Gujarati', 'Kohinoor Telugu',                      
                             'Kokonor', 'Krungthep',                            
                             'KufiStandardGK', 'LXGW                            
                             ZhenKai', 'Lantinghei SC',                         
                             'Lantinghei TC', 'Lao MN', 'Lao                    
                             Sangam MN', 'LiHei Pro',                           
                             'LiSong Pro', 'Libian SC',                         
                             'Libian TC', 'LingWai SC',                         
                             'LingWai TC', 'Lucida Grande',                     
                             'Luminari', 'Malayalam MN',                        
                             'Malayalam Sangam MN', 'Marker                     
                             Felt', 'Menlo', 'Microsoft Sans                    
                             Serif', 'Mishafi', 'Mishafi                        
                             Gold', 'Monaco', 'Monospace',                      
                             'Mshtakan', 'Mukta Mahee',                         
                             'Muna', 'Myanmar MN', 'Myanmar                     
                             Sangam MN', 'Nadeem', 'Nanum                       
                             Brush Script', 'Nanum Gothic',                     
                             'Nanum Myeongjo', 'Nanum Pen                       
                             Script', 'New Peninim MT',                         
                             'Noteworthy', 'Noto Nastaliq                       
                             Urdu', 'Noto Sans Batak', 'Noto                    
                             Sans Kannada', 'Noto Sans                          
                             Myanmar', 'Noto Sans NKo',                         
                             'Noto Sans Oriya', 'Noto Sans                      
                             Syriac', 'Noto Sans Tagalog',                      
                             'Noto Serif Myanmar', 'Optima',                    
                             'Oriya MN', 'Oriya Sangam MN',                     
                             'Osaka', 'PCMyungjo', 'PT                          
                             Mono', 'PT Sans', 'PT Sans                         
                             Caption', 'PT Sans Narrow', 'PT                    
                             Serif', 'PT Serif Caption',                        
                             'Palatino', 'Papyrus', 'Party                      
                             LET', 'Phosphate', 'PilGi',                        
                             'PingFang HK', 'PingFang MO',                      
                             'PingFang SC', 'PingFang TC',                      
                             'Plantagenet Cherokee',                            
                             'Raanana', 'Rockwell',                             
                             'STFangsong', 'STHeiti', 'STIX                     
                             Two Math', 'STIX Two Text',                        
                             'STKaiti', 'STSong', 'Sana',                       
                             'Sans', 'Sathu', 'Savoye LET',                     
                             'Serif', 'Shree Devanagari                         
                             714', 'SignPainter', 'Silom',                      
                             'SimSong', 'Sinhala MN',                           
                             'Sinhala Sangam MN', 'Skia',                       
                             'Snell Roundhand', 'Songti SC',                    
                             'Songti TC', 'Sukhumvit Set',                      
                             'Symbol', 'Tahoma', 'Tamil MN',                    
                             'Tamil Sangam MN', 'Telugu MN',                    
                             'Telugu Sangam MN', 'Thonburi',                    
                             'Times New Roman', 'Toppan                         
                             Bunkyu Gothic', 'Toppan Bunkyu                     
                             Midashi Gothic', 'Toppan Bunkyu                    
                             Midashi Mincho', 'Toppan Bunkyu                    
                             Mincho', 'Trattatello',                            
                             'Trebuchet MS', 'Tsukushi A                        
                             Round Gothic', 'Tsukushi B                         
                             Round Gothic', 'Verdana',                          
                             'Waseem', 'Wawati SC', 'Wawati                     
                             TC', 'Webdings', 'Weibei SC',                      
                             'Weibei TC', 'Wingdings',                          
                             'Wingdings 2', 'Wingdings 3',                      
                             'Xingkai SC', 'Xingkai TC',                        
                             'YuGothic', 'YuKyokasho',                          
                             'YuKyokasho Yoko', 'YuMincho',                     
                             'YuMincho +36p Kana', 'Yuanti                      
                             SC', 'Yuanti TC', 'Yuppy SC',                      
                             'Yuppy TC', 'Zapf Dingbats',                       
                             'Zapfino', 'cursive',                              
                             'fantasy', 'system-ui'].                           
Animation 9: _MethodAnimation(Text('概率')):   0%|          | 0/18 [00:00<?, ?it/s]                                                                                   [02/27/26 10:31:18] INFO     Animation 9 : Partial      scene_file_writer.py:590
                             movie file written in                              
                             '/Users/mx/Desktop/manim_m                         
                             ath/高中/高三/第二学期/第                          
                             十七章-概率论初步/001随机                          
                             事件与概率/media/videos/pr                         
                             obability/1920p60/partial_                         
                             movie_files/ProbabilitySce                         
                             ne/656162490_2093727779_24                         
                             53966703.mp4'                                      
                    INFO     Animation 10 : Using cached    cairo_renderer.py:94
                             data (hash :                                       
                             656162490_4119804541_334269777                     
                             )                                                  
                    WARNING  Font Noto Sans CJK SC not in    text_mobject.py:464
                             ['.AppleSystemUIFont', 'Academy                    
                             Engraved LET', 'Al Bayan', 'Al                     
                             Nile', 'Al Tarikh', 'American                      
                             Typewriter', 'Andale Mono',                        
                             'Apple Braille', 'Apple                            
                             Chancery', 'Apple Color Emoji',                    
                             'Apple LiGothic', 'Apple                           
                             LiSung', 'Apple SD Gothic Neo',                    
                             'Apple Symbols', 'AppleGothic',                    
                             'AppleMyungjo', 'Arial', 'Arial                    
                             Black', 'Arial Hebrew', 'Arial                     
                             Hebrew Scholar', 'Arial                            
                             Narrow', 'Arial Rounded MT                         
                             Bold', 'Arial Unicode MS',                         
                             'Avenir', 'Avenir Next',                           
                             'Avenir Next Condensed',                           
                             'Ayuthaya', 'BIZ UDGothic',                        
                             'BIZ UDMincho', 'BM Dohyeon',                      
                             'BM Hanna 11yrs Old', 'BM Hanna                    
                             Air', 'BM Hanna Pro', 'BM Jua',                    
                             'BM Kirang Haerang', 'BM                           
                             Yeonsung', 'Baghdad', 'Bangla                      
                             MN', 'Bangla Sangam MN', 'Baoli                    
                             SC', 'Baoli TC', 'Baskerville',                    
                             'Beirut', 'BiauKaiHK',                             
                             'BiauKaiTC', 'Big Caslon',                         
                             'Bodoni 72', 'Bodoni 72                            
                             Oldstyle', 'Bodoni 72                              
                             Smallcaps', 'Bodoni Ornaments',                    
                             'Bradley Hand', 'Brush Script                      
                             MT', 'Chalkboard', 'Chalkboard                     
                             SE', 'Chalkduster', 'Charter',                     
                             'Cochin', 'Comic Sans MS',                         
                             'Copperplate', 'Corsiva                            
                             Hebrew', 'Courier New', 'DIN                       
                             Alternate', 'DIN Condensed',                       
                             'Damascus', 'DecoType Naskh',                      
                             'Devanagari MT', 'Devanagari                       
                             Sangam MN', 'Didot', 'Diwan                        
                             Kufi', 'Diwan Thuluth',                            
                             'Euphemia UCAS', 'Farah',                          
                             'Farisi', 'Futura', 'GB18030                       
                             Bitmap', 'Galvji', 'Geeza Pro',                    
                             'Geneva', 'Georgia', 'Gill                         
                             Sans', 'Grantha Sangam MN',                        
                             'Gujarati MT', 'Gujarati Sangam                    
                             MN', 'GungSeo', 'Gurmukhi MN',                     
                             'Gurmukhi MT', 'Gurmukhi Sangam                    
                             MN', 'Hannotate SC', 'Hannotate                    
                             TC', 'HanziPen SC', 'HanziPen                      
                             TC', 'HeadLineA', 'Hei', 'Heiti                    
                             SC', 'Heiti TC', 'Helvetica',                      
                             'Helvetica Neue', 'Herculanum',                    
                             'Hiragino Maru Gothic ProN',                       
                             'Hiragino Mincho ProN',                            
                             'Hiragino Sans', 'Hiragino Sans                    
                             GB', 'Hoefler Text', 'ITF                          
                             Devanagari', 'ITF Devanagari                       
                             Marathi', 'Impact',                                
                             'InaiMathi', 'Kai', 'Kailasa',                     
                             'Kaiti SC', 'Kaiti TC',                            
                             'Kannada MN', 'Kannada Sangam                      
                             MN', 'Kefa III', 'Khmer MN',                       
                             'Khmer Sangam MN', 'Klee',                         
                             'Kohinoor Bangla', 'Kohinoor                       
                             Devanagari', 'Kohinoor                             
                             Gujarati', 'Kohinoor Telugu',                      
                             'Kokonor', 'Krungthep',                            
                             'KufiStandardGK', 'LXGW                            
                             ZhenKai', 'Lantinghei SC',                         
                             'Lantinghei TC', 'Lao MN', 'Lao                    
                             Sangam MN', 'LiHei Pro',                           
                             'LiSong Pro', 'Libian SC',                         
                             'Libian TC', 'LingWai SC',                         
                             'LingWai TC', 'Lucida Grande',                     
                             'Luminari', 'Malayalam MN',                        
                             'Malayalam Sangam MN', 'Marker                     
                             Felt', 'Menlo', 'Microsoft Sans                    
                             Serif', 'Mishafi', 'Mishafi                        
                             Gold', 'Monaco', 'Monospace',                      
                             'Mshtakan', 'Mukta Mahee',                         
                             'Muna', 'Myanmar MN', 'Myanmar                     
                             Sangam MN', 'Nadeem', 'Nanum                       
                             Brush Script', 'Nanum Gothic',                     
                             'Nanum Myeongjo', 'Nanum Pen                       
                             Script', 'New Peninim MT',                         
                             'Noteworthy', 'Noto Nastaliq                       
                             Urdu', 'Noto Sans Batak', 'Noto                    
                             Sans Kannada', 'Noto Sans                          
                             Myanmar', 'Noto Sans NKo',                         
                             'Noto Sans Oriya', 'Noto Sans                      
                             Syriac', 'Noto Sans Tagalog',                      
                             'Noto Serif Myanmar', 'Optima',                    
                             'Oriya MN', 'Oriya Sangam MN',                     
                             'Osaka', 'PCMyungjo', 'PT                          
                             Mono', 'PT Sans', 'PT Sans                         
                             Caption', 'PT Sans Narrow', 'PT                    
                             Serif', 'PT Serif Caption',                        
                             'Palatino', 'Papyrus', 'Party                      
                             LET', 'Phosphate', 'PilGi',                        
                             'PingFang HK', 'PingFang MO',                      
                             'PingFang SC', 'PingFang TC',                      
                             'Plantagenet Cherokee',                            
                             'Raanana', 'Rockwell',                             
                             'STFangsong', 'STHeiti', 'STIX                     
                             Two Math', 'STIX Two Text',                        
                             'STKaiti', 'STSong', 'Sana',                       
                             'Sans', 'Sathu', 'Savoye LET',                     
                             'Serif', 'Shree Devanagari                         
                             714', 'SignPainter', 'Silom',                      
                             'SimSong', 'Sinhala MN',                           
                             'Sinhala Sangam MN', 'Skia',                       
                             'Snell Roundhand', 'Songti SC',                    
                             'Songti TC', 'Sukhumvit Set',                      
                             'Symbol', 'Tahoma', 'Tamil MN',                    
                             'Tamil Sangam MN', 'Telugu MN',                    
                             'Telugu Sangam MN', 'Thonburi',                    
                             'Times New Roman', 'Toppan                         
                             Bunkyu Gothic', 'Toppan Bunkyu                     
                             Midashi Gothic', 'Toppan Bunkyu                    
                             Midashi Mincho', 'Toppan Bunkyu                    
                             Mincho', 'Trattatello',                            
                             'Trebuchet MS', 'Tsukushi A                        
                             Round Gothic', 'Tsukushi B                         
                             Round Gothic', 'Verdana',                          
                             'Waseem', 'Wawati SC', 'Wawati                     
                             TC', 'Webdings', 'Weibei SC',                      
                             'Weibei TC', 'Wingdings',                          
                             'Wingdings 2', 'Wingdings 3',                      
                             'Xingkai SC', 'Xingkai TC',                        
                             'YuGothic', 'YuKyokasho',                          
                             'YuKyokasho Yoko', 'YuMincho',                     
                             'YuMincho +36p Kana', 'Yuanti                      
                             SC', 'Yuanti TC', 'Yuppy SC',                      
                             'Yuppy TC', 'Zapf Dingbats',                       
                             'Zapfino', 'cursive',                              
                             'fantasy', 'system-ui'].                           
                    INFO     Animation 11 : Using cached    cairo_renderer.py:94
                             data (hash :                                       
                             656162490_1751726226_212974793                     
                             6)                                                 
Animation 11: Transform(Text('随机事件与概率')), etc.:   0%|          | 0/1 [00:00<?, ?it/s]                                                                                            [02/27/26 10:31:19] WARNING  Font Noto Sans CJK SC not in    text_mobject.py:464
                             ['.AppleSystemUIFont', 'Academy                    
                             Engraved LET', 'Al Bayan', 'Al                     
                             Nile', 'Al Tarikh', 'American                      
                             Typewriter', 'Andale Mono',                        
                             'Apple Braille', 'Apple                            
                             Chancery', 'Apple Color Emoji',                    
                             'Apple LiGothic', 'Apple                           
                             LiSung', 'Apple SD Gothic Neo',                    
                             'Apple Symbols', 'AppleGothic',                    
                             'AppleMyungjo', 'Arial', 'Arial                    
                             Black', 'Arial Hebrew', 'Arial                     
                             Hebrew Scholar', 'Arial                            
                             Narrow', 'Arial Rounded MT                         
                             Bold', 'Arial Unicode MS',                         
                             'Avenir', 'Avenir Next',                           
                             'Avenir Next Condensed',                           
                             'Ayuthaya', 'BIZ UDGothic',                        
                             'BIZ UDMincho', 'BM Dohyeon',                      
                             'BM Hanna 11yrs Old', 'BM Hanna                    
                             Air', 'BM Hanna Pro', 'BM Jua',                    
                             'BM Kirang Haerang', 'BM                           
                             Yeonsung', 'Baghdad', 'Bangla                      
                             MN', 'Bangla Sangam MN', 'Baoli                    
                             SC', 'Baoli TC', 'Baskerville',                    
                             'Beirut', 'BiauKaiHK',                             
                             'BiauKaiTC', 'Big Caslon',                         
                             'Bodoni 72', 'Bodoni 72                            
                             Oldstyle', 'Bodoni 72                              
                             Smallcaps', 'Bodoni Ornaments',                    
                             'Bradley Hand', 'Brush Script                      
                             MT', 'Chalkboard', 'Chalkboard                     
                             SE', 'Chalkduster', 'Charter',                     
                             'Cochin', 'Comic Sans MS',                         
                             'Copperplate', 'Corsiva                            
                             Hebrew', 'Courier New', 'DIN                       
                             Alternate', 'DIN Condensed',                       
                             'Damascus', 'DecoType Naskh',                      
                             'Devanagari MT', 'Devanagari                       
                             Sangam MN', 'Didot', 'Diwan                        
                             Kufi', 'Diwan Thuluth',                            
                             'Euphemia UCAS', 'Farah',                          
                             'Farisi', 'Futura', 'GB18030                       
                             Bitmap', 'Galvji', 'Geeza Pro',                    
                             'Geneva', 'Georgia', 'Gill                         
                             Sans', 'Grantha Sangam MN',                        
                             'Gujarati MT', 'Gujarati Sangam                    
                             MN', 'GungSeo', 'Gurmukhi MN',                     
                             'Gurmukhi MT', 'Gurmukhi Sangam                    
                             MN', 'Hannotate SC', 'Hannotate                    
                             TC', 'HanziPen SC', 'HanziPen                      
                             TC', 'HeadLineA', 'Hei', 'Heiti                    
                             SC', 'Heiti TC', 'Helvetica',                      
                             'Helvetica Neue', 'Herculanum',                    
                             'Hiragino Maru Gothic ProN',                       
                             'Hiragino Mincho ProN',                            
                             'Hiragino Sans', 'Hiragino Sans                    
                             GB', 'Hoefler Text', 'ITF                          
                             Devanagari', 'ITF Devanagari                       
                             Marathi', 'Impact',                                
                             'InaiMathi', 'Kai', 'Kailasa',                     
                             'Kaiti SC', 'Kaiti TC',                            
                             'Kannada MN', 'Kannada Sangam                      
                             MN', 'Kefa III', 'Khmer MN',                       
                             'Khmer Sangam MN', 'Klee',                         
                             'Kohinoor Bangla', 'Kohinoor                       
                             Devanagari', 'Kohinoor                             
                             Gujarati', 'Kohinoor Telugu',                      
                             'Kokonor', 'Krungthep',                            
                             'KufiStandardGK', 'LXGW                            
                             ZhenKai', 'Lantinghei SC',                         
                             'Lantinghei TC', 'Lao MN', 'Lao                    
                             Sangam MN', 'LiHei Pro',                           
                             'LiSong Pro', 'Libian SC',                         
                             'Libian TC', 'LingWai SC',                         
                             'LingWai TC', 'Lucida Grande',                     
                             'Luminari', 'Malayalam MN',                        
                             'Malayalam Sangam MN', 'Marker                     
                             Felt', 'Menlo', 'Microsoft Sans                    
                             Serif', 'Mishafi', 'Mishafi                        
                             Gold', 'Monaco', 'Monospace',                      
                             'Mshtakan', 'Mukta Mahee',                         
                             'Muna', 'Myanmar MN', 'Myanmar                     
                             Sangam MN', 'Nadeem', 'Nanum                       
                             Brush Script', 'Nanum Gothic',                     
                             'Nanum Myeongjo', 'Nanum Pen                       
                             Script', 'New Peninim MT',                         
                             'Noteworthy', 'Noto Nastaliq                       
                             Urdu', 'Noto Sans Batak', 'Noto                    
                             Sans Kannada', 'Noto Sans                          
                             Myanmar', 'Noto Sans NKo',                         
                             'Noto Sans Oriya', 'Noto Sans                      
                             Syriac', 'Noto Sans Tagalog',                      
                             'Noto Serif Myanmar', 'Optima',                    
                             'Oriya MN', 'Oriya Sangam MN',                     
                             'Osaka', 'PCMyungjo', 'PT                          
                             Mono', 'PT Sans', 'PT Sans                         
                             Caption', 'PT Sans Narrow', 'PT                    
                             Serif', 'PT Serif Caption',                        
                             'Palatino', 'Papyrus', 'Party                      
                             LET', 'Phosphate', 'PilGi',                        
                             'PingFang HK', 'PingFang MO',                      
                             'PingFang SC', 'PingFang TC',                      
                             'Plantagenet Cherokee',                            
                             'Raanana', 'Rockwell',                             
                             'STFangsong', 'STHeiti', 'STIX                     
                             Two Math', 'STIX Two Text',                        
                             'STKaiti', 'STSong', 'Sana',                       
                             'Sans', 'Sathu', 'Savoye LET',                     
                             'Serif', 'Shree Devanagari                         
                             714', 'SignPainter', 'Silom',                      
                             'SimSong', 'Sinhala MN',                           
                             'Sinhala Sangam MN', 'Skia',                       
                             'Snell Roundhand', 'Songti SC',                    
                             'Songti TC', 'Sukhumvit Set',                      
                             'Symbol', 'Tahoma', 'Tamil MN',                    
                             'Tamil Sangam MN', 'Telugu MN',                    
                             'Telugu Sangam MN', 'Thonburi',                    
                             'Times New Roman', 'Toppan                         
                             Bunkyu Gothic', 'Toppan Bunkyu                     
                             Midashi Gothic', 'Toppan Bunkyu                    
                             Midashi Mincho', 'Toppan Bunkyu                    
                             Mincho', 'Trattatello',                            
                             'Trebuchet MS', 'Tsukushi A                        
                             Round Gothic', 'Tsukushi B                         
                             Round Gothic', 'Verdana',                          
                             'Waseem', 'Wawati SC', 'Wawati                     
                             TC', 'Webdings', 'Weibei SC',                      
                             'Weibei TC', 'Wingdings',                          
                             'Wingdings 2', 'Wingdings 3',                      
                             'Xingkai SC', 'Xingkai TC',                        
                             'YuGothic', 'YuKyokasho',                          
                             'YuKyokasho Yoko', 'YuMincho',                     
                             'YuMincho +36p Kana', 'Yuanti                      
                             SC', 'Yuanti TC', 'Yuppy SC',                      
                             'Yuppy TC', 'Zapf Dingbats',                       
                             'Zapfino', 'cursive',                              
                             'fantasy', 'system-ui'].                           
                    INFO     Animation 12 : Using cached    cairo_renderer.py:94
                             data (hash :                                       
                             656162490_1860272808_444983453                     
                             )                                                  
Animation 12: Write(Text('什么是随机事件？')):   0%|          | 0/1 [00:00<?, ?it/s]                                                                                                        WARNING  Font Noto Sans CJK SC not in    text_mobject.py:464
                             ['.AppleSystemUIFont', 'Academy                    
                             Engraved LET', 'Al Bayan', 'Al                     
                             Nile', 'Al Tarikh', 'American                      
                             Typewriter', 'Andale Mono',                        
                             'Apple Braille', 'Apple                            
                             Chancery', 'Apple Color Emoji',                    
                             'Apple LiGothic', 'Apple                           
                             LiSung', 'Apple SD Gothic Neo',                    
                             'Apple Symbols', 'AppleGothic',                    
                             'AppleMyungjo', 'Arial', 'Arial                    
                             Black', 'Arial Hebrew', 'Arial                     
                             Hebrew Scholar', 'Arial                            
                             Narrow', 'Arial Rounded MT                         
                             Bold', 'Arial Unicode MS',                         
                             'Avenir', 'Avenir Next',                           
                             'Avenir Next Condensed',                           
                             'Ayuthaya', 'BIZ UDGothic',                        
                             'BIZ UDMincho', 'BM Dohyeon',                      
                             'BM Hanna 11yrs Old', 'BM Hanna                    
                             Air', 'BM Hanna Pro', 'BM Jua',                    
                             'BM Kirang Haerang', 'BM                           
                             Yeonsung', 'Baghdad', 'Bangla                      
                             MN', 'Bangla Sangam MN', 'Baoli                    
                             SC', 'Baoli TC', 'Baskerville',                    
                             'Beirut', 'BiauKaiHK',                             
                             'BiauKaiTC', 'Big Caslon',                         
                             'Bodoni 72', 'Bodoni 72                            
                             Oldstyle', 'Bodoni 72                              
                             Smallcaps', 'Bodoni Ornaments',                    
                             'Bradley Hand', 'Brush Script                      
                             MT', 'Chalkboard', 'Chalkboard                     
                             SE', 'Chalkduster', 'Charter',                     
                             'Cochin', 'Comic Sans MS',                         
                             'Copperplate', 'Corsiva                            
                             Hebrew', 'Courier New', 'DIN                       
                             Alternate', 'DIN Condensed',                       
                             'Damascus', 'DecoType Naskh',                      
                             'Devanagari MT', 'Devanagari                       
                             Sangam MN', 'Didot', 'Diwan                        
                             Kufi', 'Diwan Thuluth',                            
                             'Euphemia UCAS', 'Farah',                          
                             'Farisi', 'Futura', 'GB18030                       
                             Bitmap', 'Galvji', 'Geeza Pro',                    
                             'Geneva', 'Georgia', 'Gill                         
                             Sans', 'Grantha Sangam MN',                        
                             'Gujarati MT', 'Gujarati Sangam                    
                             MN', 'GungSeo', 'Gurmukhi MN',                     
                             'Gurmukhi MT', 'Gurmukhi Sangam                    
                             MN', 'Hannotate SC', 'Hannotate                    
                             TC', 'HanziPen SC', 'HanziPen                      
                             TC', 'HeadLineA', 'Hei', 'Heiti                    
                             SC', 'Heiti TC', 'Helvetica',                      
                             'Helvetica Neue', 'Herculanum',                    
                             'Hiragino Maru Gothic ProN',                       
                             'Hiragino Mincho ProN',                            
                             'Hiragino Sans', 'Hiragino Sans                    
                             GB', 'Hoefler Text', 'ITF                          
                             Devanagari', 'ITF Devanagari                       
                             Marathi', 'Impact',                                
                             'InaiMathi', 'Kai', 'Kailasa',                     
                             'Kaiti SC', 'Kaiti TC',                            
                             'Kannada MN', 'Kannada Sangam                      
                             MN', 'Kefa III', 'Khmer MN',                       
                             'Khmer Sangam MN', 'Klee',                         
                             'Kohinoor Bangla', 'Kohinoor                       
                             Devanagari', 'Kohinoor                             
                             Gujarati', 'Kohinoor Telugu',                      
                             'Kokonor', 'Krungthep',                            
                             'KufiStandardGK', 'LXGW                            
                             ZhenKai', 'Lantinghei SC',                         
                             'Lantinghei TC', 'Lao MN', 'Lao                    
                             Sangam MN', 'LiHei Pro',                           
                             'LiSong Pro', 'Libian SC',                         
                             'Libian TC', 'LingWai SC',                         
                             'LingWai TC', 'Lucida Grande',                     
                             'Luminari', 'Malayalam MN',                        
                             'Malayalam Sangam MN', 'Marker                     
                             Felt', 'Menlo', 'Microsoft Sans                    
                             Serif', 'Mishafi', 'Mishafi                        
                             Gold', 'Monaco', 'Monospace',                      
                             'Mshtakan', 'Mukta Mahee',                         
                             'Muna', 'Myanmar MN', 'Myanmar                     
                             Sangam MN', 'Nadeem', 'Nanum                       
                             Brush Script', 'Nanum Gothic',                     
                             'Nanum Myeongjo', 'Nanum Pen                       
                             Script', 'New Peninim MT',                         
                             'Noteworthy', 'Noto Nastaliq                       
                             Urdu', 'Noto Sans Batak', 'Noto                    
                             Sans Kannada', 'Noto Sans                          
                             Myanmar', 'Noto Sans NKo',                         
                             'Noto Sans Oriya', 'Noto Sans                      
                             Syriac', 'Noto Sans Tagalog',                      
                             'Noto Serif Myanmar', 'Optima',                    
                             'Oriya MN', 'Oriya Sangam MN',                     
                             'Osaka', 'PCMyungjo', 'PT                          
                             Mono', 'PT Sans', 'PT Sans                         
                             Caption', 'PT Sans Narrow', 'PT                    
                             Serif', 'PT Serif Caption',                        
                             'Palatino', 'Papyrus', 'Party                      
                             LET', 'Phosphate', 'PilGi',                        
                             'PingFang HK', 'PingFang MO',                      
                             'PingFang SC', 'PingFang TC',                      
                             'Plantagenet Cherokee',                            
                             'Raanana', 'Rockwell',                             
                             'STFangsong', 'STHeiti', 'STIX                     
                             Two Math', 'STIX Two Text',                        
                             'STKaiti', 'STSong', 'Sana',                       
                             'Sans', 'Sathu', 'Savoye LET',                     
                             'Serif', 'Shree Devanagari                         
                             714', 'SignPainter', 'Silom',                      
                             'SimSong', 'Sinhala MN',                           
                             'Sinhala Sangam MN', 'Skia',                       
                             'Snell Roundhand', 'Songti SC',                    
                             'Songti TC', 'Sukhumvit Set',                      
                             'Symbol', 'Tahoma', 'Tamil MN',                    
                             'Tamil Sangam MN', 'Telugu MN',                    
                             'Telugu Sangam MN', 'Thonburi',                    
                             'Times New Roman', 'Toppan                         
                             Bunkyu Gothic', 'Toppan Bunkyu                     
                             Midashi Gothic', 'Toppan Bunkyu                    
                             Midashi Mincho', 'Toppan Bunkyu                    
                             Mincho', 'Trattatello',                            
                             'Trebuchet MS', 'Tsukushi A                        
                             Round Gothic', 'Tsukushi B                         
                             Round Gothic', 'Verdana',                          
                             'Waseem', 'Wawati SC', 'Wawati                     
                             TC', 'Webdings', 'Weibei SC',                      
                             'Weibei TC', 'Wingdings',                          
                             'Wingdings 2', 'Wingdings 3',                      
                             'Xingkai SC', 'Xingkai TC',                        
                             'YuGothic', 'YuKyokasho',                          
                             'YuKyokasho Yoko', 'YuMincho',                     
                             'YuMincho +36p Kana', 'Yuanti                      
                             SC', 'Yuanti TC', 'Yuppy SC',                      
                             'Yuppy TC', 'Zapf Dingbats',                       
                             'Zapfino', 'cursive',                              
                             'fantasy', 'system-ui'].                           
                    WARNING  Font Noto Sans CJK SC not in    text_mobject.py:464
                             ['.AppleSystemUIFont', 'Academy                    
                             Engraved LET', 'Al Bayan', 'Al                     
                             Nile', 'Al Tarikh', 'American                      
                             Typewriter', 'Andale Mono',                        
                             'Apple Braille', 'Apple                            
                             Chancery', 'Apple Color Emoji',                    
                             'Apple LiGothic', 'Apple                           
                             LiSung', 'Apple SD Gothic Neo',                    
                             'Apple Symbols', 'AppleGothic',                    
                             'AppleMyungjo', 'Arial', 'Arial                    
                             Black', 'Arial Hebrew', 'Arial                     
                             Hebrew Scholar', 'Arial                            
                             Narrow', 'Arial Rounded MT                         
                             Bold', 'Arial Unicode MS',                         
                             'Avenir', 'Avenir Next',                           
                             'Avenir Next Condensed',                           
                             'Ayuthaya', 'BIZ UDGothic',                        
                             'BIZ UDMincho', 'BM Dohyeon',                      
                             'BM Hanna 11yrs Old', 'BM Hanna                    
                             Air', 'BM Hanna Pro', 'BM Jua',                    
                             'BM Kirang Haerang', 'BM                           
                             Yeonsung', 'Baghdad', 'Bangla                      
                             MN', 'Bangla Sangam MN', 'Baoli                    
                             SC', 'Baoli TC', 'Baskerville',                    
                             'Beirut', 'BiauKaiHK',                             
                             'BiauKaiTC', 'Big Caslon',                         
                             'Bodoni 72', 'Bodoni 72                            
                             Oldstyle', 'Bodoni 72                              
                             Smallcaps', 'Bodoni Ornaments',                    
                             'Bradley Hand', 'Brush Script                      
                             MT', 'Chalkboard', 'Chalkboard                     
                             SE', 'Chalkduster', 'Charter',                     
                             'Cochin', 'Comic Sans MS',                         
                             'Copperplate', 'Corsiva                            
                             Hebrew', 'Courier New', 'DIN                       
                             Alternate', 'DIN Condensed',                       
                             'Damascus', 'DecoType Naskh',                      
                             'Devanagari MT', 'Devanagari                       
                             Sangam MN', 'Didot', 'Diwan                        
                             Kufi', 'Diwan Thuluth',                            
                             'Euphemia UCAS', 'Farah',                          
                             'Farisi', 'Futura', 'GB18030                       
                             Bitmap', 'Galvji', 'Geeza Pro',                    
                             'Geneva', 'Georgia', 'Gill                         
                             Sans', 'Grantha Sangam MN',                        
                             'Gujarati MT', 'Gujarati Sangam                    
                             MN', 'GungSeo', 'Gurmukhi MN',                     
                             'Gurmukhi MT', 'Gurmukhi Sangam                    
                             MN', 'Hannotate SC', 'Hannotate                    
                             TC', 'HanziPen SC', 'HanziPen                      
                             TC', 'HeadLineA', 'Hei', 'Heiti                    
                             SC', 'Heiti TC', 'Helvetica',                      
                             'Helvetica Neue', 'Herculanum',                    
                             'Hiragino Maru Gothic ProN',                       
                             'Hiragino Mincho ProN',                            
                             'Hiragino Sans', 'Hiragino Sans                    
                             GB', 'Hoefler Text', 'ITF                          
                             Devanagari', 'ITF Devanagari                       
                             Marathi', 'Impact',                                
                             'InaiMathi', 'Kai', 'Kailasa',                     
                             'Kaiti SC', 'Kaiti TC',                            
                             'Kannada MN', 'Kannada Sangam                      
                             MN', 'Kefa III', 'Khmer MN',                       
                             'Khmer Sangam MN', 'Klee',                         
                             'Kohinoor Bangla', 'Kohinoor                       
                             Devanagari', 'Kohinoor                             
                             Gujarati', 'Kohinoor Telugu',                      
                             'Kokonor', 'Krungthep',                            
                             'KufiStandardGK', 'LXGW                            
                             ZhenKai', 'Lantinghei SC',                         
                             'Lantinghei TC', 'Lao MN', 'Lao                    
                             Sangam MN', 'LiHei Pro',                           
                             'LiSong Pro', 'Libian SC',                         
                             'Libian TC', 'LingWai SC',                         
                             'LingWai TC', 'Lucida Grande',                     
                             'Luminari', 'Malayalam MN',                        
                             'Malayalam Sangam MN', 'Marker                     
                             Felt', 'Menlo', 'Microsoft Sans                    
                             Serif', 'Mishafi', 'Mishafi                        
                             Gold', 'Monaco', 'Monospace',                      
                             'Mshtakan', 'Mukta Mahee',                         
                             'Muna', 'Myanmar MN', 'Myanmar                     
                             Sangam MN', 'Nadeem', 'Nanum                       
                             Brush Script', 'Nanum Gothic',                     
                             'Nanum Myeongjo', 'Nanum Pen                       
                             Script', 'New Peninim MT',                         
                             'Noteworthy', 'Noto Nastaliq                       
                             Urdu', 'Noto Sans Batak', 'Noto                    
                             Sans Kannada', 'Noto Sans                          
                             Myanmar', 'Noto Sans NKo',                         
                             'Noto Sans Oriya', 'Noto Sans                      
                             Syriac', 'Noto Sans Tagalog',                      
                             'Noto Serif Myanmar', 'Optima',                    
                             'Oriya MN', 'Oriya Sangam MN',                     
                             'Osaka', 'PCMyungjo', 'PT                          
                             Mono', 'PT Sans', 'PT Sans                         
                             Caption', 'PT Sans Narrow', 'PT                    
                             Serif', 'PT Serif Caption',                        
                             'Palatino', 'Papyrus', 'Party                      
                             LET', 'Phosphate', 'PilGi',                        
                             'PingFang HK', 'PingFang MO',                      
                             'PingFang SC', 'PingFang TC',                      
                             'Plantagenet Cherokee',                            
                             'Raanana', 'Rockwell',                             
                             'STFangsong', 'STHeiti', 'STIX                     
                             Two Math', 'STIX Two Text',                        
                             'STKaiti', 'STSong', 'Sana',                       
                             'Sans', 'Sathu', 'Savoye LET',                     
                             'Serif', 'Shree Devanagari                         
                             714', 'SignPainter', 'Silom',                      
                             'SimSong', 'Sinhala MN',                           
                             'Sinhala Sangam MN', 'Skia',                       
                             'Snell Roundhand', 'Songti SC',                    
                             'Songti TC', 'Sukhumvit Set',                      
                             'Symbol', 'Tahoma', 'Tamil MN',                    
                             'Tamil Sangam MN', 'Telugu MN',                    
                             'Telugu Sangam MN', 'Thonburi',                    
                             'Times New Roman', 'Toppan                         
                             Bunkyu Gothic', 'Toppan Bunkyu                     
                             Midashi Gothic', 'Toppan Bunkyu                    
                             Midashi Mincho', 'Toppan Bunkyu                    
                             Mincho', 'Trattatello',                            
                             'Trebuchet MS', 'Tsukushi A                        
                             Round Gothic', 'Tsukushi B                         
                             Round Gothic', 'Verdana',                          
                             'Waseem', 'Wawati SC', 'Wawati                     
                             TC', 'Webdings', 'Weibei SC',                      
                             'Weibei TC', 'Wingdings',                          
                             'Wingdings 2', 'Wingdings 3',                      
                             'Xingkai SC', 'Xingkai TC',                        
                             'YuGothic', 'YuKyokasho',                          
                             'YuKyokasho Yoko', 'YuMincho',                     
                             'YuMincho +36p Kana', 'Yuanti                      
                             SC', 'Yuanti TC', 'Yuppy SC',                      
                             'Yuppy TC', 'Zapf Dingbats',                       
                             'Zapfino', 'cursive',                              
                             'fantasy', 'system-ui'].                           
                    WARNING  Font Noto Sans CJK SC not in    text_mobject.py:464
                             ['.AppleSystemUIFont', 'Academy                    
                             Engraved LET', 'Al Bayan', 'Al                     
                             Nile', 'Al Tarikh', 'American                      
                             Typewriter', 'Andale Mono',                        
                             'Apple Braille', 'Apple                            
                             Chancery', 'Apple Color Emoji',                    
                             'Apple LiGothic', 'Apple                           
                             LiSung', 'Apple SD Gothic Neo',                    
                             'Apple Symbols', 'AppleGothic',                    
                             'AppleMyungjo', 'Arial', 'Arial                    
                             Black', 'Arial Hebrew', 'Arial                     
                             Hebrew Scholar', 'Arial                            
                             Narrow', 'Arial Rounded MT                         
                             Bold', 'Arial Unicode MS',                         
                             'Avenir', 'Avenir Next',                           
                             'Avenir Next Condensed',                           
                             'Ayuthaya', 'BIZ UDGothic',                        
                             'BIZ UDMincho', 'BM Dohyeon',                      
                             'BM Hanna 11yrs Old', 'BM Hanna                    
                             Air', 'BM Hanna Pro', 'BM Jua',                    
                             'BM Kirang Haerang', 'BM                           
                             Yeonsung', 'Baghdad', 'Bangla                      
                             MN', 'Bangla Sangam MN', 'Baoli                    
                             SC', 'Baoli TC', 'Baskerville',                    
                             'Beirut', 'BiauKaiHK',                             
                             'BiauKaiTC', 'Big Caslon',                         
                             'Bodoni 72', 'Bodoni 72                            
                             Oldstyle', 'Bodoni 72                              
                             Smallcaps', 'Bodoni Ornaments',                    
                             'Bradley Hand', 'Brush Script                      
                             MT', 'Chalkboard', 'Chalkboard                     
                             SE', 'Chalkduster', 'Charter',                     
                             'Cochin', 'Comic Sans MS',                         
                             'Copperplate', 'Corsiva                            
                             Hebrew', 'Courier New', 'DIN                       
                             Alternate', 'DIN Condensed',                       
                             'Damascus', 'DecoType Naskh',                      
                             'Devanagari MT', 'Devanagari                       
                             Sangam MN', 'Didot', 'Diwan                        
                             Kufi', 'Diwan Thuluth',                            
                             'Euphemia UCAS', 'Farah',                          
                             'Farisi', 'Futura', 'GB18030                       
                             Bitmap', 'Galvji', 'Geeza Pro',                    
                             'Geneva', 'Georgia', 'Gill                         
                             Sans', 'Grantha Sangam MN',                        
                             'Gujarati MT', 'Gujarati Sangam                    
                             MN', 'GungSeo', 'Gurmukhi MN',                     
                             'Gurmukhi MT', 'Gurmukhi Sangam                    
                             MN', 'Hannotate SC', 'Hannotate                    
                             TC', 'HanziPen SC', 'HanziPen                      
                             TC', 'HeadLineA', 'Hei', 'Heiti                    
                             SC', 'Heiti TC', 'Helvetica',                      
                             'Helvetica Neue', 'Herculanum',                    
                             'Hiragino Maru Gothic ProN',                       
                             'Hiragino Mincho ProN',                            
                             'Hiragino Sans', 'Hiragino Sans                    
                             GB', 'Hoefler Text', 'ITF                          
                             Devanagari', 'ITF Devanagari                       
                             Marathi', 'Impact',                                
                             'InaiMathi', 'Kai', 'Kailasa',                     
                             'Kaiti SC', 'Kaiti TC',                            
                             'Kannada MN', 'Kannada Sangam                      
                             MN', 'Kefa III', 'Khmer MN',                       
                             'Khmer Sangam MN', 'Klee',                         
                             'Kohinoor Bangla', 'Kohinoor                       
                             Devanagari', 'Kohinoor                             
                             Gujarati', 'Kohinoor Telugu',                      
                             'Kokonor', 'Krungthep',                            
                             'KufiStandardGK', 'LXGW                            
                             ZhenKai', 'Lantinghei SC',                         
                             'Lantinghei TC', 'Lao MN', 'Lao                    
                             Sangam MN', 'LiHei Pro',                           
                             'LiSong Pro', 'Libian SC',                         
                             'Libian TC', 'LingWai SC',                         
                             'LingWai TC', 'Lucida Grande',                     
                             'Luminari', 'Malayalam MN',                        
                             'Malayalam Sangam MN', 'Marker                     
                             Felt', 'Menlo', 'Microsoft Sans                    
                             Serif', 'Mishafi', 'Mishafi                        
                             Gold', 'Monaco', 'Monospace',                      
                             'Mshtakan', 'Mukta Mahee',                         
                             'Muna', 'Myanmar MN', 'Myanmar                     
                             Sangam MN', 'Nadeem', 'Nanum                       
                             Brush Script', 'Nanum Gothic',                     
                             'Nanum Myeongjo', 'Nanum Pen                       
                             Script', 'New Peninim MT',                         
                             'Noteworthy', 'Noto Nastaliq                       
                             Urdu', 'Noto Sans Batak', 'Noto                    
                             Sans Kannada', 'Noto Sans                          
                             Myanmar', 'Noto Sans NKo',                         
                             'Noto Sans Oriya', 'Noto Sans                      
                             Syriac', 'Noto Sans Tagalog',                      
                             'Noto Serif Myanmar', 'Optima',                    
                             'Oriya MN', 'Oriya Sangam MN',                     
                             'Osaka', 'PCMyungjo', 'PT                          
                             Mono', 'PT Sans', 'PT Sans                         
                             Caption', 'PT Sans Narrow', 'PT                    
                             Serif', 'PT Serif Caption',                        
                             'Palatino', 'Papyrus', 'Party                      
                             LET', 'Phosphate', 'PilGi',                        
                             'PingFang HK', 'PingFang MO',                      
                             'PingFang SC', 'PingFang TC',                      
                             'Plantagenet Cherokee',                            
                             'Raanana', 'Rockwell',                             
                             'STFangsong', 'STHeiti', 'STIX                     
                             Two Math', 'STIX Two Text',                        
                             'STKaiti', 'STSong', 'Sana',                       
                             'Sans', 'Sathu', 'Savoye LET',                     
                             'Serif', 'Shree Devanagari                         
                             714', 'SignPainter', 'Silom',                      
                             'SimSong', 'Sinhala MN',                           
                             'Sinhala Sangam MN', 'Skia',                       
                             'Snell Roundhand', 'Songti SC',                    
                             'Songti TC', 'Sukhumvit Set',                      
                             'Symbol', 'Tahoma', 'Tamil MN',                    
                             'Tamil Sangam MN', 'Telugu MN',                    
                             'Telugu Sangam MN', 'Thonburi',                    
                             'Times New Roman', 'Toppan                         
                             Bunkyu Gothic', 'Toppan Bunkyu                     
                             Midashi Gothic', 'Toppan Bunkyu                    
                             Midashi Mincho', 'Toppan Bunkyu                    
                             Mincho', 'Trattatello',                            
                             'Trebuchet MS', 'Tsukushi A                        
                             Round Gothic', 'Tsukushi B                         
                             Round Gothic', 'Verdana',                          
                             'Waseem', 'Wawati SC', 'Wawati                     
                             TC', 'Webdings', 'Weibei SC',                      
                             'Weibei TC', 'Wingdings',                          
                             'Wingdings 2', 'Wingdings 3',                      
                             'Xingkai SC', 'Xingkai TC',                        
                             'YuGothic', 'YuKyokasho',                          
                             'YuKyokasho Yoko', 'YuMincho',                     
                             'YuMincho +36p Kana', 'Yuanti                      
                             SC', 'Yuanti TC', 'Yuppy SC',                      
                             'Yuppy TC', 'Zapf Dingbats',                       
                             'Zapfino', 'cursive',                              
                             'fantasy', 'system-ui'].                           
                    WARNING  Font Noto Sans CJK SC not in    text_mobject.py:464
                             ['.AppleSystemUIFont', 'Academy                    
                             Engraved LET', 'Al Bayan', 'Al                     
                             Nile', 'Al Tarikh', 'American                      
                             Typewriter', 'Andale Mono',                        
                             'Apple Braille', 'Apple                            
                             Chancery', 'Apple Color Emoji',                    
                             'Apple LiGothic', 'Apple                           
                             LiSung', 'Apple SD Gothic Neo',                    
                             'Apple Symbols', 'AppleGothic',                    
                             'AppleMyungjo', 'Arial', 'Arial                    
                             Black', 'Arial Hebrew', 'Arial                     
                             Hebrew Scholar', 'Arial                            
                             Narrow', 'Arial Rounded MT                         
                             Bold', 'Arial Unicode MS',                         
                             'Avenir', 'Avenir Next',                           
                             'Avenir Next Condensed',                           
                             'Ayuthaya', 'BIZ UDGothic',                        
                             'BIZ UDMincho', 'BM Dohyeon',                      
                             'BM Hanna 11yrs Old', 'BM Hanna                    
                             Air', 'BM Hanna Pro', 'BM Jua',                    
                             'BM Kirang Haerang', 'BM                           
                             Yeonsung', 'Baghdad', 'Bangla                      
                             MN', 'Bangla Sangam MN', 'Baoli                    
                             SC', 'Baoli TC', 'Baskerville',                    
                             'Beirut', 'BiauKaiHK',                             
                             'BiauKaiTC', 'Big Caslon',                         
                             'Bodoni 72', 'Bodoni 72                            
                             Oldstyle', 'Bodoni 72                              
                             Smallcaps', 'Bodoni Ornaments',                    
                             'Bradley Hand', 'Brush Script                      
                             MT', 'Chalkboard', 'Chalkboard                     
                             SE', 'Chalkduster', 'Charter',                     
                             'Cochin', 'Comic Sans MS',                         
                             'Copperplate', 'Corsiva                            
                             Hebrew', 'Courier New', 'DIN                       
                             Alternate', 'DIN Condensed',                       
                             'Damascus', 'DecoType Naskh',                      
                             'Devanagari MT', 'Devanagari                       
                             Sangam MN', 'Didot', 'Diwan                        
                             Kufi', 'Diwan Thuluth',                            
                             'Euphemia UCAS', 'Farah',                          
                             'Farisi', 'Futura', 'GB18030                       
                             Bitmap', 'Galvji', 'Geeza Pro',                    
                             'Geneva', 'Georgia', 'Gill                         
                             Sans', 'Grantha Sangam MN',                        
                             'Gujarati MT', 'Gujarati Sangam                    
                             MN', 'GungSeo', 'Gurmukhi MN',                     
                             'Gurmukhi MT', 'Gurmukhi Sangam                    
                             MN', 'Hannotate SC', 'Hannotate                    
                             TC', 'HanziPen SC', 'HanziPen                      
                             TC', 'HeadLineA', 'Hei', 'Heiti                    
                             SC', 'Heiti TC', 'Helvetica',                      
                             'Helvetica Neue', 'Herculanum',                    
                             'Hiragino Maru Gothic ProN',                       
                             'Hiragino Mincho ProN',                            
                             'Hiragino Sans', 'Hiragino Sans                    
                             GB', 'Hoefler Text', 'ITF                          
                             Devanagari', 'ITF Devanagari                       
                             Marathi', 'Impact',                                
                             'InaiMathi', 'Kai', 'Kailasa',                     
                             'Kaiti SC', 'Kaiti TC',                            
                             'Kannada MN', 'Kannada Sangam                      
                             MN', 'Kefa III', 'Khmer MN',                       
                             'Khmer Sangam MN', 'Klee',                         
                             'Kohinoor Bangla', 'Kohinoor                       
                             Devanagari', 'Kohinoor                             
                             Gujarati', 'Kohinoor Telugu',                      
                             'Kokonor', 'Krungthep',                            
                             'KufiStandardGK', 'LXGW                            
                             ZhenKai', 'Lantinghei SC',                         
                             'Lantinghei TC', 'Lao MN', 'Lao                    
                             Sangam MN', 'LiHei Pro',                           
                             'LiSong Pro', 'Libian SC',                         
                             'Libian TC', 'LingWai SC',                         
                             'LingWai TC', 'Lucida Grande',                     
                             'Luminari', 'Malayalam MN',                        
                             'Malayalam Sangam MN', 'Marker                     
                             Felt', 'Menlo', 'Microsoft Sans                    
                             Serif', 'Mishafi', 'Mishafi                        
                             Gold', 'Monaco', 'Monospace',                      
                             'Mshtakan', 'Mukta Mahee',                         
                             'Muna', 'Myanmar MN', 'Myanmar                     
                             Sangam MN', 'Nadeem', 'Nanum                       
                             Brush Script', 'Nanum Gothic',                     
                             'Nanum Myeongjo', 'Nanum Pen                       
                             Script', 'New Peninim MT',                         
                             'Noteworthy', 'Noto Nastaliq                       
                             Urdu', 'Noto Sans Batak', 'Noto                    
                             Sans Kannada', 'Noto Sans                          
                             Myanmar', 'Noto Sans NKo',                         
                             'Noto Sans Oriya', 'Noto Sans                      
                             Syriac', 'Noto Sans Tagalog',                      
                             'Noto Serif Myanmar', 'Optima',                    
                             'Oriya MN', 'Oriya Sangam MN',                     
                             'Osaka', 'PCMyungjo', 'PT                          
                             Mono', 'PT Sans', 'PT Sans                         
                             Caption', 'PT Sans Narrow', 'PT                    
                             Serif', 'PT Serif Caption',                        
                             'Palatino', 'Papyrus', 'Party                      
                             LET', 'Phosphate', 'PilGi',                        
                             'PingFang HK', 'PingFang MO',                      
                             'PingFang SC', 'PingFang TC',                      
                             'Plantagenet Cherokee',                            
                             'Raanana', 'Rockwell',                             
                             'STFangsong', 'STHeiti', 'STIX                     
                             Two Math', 'STIX Two Text',                        
                             'STKaiti', 'STSong', 'Sana',                       
                             'Sans', 'Sathu', 'Savoye LET',                     
                             'Serif', 'Shree Devanagari                         
                             714', 'SignPainter', 'Silom',                      
                             'SimSong', 'Sinhala MN',                           
                             'Sinhala Sangam MN', 'Skia',                       
                             'Snell Roundhand', 'Songti SC',                    
                             'Songti TC', 'Sukhumvit Set',                      
                             'Symbol', 'Tahoma', 'Tamil MN',                    
                             'Tamil Sangam MN', 'Telugu MN',                    
                             'Telugu Sangam MN', 'Thonburi',                    
                             'Times New Roman', 'Toppan                         
                             Bunkyu Gothic', 'Toppan Bunkyu                     
                             Midashi Gothic', 'Toppan Bunkyu                    
                             Midashi Mincho', 'Toppan Bunkyu                    
                             Mincho', 'Trattatello',                            
                             'Trebuchet MS', 'Tsukushi A                        
                             Round Gothic', 'Tsukushi B                         
                             Round Gothic', 'Verdana',                          
                             'Waseem', 'Wawati SC', 'Wawati                     
                             TC', 'Webdings', 'Weibei SC',                      
                             'Weibei TC', 'Wingdings',                          
                             'Wingdings 2', 'Wingdings 3',                      
                             'Xingkai SC', 'Xingkai TC',                        
                             'YuGothic', 'YuKyokasho',                          
                             'YuKyokasho Yoko', 'YuMincho',                     
                             'YuMincho +36p Kana', 'Yuanti                      
                             SC', 'Yuanti TC', 'Yuppy SC',                      
                             'Yuppy TC', 'Zapf Dingbats',                       
                             'Zapfino', 'cursive',                              
                             'fantasy', 'system-ui'].                           
                    WARNING  Font Noto Sans CJK SC not in    text_mobject.py:464
                             ['.AppleSystemUIFont', 'Academy                    
                             Engraved LET', 'Al Bayan', 'Al                     
                             Nile', 'Al Tarikh', 'American                      
                             Typewriter', 'Andale Mono',                        
                             'Apple Braille', 'Apple                            
                             Chancery', 'Apple Color Emoji',                    
                             'Apple LiGothic', 'Apple                           
                             LiSung', 'Apple SD Gothic Neo',                    
                             'Apple Symbols', 'AppleGothic',                    
                             'AppleMyungjo', 'Arial', 'Arial                    
                             Black', 'Arial Hebrew', 'Arial                     
                             Hebrew Scholar', 'Arial                            
                             Narrow', 'Arial Rounded MT                         
                             Bold', 'Arial Unicode MS',                         
                             'Avenir', 'Avenir Next',                           
                             'Avenir Next Condensed',                           
                             'Ayuthaya', 'BIZ UDGothic',                        
                             'BIZ UDMincho', 'BM Dohyeon',                      
                             'BM Hanna 11yrs Old', 'BM Hanna                    
                             Air', 'BM Hanna Pro', 'BM Jua',                    
                             'BM Kirang Haerang', 'BM                           
                             Yeonsung', 'Baghdad', 'Bangla                      
                             MN', 'Bangla Sangam MN', 'Baoli                    
                             SC', 'Baoli TC', 'Baskerville',                    
                             'Beirut', 'BiauKaiHK',                             
                             'BiauKaiTC', 'Big Caslon',                         
                             'Bodoni 72', 'Bodoni 72                            
                             Oldstyle', 'Bodoni 72                              
                             Smallcaps', 'Bodoni Ornaments',                    
                             'Bradley Hand', 'Brush Script                      
                             MT', 'Chalkboard', 'Chalkboard                     
                             SE', 'Chalkduster', 'Charter',                     
                             'Cochin', 'Comic Sans MS',                         
                             'Copperplate', 'Corsiva                            
                             Hebrew', 'Courier New', 'DIN                       
                             Alternate', 'DIN Condensed',                       
                             'Damascus', 'DecoType Naskh',                      
                             'Devanagari MT', 'Devanagari                       
                             Sangam MN', 'Didot', 'Diwan                        
                             Kufi', 'Diwan Thuluth',                            
                             'Euphemia UCAS', 'Farah',                          
                             'Farisi', 'Futura', 'GB18030                       
                             Bitmap', 'Galvji', 'Geeza Pro',                    
                             'Geneva', 'Georgia', 'Gill                         
                             Sans', 'Grantha Sangam MN',                        
                             'Gujarati MT', 'Gujarati Sangam                    
                             MN', 'GungSeo', 'Gurmukhi MN',                     
                             'Gurmukhi MT', 'Gurmukhi Sangam                    
                             MN', 'Hannotate SC', 'Hannotate                    
                             TC', 'HanziPen SC', 'HanziPen                      
                             TC', 'HeadLineA', 'Hei', 'Heiti                    
                             SC', 'Heiti TC', 'Helvetica',                      
                             'Helvetica Neue', 'Herculanum',                    
                             'Hiragino Maru Gothic ProN',                       
                             'Hiragino Mincho ProN',                            
                             'Hiragino Sans', 'Hiragino Sans                    
                             GB', 'Hoefler Text', 'ITF                          
                             Devanagari', 'ITF Devanagari                       
                             Marathi', 'Impact',                                
                             'InaiMathi', 'Kai', 'Kailasa',                     
                             'Kaiti SC', 'Kaiti TC',                            
                             'Kannada MN', 'Kannada Sangam                      
                             MN', 'Kefa III', 'Khmer MN',                       
                             'Khmer Sangam MN', 'Klee',                         
                             'Kohinoor Bangla', 'Kohinoor                       
                             Devanagari', 'Kohinoor                             
                             Gujarati', 'Kohinoor Telugu',                      
                             'Kokonor', 'Krungthep',                            
                             'KufiStandardGK', 'LXGW                            
                             ZhenKai', 'Lantinghei SC',                         
                             'Lantinghei TC', 'Lao MN', 'Lao                    
                             Sangam MN', 'LiHei Pro',                           
                             'LiSong Pro', 'Libian SC',                         
                             'Libian TC', 'LingWai SC',                         
                             'LingWai TC', 'Lucida Grande',                     
                             'Luminari', 'Malayalam MN',                        
                             'Malayalam Sangam MN', 'Marker                     
                             Felt', 'Menlo', 'Microsoft Sans                    
                             Serif', 'Mishafi', 'Mishafi                        
                             Gold', 'Monaco', 'Monospace',                      
                             'Mshtakan', 'Mukta Mahee',                         
                             'Muna', 'Myanmar MN', 'Myanmar                     
                             Sangam MN', 'Nadeem', 'Nanum                       
                             Brush Script', 'Nanum Gothic',                     
                             'Nanum Myeongjo', 'Nanum Pen                       
                             Script', 'New Peninim MT',                         
                             'Noteworthy', 'Noto Nastaliq                       
                             Urdu', 'Noto Sans Batak', 'Noto                    
                             Sans Kannada', 'Noto Sans                          
                             Myanmar', 'Noto Sans NKo',                         
                             'Noto Sans Oriya', 'Noto Sans                      
                             Syriac', 'Noto Sans Tagalog',                      
                             'Noto Serif Myanmar', 'Optima',                    
                             'Oriya MN', 'Oriya Sangam MN',                     
                             'Osaka', 'PCMyungjo', 'PT                          
                             Mono', 'PT Sans', 'PT Sans                         
                             Caption', 'PT Sans Narrow', 'PT                    
                             Serif', 'PT Serif Caption',                        
                             'Palatino', 'Papyrus', 'Party                      
                             LET', 'Phosphate', 'PilGi',                        
                             'PingFang HK', 'PingFang MO',                      
                             'PingFang SC', 'PingFang TC',                      
                             'Plantagenet Cherokee',                            
                             'Raanana', 'Rockwell',                             
                             'STFangsong', 'STHeiti', 'STIX                     
                             Two Math', 'STIX Two Text',                        
                             'STKaiti', 'STSong', 'Sana',                       
                             'Sans', 'Sathu', 'Savoye LET',                     
                             'Serif', 'Shree Devanagari                         
                             714', 'SignPainter', 'Silom',                      
                             'SimSong', 'Sinhala MN',                           
                             'Sinhala Sangam MN', 'Skia',                       
                             'Snell Roundhand', 'Songti SC',                    
                             'Songti TC', 'Sukhumvit Set',                      
                             'Symbol', 'Tahoma', 'Tamil MN',                    
                             'Tamil Sangam MN', 'Telugu MN',                    
                             'Telugu Sangam MN', 'Thonburi',                    
                             'Times New Roman', 'Toppan                         
                             Bunkyu Gothic', 'Toppan Bunkyu                     
                             Midashi Gothic', 'Toppan Bunkyu                    
                             Midashi Mincho', 'Toppan Bunkyu                    
                             Mincho', 'Trattatello',                            
                             'Trebuchet MS', 'Tsukushi A                        
                             Round Gothic', 'Tsukushi B                         
                             Round Gothic', 'Verdana',                          
                             'Waseem', 'Wawati SC', 'Wawati                     
                             TC', 'Webdings', 'Weibei SC',                      
                             'Weibei TC', 'Wingdings',                          
                             'Wingdings 2', 'Wingdings 3',                      
                             'Xingkai SC', 'Xingkai TC',                        
                             'YuGothic', 'YuKyokasho',                          
                             'YuKyokasho Yoko', 'YuMincho',                     
                             'YuMincho +36p Kana', 'Yuanti                      
                             SC', 'Yuanti TC', 'Yuppy SC',                      
                             'Yuppy TC', 'Zapf Dingbats',                       
                             'Zapfino', 'cursive',                              
                             'fantasy', 'system-ui'].                           
                    WARNING  Font Noto Sans CJK SC not in    text_mobject.py:464
                             ['.AppleSystemUIFont', 'Academy                    
                             Engraved LET', 'Al Bayan', 'Al                     
                             Nile', 'Al Tarikh', 'American                      
                             Typewriter', 'Andale Mono',                        
                             'Apple Braille', 'Apple                            
                             Chancery', 'Apple Color Emoji',                    
                             'Apple LiGothic', 'Apple                           
                             LiSung', 'Apple SD Gothic Neo',                    
                             'Apple Symbols', 'AppleGothic',                    
                             'AppleMyungjo', 'Arial', 'Arial                    
                             Black', 'Arial Hebrew', 'Arial                     
                             Hebrew Scholar', 'Arial                            
                             Narrow', 'Arial Rounded MT                         
                             Bold', 'Arial Unicode MS',                         
                             'Avenir', 'Avenir Next',                           
                             'Avenir Next Condensed',                           
                             'Ayuthaya', 'BIZ UDGothic',                        
                             'BIZ UDMincho', 'BM Dohyeon',                      
                             'BM Hanna 11yrs Old', 'BM Hanna                    
                             Air', 'BM Hanna Pro', 'BM Jua',                    
                             'BM Kirang Haerang', 'BM                           
                             Yeonsung', 'Baghdad', 'Bangla                      
                             MN', 'Bangla Sangam MN', 'Baoli                    
                             SC', 'Baoli TC', 'Baskerville',                    
                             'Beirut', 'BiauKaiHK',                             
                             'BiauKaiTC', 'Big Caslon',                         
                             'Bodoni 72', 'Bodoni 72                            
                             Oldstyle', 'Bodoni 72                              
                             Smallcaps', 'Bodoni Ornaments',                    
                             'Bradley Hand', 'Brush Script                      
                             MT', 'Chalkboard', 'Chalkboard                     
                             SE', 'Chalkduster', 'Charter',                     
                             'Cochin', 'Comic Sans MS',                         
                             'Copperplate', 'Corsiva                            
                             Hebrew', 'Courier New', 'DIN                       
                             Alternate', 'DIN Condensed',                       
                             'Damascus', 'DecoType Naskh',                      
                             'Devanagari MT', 'Devanagari                       
                             Sangam MN', 'Didot', 'Diwan                        
                             Kufi', 'Diwan Thuluth',                            
                             'Euphemia UCAS', 'Farah',                          
                             'Farisi', 'Futura', 'GB18030                       
                             Bitmap', 'Galvji', 'Geeza Pro',                    
                             'Geneva', 'Georgia', 'Gill                         
                             Sans', 'Grantha Sangam MN',                        
                             'Gujarati MT', 'Gujarati Sangam                    
                             MN', 'GungSeo', 'Gurmukhi MN',                     
                             'Gurmukhi MT', 'Gurmukhi Sangam                    
                             MN', 'Hannotate SC', 'Hannotate                    
                             TC', 'HanziPen SC', 'HanziPen                      
                             TC', 'HeadLineA', 'Hei', 'Heiti                    
                             SC', 'Heiti TC', 'Helvetica',                      
                             'Helvetica Neue', 'Herculanum',                    
                             'Hiragino Maru Gothic ProN',                       
                             'Hiragino Mincho ProN',                            
                             'Hiragino Sans', 'Hiragino Sans                    
                             GB', 'Hoefler Text', 'ITF                          
                             Devanagari', 'ITF Devanagari                       
                             Marathi', 'Impact',                                
                             'InaiMathi', 'Kai', 'Kailasa',                     
                             'Kaiti SC', 'Kaiti TC',                            
                             'Kannada MN', 'Kannada Sangam                      
                             MN', 'Kefa III', 'Khmer MN',                       
                             'Khmer Sangam MN', 'Klee',                         
                             'Kohinoor Bangla', 'Kohinoor                       
                             Devanagari', 'Kohinoor                             
                             Gujarati', 'Kohinoor Telugu',                      
                             'Kokonor', 'Krungthep',                            
                             'KufiStandardGK', 'LXGW                            
                             ZhenKai', 'Lantinghei SC',                         
                             'Lantinghei TC', 'Lao MN', 'Lao                    
                             Sangam MN', 'LiHei Pro',                           
                             'LiSong Pro', 'Libian SC',                         
                             'Libian TC', 'LingWai SC',                         
                             'LingWai TC', 'Lucida Grande',                     
                             'Luminari', 'Malayalam MN',                        
                             'Malayalam Sangam MN', 'Marker                     
                             Felt', 'Menlo', 'Microsoft Sans                    
                             Serif', 'Mishafi', 'Mishafi                        
                             Gold', 'Monaco', 'Monospace',                      
                             'Mshtakan', 'Mukta Mahee',                         
                             'Muna', 'Myanmar MN', 'Myanmar                     
                             Sangam MN', 'Nadeem', 'Nanum                       
                             Brush Script', 'Nanum Gothic',                     
                             'Nanum Myeongjo', 'Nanum Pen                       
                             Script', 'New Peninim MT',                         
                             'Noteworthy', 'Noto Nastaliq                       
                             Urdu', 'Noto Sans Batak', 'Noto                    
                             Sans Kannada', 'Noto Sans                          
                             Myanmar', 'Noto Sans NKo',                         
                             'Noto Sans Oriya', 'Noto Sans                      
                             Syriac', 'Noto Sans Tagalog',                      
                             'Noto Serif Myanmar', 'Optima',                    
                             'Oriya MN', 'Oriya Sangam MN',                     
                             'Osaka', 'PCMyungjo', 'PT                          
                             Mono', 'PT Sans', 'PT Sans                         
                             Caption', 'PT Sans Narrow', 'PT                    
                             Serif', 'PT Serif Caption',                        
                             'Palatino', 'Papyrus', 'Party                      
                             LET', 'Phosphate', 'PilGi',                        
                             'PingFang HK', 'PingFang MO',                      
                             'PingFang SC', 'PingFang TC',                      
                             'Plantagenet Cherokee',                            
                             'Raanana', 'Rockwell',                             
                             'STFangsong', 'STHeiti', 'STIX                     
                             Two Math', 'STIX Two Text',                        
                             'STKaiti', 'STSong', 'Sana',                       
                             'Sans', 'Sathu', 'Savoye LET',                     
                             'Serif', 'Shree Devanagari                         
                             714', 'SignPainter', 'Silom',                      
                             'SimSong', 'Sinhala MN',                           
                             'Sinhala Sangam MN', 'Skia',                       
                             'Snell Roundhand', 'Songti SC',                    
                             'Songti TC', 'Sukhumvit Set',                      
                             'Symbol', 'Tahoma', 'Tamil MN',                    
                             'Tamil Sangam MN', 'Telugu MN',                    
                             'Telugu Sangam MN', 'Thonburi',                    
                             'Times New Roman', 'Toppan                         
                             Bunkyu Gothic', 'Toppan Bunkyu                     
                             Midashi Gothic', 'Toppan Bunkyu                    
                             Midashi Mincho', 'Toppan Bunkyu                    
                             Mincho', 'Trattatello',                            
                             'Trebuchet MS', 'Tsukushi A                        
                             Round Gothic', 'Tsukushi B                         
                             Round Gothic', 'Verdana',                          
                             'Waseem', 'Wawati SC', 'Wawati                     
                             TC', 'Webdings', 'Weibei SC',                      
                             'Weibei TC', 'Wingdings',                          
                             'Wingdings 2', 'Wingdings 3',                      
                             'Xingkai SC', 'Xingkai TC',                        
                             'YuGothic', 'YuKyokasho',                          
                             'YuKyokasho Yoko', 'YuMincho',                     
                             'YuMincho +36p Kana', 'Yuanti                      
                             SC', 'Yuanti TC', 'Yuppy SC',                      
                             'Yuppy TC', 'Zapf Dingbats',                       
                             'Zapfino', 'cursive',                              
                             'fantasy', 'system-ui'].                           
                    WARNING  Font Noto Sans CJK SC not in    text_mobject.py:464
                             ['.AppleSystemUIFont', 'Academy                    
                             Engraved LET', 'Al Bayan', 'Al                     
                             Nile', 'Al Tarikh', 'American                      
                             Typewriter', 'Andale Mono',                        
                             'Apple Braille', 'Apple                            
                             Chancery', 'Apple Color Emoji',                    
                             'Apple LiGothic', 'Apple                           
                             LiSung', 'Apple SD Gothic Neo',                    
                             'Apple Symbols', 'AppleGothic',                    
                             'AppleMyungjo', 'Arial', 'Arial                    
                             Black', 'Arial Hebrew', 'Arial                     
                             Hebrew Scholar', 'Arial                            
                             Narrow', 'Arial Rounded MT                         
                             Bold', 'Arial Unicode MS',                         
                             'Avenir', 'Avenir Next',                           
                             'Avenir Next Condensed',                           
                             'Ayuthaya', 'BIZ UDGothic',                        
                             'BIZ UDMincho', 'BM Dohyeon',                      
                             'BM Hanna 11yrs Old', 'BM Hanna                    
                             Air', 'BM Hanna Pro', 'BM Jua',                    
                             'BM Kirang Haerang', 'BM                           
                             Yeonsung', 'Baghdad', 'Bangla                      
                             MN', 'Bangla Sangam MN', 'Baoli                    
                             SC', 'Baoli TC', 'Baskerville',                    
                             'Beirut', 'BiauKaiHK',                             
                             'BiauKaiTC', 'Big Caslon',                         
                             'Bodoni 72', 'Bodoni 72                            
                             Oldstyle', 'Bodoni 72                              
                             Smallcaps', 'Bodoni Ornaments',                    
                             'Bradley Hand', 'Brush Script                      
                             MT', 'Chalkboard', 'Chalkboard                     
                             SE', 'Chalkduster', 'Charter',                     
                             'Cochin', 'Comic Sans MS',                         
                             'Copperplate', 'Corsiva                            
                             Hebrew', 'Courier New', 'DIN                       
                             Alternate', 'DIN Condensed',                       
                             'Damascus', 'DecoType Naskh',                      
                             'Devanagari MT', 'Devanagari                       
                             Sangam MN', 'Didot', 'Diwan                        
                             Kufi', 'Diwan Thuluth',                            
                             'Euphemia UCAS', 'Farah',                          
                             'Farisi', 'Futura', 'GB18030                       
                             Bitmap', 'Galvji', 'Geeza Pro',                    
                             'Geneva', 'Georgia', 'Gill                         
                             Sans', 'Grantha Sangam MN',                        
                             'Gujarati MT', 'Gujarati Sangam                    
                             MN', 'GungSeo', 'Gurmukhi MN',                     
                             'Gurmukhi MT', 'Gurmukhi Sangam                    
                             MN', 'Hannotate SC', 'Hannotate                    
                             TC', 'HanziPen SC', 'HanziPen                      
                             TC', 'HeadLineA', 'Hei', 'Heiti                    
                             SC', 'Heiti TC', 'Helvetica',                      
                             'Helvetica Neue', 'Herculanum',                    
                             'Hiragino Maru Gothic ProN',                       
                             'Hiragino Mincho ProN',                            
                             'Hiragino Sans', 'Hiragino Sans                    
                             GB', 'Hoefler Text', 'ITF                          
                             Devanagari', 'ITF Devanagari                       
                             Marathi', 'Impact',                                
                             'InaiMathi', 'Kai', 'Kailasa',                     
                             'Kaiti SC', 'Kaiti TC',                            
                             'Kannada MN', 'Kannada Sangam                      
                             MN', 'Kefa III', 'Khmer MN',                       
                             'Khmer Sangam MN', 'Klee',                         
                             'Kohinoor Bangla', 'Kohinoor                       
                             Devanagari', 'Kohinoor                             
                             Gujarati', 'Kohinoor Telugu',                      
                             'Kokonor', 'Krungthep',                            
                             'KufiStandardGK', 'LXGW                            
                             ZhenKai', 'Lantinghei SC',                         
                             'Lantinghei TC', 'Lao MN', 'Lao                    
                             Sangam MN', 'LiHei Pro',                           
                             'LiSong Pro', 'Libian SC',                         
                             'Libian TC', 'LingWai SC',                         
                             'LingWai TC', 'Lucida Grande',                     
                             'Luminari', 'Malayalam MN',                        
                             'Malayalam Sangam MN', 'Marker                     
                             Felt', 'Menlo', 'Microsoft Sans                    
                             Serif', 'Mishafi', 'Mishafi                        
                             Gold', 'Monaco', 'Monospace',                      
                             'Mshtakan', 'Mukta Mahee',                         
                             'Muna', 'Myanmar MN', 'Myanmar                     
                             Sangam MN', 'Nadeem', 'Nanum                       
                             Brush Script', 'Nanum Gothic',                     
                             'Nanum Myeongjo', 'Nanum Pen                       
                             Script', 'New Peninim MT',                         
                             'Noteworthy', 'Noto Nastaliq                       
                             Urdu', 'Noto Sans Batak', 'Noto                    
                             Sans Kannada', 'Noto Sans                          
                             Myanmar', 'Noto Sans NKo',                         
                             'Noto Sans Oriya', 'Noto Sans                      
                             Syriac', 'Noto Sans Tagalog',                      
                             'Noto Serif Myanmar', 'Optima',                    
                             'Oriya MN', 'Oriya Sangam MN',                     
                             'Osaka', 'PCMyungjo', 'PT                          
                             Mono', 'PT Sans', 'PT Sans                         
                             Caption', 'PT Sans Narrow', 'PT                    
                             Serif', 'PT Serif Caption',                        
                             'Palatino', 'Papyrus', 'Party                      
                             LET', 'Phosphate', 'PilGi',                        
                             'PingFang HK', 'PingFang MO',                      
                             'PingFang SC', 'PingFang TC',                      
                             'Plantagenet Cherokee',                            
                             'Raanana', 'Rockwell',                             
                             'STFangsong', 'STHeiti', 'STIX                     
                             Two Math', 'STIX Two Text',                        
                             'STKaiti', 'STSong', 'Sana',                       
                             'Sans', 'Sathu', 'Savoye LET',                     
                             'Serif', 'Shree Devanagari                         
                             714', 'SignPainter', 'Silom',                      
                             'SimSong', 'Sinhala MN',                           
                             'Sinhala Sangam MN', 'Skia',                       
                             'Snell Roundhand', 'Songti SC',                    
                             'Songti TC', 'Sukhumvit Set',                      
                             'Symbol', 'Tahoma', 'Tamil MN',                    
                             'Tamil Sangam MN', 'Telugu MN',                    
                             'Telugu Sangam MN', 'Thonburi',                    
                             'Times New Roman', 'Toppan                         
                             Bunkyu Gothic', 'Toppan Bunkyu                     
                             Midashi Gothic', 'Toppan Bunkyu                    
                             Midashi Mincho', 'Toppan Bunkyu                    
                             Mincho', 'Trattatello',                            
                             'Trebuchet MS', 'Tsukushi A                        
                             Round Gothic', 'Tsukushi B                         
                             Round Gothic', 'Verdana',                          
                             'Waseem', 'Wawati SC', 'Wawati                     
                             TC', 'Webdings', 'Weibei SC',                      
                             'Weibei TC', 'Wingdings',                          
                             'Wingdings 2', 'Wingdings 3',                      
                             'Xingkai SC', 'Xingkai TC',                        
                             'YuGothic', 'YuKyokasho',                          
                             'YuKyokasho Yoko', 'YuMincho',                     
                             'YuMincho +36p Kana', 'Yuanti                      
                             SC', 'Yuanti TC', 'Yuppy SC',                      
                             'Yuppy TC', 'Zapf Dingbats',                       
                             'Zapfino', 'cursive',                              
                             'fantasy', 'system-ui'].                           
                    WARNING  Font Noto Sans CJK SC not in    text_mobject.py:464
                             ['.AppleSystemUIFont', 'Academy                    
                             Engraved LET', 'Al Bayan', 'Al                     
                             Nile', 'Al Tarikh', 'American                      
                             Typewriter', 'Andale Mono',                        
                             'Apple Braille', 'Apple                            
                             Chancery', 'Apple Color Emoji',                    
                             'Apple LiGothic', 'Apple                           
                             LiSung', 'Apple SD Gothic Neo',                    
                             'Apple Symbols', 'AppleGothic',                    
                             'AppleMyungjo', 'Arial', 'Arial                    
                             Black', 'Arial Hebrew', 'Arial                     
                             Hebrew Scholar', 'Arial                            
                             Narrow', 'Arial Rounded MT                         
                             Bold', 'Arial Unicode MS',                         
                             'Avenir', 'Avenir Next',                           
                             'Avenir Next Condensed',                           
                             'Ayuthaya', 'BIZ UDGothic',                        
                             'BIZ UDMincho', 'BM Dohyeon',                      
                             'BM Hanna 11yrs Old', 'BM Hanna                    
                             Air', 'BM Hanna Pro', 'BM Jua',                    
                             'BM Kirang Haerang', 'BM                           
                             Yeonsung', 'Baghdad', 'Bangla                      
                             MN', 'Bangla Sangam MN', 'Baoli                    
                             SC', 'Baoli TC', 'Baskerville',                    
                             'Beirut', 'BiauKaiHK',                             
                             'BiauKaiTC', 'Big Caslon',                         
                             'Bodoni 72', 'Bodoni 72                            
                             Oldstyle', 'Bodoni 72                              
                             Smallcaps', 'Bodoni Ornaments',                    
                             'Bradley Hand', 'Brush Script                      
                             MT', 'Chalkboard', 'Chalkboard                     
                             SE', 'Chalkduster', 'Charter',                     
                             'Cochin', 'Comic Sans MS',                         
                             'Copperplate', 'Corsiva                            
                             Hebrew', 'Courier New', 'DIN                       
                             Alternate', 'DIN Condensed',                       
                             'Damascus', 'DecoType Naskh',                      
                             'Devanagari MT', 'Devanagari                       
                             Sangam MN', 'Didot', 'Diwan                        
                             Kufi', 'Diwan Thuluth',                            
                             'Euphemia UCAS', 'Farah',                          
                             'Farisi', 'Futura', 'GB18030                       
                             Bitmap', 'Galvji', 'Geeza Pro',                    
                             'Geneva', 'Georgia', 'Gill                         
                             Sans', 'Grantha Sangam MN',                        
                             'Gujarati MT', 'Gujarati Sangam                    
                             MN', 'GungSeo', 'Gurmukhi MN',                     
                             'Gurmukhi MT', 'Gurmukhi Sangam                    
                             MN', 'Hannotate SC', 'Hannotate                    
                             TC', 'HanziPen SC', 'HanziPen                      
                             TC', 'HeadLineA', 'Hei', 'Heiti                    
                             SC', 'Heiti TC', 'Helvetica',                      
                             'Helvetica Neue', 'Herculanum',                    
                             'Hiragino Maru Gothic ProN',                       
                             'Hiragino Mincho ProN',                            
                             'Hiragino Sans', 'Hiragino Sans                    
                             GB', 'Hoefler Text', 'ITF                          
                             Devanagari', 'ITF Devanagari                       
                             Marathi', 'Impact',                                
                             'InaiMathi', 'Kai', 'Kailasa',                     
                             'Kaiti SC', 'Kaiti TC',                            
                             'Kannada MN', 'Kannada Sangam                      
                             MN', 'Kefa III', 'Khmer MN',                       
                             'Khmer Sangam MN', 'Klee',                         
                             'Kohinoor Bangla', 'Kohinoor                       
                             Devanagari', 'Kohinoor                             
                             Gujarati', 'Kohinoor Telugu',                      
                             'Kokonor', 'Krungthep',                            
                             'KufiStandardGK', 'LXGW                            
                             ZhenKai', 'Lantinghei SC',                         
                             'Lantinghei TC', 'Lao MN', 'Lao                    
                             Sangam MN', 'LiHei Pro',                           
                             'LiSong Pro', 'Libian SC',                         
                             'Libian TC', 'LingWai SC',                         
                             'LingWai TC', 'Lucida Grande',                     
                             'Luminari', 'Malayalam MN',                        
                             'Malayalam Sangam MN', 'Marker                     
                             Felt', 'Menlo', 'Microsoft Sans                    
                             Serif', 'Mishafi', 'Mishafi                        
                             Gold', 'Monaco', 'Monospace',                      
                             'Mshtakan', 'Mukta Mahee',                         
                             'Muna', 'Myanmar MN', 'Myanmar                     
                             Sangam MN', 'Nadeem', 'Nanum                       
                             Brush Script', 'Nanum Gothic',                     
                             'Nanum Myeongjo', 'Nanum Pen                       
                             Script', 'New Peninim MT',                         
                             'Noteworthy', 'Noto Nastaliq                       
                             Urdu', 'Noto Sans Batak', 'Noto                    
                             Sans Kannada', 'Noto Sans                          
                             Myanmar', 'Noto Sans NKo',                         
                             'Noto Sans Oriya', 'Noto Sans                      
                             Syriac', 'Noto Sans Tagalog',                      
                             'Noto Serif Myanmar', 'Optima',                    
                             'Oriya MN', 'Oriya Sangam MN',                     
                             'Osaka', 'PCMyungjo', 'PT                          
                             Mono', 'PT Sans', 'PT Sans                         
                             Caption', 'PT Sans Narrow', 'PT                    
                             Serif', 'PT Serif Caption',                        
                             'Palatino', 'Papyrus', 'Party                      
                             LET', 'Phosphate', 'PilGi',                        
                             'PingFang HK', 'PingFang MO',                      
                             'PingFang SC', 'PingFang TC',                      
                             'Plantagenet Cherokee',                            
                             'Raanana', 'Rockwell',                             
                             'STFangsong', 'STHeiti', 'STIX                     
                             Two Math', 'STIX Two Text',                        
                             'STKaiti', 'STSong', 'Sana',                       
                             'Sans', 'Sathu', 'Savoye LET',                     
                             'Serif', 'Shree Devanagari                         
                             714', 'SignPainter', 'Silom',                      
                             'SimSong', 'Sinhala MN',                           
                             'Sinhala Sangam MN', 'Skia',                       
                             'Snell Roundhand', 'Songti SC',                    
                             'Songti TC', 'Sukhumvit Set',                      
                             'Symbol', 'Tahoma', 'Tamil MN',                    
                             'Tamil Sangam MN', 'Telugu MN',                    
                             'Telugu Sangam MN', 'Thonburi',                    
                             'Times New Roman', 'Toppan                         
                             Bunkyu Gothic', 'Toppan Bunkyu                     
                             Midashi Gothic', 'Toppan Bunkyu                    
                             Midashi Mincho', 'Toppan Bunkyu                    
                             Mincho', 'Trattatello',                            
                             'Trebuchet MS', 'Tsukushi A                        
                             Round Gothic', 'Tsukushi B                         
                             Round Gothic', 'Verdana',                          
                             'Waseem', 'Wawati SC', 'Wawati                     
                             TC', 'Webdings', 'Weibei SC',                      
                             'Weibei TC', 'Wingdings',                          
                             'Wingdings 2', 'Wingdings 3',                      
                             'Xingkai SC', 'Xingkai TC',                        
                             'YuGothic', 'YuKyokasho',                          
                             'YuKyokasho Yoko', 'YuMincho',                     
                             'YuMincho +36p Kana', 'Yuanti                      
                             SC', 'Yuanti TC', 'Yuppy SC',                      
                             'Yuppy TC', 'Zapf Dingbats',                       
                             'Zapfino', 'cursive',                              
                             'fantasy', 'system-ui'].                           
                    WARNING  Font Noto Sans CJK SC not in    text_mobject.py:464
                             ['.AppleSystemUIFont', 'Academy                    
                             Engraved LET', 'Al Bayan', 'Al                     
                             Nile', 'Al Tarikh', 'American                      
                             Typewriter', 'Andale Mono',                        
                             'Apple Braille', 'Apple                            
                             Chancery', 'Apple Color Emoji',                    
                             'Apple LiGothic', 'Apple                           
                             LiSung', 'Apple SD Gothic Neo',                    
                             'Apple Symbols', 'AppleGothic',                    
                             'AppleMyungjo', 'Arial', 'Arial                    
                             Black', 'Arial Hebrew', 'Arial                     
                             Hebrew Scholar', 'Arial                            
                             Narrow', 'Arial Rounded MT                         
                             Bold', 'Arial Unicode MS',                         
                             'Avenir', 'Avenir Next',                           
                             'Avenir Next Condensed',                           
                             'Ayuthaya', 'BIZ UDGothic',                        
                             'BIZ UDMincho', 'BM Dohyeon',                      
                             'BM Hanna 11yrs Old', 'BM Hanna                    
                             Air', 'BM Hanna Pro', 'BM Jua',                    
                             'BM Kirang Haerang', 'BM                           
                             Yeonsung', 'Baghdad', 'Bangla                      
                             MN', 'Bangla Sangam MN', 'Baoli                    
                             SC', 'Baoli TC', 'Baskerville',                    
                             'Beirut', 'BiauKaiHK',                             
                             'BiauKaiTC', 'Big Caslon',                         
                             'Bodoni 72', 'Bodoni 72                            
                             Oldstyle', 'Bodoni 72                              
                             Smallcaps', 'Bodoni Ornaments',                    
                             'Bradley Hand', 'Brush Script                      
                             MT', 'Chalkboard', 'Chalkboard                     
                             SE', 'Chalkduster', 'Charter',                     
                             'Cochin', 'Comic Sans MS',                         
                             'Copperplate', 'Corsiva                            
                             Hebrew', 'Courier New', 'DIN                       
                             Alternate', 'DIN Condensed',                       
                             'Damascus', 'DecoType Naskh',                      
                             'Devanagari MT', 'Devanagari                       
                             Sangam MN', 'Didot', 'Diwan                        
                             Kufi', 'Diwan Thuluth',                            
                             'Euphemia UCAS', 'Farah',                          
                             'Farisi', 'Futura', 'GB18030                       
                             Bitmap', 'Galvji', 'Geeza Pro',                    
                             'Geneva', 'Georgia', 'Gill                         
                             Sans', 'Grantha Sangam MN',                        
                             'Gujarati MT', 'Gujarati Sangam                    
                             MN', 'GungSeo', 'Gurmukhi MN',                     
                             'Gurmukhi MT', 'Gurmukhi Sangam                    
                             MN', 'Hannotate SC', 'Hannotate                    
                             TC', 'HanziPen SC', 'HanziPen                      
                             TC', 'HeadLineA', 'Hei', 'Heiti                    
                             SC', 'Heiti TC', 'Helvetica',                      
                             'Helvetica Neue', 'Herculanum',                    
                             'Hiragino Maru Gothic ProN',                       
                             'Hiragino Mincho ProN',                            
                             'Hiragino Sans', 'Hiragino Sans                    
                             GB', 'Hoefler Text', 'ITF                          
                             Devanagari', 'ITF Devanagari                       
                             Marathi', 'Impact',                                
                             'InaiMathi', 'Kai', 'Kailasa',                     
                             'Kaiti SC', 'Kaiti TC',                            
                             'Kannada MN', 'Kannada Sangam                      
                             MN', 'Kefa III', 'Khmer MN',                       
                             'Khmer Sangam MN', 'Klee',                         
                             'Kohinoor Bangla', 'Kohinoor                       
                             Devanagari', 'Kohinoor                             
                             Gujarati', 'Kohinoor Telugu',                      
                             'Kokonor', 'Krungthep',                            
                             'KufiStandardGK', 'LXGW                            
                             ZhenKai', 'Lantinghei SC',                         
                             'Lantinghei TC', 'Lao MN', 'Lao                    
                             Sangam MN', 'LiHei Pro',                           
                             'LiSong Pro', 'Libian SC',                         
                             'Libian TC', 'LingWai SC',                         
                             'LingWai TC', 'Lucida Grande',                     
                             'Luminari', 'Malayalam MN',                        
                             'Malayalam Sangam MN', 'Marker                     
                             Felt', 'Menlo', 'Microsoft Sans                    
                             Serif', 'Mishafi', 'Mishafi                        
                             Gold', 'Monaco', 'Monospace',                      
                             'Mshtakan', 'Mukta Mahee',                         
                             'Muna', 'Myanmar MN', 'Myanmar                     
                             Sangam MN', 'Nadeem', 'Nanum                       
                             Brush Script', 'Nanum Gothic',                     
                             'Nanum Myeongjo', 'Nanum Pen                       
                             Script', 'New Peninim MT',                         
                             'Noteworthy', 'Noto Nastaliq                       
                             Urdu', 'Noto Sans Batak', 'Noto                    
                             Sans Kannada', 'Noto Sans                          
                             Myanmar', 'Noto Sans NKo',                         
                             'Noto Sans Oriya', 'Noto Sans                      
                             Syriac', 'Noto Sans Tagalog',                      
                             'Noto Serif Myanmar', 'Optima',                    
                             'Oriya MN', 'Oriya Sangam MN',                     
                             'Osaka', 'PCMyungjo', 'PT                          
                             Mono', 'PT Sans', 'PT Sans                         
                             Caption', 'PT Sans Narrow', 'PT                    
                             Serif', 'PT Serif Caption',                        
                             'Palatino', 'Papyrus', 'Party                      
                             LET', 'Phosphate', 'PilGi',                        
                             'PingFang HK', 'PingFang MO',                      
                             'PingFang SC', 'PingFang TC',                      
                             'Plantagenet Cherokee',                            
                             'Raanana', 'Rockwell',                             
                             'STFangsong', 'STHeiti', 'STIX                     
                             Two Math', 'STIX Two Text',                        
                             'STKaiti', 'STSong', 'Sana',                       
                             'Sans', 'Sathu', 'Savoye LET',                     
                             'Serif', 'Shree Devanagari                         
                             714', 'SignPainter', 'Silom',                      
                             'SimSong', 'Sinhala MN',                           
                             'Sinhala Sangam MN', 'Skia',                       
                             'Snell Roundhand', 'Songti SC',                    
                             'Songti TC', 'Sukhumvit Set',                      
                             'Symbol', 'Tahoma', 'Tamil MN',                    
                             'Tamil Sangam MN', 'Telugu MN',                    
                             'Telugu Sangam MN', 'Thonburi',                    
                             'Times New Roman', 'Toppan                         
                             Bunkyu Gothic', 'Toppan Bunkyu                     
                             Midashi Gothic', 'Toppan Bunkyu                    
                             Midashi Mincho', 'Toppan Bunkyu                    
                             Mincho', 'Trattatello',                            
                             'Trebuchet MS', 'Tsukushi A                        
                             Round Gothic', 'Tsukushi B                         
                             Round Gothic', 'Verdana',                          
                             'Waseem', 'Wawati SC', 'Wawati                     
                             TC', 'Webdings', 'Weibei SC',                      
                             'Weibei TC', 'Wingdings',                          
                             'Wingdings 2', 'Wingdings 3',                      
                             'Xingkai SC', 'Xingkai TC',                        
                             'YuGothic', 'YuKyokasho',                          
                             'YuKyokasho Yoko', 'YuMincho',                     
                             'YuMincho +36p Kana', 'Yuanti                      
                             SC', 'Yuanti TC', 'Yuppy SC',                      
                             'Yuppy TC', 'Zapf Dingbats',                       
                             'Zapfino', 'cursive',                              
                             'fantasy', 'system-ui'].                           
                    INFO     Animation 13 : Using cached    cairo_renderer.py:94
                             data (hash :                                       
                             656162490_175675968_2095417327                     
                             )                                                  
Animation 13: _MethodAnimation(VGroup of 4 submobjects):   0%|          | 0/1 [00:00<?, ?it/s]                                                                                              [02/27/26 10:31:20] INFO     Animation 14 : Using cached    cairo_renderer.py:94
                             data (hash :                                       
                             656162490_1368034301_137154227                     
                             7)                                                 
Animation 14: _MethodAnimation(VGroup of 4 submobjects):   0%|          | 0/1 [00:00<?, ?it/s]                                                                                                                  INFO     Animation 15 : Using cached    cairo_renderer.py:94
                             data (hash :                                       
                             656162490_394910289_1222549261                     
                             )                                                  
Animation 15: _MethodAnimation(VGroup of 4 submobjects):   0%|          | 0/1 [00:00<?, ?it/s]                                                                                              [02/27/26 10:31:21] WARNING  Font Noto Sans CJK SC not in    text_mobject.py:464
                             ['.AppleSystemUIFont', 'Academy                    
                             Engraved LET', 'Al Bayan', 'Al                     
                             Nile', 'Al Tarikh', 'American                      
                             Typewriter', 'Andale Mono',                        
                             'Apple Braille', 'Apple                            
                             Chancery', 'Apple Color Emoji',                    
                             'Apple LiGothic', 'Apple                           
                             LiSung', 'Apple SD Gothic Neo',                    
                             'Apple Symbols', 'AppleGothic',                    
                             'AppleMyungjo', 'Arial', 'Arial                    
                             Black', 'Arial Hebrew', 'Arial                     
                             Hebrew Scholar', 'Arial                            
                             Narrow', 'Arial Rounded MT                         
                             Bold', 'Arial Unicode MS',                         
                             'Avenir', 'Avenir Next',                           
                             'Avenir Next Condensed',                           
                             'Ayuthaya', 'BIZ UDGothic',                        
                             'BIZ UDMincho', 'BM Dohyeon',                      
                             'BM Hanna 11yrs Old', 'BM Hanna                    
                             Air', 'BM Hanna Pro', 'BM Jua',                    
                             'BM Kirang Haerang', 'BM                           
                             Yeonsung', 'Baghdad', 'Bangla                      
                             MN', 'Bangla Sangam MN', 'Baoli                    
                             SC', 'Baoli TC', 'Baskerville',                    
                             'Beirut', 'BiauKaiHK',                             
                             'BiauKaiTC', 'Big Caslon',                         
                             'Bodoni 72', 'Bodoni 72                            
                             Oldstyle', 'Bodoni 72                              
                             Smallcaps', 'Bodoni Ornaments',                    
                             'Bradley Hand', 'Brush Script                      
                             MT', 'Chalkboard', 'Chalkboard                     
                             SE', 'Chalkduster', 'Charter',                     
                             'Cochin', 'Comic Sans MS',                         
                             'Copperplate', 'Corsiva                            
                             Hebrew', 'Courier New', 'DIN                       
                             Alternate', 'DIN Condensed',                       
                             'Damascus', 'DecoType Naskh',                      
                             'Devanagari MT', 'Devanagari                       
                             Sangam MN', 'Didot', 'Diwan                        
                             Kufi', 'Diwan Thuluth',                            
                             'Euphemia UCAS', 'Farah',                          
                             'Farisi', 'Futura', 'GB18030                       
                             Bitmap', 'Galvji', 'Geeza Pro',                    
                             'Geneva', 'Georgia', 'Gill                         
                             Sans', 'Grantha Sangam MN',                        
                             'Gujarati MT', 'Gujarati Sangam                    
                             MN', 'GungSeo', 'Gurmukhi MN',                     
                             'Gurmukhi MT', 'Gurmukhi Sangam                    
                             MN', 'Hannotate SC', 'Hannotate                    
                             TC', 'HanziPen SC', 'HanziPen                      
                             TC', 'HeadLineA', 'Hei', 'Heiti                    
                             SC', 'Heiti TC', 'Helvetica',                      
                             'Helvetica Neue', 'Herculanum',                    
                             'Hiragino Maru Gothic ProN',                       
                             'Hiragino Mincho ProN',                            
                             'Hiragino Sans', 'Hiragino Sans                    
                             GB', 'Hoefler Text', 'ITF                          
                             Devanagari', 'ITF Devanagari                       
                             Marathi', 'Impact',                                
                             'InaiMathi', 'Kai', 'Kailasa',                     
                             'Kaiti SC', 'Kaiti TC',                            
                             'Kannada MN', 'Kannada Sangam                      
                             MN', 'Kefa III', 'Khmer MN',                       
                             'Khmer Sangam MN', 'Klee',                         
                             'Kohinoor Bangla', 'Kohinoor                       
                             Devanagari', 'Kohinoor                             
                             Gujarati', 'Kohinoor Telugu',                      
                             'Kokonor', 'Krungthep',                            
                             'KufiStandardGK', 'LXGW                            
                             ZhenKai', 'Lantinghei SC',                         
                             'Lantinghei TC', 'Lao MN', 'Lao                    
                             Sangam MN', 'LiHei Pro',                           
                             'LiSong Pro', 'Libian SC',                         
                             'Libian TC', 'LingWai SC',                         
                             'LingWai TC', 'Lucida Grande',                     
                             'Luminari', 'Malayalam MN',                        
                             'Malayalam Sangam MN', 'Marker                     
                             Felt', 'Menlo', 'Microsoft Sans                    
                             Serif', 'Mishafi', 'Mishafi                        
                             Gold', 'Monaco', 'Monospace',                      
                             'Mshtakan', 'Mukta Mahee',                         
                             'Muna', 'Myanmar MN', 'Myanmar                     
                             Sangam MN', 'Nadeem', 'Nanum                       
                             Brush Script', 'Nanum Gothic',                     
                             'Nanum Myeongjo', 'Nanum Pen                       
                             Script', 'New Peninim MT',                         
                             'Noteworthy', 'Noto Nastaliq                       
                             Urdu', 'Noto Sans Batak', 'Noto                    
                             Sans Kannada', 'Noto Sans                          
                             Myanmar', 'Noto Sans NKo',                         
                             'Noto Sans Oriya', 'Noto Sans                      
                             Syriac', 'Noto Sans Tagalog',                      
                             'Noto Serif Myanmar', 'Optima',                    
                             'Oriya MN', 'Oriya Sangam MN',                     
                             'Osaka', 'PCMyungjo', 'PT                          
                             Mono', 'PT Sans', 'PT Sans                         
                             Caption', 'PT Sans Narrow', 'PT                    
                             Serif', 'PT Serif Caption',                        
                             'Palatino', 'Papyrus', 'Party                      
                             LET', 'Phosphate', 'PilGi',                        
                             'PingFang HK', 'PingFang MO',                      
                             'PingFang SC', 'PingFang TC',                      
                             'Plantagenet Cherokee',                            
                             'Raanana', 'Rockwell',                             
                             'STFangsong', 'STHeiti', 'STIX                     
                             Two Math', 'STIX Two Text',                        
                             'STKaiti', 'STSong', 'Sana',                       
                             'Sans', 'Sathu', 'Savoye LET',                     
                             'Serif', 'Shree Devanagari                         
                             714', 'SignPainter', 'Silom',                      
                             'SimSong', 'Sinhala MN',                           
                             'Sinhala Sangam MN', 'Skia',                       
                             'Snell Roundhand', 'Songti SC',                    
                             'Songti TC', 'Sukhumvit Set',                      
                             'Symbol', 'Tahoma', 'Tamil MN',                    
                             'Tamil Sangam MN', 'Telugu MN',                    
                             'Telugu Sangam MN', 'Thonburi',                    
                             'Times New Roman', 'Toppan                         
                             Bunkyu Gothic', 'Toppan Bunkyu                     
                             Midashi Gothic', 'Toppan Bunkyu                    
                             Midashi Mincho', 'Toppan Bunkyu                    
                             Mincho', 'Trattatello',                            
                             'Trebuchet MS', 'Tsukushi A                        
                             Round Gothic', 'Tsukushi B                         
                             Round Gothic', 'Verdana',                          
                             'Waseem', 'Wawati SC', 'Wawati                     
                             TC', 'Webdings', 'Weibei SC',                      
                             'Weibei TC', 'Wingdings',                          
                             'Wingdings 2', 'Wingdings 3',                      
                             'Xingkai SC', 'Xingkai TC',                        
                             'YuGothic', 'YuKyokasho',                          
                             'YuKyokasho Yoko', 'YuMincho',                     
                             'YuMincho +36p Kana', 'Yuanti                      
                             SC', 'Yuanti TC', 'Yuppy SC',                      
                             'Yuppy TC', 'Zapf Dingbats',                       
                             'Zapfino', 'cursive',                              
                             'fantasy', 'system-ui'].                           
                    INFO     Animation 16 : Using cached    cairo_renderer.py:94
                             data (hash :                                       
                             656162490_2157750096_129214977                     
                             8)                                                 
Animation 16: FadeIn(Text('• ① 可重复进行')):   0%|          | 0/1 [00:00<?, ?it/s]                                                                                                       WARNING  Font Noto Sans CJK SC not in    text_mobject.py:464
                             ['.AppleSystemUIFont', 'Academy                    
                             Engraved LET', 'Al Bayan', 'Al                     
                             Nile', 'Al Tarikh', 'American                      
                             Typewriter', 'Andale Mono',                        
                             'Apple Braille', 'Apple                            
                             Chancery', 'Apple Color Emoji',                    
                             'Apple LiGothic', 'Apple                           
                             LiSung', 'Apple SD Gothic Neo',                    
                             'Apple Symbols', 'AppleGothic',                    
                             'AppleMyungjo', 'Arial', 'Arial                    
                             Black', 'Arial Hebrew', 'Arial                     
                             Hebrew Scholar', 'Arial                            
                             Narrow', 'Arial Rounded MT                         
                             Bold', 'Arial Unicode MS',                         
                             'Avenir', 'Avenir Next',                           
                             'Avenir Next Condensed',                           
                             'Ayuthaya', 'BIZ UDGothic',                        
                             'BIZ UDMincho', 'BM Dohyeon',                      
                             'BM Hanna 11yrs Old', 'BM Hanna                    
                             Air', 'BM Hanna Pro', 'BM Jua',                    
                             'BM Kirang Haerang', 'BM                           
                             Yeonsung', 'Baghdad', 'Bangla                      
                             MN', 'Bangla Sangam MN', 'Baoli                    
                             SC', 'Baoli TC', 'Baskerville',                    
                             'Beirut', 'BiauKaiHK',                             
                             'BiauKaiTC', 'Big Caslon',                         
                             'Bodoni 72', 'Bodoni 72                            
                             Oldstyle', 'Bodoni 72                              
                             Smallcaps', 'Bodoni Ornaments',                    
                             'Bradley Hand', 'Brush Script                      
                             MT', 'Chalkboard', 'Chalkboard                     
                             SE', 'Chalkduster', 'Charter',                     
                             'Cochin', 'Comic Sans MS',                         
                             'Copperplate', 'Corsiva                            
                             Hebrew', 'Courier New', 'DIN                       
                             Alternate', 'DIN Condensed',                       
                             'Damascus', 'DecoType Naskh',                      
                             'Devanagari MT', 'Devanagari                       
                             Sangam MN', 'Didot', 'Diwan                        
                             Kufi', 'Diwan Thuluth',                            
                             'Euphemia UCAS', 'Farah',                          
                             'Farisi', 'Futura', 'GB18030                       
                             Bitmap', 'Galvji', 'Geeza Pro',                    
                             'Geneva', 'Georgia', 'Gill                         
                             Sans', 'Grantha Sangam MN',                        
                             'Gujarati MT', 'Gujarati Sangam                    
                             MN', 'GungSeo', 'Gurmukhi MN',                     
                             'Gurmukhi MT', 'Gurmukhi Sangam                    
                             MN', 'Hannotate SC', 'Hannotate                    
                             TC', 'HanziPen SC', 'HanziPen                      
                             TC', 'HeadLineA', 'Hei', 'Heiti                    
                             SC', 'Heiti TC', 'Helvetica',                      
                             'Helvetica Neue', 'Herculanum',                    
                             'Hiragino Maru Gothic ProN',                       
                             'Hiragino Mincho ProN',                            
                             'Hiragino Sans', 'Hiragino Sans                    
                             GB', 'Hoefler Text', 'ITF                          
                             Devanagari', 'ITF Devanagari                       
                             Marathi', 'Impact',                                
                             'InaiMathi', 'Kai', 'Kailasa',                     
                             'Kaiti SC', 'Kaiti TC',                            
                             'Kannada MN', 'Kannada Sangam                      
                             MN', 'Kefa III', 'Khmer MN',                       
                             'Khmer Sangam MN', 'Klee',                         
                             'Kohinoor Bangla', 'Kohinoor                       
                             Devanagari', 'Kohinoor                             
                             Gujarati', 'Kohinoor Telugu',                      
                             'Kokonor', 'Krungthep',                            
                             'KufiStandardGK', 'LXGW                            
                             ZhenKai', 'Lantinghei SC',                         
                             'Lantinghei TC', 'Lao MN', 'Lao                    
                             Sangam MN', 'LiHei Pro',                           
                             'LiSong Pro', 'Libian SC',                         
                             'Libian TC', 'LingWai SC',                         
                             'LingWai TC', 'Lucida Grande',                     
                             'Luminari', 'Malayalam MN',                        
                             'Malayalam Sangam MN', 'Marker                     
                             Felt', 'Menlo', 'Microsoft Sans                    
                             Serif', 'Mishafi', 'Mishafi                        
                             Gold', 'Monaco', 'Monospace',                      
                             'Mshtakan', 'Mukta Mahee',                         
                             'Muna', 'Myanmar MN', 'Myanmar                     
                             Sangam MN', 'Nadeem', 'Nanum                       
                             Brush Script', 'Nanum Gothic',                     
                             'Nanum Myeongjo', 'Nanum Pen                       
                             Script', 'New Peninim MT',                         
                             'Noteworthy', 'Noto Nastaliq                       
                             Urdu', 'Noto Sans Batak', 'Noto                    
                             Sans Kannada', 'Noto Sans                          
                             Myanmar', 'Noto Sans NKo',                         
                             'Noto Sans Oriya', 'Noto Sans                      
                             Syriac', 'Noto Sans Tagalog',                      
                             'Noto Serif Myanmar', 'Optima',                    
                             'Oriya MN', 'Oriya Sangam MN',                     
                             'Osaka', 'PCMyungjo', 'PT                          
                             Mono', 'PT Sans', 'PT Sans                         
                             Caption', 'PT Sans Narrow', 'PT                    
                             Serif', 'PT Serif Caption',                        
                             'Palatino', 'Papyrus', 'Party                      
                             LET', 'Phosphate', 'PilGi',                        
                             'PingFang HK', 'PingFang MO',                      
                             'PingFang SC', 'PingFang TC',                      
                             'Plantagenet Cherokee',                            
                             'Raanana', 'Rockwell',                             
                             'STFangsong', 'STHeiti', 'STIX                     
                             Two Math', 'STIX Two Text',                        
                             'STKaiti', 'STSong', 'Sana',                       
                             'Sans', 'Sathu', 'Savoye LET',                     
                             'Serif', 'Shree Devanagari                         
                             714', 'SignPainter', 'Silom',                      
                             'SimSong', 'Sinhala MN',                           
                             'Sinhala Sangam MN', 'Skia',                       
                             'Snell Roundhand', 'Songti SC',                    
                             'Songti TC', 'Sukhumvit Set',                      
                             'Symbol', 'Tahoma', 'Tamil MN',                    
                             'Tamil Sangam MN', 'Telugu MN',                    
                             'Telugu Sangam MN', 'Thonburi',                    
                             'Times New Roman', 'Toppan                         
                             Bunkyu Gothic', 'Toppan Bunkyu                     
                             Midashi Gothic', 'Toppan Bunkyu                    
                             Midashi Mincho', 'Toppan Bunkyu                    
                             Mincho', 'Trattatello',                            
                             'Trebuchet MS', 'Tsukushi A                        
                             Round Gothic', 'Tsukushi B                         
                             Round Gothic', 'Verdana',                          
                             'Waseem', 'Wawati SC', 'Wawati                     
                             TC', 'Webdings', 'Weibei SC',                      
                             'Weibei TC', 'Wingdings',                          
                             'Wingdings 2', 'Wingdings 3',                      
                             'Xingkai SC', 'Xingkai TC',                        
                             'YuGothic', 'YuKyokasho',                          
                             'YuKyokasho Yoko', 'YuMincho',                     
                             'YuMincho +36p Kana', 'Yuanti                      
                             SC', 'Yuanti TC', 'Yuppy SC',                      
                             'Yuppy TC', 'Zapf Dingbats',                       
                             'Zapfino', 'cursive',                              
                             'fantasy', 'system-ui'].                           
[02/27/26 10:31:22] INFO     Animation 17 : Using cached    cairo_renderer.py:94
                             data (hash :                                       
                             656162490_2958895985_293655611                     
                             2)                                                 
Animation 17: FadeIn(Text('• ② 结果已知但不确定')):   0%|          | 0/1 [00:00<?, ?it/s]                                                                                                             WARNING  Font Noto Sans CJK SC not in    text_mobject.py:464
                             ['.AppleSystemUIFont', 'Academy                    
                             Engraved LET', 'Al Bayan', 'Al                     
                             Nile', 'Al Tarikh', 'American                      
                             Typewriter', 'Andale Mono',                        
                             'Apple Braille', 'Apple                            
                             Chancery', 'Apple Color Emoji',                    
                             'Apple LiGothic', 'Apple                           
                             LiSung', 'Apple SD Gothic Neo',                    
                             'Apple Symbols', 'AppleGothic',                    
                             'AppleMyungjo', 'Arial', 'Arial                    
                             Black', 'Arial Hebrew', 'Arial                     
                             Hebrew Scholar', 'Arial                            
                             Narrow', 'Arial Rounded MT                         
                             Bold', 'Arial Unicode MS',                         
                             'Avenir', 'Avenir Next',                           
                             'Avenir Next Condensed',                           
                             'Ayuthaya', 'BIZ UDGothic',                        
                             'BIZ UDMincho', 'BM Dohyeon',                      
                             'BM Hanna 11yrs Old', 'BM Hanna                    
                             Air', 'BM Hanna Pro', 'BM Jua',                    
                             'BM Kirang Haerang', 'BM                           
                             Yeonsung', 'Baghdad', 'Bangla                      
                             MN', 'Bangla Sangam MN', 'Baoli                    
                             SC', 'Baoli TC', 'Baskerville',                    
                             'Beirut', 'BiauKaiHK',                             
                             'BiauKaiTC', 'Big Caslon',                         
                             'Bodoni 72', 'Bodoni 72                            
                             Oldstyle', 'Bodoni 72                              
                             Smallcaps', 'Bodoni Ornaments',                    
                             'Bradley Hand', 'Brush Script                      
                             MT', 'Chalkboard', 'Chalkboard                     
                             SE', 'Chalkduster', 'Charter',                     
                             'Cochin', 'Comic Sans MS',                         
                             'Copperplate', 'Corsiva                            
                             Hebrew', 'Courier New', 'DIN                       
                             Alternate', 'DIN Condensed',                       
                             'Damascus', 'DecoType Naskh',                      
                             'Devanagari MT', 'Devanagari                       
                             Sangam MN', 'Didot', 'Diwan                        
                             Kufi', 'Diwan Thuluth',                            
                             'Euphemia UCAS', 'Farah',                          
                             'Farisi', 'Futura', 'GB18030                       
                             Bitmap', 'Galvji', 'Geeza Pro',                    
                             'Geneva', 'Georgia', 'Gill                         
                             Sans', 'Grantha Sangam MN',                        
                             'Gujarati MT', 'Gujarati Sangam                    
                             MN', 'GungSeo', 'Gurmukhi MN',                     
                             'Gurmukhi MT', 'Gurmukhi Sangam                    
                             MN', 'Hannotate SC', 'Hannotate                    
                             TC', 'HanziPen SC', 'HanziPen                      
                             TC', 'HeadLineA', 'Hei', 'Heiti                    
                             SC', 'Heiti TC', 'Helvetica',                      
                             'Helvetica Neue', 'Herculanum',                    
                             'Hiragino Maru Gothic ProN',                       
                             'Hiragino Mincho ProN',                            
                             'Hiragino Sans', 'Hiragino Sans                    
                             GB', 'Hoefler Text', 'ITF                          
                             Devanagari', 'ITF Devanagari                       
                             Marathi', 'Impact',                                
                             'InaiMathi', 'Kai', 'Kailasa',                     
                             'Kaiti SC', 'Kaiti TC',                            
                             'Kannada MN', 'Kannada Sangam                      
                             MN', 'Kefa III', 'Khmer MN',                       
                             'Khmer Sangam MN', 'Klee',                         
                             'Kohinoor Bangla', 'Kohinoor                       
                             Devanagari', 'Kohinoor                             
                             Gujarati', 'Kohinoor Telugu',                      
                             'Kokonor', 'Krungthep',                            
                             'KufiStandardGK', 'LXGW                            
                             ZhenKai', 'Lantinghei SC',                         
                             'Lantinghei TC', 'Lao MN', 'Lao                    
                             Sangam MN', 'LiHei Pro',                           
                             'LiSong Pro', 'Libian SC',                         
                             'Libian TC', 'LingWai SC',                         
                             'LingWai TC', 'Lucida Grande',                     
                             'Luminari', 'Malayalam MN',                        
                             'Malayalam Sangam MN', 'Marker                     
                             Felt', 'Menlo', 'Microsoft Sans                    
                             Serif', 'Mishafi', 'Mishafi                        
                             Gold', 'Monaco', 'Monospace',                      
                             'Mshtakan', 'Mukta Mahee',                         
                             'Muna', 'Myanmar MN', 'Myanmar                     
                             Sangam MN', 'Nadeem', 'Nanum                       
                             Brush Script', 'Nanum Gothic',                     
                             'Nanum Myeongjo', 'Nanum Pen                       
                             Script', 'New Peninim MT',                         
                             'Noteworthy', 'Noto Nastaliq                       
                             Urdu', 'Noto Sans Batak', 'Noto                    
                             Sans Kannada', 'Noto Sans                          
                             Myanmar', 'Noto Sans NKo',                         
                             'Noto Sans Oriya', 'Noto Sans                      
                             Syriac', 'Noto Sans Tagalog',                      
                             'Noto Serif Myanmar', 'Optima',                    
                             'Oriya MN', 'Oriya Sangam MN',                     
                             'Osaka', 'PCMyungjo', 'PT                          
                             Mono', 'PT Sans', 'PT Sans                         
                             Caption', 'PT Sans Narrow', 'PT                    
                             Serif', 'PT Serif Caption',                        
                             'Palatino', 'Papyrus', 'Party                      
                             LET', 'Phosphate', 'PilGi',                        
                             'PingFang HK', 'PingFang MO',                      
                             'PingFang SC', 'PingFang TC',                      
                             'Plantagenet Cherokee',                            
                             'Raanana', 'Rockwell',                             
                             'STFangsong', 'STHeiti', 'STIX                     
                             Two Math', 'STIX Two Text',                        
                             'STKaiti', 'STSong', 'Sana',                       
                             'Sans', 'Sathu', 'Savoye LET',                     
                             'Serif', 'Shree Devanagari                         
                             714', 'SignPainter', 'Silom',                      
                             'SimSong', 'Sinhala MN',                           
                             'Sinhala Sangam MN', 'Skia',                       
                             'Snell Roundhand', 'Songti SC',                    
                             'Songti TC', 'Sukhumvit Set',                      
                             'Symbol', 'Tahoma', 'Tamil MN',                    
                             'Tamil Sangam MN', 'Telugu MN',                    
                             'Telugu Sangam MN', 'Thonburi',                    
                             'Times New Roman', 'Toppan                         
                             Bunkyu Gothic', 'Toppan Bunkyu                     
                             Midashi Gothic', 'Toppan Bunkyu                    
                             Midashi Mincho', 'Toppan Bunkyu                    
                             Mincho', 'Trattatello',                            
                             'Trebuchet MS', 'Tsukushi A                        
                             Round Gothic', 'Tsukushi B                         
                             Round Gothic', 'Verdana',                          
                             'Waseem', 'Wawati SC', 'Wawati                     
                             TC', 'Webdings', 'Weibei SC',                      
                             'Weibei TC', 'Wingdings',                          
                             'Wingdings 2', 'Wingdings 3',                      
                             'Xingkai SC', 'Xingkai TC',                        
                             'YuGothic', 'YuKyokasho',                          
                             'YuKyokasho Yoko', 'YuMincho',                     
                             'YuMincho +36p Kana', 'Yuanti                      
                             SC', 'Yuanti TC', 'Yuppy SC',                      
                             'Yuppy TC', 'Zapf Dingbats',                       
                             'Zapfino', 'cursive',                              
                             'fantasy', 'system-ui'].                           
[02/27/26 10:31:23] INFO     Animation 18 : Using cached    cairo_renderer.py:94
                             data (hash :                                       
                             656162490_2460775225_618959210                     
                             )                                                  
Animation 18: FadeIn(Text('• ③ 可用数字描述可能性')):   0%|          | 0/1 [00:00<?, ?it/s]                                                                                                               INFO     Animation 19 : Using cached    cairo_renderer.py:94
                             data (hash :                                       
                             656162490_2536175139_319738747                     
                             8)                                                 
[02/27/26 10:31:24] INFO     Animation 20 : Using cached    cairo_renderer.py:94
                             data (hash :                                       
                             656162490_1206765326_421183617                     
                             0)                                                 
Animation 20: FadeOut(VGroup of 4 submobjects), etc.:   0%|          | 0/1 [00:00<?, ?it/s]                                                                                           [02/27/26 10:31:25] WARNING  Font Noto Sans CJK SC not in    text_mobject.py:464
                             ['.AppleSystemUIFont', 'Academy                    
                             Engraved LET', 'Al Bayan', 'Al                     
                             Nile', 'Al Tarikh', 'American                      
                             Typewriter', 'Andale Mono',                        
                             'Apple Braille', 'Apple                            
                             Chancery', 'Apple Color Emoji',                    
                             'Apple LiGothic', 'Apple                           
                             LiSung', 'Apple SD Gothic Neo',                    
                             'Apple Symbols', 'AppleGothic',                    
                             'AppleMyungjo', 'Arial', 'Arial                    
                             Black', 'Arial Hebrew', 'Arial                     
                             Hebrew Scholar', 'Arial                            
                             Narrow', 'Arial Rounded MT                         
                             Bold', 'Arial Unicode MS',                         
                             'Avenir', 'Avenir Next',                           
                             'Avenir Next Condensed',                           
                             'Ayuthaya', 'BIZ UDGothic',                        
                             'BIZ UDMincho', 'BM Dohyeon',                      
                             'BM Hanna 11yrs Old', 'BM Hanna                    
                             Air', 'BM Hanna Pro', 'BM Jua',                    
                             'BM Kirang Haerang', 'BM                           
                             Yeonsung', 'Baghdad', 'Bangla                      
                             MN', 'Bangla Sangam MN', 'Baoli                    
                             SC', 'Baoli TC', 'Baskerville',                    
                             'Beirut', 'BiauKaiHK',                             
                             'BiauKaiTC', 'Big Caslon',                         
                             'Bodoni 72', 'Bodoni 72                            
                             Oldstyle', 'Bodoni 72                              
                             Smallcaps', 'Bodoni Ornaments',                    
                             'Bradley Hand', 'Brush Script                      
                             MT', 'Chalkboard', 'Chalkboard                     
                             SE', 'Chalkduster', 'Charter',                     
                             'Cochin', 'Comic Sans MS',                         
                             'Copperplate', 'Corsiva                            
                             Hebrew', 'Courier New', 'DIN                       
                             Alternate', 'DIN Condensed',                       
                             'Damascus', 'DecoType Naskh',                      
                             'Devanagari MT', 'Devanagari                       
                             Sangam MN', 'Didot', 'Diwan                        
                             Kufi', 'Diwan Thuluth',                            
                             'Euphemia UCAS', 'Farah',                          
                             'Farisi', 'Futura', 'GB18030                       
                             Bitmap', 'Galvji', 'Geeza Pro',                    
                             'Geneva', 'Georgia', 'Gill                         
                             Sans', 'Grantha Sangam MN',                        
                             'Gujarati MT', 'Gujarati Sangam                    
                             MN', 'GungSeo', 'Gurmukhi MN',                     
                             'Gurmukhi MT', 'Gurmukhi Sangam                    
                             MN', 'Hannotate SC', 'Hannotate                    
                             TC', 'HanziPen SC', 'HanziPen                      
                             TC', 'HeadLineA', 'Hei', 'Heiti                    
                             SC', 'Heiti TC', 'Helvetica',                      
                             'Helvetica Neue', 'Herculanum',                    
                             'Hiragino Maru Gothic ProN',                       
                             'Hiragino Mincho ProN',                            
                             'Hiragino Sans', 'Hiragino Sans                    
                             GB', 'Hoefler Text', 'ITF                          
                             Devanagari', 'ITF Devanagari                       
                             Marathi', 'Impact',                                
                             'InaiMathi', 'Kai', 'Kailasa',                     
                             'Kaiti SC', 'Kaiti TC',                            
                             'Kannada MN', 'Kannada Sangam                      
                             MN', 'Kefa III', 'Khmer MN',                       
                             'Khmer Sangam MN', 'Klee',                         
                             'Kohinoor Bangla', 'Kohinoor                       
                             Devanagari', 'Kohinoor                             
                             Gujarati', 'Kohinoor Telugu',                      
                             'Kokonor', 'Krungthep',                            
                             'KufiStandardGK', 'LXGW                            
                             ZhenKai', 'Lantinghei SC',                         
                             'Lantinghei TC', 'Lao MN', 'Lao                    
                             Sangam MN', 'LiHei Pro',                           
                             'LiSong Pro', 'Libian SC',                         
                             'Libian TC', 'LingWai SC',                         
                             'LingWai TC', 'Lucida Grande',                     
                             'Luminari', 'Malayalam MN',                        
                             'Malayalam Sangam MN', 'Marker                     
                             Felt', 'Menlo', 'Microsoft Sans                    
                             Serif', 'Mishafi', 'Mishafi                        
                             Gold', 'Monaco', 'Monospace',                      
                             'Mshtakan', 'Mukta Mahee',                         
                             'Muna', 'Myanmar MN', 'Myanmar                     
                             Sangam MN', 'Nadeem', 'Nanum                       
                             Brush Script', 'Nanum Gothic',                     
                             'Nanum Myeongjo', 'Nanum Pen                       
                             Script', 'New Peninim MT',                         
                             'Noteworthy', 'Noto Nastaliq                       
                             Urdu', 'Noto Sans Batak', 'Noto                    
                             Sans Kannada', 'Noto Sans                          
                             Myanmar', 'Noto Sans NKo',                         
                             'Noto Sans Oriya', 'Noto Sans                      
                             Syriac', 'Noto Sans Tagalog',                      
                             'Noto Serif Myanmar', 'Optima',                    
                             'Oriya MN', 'Oriya Sangam MN',                     
                             'Osaka', 'PCMyungjo', 'PT                          
                             Mono', 'PT Sans', 'PT Sans                         
                             Caption', 'PT Sans Narrow', 'PT                    
                             Serif', 'PT Serif Caption',                        
                             'Palatino', 'Papyrus', 'Party                      
                             LET', 'Phosphate', 'PilGi',                        
                             'PingFang HK', 'PingFang MO',                      
                             'PingFang SC', 'PingFang TC',                      
                             'Plantagenet Cherokee',                            
                             'Raanana', 'Rockwell',                             
                             'STFangsong', 'STHeiti', 'STIX                     
                             Two Math', 'STIX Two Text',                        
                             'STKaiti', 'STSong', 'Sana',                       
                             'Sans', 'Sathu', 'Savoye LET',                     
                             'Serif', 'Shree Devanagari                         
                             714', 'SignPainter', 'Silom',                      
                             'SimSong', 'Sinhala MN',                           
                             'Sinhala Sangam MN', 'Skia',                       
                             'Snell Roundhand', 'Songti SC',                    
                             'Songti TC', 'Sukhumvit Set',                      
                             'Symbol', 'Tahoma', 'Tamil MN',                    
                             'Tamil Sangam MN', 'Telugu MN',                    
                             'Telugu Sangam MN', 'Thonburi',                    
                             'Times New Roman', 'Toppan                         
                             Bunkyu Gothic', 'Toppan Bunkyu                     
                             Midashi Gothic', 'Toppan Bunkyu                    
                             Midashi Mincho', 'Toppan Bunkyu                    
                             Mincho', 'Trattatello',                            
                             'Trebuchet MS', 'Tsukushi A                        
                             Round Gothic', 'Tsukushi B                         
                             Round Gothic', 'Verdana',                          
                             'Waseem', 'Wawati SC', 'Wawati                     
                             TC', 'Webdings', 'Weibei SC',                      
                             'Weibei TC', 'Wingdings',                          
                             'Wingdings 2', 'Wingdings 3',                      
                             'Xingkai SC', 'Xingkai TC',                        
                             'YuGothic', 'YuKyokasho',                          
                             'YuKyokasho Yoko', 'YuMincho',                     
                             'YuMincho +36p Kana', 'Yuanti                      
                             SC', 'Yuanti TC', 'Yuppy SC',                      
                             'Yuppy TC', 'Zapf Dingbats',                       
                             'Zapfino', 'cursive',                              
                             'fantasy', 'system-ui'].                           
                    INFO     Animation 21 : Using cached    cairo_renderer.py:94
                             data (hash :                                       
                             656162490_4172503915_254011960                     
                             2)                                                 
Animation 21: Write(Text('概率的大小：0 到 1 之间')):   0%|          | 0/1 [00:00<?, ?it/s]                                                                                                               INFO     Animation 22 : Using cached    cairo_renderer.py:94
                             data (hash :                                       
                             656162490_3777166797_217569209                     
                             6)                                                 
Animation 22: Create(Line), etc.:   0%|          | 0/1 [00:00<?, ?it/s]                                                                                           WARNING  Font Noto Sans CJK SC not in    text_mobject.py:464
                             ['.AppleSystemUIFont', 'Academy                    
                             Engraved LET', 'Al Bayan', 'Al                     
                             Nile', 'Al Tarikh', 'American                      
                             Typewriter', 'Andale Mono',                        
                             'Apple Braille', 'Apple                            
                             Chancery', 'Apple Color Emoji',                    
                             'Apple LiGothic', 'Apple                           
                             LiSung', 'Apple SD Gothic Neo',                    
                             'Apple Symbols', 'AppleGothic',                    
                             'AppleMyungjo', 'Arial', 'Arial                    
                             Black', 'Arial Hebrew', 'Arial                     
                             Hebrew Scholar', 'Arial                            
                             Narrow', 'Arial Rounded MT                         
                             Bold', 'Arial Unicode MS',                         
                             'Avenir', 'Avenir Next',                           
                             'Avenir Next Condensed',                           
                             'Ayuthaya', 'BIZ UDGothic',                        
                             'BIZ UDMincho', 'BM Dohyeon',                      
                             'BM Hanna 11yrs Old', 'BM Hanna                    
                             Air', 'BM Hanna Pro', 'BM Jua',                    
                             'BM Kirang Haerang', 'BM                           
                             Yeonsung', 'Baghdad', 'Bangla                      
                             MN', 'Bangla Sangam MN', 'Baoli                    
                             SC', 'Baoli TC', 'Baskerville',                    
                             'Beirut', 'BiauKaiHK',                             
                             'BiauKaiTC', 'Big Caslon',                         
                             'Bodoni 72', 'Bodoni 72                            
                             Oldstyle', 'Bodoni 72                              
                             Smallcaps', 'Bodoni Ornaments',                    
                             'Bradley Hand', 'Brush Script                      
                             MT', 'Chalkboard', 'Chalkboard                     
                             SE', 'Chalkduster', 'Charter',                     
                             'Cochin', 'Comic Sans MS',                         
                             'Copperplate', 'Corsiva                            
                             Hebrew', 'Courier New', 'DIN                       
                             Alternate', 'DIN Condensed',                       
                             'Damascus', 'DecoType Naskh',                      
                             'Devanagari MT', 'Devanagari                       
                             Sangam MN', 'Didot', 'Diwan                        
                             Kufi', 'Diwan Thuluth',                            
                             'Euphemia UCAS', 'Farah',                          
                             'Farisi', 'Futura', 'GB18030                       
                             Bitmap', 'Galvji', 'Geeza Pro',                    
                             'Geneva', 'Georgia', 'Gill                         
                             Sans', 'Grantha Sangam MN',                        
                             'Gujarati MT', 'Gujarati Sangam                    
                             MN', 'GungSeo', 'Gurmukhi MN',                     
                             'Gurmukhi MT', 'Gurmukhi Sangam                    
                             MN', 'Hannotate SC', 'Hannotate                    
                             TC', 'HanziPen SC', 'HanziPen                      
                             TC', 'HeadLineA', 'Hei', 'Heiti                    
                             SC', 'Heiti TC', 'Helvetica',                      
                             'Helvetica Neue', 'Herculanum',                    
                             'Hiragino Maru Gothic ProN',                       
                             'Hiragino Mincho ProN',                            
                             'Hiragino Sans', 'Hiragino Sans                    
                             GB', 'Hoefler Text', 'ITF                          
                             Devanagari', 'ITF Devanagari                       
                             Marathi', 'Impact',                                
                             'InaiMathi', 'Kai', 'Kailasa',                     
                             'Kaiti SC', 'Kaiti TC',                            
                             'Kannada MN', 'Kannada Sangam                      
                             MN', 'Kefa III', 'Khmer MN',                       
                             'Khmer Sangam MN', 'Klee',                         
                             'Kohinoor Bangla', 'Kohinoor                       
                             Devanagari', 'Kohinoor                             
                             Gujarati', 'Kohinoor Telugu',                      
                             'Kokonor', 'Krungthep',                            
                             'KufiStandardGK', 'LXGW                            
                             ZhenKai', 'Lantinghei SC',                         
                             'Lantinghei TC', 'Lao MN', 'Lao                    
                             Sangam MN', 'LiHei Pro',                           
                             'LiSong Pro', 'Libian SC',                         
                             'Libian TC', 'LingWai SC',                         
                             'LingWai TC', 'Lucida Grande',                     
                             'Luminari', 'Malayalam MN',                        
                             'Malayalam Sangam MN', 'Marker                     
                             Felt', 'Menlo', 'Microsoft Sans                    
                             Serif', 'Mishafi', 'Mishafi                        
                             Gold', 'Monaco', 'Monospace',                      
                             'Mshtakan', 'Mukta Mahee',                         
                             'Muna', 'Myanmar MN', 'Myanmar                     
                             Sangam MN', 'Nadeem', 'Nanum                       
                             Brush Script', 'Nanum Gothic',                     
                             'Nanum Myeongjo', 'Nanum Pen                       
                             Script', 'New Peninim MT',                         
                             'Noteworthy', 'Noto Nastaliq                       
                             Urdu', 'Noto Sans Batak', 'Noto                    
                             Sans Kannada', 'Noto Sans                          
                             Myanmar', 'Noto Sans NKo',                         
                             'Noto Sans Oriya', 'Noto Sans                      
                             Syriac', 'Noto Sans Tagalog',                      
                             'Noto Serif Myanmar', 'Optima',                    
                             'Oriya MN', 'Oriya Sangam MN',                     
                             'Osaka', 'PCMyungjo', 'PT                          
                             Mono', 'PT Sans', 'PT Sans                         
                             Caption', 'PT Sans Narrow', 'PT                    
                             Serif', 'PT Serif Caption',                        
                             'Palatino', 'Papyrus', 'Party                      
                             LET', 'Phosphate', 'PilGi',                        
                             'PingFang HK', 'PingFang MO',                      
                             'PingFang SC', 'PingFang TC',                      
                             'Plantagenet Cherokee',                            
                             'Raanana', 'Rockwell',                             
                             'STFangsong', 'STHeiti', 'STIX                     
                             Two Math', 'STIX Two Text',                        
                             'STKaiti', 'STSong', 'Sana',                       
                             'Sans', 'Sathu', 'Savoye LET',                     
                             'Serif', 'Shree Devanagari                         
                             714', 'SignPainter', 'Silom',                      
                             'SimSong', 'Sinhala MN',                           
                             'Sinhala Sangam MN', 'Skia',                       
                             'Snell Roundhand', 'Songti SC',                    
                             'Songti TC', 'Sukhumvit Set',                      
                             'Symbol', 'Tahoma', 'Tamil MN',                    
                             'Tamil Sangam MN', 'Telugu MN',                    
                             'Telugu Sangam MN', 'Thonburi',                    
                             'Times New Roman', 'Toppan                         
                             Bunkyu Gothic', 'Toppan Bunkyu                     
                             Midashi Gothic', 'Toppan Bunkyu                    
                             Midashi Mincho', 'Toppan Bunkyu                    
                             Mincho', 'Trattatello',                            
                             'Trebuchet MS', 'Tsukushi A                        
                             Round Gothic', 'Tsukushi B                         
                             Round Gothic', 'Verdana',                          
                             'Waseem', 'Wawati SC', 'Wawati                     
                             TC', 'Webdings', 'Weibei SC',                      
                             'Weibei TC', 'Wingdings',                          
                             'Wingdings 2', 'Wingdings 3',                      
                             'Xingkai SC', 'Xingkai TC',                        
                             'YuGothic', 'YuKyokasho',                          
                             'YuKyokasho Yoko', 'YuMincho',                     
                             'YuMincho +36p Kana', 'Yuanti                      
                             SC', 'Yuanti TC', 'Yuppy SC',                      
                             'Yuppy TC', 'Zapf Dingbats',                       
                             'Zapfino', 'cursive',                              
                             'fantasy', 'system-ui'].                           
                    INFO     Animation 23 : Using cached    cairo_renderer.py:94
                             data (hash :                                       
                             656162490_1189892538_413149516                     
                             5)                                                 
Animation 23: FadeIn(Line), etc.:   0%|          | 0/1 [00:00<?, ?it/s]                                                                                           WARNING  Font Noto Sans CJK SC not in    text_mobject.py:464
                             ['.AppleSystemUIFont', 'Academy                    
                             Engraved LET', 'Al Bayan', 'Al                     
                             Nile', 'Al Tarikh', 'American                      
                             Typewriter', 'Andale Mono',                        
                             'Apple Braille', 'Apple                            
                             Chancery', 'Apple Color Emoji',                    
                             'Apple LiGothic', 'Apple                           
                             LiSung', 'Apple SD Gothic Neo',                    
                             'Apple Symbols', 'AppleGothic',                    
                             'AppleMyungjo', 'Arial', 'Arial                    
                             Black', 'Arial Hebrew', 'Arial                     
                             Hebrew Scholar', 'Arial                            
                             Narrow', 'Arial Rounded MT                         
                             Bold', 'Arial Unicode MS',                         
                             'Avenir', 'Avenir Next',                           
                             'Avenir Next Condensed',                           
                             'Ayuthaya', 'BIZ UDGothic',                        
                             'BIZ UDMincho', 'BM Dohyeon',                      
                             'BM Hanna 11yrs Old', 'BM Hanna                    
                             Air', 'BM Hanna Pro', 'BM Jua',                    
                             'BM Kirang Haerang', 'BM                           
                             Yeonsung', 'Baghdad', 'Bangla                      
                             MN', 'Bangla Sangam MN', 'Baoli                    
                             SC', 'Baoli TC', 'Baskerville',                    
                             'Beirut', 'BiauKaiHK',                             
                             'BiauKaiTC', 'Big Caslon',                         
                             'Bodoni 72', 'Bodoni 72                            
                             Oldstyle', 'Bodoni 72                              
                             Smallcaps', 'Bodoni Ornaments',                    
                             'Bradley Hand', 'Brush Script                      
                             MT', 'Chalkboard', 'Chalkboard                     
                             SE', 'Chalkduster', 'Charter',                     
                             'Cochin', 'Comic Sans MS',                         
                             'Copperplate', 'Corsiva                            
                             Hebrew', 'Courier New', 'DIN                       
                             Alternate', 'DIN Condensed',                       
                             'Damascus', 'DecoType Naskh',                      
                             'Devanagari MT', 'Devanagari                       
                             Sangam MN', 'Didot', 'Diwan                        
                             Kufi', 'Diwan Thuluth',                            
                             'Euphemia UCAS', 'Farah',                          
                             'Farisi', 'Futura', 'GB18030                       
                             Bitmap', 'Galvji', 'Geeza Pro',                    
                             'Geneva', 'Georgia', 'Gill                         
                             Sans', 'Grantha Sangam MN',                        
                             'Gujarati MT', 'Gujarati Sangam                    
                             MN', 'GungSeo', 'Gurmukhi MN',                     
                             'Gurmukhi MT', 'Gurmukhi Sangam                    
                             MN', 'Hannotate SC', 'Hannotate                    
                             TC', 'HanziPen SC', 'HanziPen                      
                             TC', 'HeadLineA', 'Hei', 'Heiti                    
                             SC', 'Heiti TC', 'Helvetica',                      
                             'Helvetica Neue', 'Herculanum',                    
                             'Hiragino Maru Gothic ProN',                       
                             'Hiragino Mincho ProN',                            
                             'Hiragino Sans', 'Hiragino Sans                    
                             GB', 'Hoefler Text', 'ITF                          
                             Devanagari', 'ITF Devanagari                       
                             Marathi', 'Impact',                                
                             'InaiMathi', 'Kai', 'Kailasa',                     
                             'Kaiti SC', 'Kaiti TC',                            
                             'Kannada MN', 'Kannada Sangam                      
                             MN', 'Kefa III', 'Khmer MN',                       
                             'Khmer Sangam MN', 'Klee',                         
                             'Kohinoor Bangla', 'Kohinoor                       
                             Devanagari', 'Kohinoor                             
                             Gujarati', 'Kohinoor Telugu',                      
                             'Kokonor', 'Krungthep',                            
                             'KufiStandardGK', 'LXGW                            
                             ZhenKai', 'Lantinghei SC',                         
                             'Lantinghei TC', 'Lao MN', 'Lao                    
                             Sangam MN', 'LiHei Pro',                           
                             'LiSong Pro', 'Libian SC',                         
                             'Libian TC', 'LingWai SC',                         
                             'LingWai TC', 'Lucida Grande',                     
                             'Luminari', 'Malayalam MN',                        
                             'Malayalam Sangam MN', 'Marker                     
                             Felt', 'Menlo', 'Microsoft Sans                    
                             Serif', 'Mishafi', 'Mishafi                        
                             Gold', 'Monaco', 'Monospace',                      
                             'Mshtakan', 'Mukta Mahee',                         
                             'Muna', 'Myanmar MN', 'Myanmar                     
                             Sangam MN', 'Nadeem', 'Nanum                       
                             Brush Script', 'Nanum Gothic',                     
                             'Nanum Myeongjo', 'Nanum Pen                       
                             Script', 'New Peninim MT',                         
                             'Noteworthy', 'Noto Nastaliq                       
                             Urdu', 'Noto Sans Batak', 'Noto                    
                             Sans Kannada', 'Noto Sans                          
                             Myanmar', 'Noto Sans NKo',                         
                             'Noto Sans Oriya', 'Noto Sans                      
                             Syriac', 'Noto Sans Tagalog',                      
                             'Noto Serif Myanmar', 'Optima',                    
                             'Oriya MN', 'Oriya Sangam MN',                     
                             'Osaka', 'PCMyungjo', 'PT                          
                             Mono', 'PT Sans', 'PT Sans                         
                             Caption', 'PT Sans Narrow', 'PT                    
                             Serif', 'PT Serif Caption',                        
                             'Palatino', 'Papyrus', 'Party                      
                             LET', 'Phosphate', 'PilGi',                        
                             'PingFang HK', 'PingFang MO',                      
                             'PingFang SC', 'PingFang TC',                      
                             'Plantagenet Cherokee',                            
                             'Raanana', 'Rockwell',                             
                             'STFangsong', 'STHeiti', 'STIX                     
                             Two Math', 'STIX Two Text',                        
                             'STKaiti', 'STSong', 'Sana',                       
                             'Sans', 'Sathu', 'Savoye LET',                     
                             'Serif', 'Shree Devanagari                         
                             714', 'SignPainter', 'Silom',                      
                             'SimSong', 'Sinhala MN',                           
                             'Sinhala Sangam MN', 'Skia',                       
                             'Snell Roundhand', 'Songti SC',                    
                             'Songti TC', 'Sukhumvit Set',                      
                             'Symbol', 'Tahoma', 'Tamil MN',                    
                             'Tamil Sangam MN', 'Telugu MN',                    
                             'Telugu Sangam MN', 'Thonburi',                    
                             'Times New Roman', 'Toppan                         
                             Bunkyu Gothic', 'Toppan Bunkyu                     
                             Midashi Gothic', 'Toppan Bunkyu                    
                             Midashi Mincho', 'Toppan Bunkyu                    
                             Mincho', 'Trattatello',                            
                             'Trebuchet MS', 'Tsukushi A                        
                             Round Gothic', 'Tsukushi B                         
                             Round Gothic', 'Verdana',                          
                             'Waseem', 'Wawati SC', 'Wawati                     
                             TC', 'Webdings', 'Weibei SC',                      
                             'Weibei TC', 'Wingdings',                          
                             'Wingdings 2', 'Wingdings 3',                      
                             'Xingkai SC', 'Xingkai TC',                        
                             'YuGothic', 'YuKyokasho',                          
                             'YuKyokasho Yoko', 'YuMincho',                     
                             'YuMincho +36p Kana', 'Yuanti                      
                             SC', 'Yuanti TC', 'Yuppy SC',                      
                             'Yuppy TC', 'Zapf Dingbats',                       
                             'Zapfino', 'cursive',                              
                             'fantasy', 'system-ui'].                           
                    INFO     Animation 24 : Using cached    cairo_renderer.py:94
                             data (hash :                                       
                             656162490_2189630715_323041269                     
                             1)                                                 
Animation 24: FadeIn(Line), etc.:   0%|          | 0/1 [00:00<?, ?it/s]                                                                                           WARNING  Font Noto Sans CJK SC not in    text_mobject.py:464
                             ['.AppleSystemUIFont', 'Academy                    
                             Engraved LET', 'Al Bayan', 'Al                     
                             Nile', 'Al Tarikh', 'American                      
                             Typewriter', 'Andale Mono',                        
                             'Apple Braille', 'Apple                            
                             Chancery', 'Apple Color Emoji',                    
                             'Apple LiGothic', 'Apple                           
                             LiSung', 'Apple SD Gothic Neo',                    
                             'Apple Symbols', 'AppleGothic',                    
                             'AppleMyungjo', 'Arial', 'Arial                    
                             Black', 'Arial Hebrew', 'Arial                     
                             Hebrew Scholar', 'Arial                            
                             Narrow', 'Arial Rounded MT                         
                             Bold', 'Arial Unicode MS',                         
                             'Avenir', 'Avenir Next',                           
                             'Avenir Next Condensed',                           
                             'Ayuthaya', 'BIZ UDGothic',                        
                             'BIZ UDMincho', 'BM Dohyeon',                      
                             'BM Hanna 11yrs Old', 'BM Hanna                    
                             Air', 'BM Hanna Pro', 'BM Jua',                    
                             'BM Kirang Haerang', 'BM                           
                             Yeonsung', 'Baghdad', 'Bangla                      
                             MN', 'Bangla Sangam MN', 'Baoli                    
                             SC', 'Baoli TC', 'Baskerville',                    
                             'Beirut', 'BiauKaiHK',                             
                             'BiauKaiTC', 'Big Caslon',                         
                             'Bodoni 72', 'Bodoni 72                            
                             Oldstyle', 'Bodoni 72                              
                             Smallcaps', 'Bodoni Ornaments',                    
                             'Bradley Hand', 'Brush Script                      
                             MT', 'Chalkboard', 'Chalkboard                     
                             SE', 'Chalkduster', 'Charter',                     
                             'Cochin', 'Comic Sans MS',                         
                             'Copperplate', 'Corsiva                            
                             Hebrew', 'Courier New', 'DIN                       
                             Alternate', 'DIN Condensed',                       
                             'Damascus', 'DecoType Naskh',                      
                             'Devanagari MT', 'Devanagari                       
                             Sangam MN', 'Didot', 'Diwan                        
                             Kufi', 'Diwan Thuluth',                            
                             'Euphemia UCAS', 'Farah',                          
                             'Farisi', 'Futura', 'GB18030                       
                             Bitmap', 'Galvji', 'Geeza Pro',                    
                             'Geneva', 'Georgia', 'Gill                         
                             Sans', 'Grantha Sangam MN',                        
                             'Gujarati MT', 'Gujarati Sangam                    
                             MN', 'GungSeo', 'Gurmukhi MN',                     
                             'Gurmukhi MT', 'Gurmukhi Sangam                    
                             MN', 'Hannotate SC', 'Hannotate                    
                             TC', 'HanziPen SC', 'HanziPen                      
                             TC', 'HeadLineA', 'Hei', 'Heiti                    
                             SC', 'Heiti TC', 'Helvetica',                      
                             'Helvetica Neue', 'Herculanum',                    
                             'Hiragino Maru Gothic ProN',                       
                             'Hiragino Mincho ProN',                            
                             'Hiragino Sans', 'Hiragino Sans                    
                             GB', 'Hoefler Text', 'ITF                          
                             Devanagari', 'ITF Devanagari                       
                             Marathi', 'Impact',                                
                             'InaiMathi', 'Kai', 'Kailasa',                     
                             'Kaiti SC', 'Kaiti TC',                            
                             'Kannada MN', 'Kannada Sangam                      
                             MN', 'Kefa III', 'Khmer MN',                       
                             'Khmer Sangam MN', 'Klee',                         
                             'Kohinoor Bangla', 'Kohinoor                       
                             Devanagari', 'Kohinoor                             
                             Gujarati', 'Kohinoor Telugu',                      
                             'Kokonor', 'Krungthep',                            
                             'KufiStandardGK', 'LXGW                            
                             ZhenKai', 'Lantinghei SC',                         
                             'Lantinghei TC', 'Lao MN', 'Lao                    
                             Sangam MN', 'LiHei Pro',                           
                             'LiSong Pro', 'Libian SC',                         
                             'Libian TC', 'LingWai SC',                         
                             'LingWai TC', 'Lucida Grande',                     
                             'Luminari', 'Malayalam MN',                        
                             'Malayalam Sangam MN', 'Marker                     
                             Felt', 'Menlo', 'Microsoft Sans                    
                             Serif', 'Mishafi', 'Mishafi                        
                             Gold', 'Monaco', 'Monospace',                      
                             'Mshtakan', 'Mukta Mahee',                         
                             'Muna', 'Myanmar MN', 'Myanmar                     
                             Sangam MN', 'Nadeem', 'Nanum                       
                             Brush Script', 'Nanum Gothic',                     
                             'Nanum Myeongjo', 'Nanum Pen                       
                             Script', 'New Peninim MT',                         
                             'Noteworthy', 'Noto Nastaliq                       
                             Urdu', 'Noto Sans Batak', 'Noto                    
                             Sans Kannada', 'Noto Sans                          
                             Myanmar', 'Noto Sans NKo',                         
                             'Noto Sans Oriya', 'Noto Sans                      
                             Syriac', 'Noto Sans Tagalog',                      
                             'Noto Serif Myanmar', 'Optima',                    
                             'Oriya MN', 'Oriya Sangam MN',                     
                             'Osaka', 'PCMyungjo', 'PT                          
                             Mono', 'PT Sans', 'PT Sans                         
                             Caption', 'PT Sans Narrow', 'PT                    
                             Serif', 'PT Serif Caption',                        
                             'Palatino', 'Papyrus', 'Party                      
                             LET', 'Phosphate', 'PilGi',                        
                             'PingFang HK', 'PingFang MO',                      
                             'PingFang SC', 'PingFang TC',                      
                             'Plantagenet Cherokee',                            
                             'Raanana', 'Rockwell',                             
                             'STFangsong', 'STHeiti', 'STIX                     
                             Two Math', 'STIX Two Text',                        
                             'STKaiti', 'STSong', 'Sana',                       
                             'Sans', 'Sathu', 'Savoye LET',                     
                             'Serif', 'Shree Devanagari                         
                             714', 'SignPainter', 'Silom',                      
                             'SimSong', 'Sinhala MN',                           
                             'Sinhala Sangam MN', 'Skia',                       
                             'Snell Roundhand', 'Songti SC',                    
                             'Songti TC', 'Sukhumvit Set',                      
                             'Symbol', 'Tahoma', 'Tamil MN',                    
                             'Tamil Sangam MN', 'Telugu MN',                    
                             'Telugu Sangam MN', 'Thonburi',                    
                             'Times New Roman', 'Toppan                         
                             Bunkyu Gothic', 'Toppan Bunkyu                     
                             Midashi Gothic', 'Toppan Bunkyu                    
                             Midashi Mincho', 'Toppan Bunkyu                    
                             Mincho', 'Trattatello',                            
                             'Trebuchet MS', 'Tsukushi A                        
                             Round Gothic', 'Tsukushi B                         
                             Round Gothic', 'Verdana',                          
                             'Waseem', 'Wawati SC', 'Wawati                     
                             TC', 'Webdings', 'Weibei SC',                      
                             'Weibei TC', 'Wingdings',                          
                             'Wingdings 2', 'Wingdings 3',                      
                             'Xingkai SC', 'Xingkai TC',                        
                             'YuGothic', 'YuKyokasho',                          
                             'YuKyokasho Yoko', 'YuMincho',                     
                             'YuMincho +36p Kana', 'Yuanti                      
                             SC', 'Yuanti TC', 'Yuppy SC',                      
                             'Yuppy TC', 'Zapf Dingbats',                       
                             'Zapfino', 'cursive',                              
                             'fantasy', 'system-ui'].                           
[02/27/26 10:31:26] INFO     Animation 25 : Using cached    cairo_renderer.py:94
                             data (hash :                                       
                             656162490_237855330_2492037760                     
                             )                                                  
Animation 25: FadeIn(Line), etc.:   0%|          | 0/1 [00:00<?, ?it/s]                                                                                           WARNING  Font Noto Sans CJK SC not in    text_mobject.py:464
                             ['.AppleSystemUIFont', 'Academy                    
                             Engraved LET', 'Al Bayan', 'Al                     
                             Nile', 'Al Tarikh', 'American                      
                             Typewriter', 'Andale Mono',                        
                             'Apple Braille', 'Apple                            
                             Chancery', 'Apple Color Emoji',                    
                             'Apple LiGothic', 'Apple                           
                             LiSung', 'Apple SD Gothic Neo',                    
                             'Apple Symbols', 'AppleGothic',                    
                             'AppleMyungjo', 'Arial', 'Arial                    
                             Black', 'Arial Hebrew', 'Arial                     
                             Hebrew Scholar', 'Arial                            
                             Narrow', 'Arial Rounded MT                         
                             Bold', 'Arial Unicode MS',                         
                             'Avenir', 'Avenir Next',                           
                             'Avenir Next Condensed',                           
                             'Ayuthaya', 'BIZ UDGothic',                        
                             'BIZ UDMincho', 'BM Dohyeon',                      
                             'BM Hanna 11yrs Old', 'BM Hanna                    
                             Air', 'BM Hanna Pro', 'BM Jua',                    
                             'BM Kirang Haerang', 'BM                           
                             Yeonsung', 'Baghdad', 'Bangla                      
                             MN', 'Bangla Sangam MN', 'Baoli                    
                             SC', 'Baoli TC', 'Baskerville',                    
                             'Beirut', 'BiauKaiHK',                             
                             'BiauKaiTC', 'Big Caslon',                         
                             'Bodoni 72', 'Bodoni 72                            
                             Oldstyle', 'Bodoni 72                              
                             Smallcaps', 'Bodoni Ornaments',                    
                             'Bradley Hand', 'Brush Script                      
                             MT', 'Chalkboard', 'Chalkboard                     
                             SE', 'Chalkduster', 'Charter',                     
                             'Cochin', 'Comic Sans MS',                         
                             'Copperplate', 'Corsiva                            
                             Hebrew', 'Courier New', 'DIN                       
                             Alternate', 'DIN Condensed',                       
                             'Damascus', 'DecoType Naskh',                      
                             'Devanagari MT', 'Devanagari                       
                             Sangam MN', 'Didot', 'Diwan                        
                             Kufi', 'Diwan Thuluth',                            
                             'Euphemia UCAS', 'Farah',                          
                             'Farisi', 'Futura', 'GB18030                       
                             Bitmap', 'Galvji', 'Geeza Pro',                    
                             'Geneva', 'Georgia', 'Gill                         
                             Sans', 'Grantha Sangam MN',                        
                             'Gujarati MT', 'Gujarati Sangam                    
                             MN', 'GungSeo', 'Gurmukhi MN',                     
                             'Gurmukhi MT', 'Gurmukhi Sangam                    
                             MN', 'Hannotate SC', 'Hannotate                    
                             TC', 'HanziPen SC', 'HanziPen                      
                             TC', 'HeadLineA', 'Hei', 'Heiti                    
                             SC', 'Heiti TC', 'Helvetica',                      
                             'Helvetica Neue', 'Herculanum',                    
                             'Hiragino Maru Gothic ProN',                       
                             'Hiragino Mincho ProN',                            
                             'Hiragino Sans', 'Hiragino Sans                    
                             GB', 'Hoefler Text', 'ITF                          
                             Devanagari', 'ITF Devanagari                       
                             Marathi', 'Impact',                                
                             'InaiMathi', 'Kai', 'Kailasa',                     
                             'Kaiti SC', 'Kaiti TC',                            
                             'Kannada MN', 'Kannada Sangam                      
                             MN', 'Kefa III', 'Khmer MN',                       
                             'Khmer Sangam MN', 'Klee',                         
                             'Kohinoor Bangla', 'Kohinoor                       
                             Devanagari', 'Kohinoor                             
                             Gujarati', 'Kohinoor Telugu',                      
                             'Kokonor', 'Krungthep',                            
                             'KufiStandardGK', 'LXGW                            
                             ZhenKai', 'Lantinghei SC',                         
                             'Lantinghei TC', 'Lao MN', 'Lao                    
                             Sangam MN', 'LiHei Pro',                           
                             'LiSong Pro', 'Libian SC',                         
                             'Libian TC', 'LingWai SC',                         
                             'LingWai TC', 'Lucida Grande',                     
                             'Luminari', 'Malayalam MN',                        
                             'Malayalam Sangam MN', 'Marker                     
                             Felt', 'Menlo', 'Microsoft Sans                    
                             Serif', 'Mishafi', 'Mishafi                        
                             Gold', 'Monaco', 'Monospace',                      
                             'Mshtakan', 'Mukta Mahee',                         
                             'Muna', 'Myanmar MN', 'Myanmar                     
                             Sangam MN', 'Nadeem', 'Nanum                       
                             Brush Script', 'Nanum Gothic',                     
                             'Nanum Myeongjo', 'Nanum Pen                       
                             Script', 'New Peninim MT',                         
                             'Noteworthy', 'Noto Nastaliq                       
                             Urdu', 'Noto Sans Batak', 'Noto                    
                             Sans Kannada', 'Noto Sans                          
                             Myanmar', 'Noto Sans NKo',                         
                             'Noto Sans Oriya', 'Noto Sans                      
                             Syriac', 'Noto Sans Tagalog',                      
                             'Noto Serif Myanmar', 'Optima',                    
                             'Oriya MN', 'Oriya Sangam MN',                     
                             'Osaka', 'PCMyungjo', 'PT                          
                             Mono', 'PT Sans', 'PT Sans                         
                             Caption', 'PT Sans Narrow', 'PT                    
                             Serif', 'PT Serif Caption',                        
                             'Palatino', 'Papyrus', 'Party                      
                             LET', 'Phosphate', 'PilGi',                        
                             'PingFang HK', 'PingFang MO',                      
                             'PingFang SC', 'PingFang TC',                      
                             'Plantagenet Cherokee',                            
                             'Raanana', 'Rockwell',                             
                             'STFangsong', 'STHeiti', 'STIX                     
                             Two Math', 'STIX Two Text',                        
                             'STKaiti', 'STSong', 'Sana',                       
                             'Sans', 'Sathu', 'Savoye LET',                     
                             'Serif', 'Shree Devanagari                         
                             714', 'SignPainter', 'Silom',                      
                             'SimSong', 'Sinhala MN',                           
                             'Sinhala Sangam MN', 'Skia',                       
                             'Snell Roundhand', 'Songti SC',                    
                             'Songti TC', 'Sukhumvit Set',                      
                             'Symbol', 'Tahoma', 'Tamil MN',                    
                             'Tamil Sangam MN', 'Telugu MN',                    
                             'Telugu Sangam MN', 'Thonburi',                    
                             'Times New Roman', 'Toppan                         
                             Bunkyu Gothic', 'Toppan Bunkyu                     
                             Midashi Gothic', 'Toppan Bunkyu                    
                             Midashi Mincho', 'Toppan Bunkyu                    
                             Mincho', 'Trattatello',                            
                             'Trebuchet MS', 'Tsukushi A                        
                             Round Gothic', 'Tsukushi B                         
                             Round Gothic', 'Verdana',                          
                             'Waseem', 'Wawati SC', 'Wawati                     
                             TC', 'Webdings', 'Weibei SC',                      
                             'Weibei TC', 'Wingdings',                          
                             'Wingdings 2', 'Wingdings 3',                      
                             'Xingkai SC', 'Xingkai TC',                        
                             'YuGothic', 'YuKyokasho',                          
                             'YuKyokasho Yoko', 'YuMincho',                     
                             'YuMincho +36p Kana', 'Yuanti                      
                             SC', 'Yuanti TC', 'Yuppy SC',                      
                             'Yuppy TC', 'Zapf Dingbats',                       
                             'Zapfino', 'cursive',                              
                             'fantasy', 'system-ui'].                           
                    INFO     Animation 26 : Using cached    cairo_renderer.py:94
                             data (hash :                                       
                             656162490_4271991274_247805928                     
                             4)                                                 
Animation 26: FadeIn(Text('不可能')):   0%|          | 0/1 [00:00<?, ?it/s]                                                                                               WARNING  Font Noto Sans CJK SC not in    text_mobject.py:464
                             ['.AppleSystemUIFont', 'Academy                    
                             Engraved LET', 'Al Bayan', 'Al                     
                             Nile', 'Al Tarikh', 'American                      
                             Typewriter', 'Andale Mono',                        
                             'Apple Braille', 'Apple                            
                             Chancery', 'Apple Color Emoji',                    
                             'Apple LiGothic', 'Apple                           
                             LiSung', 'Apple SD Gothic Neo',                    
                             'Apple Symbols', 'AppleGothic',                    
                             'AppleMyungjo', 'Arial', 'Arial                    
                             Black', 'Arial Hebrew', 'Arial                     
                             Hebrew Scholar', 'Arial                            
                             Narrow', 'Arial Rounded MT                         
                             Bold', 'Arial Unicode MS',                         
                             'Avenir', 'Avenir Next',                           
                             'Avenir Next Condensed',                           
                             'Ayuthaya', 'BIZ UDGothic',                        
                             'BIZ UDMincho', 'BM Dohyeon',                      
                             'BM Hanna 11yrs Old', 'BM Hanna                    
                             Air', 'BM Hanna Pro', 'BM Jua',                    
                             'BM Kirang Haerang', 'BM                           
                             Yeonsung', 'Baghdad', 'Bangla                      
                             MN', 'Bangla Sangam MN', 'Baoli                    
                             SC', 'Baoli TC', 'Baskerville',                    
                             'Beirut', 'BiauKaiHK',                             
                             'BiauKaiTC', 'Big Caslon',                         
                             'Bodoni 72', 'Bodoni 72                            
                             Oldstyle', 'Bodoni 72                              
                             Smallcaps', 'Bodoni Ornaments',                    
                             'Bradley Hand', 'Brush Script                      
                             MT', 'Chalkboard', 'Chalkboard                     
                             SE', 'Chalkduster', 'Charter',                     
                             'Cochin', 'Comic Sans MS',                         
                             'Copperplate', 'Corsiva                            
                             Hebrew', 'Courier New', 'DIN                       
                             Alternate', 'DIN Condensed',                       
                             'Damascus', 'DecoType Naskh',                      
                             'Devanagari MT', 'Devanagari                       
                             Sangam MN', 'Didot', 'Diwan                        
                             Kufi', 'Diwan Thuluth',                            
                             'Euphemia UCAS', 'Farah',                          
                             'Farisi', 'Futura', 'GB18030                       
                             Bitmap', 'Galvji', 'Geeza Pro',                    
                             'Geneva', 'Georgia', 'Gill                         
                             Sans', 'Grantha Sangam MN',                        
                             'Gujarati MT', 'Gujarati Sangam                    
                             MN', 'GungSeo', 'Gurmukhi MN',                     
                             'Gurmukhi MT', 'Gurmukhi Sangam                    
                             MN', 'Hannotate SC', 'Hannotate                    
                             TC', 'HanziPen SC', 'HanziPen                      
                             TC', 'HeadLineA', 'Hei', 'Heiti                    
                             SC', 'Heiti TC', 'Helvetica',                      
                             'Helvetica Neue', 'Herculanum',                    
                             'Hiragino Maru Gothic ProN',                       
                             'Hiragino Mincho ProN',                            
                             'Hiragino Sans', 'Hiragino Sans                    
                             GB', 'Hoefler Text', 'ITF                          
                             Devanagari', 'ITF Devanagari                       
                             Marathi', 'Impact',                                
                             'InaiMathi', 'Kai', 'Kailasa',                     
                             'Kaiti SC', 'Kaiti TC',                            
                             'Kannada MN', 'Kannada Sangam                      
                             MN', 'Kefa III', 'Khmer MN',                       
                             'Khmer Sangam MN', 'Klee',                         
                             'Kohinoor Bangla', 'Kohinoor                       
                             Devanagari', 'Kohinoor                             
                             Gujarati', 'Kohinoor Telugu',                      
                             'Kokonor', 'Krungthep',                            
                             'KufiStandardGK', 'LXGW                            
                             ZhenKai', 'Lantinghei SC',                         
                             'Lantinghei TC', 'Lao MN', 'Lao                    
                             Sangam MN', 'LiHei Pro',                           
                             'LiSong Pro', 'Libian SC',                         
                             'Libian TC', 'LingWai SC',                         
                             'LingWai TC', 'Lucida Grande',                     
                             'Luminari', 'Malayalam MN',                        
                             'Malayalam Sangam MN', 'Marker                     
                             Felt', 'Menlo', 'Microsoft Sans                    
                             Serif', 'Mishafi', 'Mishafi                        
                             Gold', 'Monaco', 'Monospace',                      
                             'Mshtakan', 'Mukta Mahee',                         
                             'Muna', 'Myanmar MN', 'Myanmar                     
                             Sangam MN', 'Nadeem', 'Nanum                       
                             Brush Script', 'Nanum Gothic',                     
                             'Nanum Myeongjo', 'Nanum Pen                       
                             Script', 'New Peninim MT',                         
                             'Noteworthy', 'Noto Nastaliq                       
                             Urdu', 'Noto Sans Batak', 'Noto                    
                             Sans Kannada', 'Noto Sans                          
                             Myanmar', 'Noto Sans NKo',                         
                             'Noto Sans Oriya', 'Noto Sans                      
                             Syriac', 'Noto Sans Tagalog',                      
                             'Noto Serif Myanmar', 'Optima',                    
                             'Oriya MN', 'Oriya Sangam MN',                     
                             'Osaka', 'PCMyungjo', 'PT                          
                             Mono', 'PT Sans', 'PT Sans                         
                             Caption', 'PT Sans Narrow', 'PT                    
                             Serif', 'PT Serif Caption',                        
                             'Palatino', 'Papyrus', 'Party                      
                             LET', 'Phosphate', 'PilGi',                        
                             'PingFang HK', 'PingFang MO',                      
                             'PingFang SC', 'PingFang TC',                      
                             'Plantagenet Cherokee',                            
                             'Raanana', 'Rockwell',                             
                             'STFangsong', 'STHeiti', 'STIX                     
                             Two Math', 'STIX Two Text',                        
                             'STKaiti', 'STSong', 'Sana',                       
                             'Sans', 'Sathu', 'Savoye LET',                     
                             'Serif', 'Shree Devanagari                         
                             714', 'SignPainter', 'Silom',                      
                             'SimSong', 'Sinhala MN',                           
                             'Sinhala Sangam MN', 'Skia',                       
                             'Snell Roundhand', 'Songti SC',                    
                             'Songti TC', 'Sukhumvit Set',                      
                             'Symbol', 'Tahoma', 'Tamil MN',                    
                             'Tamil Sangam MN', 'Telugu MN',                    
                             'Telugu Sangam MN', 'Thonburi',                    
                             'Times New Roman', 'Toppan                         
                             Bunkyu Gothic', 'Toppan Bunkyu                     
                             Midashi Gothic', 'Toppan Bunkyu                    
                             Midashi Mincho', 'Toppan Bunkyu                    
                             Mincho', 'Trattatello',                            
                             'Trebuchet MS', 'Tsukushi A                        
                             Round Gothic', 'Tsukushi B                         
                             Round Gothic', 'Verdana',                          
                             'Waseem', 'Wawati SC', 'Wawati                     
                             TC', 'Webdings', 'Weibei SC',                      
                             'Weibei TC', 'Wingdings',                          
                             'Wingdings 2', 'Wingdings 3',                      
                             'Xingkai SC', 'Xingkai TC',                        
                             'YuGothic', 'YuKyokasho',                          
                             'YuKyokasho Yoko', 'YuMincho',                     
                             'YuMincho +36p Kana', 'Yuanti                      
                             SC', 'Yuanti TC', 'Yuppy SC',                      
                             'Yuppy TC', 'Zapf Dingbats',                       
                             'Zapfino', 'cursive',                              
                             'fantasy', 'system-ui'].                           
                    INFO     Animation 27 : Using cached    cairo_renderer.py:94
                             data (hash :                                       
                             656162490_888207919_1641866510                     
                             )                                                  
Animation 27: FadeIn(Text('随机')):   0%|          | 0/1 [00:00<?, ?it/s]                                                                                             WARNING  Font Noto Sans CJK SC not in    text_mobject.py:464
                             ['.AppleSystemUIFont', 'Academy                    
                             Engraved LET', 'Al Bayan', 'Al                     
                             Nile', 'Al Tarikh', 'American                      
                             Typewriter', 'Andale Mono',                        
                             'Apple Braille', 'Apple                            
                             Chancery', 'Apple Color Emoji',                    
                             'Apple LiGothic', 'Apple                           
                             LiSung', 'Apple SD Gothic Neo',                    
                             'Apple Symbols', 'AppleGothic',                    
                             'AppleMyungjo', 'Arial', 'Arial                    
                             Black', 'Arial Hebrew', 'Arial                     
                             Hebrew Scholar', 'Arial                            
                             Narrow', 'Arial Rounded MT                         
                             Bold', 'Arial Unicode MS',                         
                             'Avenir', 'Avenir Next',                           
                             'Avenir Next Condensed',                           
                             'Ayuthaya', 'BIZ UDGothic',                        
                             'BIZ UDMincho', 'BM Dohyeon',                      
                             'BM Hanna 11yrs Old', 'BM Hanna                    
                             Air', 'BM Hanna Pro', 'BM Jua',                    
                             'BM Kirang Haerang', 'BM                           
                             Yeonsung', 'Baghdad', 'Bangla                      
                             MN', 'Bangla Sangam MN', 'Baoli                    
                             SC', 'Baoli TC', 'Baskerville',                    
                             'Beirut', 'BiauKaiHK',                             
                             'BiauKaiTC', 'Big Caslon',                         
                             'Bodoni 72', 'Bodoni 72                            
                             Oldstyle', 'Bodoni 72                              
                             Smallcaps', 'Bodoni Ornaments',                    
                             'Bradley Hand', 'Brush Script                      
                             MT', 'Chalkboard', 'Chalkboard                     
                             SE', 'Chalkduster', 'Charter',                     
                             'Cochin', 'Comic Sans MS',                         
                             'Copperplate', 'Corsiva                            
                             Hebrew', 'Courier New', 'DIN                       
                             Alternate', 'DIN Condensed',                       
                             'Damascus', 'DecoType Naskh',                      
                             'Devanagari MT', 'Devanagari                       
                             Sangam MN', 'Didot', 'Diwan                        
                             Kufi', 'Diwan Thuluth',                            
                             'Euphemia UCAS', 'Farah',                          
                             'Farisi', 'Futura', 'GB18030                       
                             Bitmap', 'Galvji', 'Geeza Pro',                    
                             'Geneva', 'Georgia', 'Gill                         
                             Sans', 'Grantha Sangam MN',                        
                             'Gujarati MT', 'Gujarati Sangam                    
                             MN', 'GungSeo', 'Gurmukhi MN',                     
                             'Gurmukhi MT', 'Gurmukhi Sangam                    
                             MN', 'Hannotate SC', 'Hannotate                    
                             TC', 'HanziPen SC', 'HanziPen                      
                             TC', 'HeadLineA', 'Hei', 'Heiti                    
                             SC', 'Heiti TC', 'Helvetica',                      
                             'Helvetica Neue', 'Herculanum',                    
                             'Hiragino Maru Gothic ProN',                       
                             'Hiragino Mincho ProN',                            
                             'Hiragino Sans', 'Hiragino Sans                    
                             GB', 'Hoefler Text', 'ITF                          
                             Devanagari', 'ITF Devanagari                       
                             Marathi', 'Impact',                                
                             'InaiMathi', 'Kai', 'Kailasa',                     
                             'Kaiti SC', 'Kaiti TC',                            
                             'Kannada MN', 'Kannada Sangam                      
                             MN', 'Kefa III', 'Khmer MN',                       
                             'Khmer Sangam MN', 'Klee',                         
                             'Kohinoor Bangla', 'Kohinoor                       
                             Devanagari', 'Kohinoor                             
                             Gujarati', 'Kohinoor Telugu',                      
                             'Kokonor', 'Krungthep',                            
                             'KufiStandardGK', 'LXGW                            
                             ZhenKai', 'Lantinghei SC',                         
                             'Lantinghei TC', 'Lao MN', 'Lao                    
                             Sangam MN', 'LiHei Pro',                           
                             'LiSong Pro', 'Libian SC',                         
                             'Libian TC', 'LingWai SC',                         
                             'LingWai TC', 'Lucida Grande',                     
                             'Luminari', 'Malayalam MN',                        
                             'Malayalam Sangam MN', 'Marker                     
                             Felt', 'Menlo', 'Microsoft Sans                    
                             Serif', 'Mishafi', 'Mishafi                        
                             Gold', 'Monaco', 'Monospace',                      
                             'Mshtakan', 'Mukta Mahee',                         
                             'Muna', 'Myanmar MN', 'Myanmar                     
                             Sangam MN', 'Nadeem', 'Nanum                       
                             Brush Script', 'Nanum Gothic',                     
                             'Nanum Myeongjo', 'Nanum Pen                       
                             Script', 'New Peninim MT',                         
                             'Noteworthy', 'Noto Nastaliq                       
                             Urdu', 'Noto Sans Batak', 'Noto                    
                             Sans Kannada', 'Noto Sans                          
                             Myanmar', 'Noto Sans NKo',                         
                             'Noto Sans Oriya', 'Noto Sans                      
                             Syriac', 'Noto Sans Tagalog',                      
                             'Noto Serif Myanmar', 'Optima',                    
                             'Oriya MN', 'Oriya Sangam MN',                     
                             'Osaka', 'PCMyungjo', 'PT                          
                             Mono', 'PT Sans', 'PT Sans                         
                             Caption', 'PT Sans Narrow', 'PT                    
                             Serif', 'PT Serif Caption',                        
                             'Palatino', 'Papyrus', 'Party                      
                             LET', 'Phosphate', 'PilGi',                        
                             'PingFang HK', 'PingFang MO',                      
                             'PingFang SC', 'PingFang TC',                      
                             'Plantagenet Cherokee',                            
                             'Raanana', 'Rockwell',                             
                             'STFangsong', 'STHeiti', 'STIX                     
                             Two Math', 'STIX Two Text',                        
                             'STKaiti', 'STSong', 'Sana',                       
                             'Sans', 'Sathu', 'Savoye LET',                     
                             'Serif', 'Shree Devanagari                         
                             714', 'SignPainter', 'Silom',                      
                             'SimSong', 'Sinhala MN',                           
                             'Sinhala Sangam MN', 'Skia',                       
                             'Snell Roundhand', 'Songti SC',                    
                             'Songti TC', 'Sukhumvit Set',                      
                             'Symbol', 'Tahoma', 'Tamil MN',                    
                             'Tamil Sangam MN', 'Telugu MN',                    
                             'Telugu Sangam MN', 'Thonburi',                    
                             'Times New Roman', 'Toppan                         
                             Bunkyu Gothic', 'Toppan Bunkyu                     
                             Midashi Gothic', 'Toppan Bunkyu                    
                             Midashi Mincho', 'Toppan Bunkyu                    
                             Mincho', 'Trattatello',                            
                             'Trebuchet MS', 'Tsukushi A                        
                             Round Gothic', 'Tsukushi B                         
                             Round Gothic', 'Verdana',                          
                             'Waseem', 'Wawati SC', 'Wawati                     
                             TC', 'Webdings', 'Weibei SC',                      
                             'Weibei TC', 'Wingdings',                          
                             'Wingdings 2', 'Wingdings 3',                      
                             'Xingkai SC', 'Xingkai TC',                        
                             'YuGothic', 'YuKyokasho',                          
                             'YuKyokasho Yoko', 'YuMincho',                     
                             'YuMincho +36p Kana', 'Yuanti                      
                             SC', 'Yuanti TC', 'Yuppy SC',                      
                             'Yuppy TC', 'Zapf Dingbats',                       
                             'Zapfino', 'cursive',                              
                             'fantasy', 'system-ui'].                           
                    INFO     Animation 28 : Using cached    cairo_renderer.py:94
                             data (hash :                                       
                             656162490_3885382499_138898147                     
                             7)                                                 
Animation 28: FadeIn(Text('必然')):   0%|          | 0/1 [00:00<?, ?it/s]                                                                         [02/27/26 10:31:27] INFO     Animation 29 : Using cached    cairo_renderer.py:94
                             data (hash :                                       
                             656162490_3165049186_351798888                     
                             3)                                                 
Animation 29: GrowFromCenter(BraceBetweenPoints), etc.:   0%|          | 0/1 [00:00<?, ?it/s]                                                                                                                 INFO     Animation 30 : Using cached    cairo_renderer.py:94
                             data (hash :                                       
                             656162490_3394500337_172606726                     
                             8)                                                 
                    WARNING  Font Noto Sans CJK SC not in    text_mobject.py:464
                             ['.AppleSystemUIFont', 'Academy                    
                             Engraved LET', 'Al Bayan', 'Al                     
                             Nile', 'Al Tarikh', 'American                      
                             Typewriter', 'Andale Mono',                        
                             'Apple Braille', 'Apple                            
                             Chancery', 'Apple Color Emoji',                    
                             'Apple LiGothic', 'Apple                           
                             LiSung', 'Apple SD Gothic Neo',                    
                             'Apple Symbols', 'AppleGothic',                    
                             'AppleMyungjo', 'Arial', 'Arial                    
                             Black', 'Arial Hebrew', 'Arial                     
                             Hebrew Scholar', 'Arial                            
                             Narrow', 'Arial Rounded MT                         
                             Bold', 'Arial Unicode MS',                         
                             'Avenir', 'Avenir Next',                           
                             'Avenir Next Condensed',                           
                             'Ayuthaya', 'BIZ UDGothic',                        
                             'BIZ UDMincho', 'BM Dohyeon',                      
                             'BM Hanna 11yrs Old', 'BM Hanna                    
                             Air', 'BM Hanna Pro', 'BM Jua',                    
                             'BM Kirang Haerang', 'BM                           
                             Yeonsung', 'Baghdad', 'Bangla                      
                             MN', 'Bangla Sangam MN', 'Baoli                    
                             SC', 'Baoli TC', 'Baskerville',                    
                             'Beirut', 'BiauKaiHK',                             
                             'BiauKaiTC', 'Big Caslon',                         
                             'Bodoni 72', 'Bodoni 72                            
                             Oldstyle', 'Bodoni 72                              
                             Smallcaps', 'Bodoni Ornaments',                    
                             'Bradley Hand', 'Brush Script                      
                             MT', 'Chalkboard', 'Chalkboard                     
                             SE', 'Chalkduster', 'Charter',                     
                             'Cochin', 'Comic Sans MS',                         
                             'Copperplate', 'Corsiva                            
                             Hebrew', 'Courier New', 'DIN                       
                             Alternate', 'DIN Condensed',                       
                             'Damascus', 'DecoType Naskh',                      
                             'Devanagari MT', 'Devanagari                       
                             Sangam MN', 'Didot', 'Diwan                        
                             Kufi', 'Diwan Thuluth',                            
                             'Euphemia UCAS', 'Farah',                          
                             'Farisi', 'Futura', 'GB18030                       
                             Bitmap', 'Galvji', 'Geeza Pro',                    
                             'Geneva', 'Georgia', 'Gill                         
                             Sans', 'Grantha Sangam MN',                        
                             'Gujarati MT', 'Gujarati Sangam                    
                             MN', 'GungSeo', 'Gurmukhi MN',                     
                             'Gurmukhi MT', 'Gurmukhi Sangam                    
                             MN', 'Hannotate SC', 'Hannotate                    
                             TC', 'HanziPen SC', 'HanziPen                      
                             TC', 'HeadLineA', 'Hei', 'Heiti                    
                             SC', 'Heiti TC', 'Helvetica',                      
                             'Helvetica Neue', 'Herculanum',                    
                             'Hiragino Maru Gothic ProN',                       
                             'Hiragino Mincho ProN',                            
                             'Hiragino Sans', 'Hiragino Sans                    
                             GB', 'Hoefler Text', 'ITF                          
                             Devanagari', 'ITF Devanagari                       
                             Marathi', 'Impact',                                
                             'InaiMathi', 'Kai', 'Kailasa',                     
                             'Kaiti SC', 'Kaiti TC',                            
                             'Kannada MN', 'Kannada Sangam                      
                             MN', 'Kefa III', 'Khmer MN',                       
                             'Khmer Sangam MN', 'Klee',                         
                             'Kohinoor Bangla', 'Kohinoor                       
                             Devanagari', 'Kohinoor                             
                             Gujarati', 'Kohinoor Telugu',                      
                             'Kokonor', 'Krungthep',                            
                             'KufiStandardGK', 'LXGW                            
                             ZhenKai', 'Lantinghei SC',                         
                             'Lantinghei TC', 'Lao MN', 'Lao                    
                             Sangam MN', 'LiHei Pro',                           
                             'LiSong Pro', 'Libian SC',                         
                             'Libian TC', 'LingWai SC',                         
                             'LingWai TC', 'Lucida Grande',                     
                             'Luminari', 'Malayalam MN',                        
                             'Malayalam Sangam MN', 'Marker                     
                             Felt', 'Menlo', 'Microsoft Sans                    
                             Serif', 'Mishafi', 'Mishafi                        
                             Gold', 'Monaco', 'Monospace',                      
                             'Mshtakan', 'Mukta Mahee',                         
                             'Muna', 'Myanmar MN', 'Myanmar                     
                             Sangam MN', 'Nadeem', 'Nanum                       
                             Brush Script', 'Nanum Gothic',                     
                             'Nanum Myeongjo', 'Nanum Pen                       
                             Script', 'New Peninim MT',                         
                             'Noteworthy', 'Noto Nastaliq                       
                             Urdu', 'Noto Sans Batak', 'Noto                    
                             Sans Kannada', 'Noto Sans                          
                             Myanmar', 'Noto Sans NKo',                         
                             'Noto Sans Oriya', 'Noto Sans                      
                             Syriac', 'Noto Sans Tagalog',                      
                             'Noto Serif Myanmar', 'Optima',                    
                             'Oriya MN', 'Oriya Sangam MN',                     
                             'Osaka', 'PCMyungjo', 'PT                          
                             Mono', 'PT Sans', 'PT Sans                         
                             Caption', 'PT Sans Narrow', 'PT                    
                             Serif', 'PT Serif Caption',                        
                             'Palatino', 'Papyrus', 'Party                      
                             LET', 'Phosphate', 'PilGi',                        
                             'PingFang HK', 'PingFang MO',                      
                             'PingFang SC', 'PingFang TC',                      
                             'Plantagenet Cherokee',                            
                             'Raanana', 'Rockwell',                             
                             'STFangsong', 'STHeiti', 'STIX                     
                             Two Math', 'STIX Two Text',                        
                             'STKaiti', 'STSong', 'Sana',                       
                             'Sans', 'Sathu', 'Savoye LET',                     
                             'Serif', 'Shree Devanagari                         
                             714', 'SignPainter', 'Silom',                      
                             'SimSong', 'Sinhala MN',                           
                             'Sinhala Sangam MN', 'Skia',                       
                             'Snell Roundhand', 'Songti SC',                    
                             'Songti TC', 'Sukhumvit Set',                      
                             'Symbol', 'Tahoma', 'Tamil MN',                    
                             'Tamil Sangam MN', 'Telugu MN',                    
                             'Telugu Sangam MN', 'Thonburi',                    
                             'Times New Roman', 'Toppan                         
                             Bunkyu Gothic', 'Toppan Bunkyu                     
                             Midashi Gothic', 'Toppan Bunkyu                    
                             Midashi Mincho', 'Toppan Bunkyu                    
                             Mincho', 'Trattatello',                            
                             'Trebuchet MS', 'Tsukushi A                        
                             Round Gothic', 'Tsukushi B                         
                             Round Gothic', 'Verdana',                          
                             'Waseem', 'Wawati SC', 'Wawati                     
                             TC', 'Webdings', 'Weibei SC',                      
                             'Weibei TC', 'Wingdings',                          
                             'Wingdings 2', 'Wingdings 3',                      
                             'Xingkai SC', 'Xingkai TC',                        
                             'YuGothic', 'YuKyokasho',                          
                             'YuKyokasho Yoko', 'YuMincho',                     
                             'YuMincho +36p Kana', 'Yuanti                      
                             SC', 'Yuanti TC', 'Yuppy SC',                      
                             'Yuppy TC', 'Zapf Dingbats',                       
                             'Zapfino', 'cursive',                              
                             'fantasy', 'system-ui'].                           
                    INFO     Animation 31 : Using cached    cairo_renderer.py:94
                             data (hash :                                       
                             656162490_1802924453_155575809                     
                             0)                                                 
Animation 31: _MethodAnimation(VGroup of 3 submobjects):   0%|          | 0/1 [00:00<?, ?it/s]                                                                                                                  WARNING  Font Noto Sans CJK SC not in    text_mobject.py:464
                             ['.AppleSystemUIFont', 'Academy                    
                             Engraved LET', 'Al Bayan', 'Al                     
                             Nile', 'Al Tarikh', 'American                      
                             Typewriter', 'Andale Mono',                        
                             'Apple Braille', 'Apple                            
                             Chancery', 'Apple Color Emoji',                    
                             'Apple LiGothic', 'Apple                           
                             LiSung', 'Apple SD Gothic Neo',                    
                             'Apple Symbols', 'AppleGothic',                    
                             'AppleMyungjo', 'Arial', 'Arial                    
                             Black', 'Arial Hebrew', 'Arial                     
                             Hebrew Scholar', 'Arial                            
                             Narrow', 'Arial Rounded MT                         
                             Bold', 'Arial Unicode MS',                         
                             'Avenir', 'Avenir Next',                           
                             'Avenir Next Condensed',                           
                             'Ayuthaya', 'BIZ UDGothic',                        
                             'BIZ UDMincho', 'BM Dohyeon',                      
                             'BM Hanna 11yrs Old', 'BM Hanna                    
                             Air', 'BM Hanna Pro', 'BM Jua',                    
                             'BM Kirang Haerang', 'BM                           
                             Yeonsung', 'Baghdad', 'Bangla                      
                             MN', 'Bangla Sangam MN', 'Baoli                    
                             SC', 'Baoli TC', 'Baskerville',                    
                             'Beirut', 'BiauKaiHK',                             
                             'BiauKaiTC', 'Big Caslon',                         
                             'Bodoni 72', 'Bodoni 72                            
                             Oldstyle', 'Bodoni 72                              
                             Smallcaps', 'Bodoni Ornaments',                    
                             'Bradley Hand', 'Brush Script                      
                             MT', 'Chalkboard', 'Chalkboard                     
                             SE', 'Chalkduster', 'Charter',                     
                             'Cochin', 'Comic Sans MS',                         
                             'Copperplate', 'Corsiva                            
                             Hebrew', 'Courier New', 'DIN                       
                             Alternate', 'DIN Condensed',                       
                             'Damascus', 'DecoType Naskh',                      
                             'Devanagari MT', 'Devanagari                       
                             Sangam MN', 'Didot', 'Diwan                        
                             Kufi', 'Diwan Thuluth',                            
                             'Euphemia UCAS', 'Farah',                          
                             'Farisi', 'Futura', 'GB18030                       
                             Bitmap', 'Galvji', 'Geeza Pro',                    
                             'Geneva', 'Georgia', 'Gill                         
                             Sans', 'Grantha Sangam MN',                        
                             'Gujarati MT', 'Gujarati Sangam                    
                             MN', 'GungSeo', 'Gurmukhi MN',                     
                             'Gurmukhi MT', 'Gurmukhi Sangam                    
                             MN', 'Hannotate SC', 'Hannotate                    
                             TC', 'HanziPen SC', 'HanziPen                      
                             TC', 'HeadLineA', 'Hei', 'Heiti                    
                             SC', 'Heiti TC', 'Helvetica',                      
                             'Helvetica Neue', 'Herculanum',                    
                             'Hiragino Maru Gothic ProN',                       
                             'Hiragino Mincho ProN',                            
                             'Hiragino Sans', 'Hiragino Sans                    
                             GB', 'Hoefler Text', 'ITF                          
                             Devanagari', 'ITF Devanagari                       
                             Marathi', 'Impact',                                
                             'InaiMathi', 'Kai', 'Kailasa',                     
                             'Kaiti SC', 'Kaiti TC',                            
                             'Kannada MN', 'Kannada Sangam                      
                             MN', 'Kefa III', 'Khmer MN',                       
                             'Khmer Sangam MN', 'Klee',                         
                             'Kohinoor Bangla', 'Kohinoor                       
                             Devanagari', 'Kohinoor                             
                             Gujarati', 'Kohinoor Telugu',                      
                             'Kokonor', 'Krungthep',                            
                             'KufiStandardGK', 'LXGW                            
                             ZhenKai', 'Lantinghei SC',                         
                             'Lantinghei TC', 'Lao MN', 'Lao                    
                             Sangam MN', 'LiHei Pro',                           
                             'LiSong Pro', 'Libian SC',                         
                             'Libian TC', 'LingWai SC',                         
                             'LingWai TC', 'Lucida Grande',                     
                             'Luminari', 'Malayalam MN',                        
                             'Malayalam Sangam MN', 'Marker                     
                             Felt', 'Menlo', 'Microsoft Sans                    
                             Serif', 'Mishafi', 'Mishafi                        
                             Gold', 'Monaco', 'Monospace',                      
                             'Mshtakan', 'Mukta Mahee',                         
                             'Muna', 'Myanmar MN', 'Myanmar                     
                             Sangam MN', 'Nadeem', 'Nanum                       
                             Brush Script', 'Nanum Gothic',                     
                             'Nanum Myeongjo', 'Nanum Pen                       
                             Script', 'New Peninim MT',                         
                             'Noteworthy', 'Noto Nastaliq                       
                             Urdu', 'Noto Sans Batak', 'Noto                    
                             Sans Kannada', 'Noto Sans                          
                             Myanmar', 'Noto Sans NKo',                         
                             'Noto Sans Oriya', 'Noto Sans                      
                             Syriac', 'Noto Sans Tagalog',                      
                             'Noto Serif Myanmar', 'Optima',                    
                             'Oriya MN', 'Oriya Sangam MN',                     
                             'Osaka', 'PCMyungjo', 'PT                          
                             Mono', 'PT Sans', 'PT Sans                         
                             Caption', 'PT Sans Narrow', 'PT                    
                             Serif', 'PT Serif Caption',                        
                             'Palatino', 'Papyrus', 'Party                      
                             LET', 'Phosphate', 'PilGi',                        
                             'PingFang HK', 'PingFang MO',                      
                             'PingFang SC', 'PingFang TC',                      
                             'Plantagenet Cherokee',                            
                             'Raanana', 'Rockwell',                             
                             'STFangsong', 'STHeiti', 'STIX                     
                             Two Math', 'STIX Two Text',                        
                             'STKaiti', 'STSong', 'Sana',                       
                             'Sans', 'Sathu', 'Savoye LET',                     
                             'Serif', 'Shree Devanagari                         
                             714', 'SignPainter', 'Silom',                      
                             'SimSong', 'Sinhala MN',                           
                             'Sinhala Sangam MN', 'Skia',                       
                             'Snell Roundhand', 'Songti SC',                    
                             'Songti TC', 'Sukhumvit Set',                      
                             'Symbol', 'Tahoma', 'Tamil MN',                    
                             'Tamil Sangam MN', 'Telugu MN',                    
                             'Telugu Sangam MN', 'Thonburi',                    
                             'Times New Roman', 'Toppan                         
                             Bunkyu Gothic', 'Toppan Bunkyu                     
                             Midashi Gothic', 'Toppan Bunkyu                    
                             Midashi Mincho', 'Toppan Bunkyu                    
                             Mincho', 'Trattatello',                            
                             'Trebuchet MS', 'Tsukushi A                        
                             Round Gothic', 'Tsukushi B                         
                             Round Gothic', 'Verdana',                          
                             'Waseem', 'Wawati SC', 'Wawati                     
                             TC', 'Webdings', 'Weibei SC',                      
                             'Weibei TC', 'Wingdings',                          
                             'Wingdings 2', 'Wingdings 3',                      
                             'Xingkai SC', 'Xingkai TC',                        
                             'YuGothic', 'YuKyokasho',                          
                             'YuKyokasho Yoko', 'YuMincho',                     
                             'YuMincho +36p Kana', 'Yuanti                      
                             SC', 'Yuanti TC', 'Yuppy SC',                      
                             'Yuppy TC', 'Zapf Dingbats',                       
                             'Zapfino', 'cursive',                              
                             'fantasy', 'system-ui'].                           
[02/27/26 10:31:28] INFO     Animation 32 : Using cached    cairo_renderer.py:94
                             data (hash :                                       
                             656162490_763375192_1897726217                     
                             )                                                  
Animation 32: _MethodAnimation(VGroup of 3 submobjects):   0%|          | 0/1 [00:00<?, ?it/s]                                                                                                                  WARNING  Font Noto Sans CJK SC not in    text_mobject.py:464
                             ['.AppleSystemUIFont', 'Academy                    
                             Engraved LET', 'Al Bayan', 'Al                     
                             Nile', 'Al Tarikh', 'American                      
                             Typewriter', 'Andale Mono',                        
                             'Apple Braille', 'Apple                            
                             Chancery', 'Apple Color Emoji',                    
                             'Apple LiGothic', 'Apple                           
                             LiSung', 'Apple SD Gothic Neo',                    
                             'Apple Symbols', 'AppleGothic',                    
                             'AppleMyungjo', 'Arial', 'Arial                    
                             Black', 'Arial Hebrew', 'Arial                     
                             Hebrew Scholar', 'Arial                            
                             Narrow', 'Arial Rounded MT                         
                             Bold', 'Arial Unicode MS',                         
                             'Avenir', 'Avenir Next',                           
                             'Avenir Next Condensed',                           
                             'Ayuthaya', 'BIZ UDGothic',                        
                             'BIZ UDMincho', 'BM Dohyeon',                      
                             'BM Hanna 11yrs Old', 'BM Hanna                    
                             Air', 'BM Hanna Pro', 'BM Jua',                    
                             'BM Kirang Haerang', 'BM                           
                             Yeonsung', 'Baghdad', 'Bangla                      
                             MN', 'Bangla Sangam MN', 'Baoli                    
                             SC', 'Baoli TC', 'Baskerville',                    
                             'Beirut', 'BiauKaiHK',                             
                             'BiauKaiTC', 'Big Caslon',                         
                             'Bodoni 72', 'Bodoni 72                            
                             Oldstyle', 'Bodoni 72                              
                             Smallcaps', 'Bodoni Ornaments',                    
                             'Bradley Hand', 'Brush Script                      
                             MT', 'Chalkboard', 'Chalkboard                     
                             SE', 'Chalkduster', 'Charter',                     
                             'Cochin', 'Comic Sans MS',                         
                             'Copperplate', 'Corsiva                            
                             Hebrew', 'Courier New', 'DIN                       
                             Alternate', 'DIN Condensed',                       
                             'Damascus', 'DecoType Naskh',                      
                             'Devanagari MT', 'Devanagari                       
                             Sangam MN', 'Didot', 'Diwan                        
                             Kufi', 'Diwan Thuluth',                            
                             'Euphemia UCAS', 'Farah',                          
                             'Farisi', 'Futura', 'GB18030                       
                             Bitmap', 'Galvji', 'Geeza Pro',                    
                             'Geneva', 'Georgia', 'Gill                         
                             Sans', 'Grantha Sangam MN',                        
                             'Gujarati MT', 'Gujarati Sangam                    
                             MN', 'GungSeo', 'Gurmukhi MN',                     
                             'Gurmukhi MT', 'Gurmukhi Sangam                    
                             MN', 'Hannotate SC', 'Hannotate                    
                             TC', 'HanziPen SC', 'HanziPen                      
                             TC', 'HeadLineA', 'Hei', 'Heiti                    
                             SC', 'Heiti TC', 'Helvetica',                      
                             'Helvetica Neue', 'Herculanum',                    
                             'Hiragino Maru Gothic ProN',                       
                             'Hiragino Mincho ProN',                            
                             'Hiragino Sans', 'Hiragino Sans                    
                             GB', 'Hoefler Text', 'ITF                          
                             Devanagari', 'ITF Devanagari                       
                             Marathi', 'Impact',                                
                             'InaiMathi', 'Kai', 'Kailasa',                     
                             'Kaiti SC', 'Kaiti TC',                            
                             'Kannada MN', 'Kannada Sangam                      
                             MN', 'Kefa III', 'Khmer MN',                       
                             'Khmer Sangam MN', 'Klee',                         
                             'Kohinoor Bangla', 'Kohinoor                       
                             Devanagari', 'Kohinoor                             
                             Gujarati', 'Kohinoor Telugu',                      
                             'Kokonor', 'Krungthep',                            
                             'KufiStandardGK', 'LXGW                            
                             ZhenKai', 'Lantinghei SC',                         
                             'Lantinghei TC', 'Lao MN', 'Lao                    
                             Sangam MN', 'LiHei Pro',                           
                             'LiSong Pro', 'Libian SC',                         
                             'Libian TC', 'LingWai SC',                         
                             'LingWai TC', 'Lucida Grande',                     
                             'Luminari', 'Malayalam MN',                        
                             'Malayalam Sangam MN', 'Marker                     
                             Felt', 'Menlo', 'Microsoft Sans                    
                             Serif', 'Mishafi', 'Mishafi                        
                             Gold', 'Monaco', 'Monospace',                      
                             'Mshtakan', 'Mukta Mahee',                         
                             'Muna', 'Myanmar MN', 'Myanmar                     
                             Sangam MN', 'Nadeem', 'Nanum                       
                             Brush Script', 'Nanum Gothic',                     
                             'Nanum Myeongjo', 'Nanum Pen                       
                             Script', 'New Peninim MT',                         
                             'Noteworthy', 'Noto Nastaliq                       
                             Urdu', 'Noto Sans Batak', 'Noto                    
                             Sans Kannada', 'Noto Sans                          
                             Myanmar', 'Noto Sans NKo',                         
                             'Noto Sans Oriya', 'Noto Sans                      
                             Syriac', 'Noto Sans Tagalog',                      
                             'Noto Serif Myanmar', 'Optima',                    
                             'Oriya MN', 'Oriya Sangam MN',                     
                             'Osaka', 'PCMyungjo', 'PT                          
                             Mono', 'PT Sans', 'PT Sans                         
                             Caption', 'PT Sans Narrow', 'PT                    
                             Serif', 'PT Serif Caption',                        
                             'Palatino', 'Papyrus', 'Party                      
                             LET', 'Phosphate', 'PilGi',                        
                             'PingFang HK', 'PingFang MO',                      
                             'PingFang SC', 'PingFang TC',                      
                             'Plantagenet Cherokee',                            
                             'Raanana', 'Rockwell',                             
                             'STFangsong', 'STHeiti', 'STIX                     
                             Two Math', 'STIX Two Text',                        
                             'STKaiti', 'STSong', 'Sana',                       
                             'Sans', 'Sathu', 'Savoye LET',                     
                             'Serif', 'Shree Devanagari                         
                             714', 'SignPainter', 'Silom',                      
                             'SimSong', 'Sinhala MN',                           
                             'Sinhala Sangam MN', 'Skia',                       
                             'Snell Roundhand', 'Songti SC',                    
                             'Songti TC', 'Sukhumvit Set',                      
                             'Symbol', 'Tahoma', 'Tamil MN',                    
                             'Tamil Sangam MN', 'Telugu MN',                    
                             'Telugu Sangam MN', 'Thonburi',                    
                             'Times New Roman', 'Toppan                         
                             Bunkyu Gothic', 'Toppan Bunkyu                     
                             Midashi Gothic', 'Toppan Bunkyu                    
                             Midashi Mincho', 'Toppan Bunkyu                    
                             Mincho', 'Trattatello',                            
                             'Trebuchet MS', 'Tsukushi A                        
                             Round Gothic', 'Tsukushi B                         
                             Round Gothic', 'Verdana',                          
                             'Waseem', 'Wawati SC', 'Wawati                     
                             TC', 'Webdings', 'Weibei SC',                      
                             'Weibei TC', 'Wingdings',                          
                             'Wingdings 2', 'Wingdings 3',                      
                             'Xingkai SC', 'Xingkai TC',                        
                             'YuGothic', 'YuKyokasho',                          
                             'YuKyokasho Yoko', 'YuMincho',                     
                             'YuMincho +36p Kana', 'Yuanti                      
                             SC', 'Yuanti TC', 'Yuppy SC',                      
                             'Yuppy TC', 'Zapf Dingbats',                       
                             'Zapfino', 'cursive',                              
                             'fantasy', 'system-ui'].                           
                    INFO     Animation 33 : Using cached    cairo_renderer.py:94
                             data (hash :                                       
                             656162490_653338940_3993511817                     
                             )                                                  
Animation 33: _MethodAnimation(VGroup of 3 submobjects):   0%|          | 0/1 [00:00<?, ?it/s]                                                                                              [02/27/26 10:31:29] INFO     Animation 34 : Using cached    cairo_renderer.py:94
                             data (hash :                                       
                             656162490_2294583397_225166259                     
                             0)                                                 
                    INFO     Animation 35 : Using cached    cairo_renderer.py:94
                             data (hash :                                       
                             656162490_215909778_1353373993                     
                             )                                                  
Animation 35: FadeOut(Text('概率的大小：0 到 1 之间')), etc.:   0%|          | 0/1 [00:00<?, ?it/s]                                                                                                   [02/27/26 10:31:30] WARNING  Font Noto Sans CJK SC not in    text_mobject.py:464
                             ['.AppleSystemUIFont', 'Academy                    
                             Engraved LET', 'Al Bayan', 'Al                     
                             Nile', 'Al Tarikh', 'American                      
                             Typewriter', 'Andale Mono',                        
                             'Apple Braille', 'Apple                            
                             Chancery', 'Apple Color Emoji',                    
                             'Apple LiGothic', 'Apple                           
                             LiSung', 'Apple SD Gothic Neo',                    
                             'Apple Symbols', 'AppleGothic',                    
                             'AppleMyungjo', 'Arial', 'Arial                    
                             Black', 'Arial Hebrew', 'Arial                     
                             Hebrew Scholar', 'Arial                            
                             Narrow', 'Arial Rounded MT                         
                             Bold', 'Arial Unicode MS',                         
                             'Avenir', 'Avenir Next',                           
                             'Avenir Next Condensed',                           
                             'Ayuthaya', 'BIZ UDGothic',                        
                             'BIZ UDMincho', 'BM Dohyeon',                      
                             'BM Hanna 11yrs Old', 'BM Hanna                    
                             Air', 'BM Hanna Pro', 'BM Jua',                    
                             'BM Kirang Haerang', 'BM                           
                             Yeonsung', 'Baghdad', 'Bangla                      
                             MN', 'Bangla Sangam MN', 'Baoli                    
                             SC', 'Baoli TC', 'Baskerville',                    
                             'Beirut', 'BiauKaiHK',                             
                             'BiauKaiTC', 'Big Caslon',                         
                             'Bodoni 72', 'Bodoni 72                            
                             Oldstyle', 'Bodoni 72                              
                             Smallcaps', 'Bodoni Ornaments',                    
                             'Bradley Hand', 'Brush Script                      
                             MT', 'Chalkboard', 'Chalkboard                     
                             SE', 'Chalkduster', 'Charter',                     
                             'Cochin', 'Comic Sans MS',                         
                             'Copperplate', 'Corsiva                            
                             Hebrew', 'Courier New', 'DIN                       
                             Alternate', 'DIN Condensed',                       
                             'Damascus', 'DecoType Naskh',                      
                             'Devanagari MT', 'Devanagari                       
                             Sangam MN', 'Didot', 'Diwan                        
                             Kufi', 'Diwan Thuluth',                            
                             'Euphemia UCAS', 'Farah',                          
                             'Farisi', 'Futura', 'GB18030                       
                             Bitmap', 'Galvji', 'Geeza Pro',                    
                             'Geneva', 'Georgia', 'Gill                         
                             Sans', 'Grantha Sangam MN',                        
                             'Gujarati MT', 'Gujarati Sangam                    
                             MN', 'GungSeo', 'Gurmukhi MN',                     
                             'Gurmukhi MT', 'Gurmukhi Sangam                    
                             MN', 'Hannotate SC', 'Hannotate                    
                             TC', 'HanziPen SC', 'HanziPen                      
                             TC', 'HeadLineA', 'Hei', 'Heiti                    
                             SC', 'Heiti TC', 'Helvetica',                      
                             'Helvetica Neue', 'Herculanum',                    
                             'Hiragino Maru Gothic ProN',                       
                             'Hiragino Mincho ProN',                            
                             'Hiragino Sans', 'Hiragino Sans                    
                             GB', 'Hoefler Text', 'ITF                          
                             Devanagari', 'ITF Devanagari                       
                             Marathi', 'Impact',                                
                             'InaiMathi', 'Kai', 'Kailasa',                     
                             'Kaiti SC', 'Kaiti TC',                            
                             'Kannada MN', 'Kannada Sangam                      
                             MN', 'Kefa III', 'Khmer MN',                       
                             'Khmer Sangam MN', 'Klee',                         
                             'Kohinoor Bangla', 'Kohinoor                       
                             Devanagari', 'Kohinoor                             
                             Gujarati', 'Kohinoor Telugu',                      
                             'Kokonor', 'Krungthep',                            
                             'KufiStandardGK', 'LXGW                            
                             ZhenKai', 'Lantinghei SC',                         
                             'Lantinghei TC', 'Lao MN', 'Lao                    
                             Sangam MN', 'LiHei Pro',                           
                             'LiSong Pro', 'Libian SC',                         
                             'Libian TC', 'LingWai SC',                         
                             'LingWai TC', 'Lucida Grande',                     
                             'Luminari', 'Malayalam MN',                        
                             'Malayalam Sangam MN', 'Marker                     
                             Felt', 'Menlo', 'Microsoft Sans                    
                             Serif', 'Mishafi', 'Mishafi                        
                             Gold', 'Monaco', 'Monospace',                      
                             'Mshtakan', 'Mukta Mahee',                         
                             'Muna', 'Myanmar MN', 'Myanmar                     
                             Sangam MN', 'Nadeem', 'Nanum                       
                             Brush Script', 'Nanum Gothic',                     
                             'Nanum Myeongjo', 'Nanum Pen                       
                             Script', 'New Peninim MT',                         
                             'Noteworthy', 'Noto Nastaliq                       
                             Urdu', 'Noto Sans Batak', 'Noto                    
                             Sans Kannada', 'Noto Sans                          
                             Myanmar', 'Noto Sans NKo',                         
                             'Noto Sans Oriya', 'Noto Sans                      
                             Syriac', 'Noto Sans Tagalog',                      
                             'Noto Serif Myanmar', 'Optima',                    
                             'Oriya MN', 'Oriya Sangam MN',                     
                             'Osaka', 'PCMyungjo', 'PT                          
                             Mono', 'PT Sans', 'PT Sans                         
                             Caption', 'PT Sans Narrow', 'PT                    
                             Serif', 'PT Serif Caption',                        
                             'Palatino', 'Papyrus', 'Party                      
                             LET', 'Phosphate', 'PilGi',                        
                             'PingFang HK', 'PingFang MO',                      
                             'PingFang SC', 'PingFang TC',                      
                             'Plantagenet Cherokee',                            
                             'Raanana', 'Rockwell',                             
                             'STFangsong', 'STHeiti', 'STIX                     
                             Two Math', 'STIX Two Text',                        
                             'STKaiti', 'STSong', 'Sana',                       
                             'Sans', 'Sathu', 'Savoye LET',                     
                             'Serif', 'Shree Devanagari                         
                             714', 'SignPainter', 'Silom',                      
                             'SimSong', 'Sinhala MN',                           
                             'Sinhala Sangam MN', 'Skia',                       
                             'Snell Roundhand', 'Songti SC',                    
                             'Songti TC', 'Sukhumvit Set',                      
                             'Symbol', 'Tahoma', 'Tamil MN',                    
                             'Tamil Sangam MN', 'Telugu MN',                    
                             'Telugu Sangam MN', 'Thonburi',                    
                             'Times New Roman', 'Toppan                         
                             Bunkyu Gothic', 'Toppan Bunkyu                     
                             Midashi Gothic', 'Toppan Bunkyu                    
                             Midashi Mincho', 'Toppan Bunkyu                    
                             Mincho', 'Trattatello',                            
                             'Trebuchet MS', 'Tsukushi A                        
                             Round Gothic', 'Tsukushi B                         
                             Round Gothic', 'Verdana',                          
                             'Waseem', 'Wawati SC', 'Wawati                     
                             TC', 'Webdings', 'Weibei SC',                      
                             'Weibei TC', 'Wingdings',                          
                             'Wingdings 2', 'Wingdings 3',                      
                             'Xingkai SC', 'Xingkai TC',                        
                             'YuGothic', 'YuKyokasho',                          
                             'YuKyokasho Yoko', 'YuMincho',                     
                             'YuMincho +36p Kana', 'Yuanti                      
                             SC', 'Yuanti TC', 'Yuppy SC',                      
                             'Yuppy TC', 'Zapf Dingbats',                       
                             'Zapfino', 'cursive',                              
                             'fantasy', 'system-ui'].                           
                    INFO     Animation 36 : Using cached    cairo_renderer.py:94
                             data (hash :                                       
                             656162490_1519471374_423259082                     
                             4)                                                 
Animation 36: Write(Text('事件的关系：韦恩图')):   0%|          | 0/1 [00:00<?, ?it/s]                                                                                                          INFO     Animation 37 : Using cached    cairo_renderer.py:94
                             data (hash :                                       
                             656162490_2286773969_114283319                     
                             8)                                                 
Animation 37: Create(RoundedRectangle):   0%|          | 0/1 [00:00<?, ?it/s]                                                                                                 INFO     Animation 38 : Using cached    cairo_renderer.py:94
                             data (hash :                                       
                             656162490_3590214798_264347199                     
                             8)                                                 
Animation 38: GrowFromCenter(Circle):   0%|          | 0/1 [00:00<?, ?it/s]                                                                                               INFO     Animation 39 : Using cached    cairo_renderer.py:94
                             data (hash :                                       
                             656162490_2319204175_318572757                     
                             2)                                                 
Animation 39: Write(MathTex('A')):   0%|          | 0/1 [00:00<?, ?it/s]                                                                        [02/27/26 10:31:31] INFO     Animation 40 : Using cached    cairo_renderer.py:94
                             data (hash :                                       
                             656162490_4198957136_353109967                     
                             )                                                  
Animation 40: GrowFromCenter(Circle):   0%|          | 0/1 [00:00<?, ?it/s]                                                                                               INFO     Animation 41 : Using cached    cairo_renderer.py:94
                             data (hash :                                       
                             656162490_4142372080_857546623                     
                             )                                                  
Animation 41: Write(MathTex('B')):   0%|          | 0/1 [00:00<?, ?it/s]                                                                                            INFO     Animation 42 : Using cached    cairo_renderer.py:94
                             data (hash :                                       
                             656162490_4037095466_221022787                     
                             5)                                                 
Animation 42: FadeIn(MathTex('S')):   0%|          | 0/1 [00:00<?, ?it/s]                                                                                             INFO     Animation 43 : Using cached    cairo_renderer.py:94
                             data (hash :                                       
                             656162490_3105470867_121874633                     
                             4)                                                 
Animation 43: FadeIn(Dot), etc.:   0%|          | 0/1 [00:00<?, ?it/s]                                                                                          WARNING  Font Noto Sans CJK SC not in    text_mobject.py:464
                             ['.AppleSystemUIFont', 'Academy                    
                             Engraved LET', 'Al Bayan', 'Al                     
                             Nile', 'Al Tarikh', 'American                      
                             Typewriter', 'Andale Mono',                        
                             'Apple Braille', 'Apple                            
                             Chancery', 'Apple Color Emoji',                    
                             'Apple LiGothic', 'Apple                           
                             LiSung', 'Apple SD Gothic Neo',                    
                             'Apple Symbols', 'AppleGothic',                    
                             'AppleMyungjo', 'Arial', 'Arial                    
                             Black', 'Arial Hebrew', 'Arial                     
                             Hebrew Scholar', 'Arial                            
                             Narrow', 'Arial Rounded MT                         
                             Bold', 'Arial Unicode MS',                         
                             'Avenir', 'Avenir Next',                           
                             'Avenir Next Condensed',                           
                             'Ayuthaya', 'BIZ UDGothic',                        
                             'BIZ UDMincho', 'BM Dohyeon',                      
                             'BM Hanna 11yrs Old', 'BM Hanna                    
                             Air', 'BM Hanna Pro', 'BM Jua',                    
                             'BM Kirang Haerang', 'BM                           
                             Yeonsung', 'Baghdad', 'Bangla                      
                             MN', 'Bangla Sangam MN', 'Baoli                    
                             SC', 'Baoli TC', 'Baskerville',                    
                             'Beirut', 'BiauKaiHK',                             
                             'BiauKaiTC', 'Big Caslon',                         
                             'Bodoni 72', 'Bodoni 72                            
                             Oldstyle', 'Bodoni 72                              
                             Smallcaps', 'Bodoni Ornaments',                    
                             'Bradley Hand', 'Brush Script                      
                             MT', 'Chalkboard', 'Chalkboard                     
                             SE', 'Chalkduster', 'Charter',                     
                             'Cochin', 'Comic Sans MS',                         
                             'Copperplate', 'Corsiva                            
                             Hebrew', 'Courier New', 'DIN                       
                             Alternate', 'DIN Condensed',                       
                             'Damascus', 'DecoType Naskh',                      
                             'Devanagari MT', 'Devanagari                       
                             Sangam MN', 'Didot', 'Diwan                        
                             Kufi', 'Diwan Thuluth',                            
                             'Euphemia UCAS', 'Farah',                          
                             'Farisi', 'Futura', 'GB18030                       
                             Bitmap', 'Galvji', 'Geeza Pro',                    
                             'Geneva', 'Georgia', 'Gill                         
                             Sans', 'Grantha Sangam MN',                        
                             'Gujarati MT', 'Gujarati Sangam                    
                             MN', 'GungSeo', 'Gurmukhi MN',                     
                             'Gurmukhi MT', 'Gurmukhi Sangam                    
                             MN', 'Hannotate SC', 'Hannotate                    
                             TC', 'HanziPen SC', 'HanziPen                      
                             TC', 'HeadLineA', 'Hei', 'Heiti                    
                             SC', 'Heiti TC', 'Helvetica',                      
                             'Helvetica Neue', 'Herculanum',                    
                             'Hiragino Maru Gothic ProN',                       
                             'Hiragino Mincho ProN',                            
                             'Hiragino Sans', 'Hiragino Sans                    
                             GB', 'Hoefler Text', 'ITF                          
                             Devanagari', 'ITF Devanagari                       
                             Marathi', 'Impact',                                
                             'InaiMathi', 'Kai', 'Kailasa',                     
                             'Kaiti SC', 'Kaiti TC',                            
                             'Kannada MN', 'Kannada Sangam                      
                             MN', 'Kefa III', 'Khmer MN',                       
                             'Khmer Sangam MN', 'Klee',                         
                             'Kohinoor Bangla', 'Kohinoor                       
                             Devanagari', 'Kohinoor                             
                             Gujarati', 'Kohinoor Telugu',                      
                             'Kokonor', 'Krungthep',                            
                             'KufiStandardGK', 'LXGW                            
                             ZhenKai', 'Lantinghei SC',                         
                             'Lantinghei TC', 'Lao MN', 'Lao                    
                             Sangam MN', 'LiHei Pro',                           
                             'LiSong Pro', 'Libian SC',                         
                             'Libian TC', 'LingWai SC',                         
                             'LingWai TC', 'Lucida Grande',                     
                             'Luminari', 'Malayalam MN',                        
                             'Malayalam Sangam MN', 'Marker                     
                             Felt', 'Menlo', 'Microsoft Sans                    
                             Serif', 'Mishafi', 'Mishafi                        
                             Gold', 'Monaco', 'Monospace',                      
                             'Mshtakan', 'Mukta Mahee',                         
                             'Muna', 'Myanmar MN', 'Myanmar                     
                             Sangam MN', 'Nadeem', 'Nanum                       
                             Brush Script', 'Nanum Gothic',                     
                             'Nanum Myeongjo', 'Nanum Pen                       
                             Script', 'New Peninim MT',                         
                             'Noteworthy', 'Noto Nastaliq                       
                             Urdu', 'Noto Sans Batak', 'Noto                    
                             Sans Kannada', 'Noto Sans                          
                             Myanmar', 'Noto Sans NKo',                         
                             'Noto Sans Oriya', 'Noto Sans                      
                             Syriac', 'Noto Sans Tagalog',                      
                             'Noto Serif Myanmar', 'Optima',                    
                             'Oriya MN', 'Oriya Sangam MN',                     
                             'Osaka', 'PCMyungjo', 'PT                          
                             Mono', 'PT Sans', 'PT Sans                         
                             Caption', 'PT Sans Narrow', 'PT                    
                             Serif', 'PT Serif Caption',                        
                             'Palatino', 'Papyrus', 'Party                      
                             LET', 'Phosphate', 'PilGi',                        
                             'PingFang HK', 'PingFang MO',                      
                             'PingFang SC', 'PingFang TC',                      
                             'Plantagenet Cherokee',                            
                             'Raanana', 'Rockwell',                             
                             'STFangsong', 'STHeiti', 'STIX                     
                             Two Math', 'STIX Two Text',                        
                             'STKaiti', 'STSong', 'Sana',                       
                             'Sans', 'Sathu', 'Savoye LET',                     
                             'Serif', 'Shree Devanagari                         
                             714', 'SignPainter', 'Silom',                      
                             'SimSong', 'Sinhala MN',                           
                             'Sinhala Sangam MN', 'Skia',                       
                             'Snell Roundhand', 'Songti SC',                    
                             'Songti TC', 'Sukhumvit Set',                      
                             'Symbol', 'Tahoma', 'Tamil MN',                    
                             'Tamil Sangam MN', 'Telugu MN',                    
                             'Telugu Sangam MN', 'Thonburi',                    
                             'Times New Roman', 'Toppan                         
                             Bunkyu Gothic', 'Toppan Bunkyu                     
                             Midashi Gothic', 'Toppan Bunkyu                    
                             Midashi Mincho', 'Toppan Bunkyu                    
                             Mincho', 'Trattatello',                            
                             'Trebuchet MS', 'Tsukushi A                        
                             Round Gothic', 'Tsukushi B                         
                             Round Gothic', 'Verdana',                          
                             'Waseem', 'Wawati SC', 'Wawati                     
                             TC', 'Webdings', 'Weibei SC',                      
                             'Weibei TC', 'Wingdings',                          
                             'Wingdings 2', 'Wingdings 3',                      
                             'Xingkai SC', 'Xingkai TC',                        
                             'YuGothic', 'YuKyokasho',                          
                             'YuKyokasho Yoko', 'YuMincho',                     
                             'YuMincho +36p Kana', 'Yuanti                      
                             SC', 'Yuanti TC', 'Yuppy SC',                      
                             'Yuppy TC', 'Zapf Dingbats',                       
                             'Zapfino', 'cursive',                              
                             'fantasy', 'system-ui'].                           
                    INFO     Animation 44 : Using cached    cairo_renderer.py:94
                             data (hash :                                       
                             656162490_759318928_2386446924                     
                             )                                                  
Animation 44: FadeIn(Text('交集 A∩B：两事件同时发生')):   0%|          | 0/1 [00:00<?, ?it/s]                                                                                             [02/27/26 10:31:32] INFO     Animation 45 : Using cached    cairo_renderer.py:94
                             data (hash :                                       
                             656162490_4119804541_434732910                     
                             )                                                  
                    INFO     Animation 46 : Using cached    cairo_renderer.py:94
                             data (hash :                                       
                             656162490_1719734529_365147756                     
                             5)                                                 
Animation 46: _MethodAnimation(Circle), etc.:   0%|          | 0/1 [00:00<?, ?it/s]                                                                                                       WARNING  Font Noto Sans CJK SC not in    text_mobject.py:464
                             ['.AppleSystemUIFont', 'Academy                    
                             Engraved LET', 'Al Bayan', 'Al                     
                             Nile', 'Al Tarikh', 'American                      
                             Typewriter', 'Andale Mono',                        
                             'Apple Braille', 'Apple                            
                             Chancery', 'Apple Color Emoji',                    
                             'Apple LiGothic', 'Apple                           
                             LiSung', 'Apple SD Gothic Neo',                    
                             'Apple Symbols', 'AppleGothic',                    
                             'AppleMyungjo', 'Arial', 'Arial                    
                             Black', 'Arial Hebrew', 'Arial                     
                             Hebrew Scholar', 'Arial                            
                             Narrow', 'Arial Rounded MT                         
                             Bold', 'Arial Unicode MS',                         
                             'Avenir', 'Avenir Next',                           
                             'Avenir Next Condensed',                           
                             'Ayuthaya', 'BIZ UDGothic',                        
                             'BIZ UDMincho', 'BM Dohyeon',                      
                             'BM Hanna 11yrs Old', 'BM Hanna                    
                             Air', 'BM Hanna Pro', 'BM Jua',                    
                             'BM Kirang Haerang', 'BM                           
                             Yeonsung', 'Baghdad', 'Bangla                      
                             MN', 'Bangla Sangam MN', 'Baoli                    
                             SC', 'Baoli TC', 'Baskerville',                    
                             'Beirut', 'BiauKaiHK',                             
                             'BiauKaiTC', 'Big Caslon',                         
                             'Bodoni 72', 'Bodoni 72                            
                             Oldstyle', 'Bodoni 72                              
                             Smallcaps', 'Bodoni Ornaments',                    
                             'Bradley Hand', 'Brush Script                      
                             MT', 'Chalkboard', 'Chalkboard                     
                             SE', 'Chalkduster', 'Charter',                     
                             'Cochin', 'Comic Sans MS',                         
                             'Copperplate', 'Corsiva                            
                             Hebrew', 'Courier New', 'DIN                       
                             Alternate', 'DIN Condensed',                       
                             'Damascus', 'DecoType Naskh',                      
                             'Devanagari MT', 'Devanagari                       
                             Sangam MN', 'Didot', 'Diwan                        
                             Kufi', 'Diwan Thuluth',                            
                             'Euphemia UCAS', 'Farah',                          
                             'Farisi', 'Futura', 'GB18030                       
                             Bitmap', 'Galvji', 'Geeza Pro',                    
                             'Geneva', 'Georgia', 'Gill                         
                             Sans', 'Grantha Sangam MN',                        
                             'Gujarati MT', 'Gujarati Sangam                    
                             MN', 'GungSeo', 'Gurmukhi MN',                     
                             'Gurmukhi MT', 'Gurmukhi Sangam                    
                             MN', 'Hannotate SC', 'Hannotate                    
                             TC', 'HanziPen SC', 'HanziPen                      
                             TC', 'HeadLineA', 'Hei', 'Heiti                    
                             SC', 'Heiti TC', 'Helvetica',                      
                             'Helvetica Neue', 'Herculanum',                    
                             'Hiragino Maru Gothic ProN',                       
                             'Hiragino Mincho ProN',                            
                             'Hiragino Sans', 'Hiragino Sans                    
                             GB', 'Hoefler Text', 'ITF                          
                             Devanagari', 'ITF Devanagari                       
                             Marathi', 'Impact',                                
                             'InaiMathi', 'Kai', 'Kailasa',                     
                             'Kaiti SC', 'Kaiti TC',                            
                             'Kannada MN', 'Kannada Sangam                      
                             MN', 'Kefa III', 'Khmer MN',                       
                             'Khmer Sangam MN', 'Klee',                         
                             'Kohinoor Bangla', 'Kohinoor                       
                             Devanagari', 'Kohinoor                             
                             Gujarati', 'Kohinoor Telugu',                      
                             'Kokonor', 'Krungthep',                            
                             'KufiStandardGK', 'LXGW                            
                             ZhenKai', 'Lantinghei SC',                         
                             'Lantinghei TC', 'Lao MN', 'Lao                    
                             Sangam MN', 'LiHei Pro',                           
                             'LiSong Pro', 'Libian SC',                         
                             'Libian TC', 'LingWai SC',                         
                             'LingWai TC', 'Lucida Grande',                     
                             'Luminari', 'Malayalam MN',                        
                             'Malayalam Sangam MN', 'Marker                     
                             Felt', 'Menlo', 'Microsoft Sans                    
                             Serif', 'Mishafi', 'Mishafi                        
                             Gold', 'Monaco', 'Monospace',                      
                             'Mshtakan', 'Mukta Mahee',                         
                             'Muna', 'Myanmar MN', 'Myanmar                     
                             Sangam MN', 'Nadeem', 'Nanum                       
                             Brush Script', 'Nanum Gothic',                     
                             'Nanum Myeongjo', 'Nanum Pen                       
                             Script', 'New Peninim MT',                         
                             'Noteworthy', 'Noto Nastaliq                       
                             Urdu', 'Noto Sans Batak', 'Noto                    
                             Sans Kannada', 'Noto Sans                          
                             Myanmar', 'Noto Sans NKo',                         
                             'Noto Sans Oriya', 'Noto Sans                      
                             Syriac', 'Noto Sans Tagalog',                      
                             'Noto Serif Myanmar', 'Optima',                    
                             'Oriya MN', 'Oriya Sangam MN',                     
                             'Osaka', 'PCMyungjo', 'PT                          
                             Mono', 'PT Sans', 'PT Sans                         
                             Caption', 'PT Sans Narrow', 'PT                    
                             Serif', 'PT Serif Caption',                        
                             'Palatino', 'Papyrus', 'Party                      
                             LET', 'Phosphate', 'PilGi',                        
                             'PingFang HK', 'PingFang MO',                      
                             'PingFang SC', 'PingFang TC',                      
                             'Plantagenet Cherokee',                            
                             'Raanana', 'Rockwell',                             
                             'STFangsong', 'STHeiti', 'STIX                     
                             Two Math', 'STIX Two Text',                        
                             'STKaiti', 'STSong', 'Sana',                       
                             'Sans', 'Sathu', 'Savoye LET',                     
                             'Serif', 'Shree Devanagari                         
                             714', 'SignPainter', 'Silom',                      
                             'SimSong', 'Sinhala MN',                           
                             'Sinhala Sangam MN', 'Skia',                       
                             'Snell Roundhand', 'Songti SC',                    
                             'Songti TC', 'Sukhumvit Set',                      
                             'Symbol', 'Tahoma', 'Tamil MN',                    
                             'Tamil Sangam MN', 'Telugu MN',                    
                             'Telugu Sangam MN', 'Thonburi',                    
                             'Times New Roman', 'Toppan                         
                             Bunkyu Gothic', 'Toppan Bunkyu                     
                             Midashi Gothic', 'Toppan Bunkyu                    
                             Midashi Mincho', 'Toppan Bunkyu                    
                             Mincho', 'Trattatello',                            
                             'Trebuchet MS', 'Tsukushi A                        
                             Round Gothic', 'Tsukushi B                         
                             Round Gothic', 'Verdana',                          
                             'Waseem', 'Wawati SC', 'Wawati                     
                             TC', 'Webdings', 'Weibei SC',                      
                             'Weibei TC', 'Wingdings',                          
                             'Wingdings 2', 'Wingdings 3',                      
                             'Xingkai SC', 'Xingkai TC',                        
                             'YuGothic', 'YuKyokasho',                          
                             'YuKyokasho Yoko', 'YuMincho',                     
                             'YuMincho +36p Kana', 'Yuanti                      
                             SC', 'Yuanti TC', 'Yuppy SC',                      
                             'Yuppy TC', 'Zapf Dingbats',                       
                             'Zapfino', 'cursive',                              
                             'fantasy', 'system-ui'].                           
                    INFO     Animation 47 : Using cached    cairo_renderer.py:94
                             data (hash :                                       
                             656162490_498519104_1252614988                     
                             )                                                  
Animation 47: FadeIn(Text('并集 A∪B：A 或 B 至少发生一个')), etc.:   0%|          | 0/1 [00:00<?, ?it/s]                                                                                                        [02/27/26 10:31:33] INFO     Animation 48 : Using cached    cairo_renderer.py:94
                             data (hash :                                       
                             656162490_4119804541_278010071                     
                             6)                                                 
                    INFO     Animation 49 : Using cached    cairo_renderer.py:94
                             data (hash :                                       
                             656162490_2186445089_328676869                     
                             7)                                                 
Animation 49: _MethodAnimation(Circle), etc.:   0%|          | 0/1 [00:00<?, ?it/s]                                                                                                       INFO     Animation 50 : Using cached    cairo_renderer.py:94
                             data (hash :                                       
                             656162490_1433877407_242742121                     
                             3)                                                 
                    INFO     Animation 51 : Using cached    cairo_renderer.py:94
                             data (hash :                                       
                             656162490_3840210188_259535605                     
                             )                                                  
Animation 51: FadeOut(Text('事件的关系：韦恩图')), etc.:   0%|          | 0/1 [00:00<?, ?it/s]                                                                                              [02/27/26 10:31:34] WARNING  Font Noto Sans CJK SC not in    text_mobject.py:464
                             ['.AppleSystemUIFont', 'Academy                    
                             Engraved LET', 'Al Bayan', 'Al                     
                             Nile', 'Al Tarikh', 'American                      
                             Typewriter', 'Andale Mono',                        
                             'Apple Braille', 'Apple                            
                             Chancery', 'Apple Color Emoji',                    
                             'Apple LiGothic', 'Apple                           
                             LiSung', 'Apple SD Gothic Neo',                    
                             'Apple Symbols', 'AppleGothic',                    
                             'AppleMyungjo', 'Arial', 'Arial                    
                             Black', 'Arial Hebrew', 'Arial                     
                             Hebrew Scholar', 'Arial                            
                             Narrow', 'Arial Rounded MT                         
                             Bold', 'Arial Unicode MS',                         
                             'Avenir', 'Avenir Next',                           
                             'Avenir Next Condensed',                           
                             'Ayuthaya', 'BIZ UDGothic',                        
                             'BIZ UDMincho', 'BM Dohyeon',                      
                             'BM Hanna 11yrs Old', 'BM Hanna                    
                             Air', 'BM Hanna Pro', 'BM Jua',                    
                             'BM Kirang Haerang', 'BM                           
                             Yeonsung', 'Baghdad', 'Bangla                      
                             MN', 'Bangla Sangam MN', 'Baoli                    
                             SC', 'Baoli TC', 'Baskerville',                    
                             'Beirut', 'BiauKaiHK',                             
                             'BiauKaiTC', 'Big Caslon',                         
                             'Bodoni 72', 'Bodoni 72                            
                             Oldstyle', 'Bodoni 72                              
                             Smallcaps', 'Bodoni Ornaments',                    
                             'Bradley Hand', 'Brush Script                      
                             MT', 'Chalkboard', 'Chalkboard                     
                             SE', 'Chalkduster', 'Charter',                     
                             'Cochin', 'Comic Sans MS',                         
                             'Copperplate', 'Corsiva                            
                             Hebrew', 'Courier New', 'DIN                       
                             Alternate', 'DIN Condensed',                       
                             'Damascus', 'DecoType Naskh',                      
                             'Devanagari MT', 'Devanagari                       
                             Sangam MN', 'Didot', 'Diwan                        
                             Kufi', 'Diwan Thuluth',                            
                             'Euphemia UCAS', 'Farah',                          
                             'Farisi', 'Futura', 'GB18030                       
                             Bitmap', 'Galvji', 'Geeza Pro',                    
                             'Geneva', 'Georgia', 'Gill                         
                             Sans', 'Grantha Sangam MN',                        
                             'Gujarati MT', 'Gujarati Sangam                    
                             MN', 'GungSeo', 'Gurmukhi MN',                     
                             'Gurmukhi MT', 'Gurmukhi Sangam                    
                             MN', 'Hannotate SC', 'Hannotate                    
                             TC', 'HanziPen SC', 'HanziPen                      
                             TC', 'HeadLineA', 'Hei', 'Heiti                    
                             SC', 'Heiti TC', 'Helvetica',                      
                             'Helvetica Neue', 'Herculanum',                    
                             'Hiragino Maru Gothic ProN',                       
                             'Hiragino Mincho ProN',                            
                             'Hiragino Sans', 'Hiragino Sans                    
                             GB', 'Hoefler Text', 'ITF                          
                             Devanagari', 'ITF Devanagari                       
                             Marathi', 'Impact',                                
                             'InaiMathi', 'Kai', 'Kailasa',                     
                             'Kaiti SC', 'Kaiti TC',                            
                             'Kannada MN', 'Kannada Sangam                      
                             MN', 'Kefa III', 'Khmer MN',                       
                             'Khmer Sangam MN', 'Klee',                         
                             'Kohinoor Bangla', 'Kohinoor                       
                             Devanagari', 'Kohinoor                             
                             Gujarati', 'Kohinoor Telugu',                      
                             'Kokonor', 'Krungthep',                            
                             'KufiStandardGK', 'LXGW                            
                             ZhenKai', 'Lantinghei SC',                         
                             'Lantinghei TC', 'Lao MN', 'Lao                    
                             Sangam MN', 'LiHei Pro',                           
                             'LiSong Pro', 'Libian SC',                         
                             'Libian TC', 'LingWai SC',                         
                             'LingWai TC', 'Lucida Grande',                     
                             'Luminari', 'Malayalam MN',                        
                             'Malayalam Sangam MN', 'Marker                     
                             Felt', 'Menlo', 'Microsoft Sans                    
                             Serif', 'Mishafi', 'Mishafi                        
                             Gold', 'Monaco', 'Monospace',                      
                             'Mshtakan', 'Mukta Mahee',                         
                             'Muna', 'Myanmar MN', 'Myanmar                     
                             Sangam MN', 'Nadeem', 'Nanum                       
                             Brush Script', 'Nanum Gothic',                     
                             'Nanum Myeongjo', 'Nanum Pen                       
                             Script', 'New Peninim MT',                         
                             'Noteworthy', 'Noto Nastaliq                       
                             Urdu', 'Noto Sans Batak', 'Noto                    
                             Sans Kannada', 'Noto Sans                          
                             Myanmar', 'Noto Sans NKo',                         
                             'Noto Sans Oriya', 'Noto Sans                      
                             Syriac', 'Noto Sans Tagalog',                      
                             'Noto Serif Myanmar', 'Optima',                    
                             'Oriya MN', 'Oriya Sangam MN',                     
                             'Osaka', 'PCMyungjo', 'PT                          
                             Mono', 'PT Sans', 'PT Sans                         
                             Caption', 'PT Sans Narrow', 'PT                    
                             Serif', 'PT Serif Caption',                        
                             'Palatino', 'Papyrus', 'Party                      
                             LET', 'Phosphate', 'PilGi',                        
                             'PingFang HK', 'PingFang MO',                      
                             'PingFang SC', 'PingFang TC',                      
                             'Plantagenet Cherokee',                            
                             'Raanana', 'Rockwell',                             
                             'STFangsong', 'STHeiti', 'STIX                     
                             Two Math', 'STIX Two Text',                        
                             'STKaiti', 'STSong', 'Sana',                       
                             'Sans', 'Sathu', 'Savoye LET',                     
                             'Serif', 'Shree Devanagari                         
                             714', 'SignPainter', 'Silom',                      
                             'SimSong', 'Sinhala MN',                           
                             'Sinhala Sangam MN', 'Skia',                       
                             'Snell Roundhand', 'Songti SC',                    
                             'Songti TC', 'Sukhumvit Set',                      
                             'Symbol', 'Tahoma', 'Tamil MN',                    
                             'Tamil Sangam MN', 'Telugu MN',                    
                             'Telugu Sangam MN', 'Thonburi',                    
                             'Times New Roman', 'Toppan                         
                             Bunkyu Gothic', 'Toppan Bunkyu                     
                             Midashi Gothic', 'Toppan Bunkyu                    
                             Midashi Mincho', 'Toppan Bunkyu                    
                             Mincho', 'Trattatello',                            
                             'Trebuchet MS', 'Tsukushi A                        
                             Round Gothic', 'Tsukushi B                         
                             Round Gothic', 'Verdana',                          
                             'Waseem', 'Wawati SC', 'Wawati                     
                             TC', 'Webdings', 'Weibei SC',                      
                             'Weibei TC', 'Wingdings',                          
                             'Wingdings 2', 'Wingdings 3',                      
                             'Xingkai SC', 'Xingkai TC',                        
                             'YuGothic', 'YuKyokasho',                          
                             'YuKyokasho Yoko', 'YuMincho',                     
                             'YuMincho +36p Kana', 'Yuanti                      
                             SC', 'Yuanti TC', 'Yuppy SC',                      
                             'Yuppy TC', 'Zapf Dingbats',                       
                             'Zapfino', 'cursive',                              
                             'fantasy', 'system-ui'].                           
                    INFO     Animation 52 : Using cached    cairo_renderer.py:94
                             data (hash :                                       
                             656162490_1406456743_277994224                     
                             1)                                                 
Animation 52: Write(Text('加法公式')):   0%|          | 0/1 [00:00<?, ?it/s]                                                                                                INFO     Animation 53 : Using cached    cairo_renderer.py:94
                             data (hash :                                       
                             656162490_3015530444_857896384                     
                             )                                                  
Animation 53: Create(RoundedRectangle), etc.:   0%|          | 0/1 [00:00<?, ?it/s]                                                                                                       INFO     Animation 54 : Using cached    cairo_renderer.py:94
                             data (hash :                                       
                             656162490_1555944778_113722041                     
                             9)                                                 
Animation 54: Write(MathTex('A')), etc.:   0%|          | 0/1 [00:00<?, ?it/s]                                                                                                  INFO     Animation 55 : Using cached    cairo_renderer.py:94
                             data (hash :                                       
                             656162490_1390318683_248481953                     
                             4)                                                 
Animation 55: _MethodAnimation(Circle):   0%|          | 0/1 [00:00<?, ?it/s]                                                                                                 INFO     Animation 56 : Using cached    cairo_renderer.py:94
                             data (hash :                                       
                             656162490_1817969593_596407491                     
                             )                                                  
Animation 56: FadeIn(MathTex('P(A)')):   0%|          | 0/1 [00:00<?, ?it/s]                                                                            [02/27/26 10:31:35] INFO     Animation 57 : Using cached    cairo_renderer.py:94
                             data (hash :                                       
                             656162490_2318836581_305801049                     
                             0)                                                 
                    INFO     Animation 58 : Using cached    cairo_renderer.py:94
                             data (hash :                                       
                             656162490_412991439_1931983567                     
                             )                                                  
Animation 58: _MethodAnimation(Circle):   0%|          | 0/1 [00:00<?, ?it/s]                                                                                                 INFO     Animation 59 : Using cached    cairo_renderer.py:94
                             data (hash :                                       
                             656162490_577933620_2435022963                     
                             )                                                  
Animation 59: FadeIn(MathTex('+ P(B)')):   0%|          | 0/1 [00:00<?, ?it/s]                                                                                                  INFO     Animation 60 : Using cached    cairo_renderer.py:94
                             data (hash :                                       
                             656162490_2318836581_313087560                     
                             6)                                                 
                    WARNING  Font Noto Sans CJK SC not in    text_mobject.py:464
                             ['.AppleSystemUIFont', 'Academy                    
                             Engraved LET', 'Al Bayan', 'Al                     
                             Nile', 'Al Tarikh', 'American                      
                             Typewriter', 'Andale Mono',                        
                             'Apple Braille', 'Apple                            
                             Chancery', 'Apple Color Emoji',                    
                             'Apple LiGothic', 'Apple                           
                             LiSung', 'Apple SD Gothic Neo',                    
                             'Apple Symbols', 'AppleGothic',                    
                             'AppleMyungjo', 'Arial', 'Arial                    
                             Black', 'Arial Hebrew', 'Arial                     
                             Hebrew Scholar', 'Arial                            
                             Narrow', 'Arial Rounded MT                         
                             Bold', 'Arial Unicode MS',                         
                             'Avenir', 'Avenir Next',                           
                             'Avenir Next Condensed',                           
                             'Ayuthaya', 'BIZ UDGothic',                        
                             'BIZ UDMincho', 'BM Dohyeon',                      
                             'BM Hanna 11yrs Old', 'BM Hanna                    
                             Air', 'BM Hanna Pro', 'BM Jua',                    
                             'BM Kirang Haerang', 'BM                           
                             Yeonsung', 'Baghdad', 'Bangla                      
                             MN', 'Bangla Sangam MN', 'Baoli                    
                             SC', 'Baoli TC', 'Baskerville',                    
                             'Beirut', 'BiauKaiHK',                             
                             'BiauKaiTC', 'Big Caslon',                         
                             'Bodoni 72', 'Bodoni 72                            
                             Oldstyle', 'Bodoni 72                              
                             Smallcaps', 'Bodoni Ornaments',                    
                             'Bradley Hand', 'Brush Script                      
                             MT', 'Chalkboard', 'Chalkboard                     
                             SE', 'Chalkduster', 'Charter',                     
                             'Cochin', 'Comic Sans MS',                         
                             'Copperplate', 'Corsiva                            
                             Hebrew', 'Courier New', 'DIN                       
                             Alternate', 'DIN Condensed',                       
                             'Damascus', 'DecoType Naskh',                      
                             'Devanagari MT', 'Devanagari                       
                             Sangam MN', 'Didot', 'Diwan                        
                             Kufi', 'Diwan Thuluth',                            
                             'Euphemia UCAS', 'Farah',                          
                             'Farisi', 'Futura', 'GB18030                       
                             Bitmap', 'Galvji', 'Geeza Pro',                    
                             'Geneva', 'Georgia', 'Gill                         
                             Sans', 'Grantha Sangam MN',                        
                             'Gujarati MT', 'Gujarati Sangam                    
                             MN', 'GungSeo', 'Gurmukhi MN',                     
                             'Gurmukhi MT', 'Gurmukhi Sangam                    
                             MN', 'Hannotate SC', 'Hannotate                    
                             TC', 'HanziPen SC', 'HanziPen                      
                             TC', 'HeadLineA', 'Hei', 'Heiti                    
                             SC', 'Heiti TC', 'Helvetica',                      
                             'Helvetica Neue', 'Herculanum',                    
                             'Hiragino Maru Gothic ProN',                       
                             'Hiragino Mincho ProN',                            
                             'Hiragino Sans', 'Hiragino Sans                    
                             GB', 'Hoefler Text', 'ITF                          
                             Devanagari', 'ITF Devanagari                       
                             Marathi', 'Impact',                                
                             'InaiMathi', 'Kai', 'Kailasa',                     
                             'Kaiti SC', 'Kaiti TC',                            
                             'Kannada MN', 'Kannada Sangam                      
                             MN', 'Kefa III', 'Khmer MN',                       
                             'Khmer Sangam MN', 'Klee',                         
                             'Kohinoor Bangla', 'Kohinoor                       
                             Devanagari', 'Kohinoor                             
                             Gujarati', 'Kohinoor Telugu',                      
                             'Kokonor', 'Krungthep',                            
                             'KufiStandardGK', 'LXGW                            
                             ZhenKai', 'Lantinghei SC',                         
                             'Lantinghei TC', 'Lao MN', 'Lao                    
                             Sangam MN', 'LiHei Pro',                           
                             'LiSong Pro', 'Libian SC',                         
                             'Libian TC', 'LingWai SC',                         
                             'LingWai TC', 'Lucida Grande',                     
                             'Luminari', 'Malayalam MN',                        
                             'Malayalam Sangam MN', 'Marker                     
                             Felt', 'Menlo', 'Microsoft Sans                    
                             Serif', 'Mishafi', 'Mishafi                        
                             Gold', 'Monaco', 'Monospace',                      
                             'Mshtakan', 'Mukta Mahee',                         
                             'Muna', 'Myanmar MN', 'Myanmar                     
                             Sangam MN', 'Nadeem', 'Nanum                       
                             Brush Script', 'Nanum Gothic',                     
                             'Nanum Myeongjo', 'Nanum Pen                       
                             Script', 'New Peninim MT',                         
                             'Noteworthy', 'Noto Nastaliq                       
                             Urdu', 'Noto Sans Batak', 'Noto                    
                             Sans Kannada', 'Noto Sans                          
                             Myanmar', 'Noto Sans NKo',                         
                             'Noto Sans Oriya', 'Noto Sans                      
                             Syriac', 'Noto Sans Tagalog',                      
                             'Noto Serif Myanmar', 'Optima',                    
                             'Oriya MN', 'Oriya Sangam MN',                     
                             'Osaka', 'PCMyungjo', 'PT                          
                             Mono', 'PT Sans', 'PT Sans                         
                             Caption', 'PT Sans Narrow', 'PT                    
                             Serif', 'PT Serif Caption',                        
                             'Palatino', 'Papyrus', 'Party                      
                             LET', 'Phosphate', 'PilGi',                        
                             'PingFang HK', 'PingFang MO',                      
                             'PingFang SC', 'PingFang TC',                      
                             'Plantagenet Cherokee',                            
                             'Raanana', 'Rockwell',                             
                             'STFangsong', 'STHeiti', 'STIX                     
                             Two Math', 'STIX Two Text',                        
                             'STKaiti', 'STSong', 'Sana',                       
                             'Sans', 'Sathu', 'Savoye LET',                     
                             'Serif', 'Shree Devanagari                         
                             714', 'SignPainter', 'Silom',                      
                             'SimSong', 'Sinhala MN',                           
                             'Sinhala Sangam MN', 'Skia',                       
                             'Snell Roundhand', 'Songti SC',                    
                             'Songti TC', 'Sukhumvit Set',                      
                             'Symbol', 'Tahoma', 'Tamil MN',                    
                             'Tamil Sangam MN', 'Telugu MN',                    
                             'Telugu Sangam MN', 'Thonburi',                    
                             'Times New Roman', 'Toppan                         
                             Bunkyu Gothic', 'Toppan Bunkyu                     
                             Midashi Gothic', 'Toppan Bunkyu                    
                             Midashi Mincho', 'Toppan Bunkyu                    
                             Mincho', 'Trattatello',                            
                             'Trebuchet MS', 'Tsukushi A                        
                             Round Gothic', 'Tsukushi B                         
                             Round Gothic', 'Verdana',                          
                             'Waseem', 'Wawati SC', 'Wawati                     
                             TC', 'Webdings', 'Weibei SC',                      
                             'Weibei TC', 'Wingdings',                          
                             'Wingdings 2', 'Wingdings 3',                      
                             'Xingkai SC', 'Xingkai TC',                        
                             'YuGothic', 'YuKyokasho',                          
                             'YuKyokasho Yoko', 'YuMincho',                     
                             'YuMincho +36p Kana', 'Yuanti                      
                             SC', 'Yuanti TC', 'Yuppy SC',                      
                             'Yuppy TC', 'Zapf Dingbats',                       
                             'Zapfino', 'cursive',                              
                             'fantasy', 'system-ui'].                           
                    INFO     Animation 61 : Using cached    cairo_renderer.py:94
                             data (hash :                                       
                             656162490_677965820_2365409097                     
                             )                                                  
Animation 61: Flash(VGroup of 12 submobjects), etc.:   0%|          | 0/1 [00:00<?, ?it/s]                                                                                          [02/27/26 10:31:36] INFO     Animation 62 : Using cached    cairo_renderer.py:94
                             data (hash :                                       
                             656162490_2348346540_198777578                     
                             8)                                                 
Animation 62: FadeIn(MathTex('- P(A \\cap B)')):   0%|          | 0/1 [00:00<?, ?it/s]                                                                                                          INFO     Animation 63 : Using cached    cairo_renderer.py:94
                             data (hash :                                       
                             656162490_3394500337_112027534                     
                             9)                                                 
                    INFO     Animation 64 : Using cached    cairo_renderer.py:94
                             data (hash :                                       
                             656162490_1390107377_891922841                     
                             )                                                  
Animation 64: _MethodAnimation(Circle), etc.:   0%|          | 0/1 [00:00<?, ?it/s]                                                                                                       INFO     Animation 65 : Using cached    cairo_renderer.py:94
                             data (hash :                                       
                             656162490_1203150372_446309397                     
                             )                                                  
Animation 65: Write(MathTex('P(A \\cup B) = P(A) + P(B) - P(A \\cap B)')), etc.:   0%|          | 0/1 [00:00<?, ?it/s]                                                                                                                                          WARNING  Font Noto Sans CJK SC not in    text_mobject.py:464
                             ['.AppleSystemUIFont', 'Academy                    
                             Engraved LET', 'Al Bayan', 'Al                     
                             Nile', 'Al Tarikh', 'American                      
                             Typewriter', 'Andale Mono',                        
                             'Apple Braille', 'Apple                            
                             Chancery', 'Apple Color Emoji',                    
                             'Apple LiGothic', 'Apple                           
                             LiSung', 'Apple SD Gothic Neo',                    
                             'Apple Symbols', 'AppleGothic',                    
                             'AppleMyungjo', 'Arial', 'Arial                    
                             Black', 'Arial Hebrew', 'Arial                     
                             Hebrew Scholar', 'Arial                            
                             Narrow', 'Arial Rounded MT                         
                             Bold', 'Arial Unicode MS',                         
                             'Avenir', 'Avenir Next',                           
                             'Avenir Next Condensed',                           
                             'Ayuthaya', 'BIZ UDGothic',                        
                             'BIZ UDMincho', 'BM Dohyeon',                      
                             'BM Hanna 11yrs Old', 'BM Hanna                    
                             Air', 'BM Hanna Pro', 'BM Jua',                    
                             'BM Kirang Haerang', 'BM                           
                             Yeonsung', 'Baghdad', 'Bangla                      
                             MN', 'Bangla Sangam MN', 'Baoli                    
                             SC', 'Baoli TC', 'Baskerville',                    
                             'Beirut', 'BiauKaiHK',                             
                             'BiauKaiTC', 'Big Caslon',                         
                             'Bodoni 72', 'Bodoni 72                            
                             Oldstyle', 'Bodoni 72                              
                             Smallcaps', 'Bodoni Ornaments',                    
                             'Bradley Hand', 'Brush Script                      
                             MT', 'Chalkboard', 'Chalkboard                     
                             SE', 'Chalkduster', 'Charter',                     
                             'Cochin', 'Comic Sans MS',                         
                             'Copperplate', 'Corsiva                            
                             Hebrew', 'Courier New', 'DIN                       
                             Alternate', 'DIN Condensed',                       
                             'Damascus', 'DecoType Naskh',                      
                             'Devanagari MT', 'Devanagari                       
                             Sangam MN', 'Didot', 'Diwan                        
                             Kufi', 'Diwan Thuluth',                            
                             'Euphemia UCAS', 'Farah',                          
                             'Farisi', 'Futura', 'GB18030                       
                             Bitmap', 'Galvji', 'Geeza Pro',                    
                             'Geneva', 'Georgia', 'Gill                         
                             Sans', 'Grantha Sangam MN',                        
                             'Gujarati MT', 'Gujarati Sangam                    
                             MN', 'GungSeo', 'Gurmukhi MN',                     
                             'Gurmukhi MT', 'Gurmukhi Sangam                    
                             MN', 'Hannotate SC', 'Hannotate                    
                             TC', 'HanziPen SC', 'HanziPen                      
                             TC', 'HeadLineA', 'Hei', 'Heiti                    
                             SC', 'Heiti TC', 'Helvetica',                      
                             'Helvetica Neue', 'Herculanum',                    
                             'Hiragino Maru Gothic ProN',                       
                             'Hiragino Mincho ProN',                            
                             'Hiragino Sans', 'Hiragino Sans                    
                             GB', 'Hoefler Text', 'ITF                          
                             Devanagari', 'ITF Devanagari                       
                             Marathi', 'Impact',                                
                             'InaiMathi', 'Kai', 'Kailasa',                     
                             'Kaiti SC', 'Kaiti TC',                            
                             'Kannada MN', 'Kannada Sangam                      
                             MN', 'Kefa III', 'Khmer MN',                       
                             'Khmer Sangam MN', 'Klee',                         
                             'Kohinoor Bangla', 'Kohinoor                       
                             Devanagari', 'Kohinoor                             
                             Gujarati', 'Kohinoor Telugu',                      
                             'Kokonor', 'Krungthep',                            
                             'KufiStandardGK', 'LXGW                            
                             ZhenKai', 'Lantinghei SC',                         
                             'Lantinghei TC', 'Lao MN', 'Lao                    
                             Sangam MN', 'LiHei Pro',                           
                             'LiSong Pro', 'Libian SC',                         
                             'Libian TC', 'LingWai SC',                         
                             'LingWai TC', 'Lucida Grande',                     
                             'Luminari', 'Malayalam MN',                        
                             'Malayalam Sangam MN', 'Marker                     
                             Felt', 'Menlo', 'Microsoft Sans                    
                             Serif', 'Mishafi', 'Mishafi                        
                             Gold', 'Monaco', 'Monospace',                      
                             'Mshtakan', 'Mukta Mahee',                         
                             'Muna', 'Myanmar MN', 'Myanmar                     
                             Sangam MN', 'Nadeem', 'Nanum                       
                             Brush Script', 'Nanum Gothic',                     
                             'Nanum Myeongjo', 'Nanum Pen                       
                             Script', 'New Peninim MT',                         
                             'Noteworthy', 'Noto Nastaliq                       
                             Urdu', 'Noto Sans Batak', 'Noto                    
                             Sans Kannada', 'Noto Sans                          
                             Myanmar', 'Noto Sans NKo',                         
                             'Noto Sans Oriya', 'Noto Sans                      
                             Syriac', 'Noto Sans Tagalog',                      
                             'Noto Serif Myanmar', 'Optima',                    
                             'Oriya MN', 'Oriya Sangam MN',                     
                             'Osaka', 'PCMyungjo', 'PT                          
                             Mono', 'PT Sans', 'PT Sans                         
                             Caption', 'PT Sans Narrow', 'PT                    
                             Serif', 'PT Serif Caption',                        
                             'Palatino', 'Papyrus', 'Party                      
                             LET', 'Phosphate', 'PilGi',                        
                             'PingFang HK', 'PingFang MO',                      
                             'PingFang SC', 'PingFang TC',                      
                             'Plantagenet Cherokee',                            
                             'Raanana', 'Rockwell',                             
                             'STFangsong', 'STHeiti', 'STIX                     
                             Two Math', 'STIX Two Text',                        
                             'STKaiti', 'STSong', 'Sana',                       
                             'Sans', 'Sathu', 'Savoye LET',                     
                             'Serif', 'Shree Devanagari                         
                             714', 'SignPainter', 'Silom',                      
                             'SimSong', 'Sinhala MN',                           
                             'Sinhala Sangam MN', 'Skia',                       
                             'Snell Roundhand', 'Songti SC',                    
                             'Songti TC', 'Sukhumvit Set',                      
                             'Symbol', 'Tahoma', 'Tamil MN',                    
                             'Tamil Sangam MN', 'Telugu MN',                    
                             'Telugu Sangam MN', 'Thonburi',                    
                             'Times New Roman', 'Toppan                         
                             Bunkyu Gothic', 'Toppan Bunkyu                     
                             Midashi Gothic', 'Toppan Bunkyu                    
                             Midashi Mincho', 'Toppan Bunkyu                    
                             Mincho', 'Trattatello',                            
                             'Trebuchet MS', 'Tsukushi A                        
                             Round Gothic', 'Tsukushi B                         
                             Round Gothic', 'Verdana',                          
                             'Waseem', 'Wawati SC', 'Wawati                     
                             TC', 'Webdings', 'Weibei SC',                      
                             'Weibei TC', 'Wingdings',                          
                             'Wingdings 2', 'Wingdings 3',                      
                             'Xingkai SC', 'Xingkai TC',                        
                             'YuGothic', 'YuKyokasho',                          
                             'YuKyokasho Yoko', 'YuMincho',                     
                             'YuMincho +36p Kana', 'Yuanti                      
                             SC', 'Yuanti TC', 'Yuppy SC',                      
                             'Yuppy TC', 'Zapf Dingbats',                       
                             'Zapfino', 'cursive',                              
                             'fantasy', 'system-ui'].                           
[02/27/26 10:31:37] INFO     Animation 66 : Using cached    cairo_renderer.py:94
                             data (hash :                                       
                             656162490_839066750_4188794963                     
                             )                                                  
Animation 66: FadeIn(Text('例：P(A)=0.5, P(B)=0.4, P(A∩B)=0.2')):   0%|          | 0/1 [00:00<?, ?it/s]                                                                                                                           INFO     Animation 67 : Using cached    cairo_renderer.py:94
                             data (hash :                                       
                             656162490_558770308_3807830044                     
                             )                                                  
Animation 67: Write(MathTex('P(A\\cup B) = 0.5 + 0.4 - 0.2 = 0.7')):   0%|          | 0/1 [00:00<?, ?it/s]                                                                                                                              INFO     Animation 68 : Using cached    cairo_renderer.py:94
                             data (hash :                                       
                             656162490_2294583397_369400341                     
                             3)                                                 
[02/27/26 10:31:38] INFO     Animation 69 : Using cached    cairo_renderer.py:94
                             data (hash :                                       
                             656162490_3224049114_389127643                     
                             5)                                                 
Animation 69: FadeOut(Text('加法公式')), etc.:   0%|          | 0/1 [00:00<?, ?it/s]                                                                                                        WARNING  Font Noto Sans CJK SC not in    text_mobject.py:464
                             ['.AppleSystemUIFont', 'Academy                    
                             Engraved LET', 'Al Bayan', 'Al                     
                             Nile', 'Al Tarikh', 'American                      
                             Typewriter', 'Andale Mono',                        
                             'Apple Braille', 'Apple                            
                             Chancery', 'Apple Color Emoji',                    
                             'Apple LiGothic', 'Apple                           
                             LiSung', 'Apple SD Gothic Neo',                    
                             'Apple Symbols', 'AppleGothic',                    
                             'AppleMyungjo', 'Arial', 'Arial                    
                             Black', 'Arial Hebrew', 'Arial                     
                             Hebrew Scholar', 'Arial                            
                             Narrow', 'Arial Rounded MT                         
                             Bold', 'Arial Unicode MS',                         
                             'Avenir', 'Avenir Next',                           
                             'Avenir Next Condensed',                           
                             'Ayuthaya', 'BIZ UDGothic',                        
                             'BIZ UDMincho', 'BM Dohyeon',                      
                             'BM Hanna 11yrs Old', 'BM Hanna                    
                             Air', 'BM Hanna Pro', 'BM Jua',                    
                             'BM Kirang Haerang', 'BM                           
                             Yeonsung', 'Baghdad', 'Bangla                      
                             MN', 'Bangla Sangam MN', 'Baoli                    
                             SC', 'Baoli TC', 'Baskerville',                    
                             'Beirut', 'BiauKaiHK',                             
                             'BiauKaiTC', 'Big Caslon',                         
                             'Bodoni 72', 'Bodoni 72                            
                             Oldstyle', 'Bodoni 72                              
                             Smallcaps', 'Bodoni Ornaments',                    
                             'Bradley Hand', 'Brush Script                      
                             MT', 'Chalkboard', 'Chalkboard                     
                             SE', 'Chalkduster', 'Charter',                     
                             'Cochin', 'Comic Sans MS',                         
                             'Copperplate', 'Corsiva                            
                             Hebrew', 'Courier New', 'DIN                       
                             Alternate', 'DIN Condensed',                       
                             'Damascus', 'DecoType Naskh',                      
                             'Devanagari MT', 'Devanagari                       
                             Sangam MN', 'Didot', 'Diwan                        
                             Kufi', 'Diwan Thuluth',                            
                             'Euphemia UCAS', 'Farah',                          
                             'Farisi', 'Futura', 'GB18030                       
                             Bitmap', 'Galvji', 'Geeza Pro',                    
                             'Geneva', 'Georgia', 'Gill                         
                             Sans', 'Grantha Sangam MN',                        
                             'Gujarati MT', 'Gujarati Sangam                    
                             MN', 'GungSeo', 'Gurmukhi MN',                     
                             'Gurmukhi MT', 'Gurmukhi Sangam                    
                             MN', 'Hannotate SC', 'Hannotate                    
                             TC', 'HanziPen SC', 'HanziPen                      
                             TC', 'HeadLineA', 'Hei', 'Heiti                    
                             SC', 'Heiti TC', 'Helvetica',                      
                             'Helvetica Neue', 'Herculanum',                    
                             'Hiragino Maru Gothic ProN',                       
                             'Hiragino Mincho ProN',                            
                             'Hiragino Sans', 'Hiragino Sans                    
                             GB', 'Hoefler Text', 'ITF                          
                             Devanagari', 'ITF Devanagari                       
                             Marathi', 'Impact',                                
                             'InaiMathi', 'Kai', 'Kailasa',                     
                             'Kaiti SC', 'Kaiti TC',                            
                             'Kannada MN', 'Kannada Sangam                      
                             MN', 'Kefa III', 'Khmer MN',                       
                             'Khmer Sangam MN', 'Klee',                         
                             'Kohinoor Bangla', 'Kohinoor                       
                             Devanagari', 'Kohinoor                             
                             Gujarati', 'Kohinoor Telugu',                      
                             'Kokonor', 'Krungthep',                            
                             'KufiStandardGK', 'LXGW                            
                             ZhenKai', 'Lantinghei SC',                         
                             'Lantinghei TC', 'Lao MN', 'Lao                    
                             Sangam MN', 'LiHei Pro',                           
                             'LiSong Pro', 'Libian SC',                         
                             'Libian TC', 'LingWai SC',                         
                             'LingWai TC', 'Lucida Grande',                     
                             'Luminari', 'Malayalam MN',                        
                             'Malayalam Sangam MN', 'Marker                     
                             Felt', 'Menlo', 'Microsoft Sans                    
                             Serif', 'Mishafi', 'Mishafi                        
                             Gold', 'Monaco', 'Monospace',                      
                             'Mshtakan', 'Mukta Mahee',                         
                             'Muna', 'Myanmar MN', 'Myanmar                     
                             Sangam MN', 'Nadeem', 'Nanum                       
                             Brush Script', 'Nanum Gothic',                     
                             'Nanum Myeongjo', 'Nanum Pen                       
                             Script', 'New Peninim MT',                         
                             'Noteworthy', 'Noto Nastaliq                       
                             Urdu', 'Noto Sans Batak', 'Noto                    
                             Sans Kannada', 'Noto Sans                          
                             Myanmar', 'Noto Sans NKo',                         
                             'Noto Sans Oriya', 'Noto Sans                      
                             Syriac', 'Noto Sans Tagalog',                      
                             'Noto Serif Myanmar', 'Optima',                    
                             'Oriya MN', 'Oriya Sangam MN',                     
                             'Osaka', 'PCMyungjo', 'PT                          
                             Mono', 'PT Sans', 'PT Sans                         
                             Caption', 'PT Sans Narrow', 'PT                    
                             Serif', 'PT Serif Caption',                        
                             'Palatino', 'Papyrus', 'Party                      
                             LET', 'Phosphate', 'PilGi',                        
                             'PingFang HK', 'PingFang MO',                      
                             'PingFang SC', 'PingFang TC',                      
                             'Plantagenet Cherokee',                            
                             'Raanana', 'Rockwell',                             
                             'STFangsong', 'STHeiti', 'STIX                     
                             Two Math', 'STIX Two Text',                        
                             'STKaiti', 'STSong', 'Sana',                       
                             'Sans', 'Sathu', 'Savoye LET',                     
                             'Serif', 'Shree Devanagari                         
                             714', 'SignPainter', 'Silom',                      
                             'SimSong', 'Sinhala MN',                           
                             'Sinhala Sangam MN', 'Skia',                       
                             'Snell Roundhand', 'Songti SC',                    
                             'Songti TC', 'Sukhumvit Set',                      
                             'Symbol', 'Tahoma', 'Tamil MN',                    
                             'Tamil Sangam MN', 'Telugu MN',                    
                             'Telugu Sangam MN', 'Thonburi',                    
                             'Times New Roman', 'Toppan                         
                             Bunkyu Gothic', 'Toppan Bunkyu                     
                             Midashi Gothic', 'Toppan Bunkyu                    
                             Midashi Mincho', 'Toppan Bunkyu                    
                             Mincho', 'Trattatello',                            
                             'Trebuchet MS', 'Tsukushi A                        
                             Round Gothic', 'Tsukushi B                         
                             Round Gothic', 'Verdana',                          
                             'Waseem', 'Wawati SC', 'Wawati                     
                             TC', 'Webdings', 'Weibei SC',                      
                             'Weibei TC', 'Wingdings',                          
                             'Wingdings 2', 'Wingdings 3',                      
                             'Xingkai SC', 'Xingkai TC',                        
                             'YuGothic', 'YuKyokasho',                          
                             'YuKyokasho Yoko', 'YuMincho',                     
                             'YuMincho +36p Kana', 'Yuanti                      
                             SC', 'Yuanti TC', 'Yuppy SC',                      
                             'Yuppy TC', 'Zapf Dingbats',                       
                             'Zapfino', 'cursive',                              
                             'fantasy', 'system-ui'].                           
                    INFO     Animation 70 : Using cached    cairo_renderer.py:94
                             data (hash :                                       
                             656162490_1545132569_393049698                     
                             )                                                  
Animation 70: Write(Text('互补公式')):   0%|          | 0/1 [00:00<?, ?it/s]                                                                                                WARNING  Font Noto Sans CJK SC not in    text_mobject.py:464
                             ['.AppleSystemUIFont', 'Academy                    
                             Engraved LET', 'Al Bayan', 'Al                     
                             Nile', 'Al Tarikh', 'American                      
                             Typewriter', 'Andale Mono',                        
                             'Apple Braille', 'Apple                            
                             Chancery', 'Apple Color Emoji',                    
                             'Apple LiGothic', 'Apple                           
                             LiSung', 'Apple SD Gothic Neo',                    
                             'Apple Symbols', 'AppleGothic',                    
                             'AppleMyungjo', 'Arial', 'Arial                    
                             Black', 'Arial Hebrew', 'Arial                     
                             Hebrew Scholar', 'Arial                            
                             Narrow', 'Arial Rounded MT                         
                             Bold', 'Arial Unicode MS',                         
                             'Avenir', 'Avenir Next',                           
                             'Avenir Next Condensed',                           
                             'Ayuthaya', 'BIZ UDGothic',                        
                             'BIZ UDMincho', 'BM Dohyeon',                      
                             'BM Hanna 11yrs Old', 'BM Hanna                    
                             Air', 'BM Hanna Pro', 'BM Jua',                    
                             'BM Kirang Haerang', 'BM                           
                             Yeonsung', 'Baghdad', 'Bangla                      
                             MN', 'Bangla Sangam MN', 'Baoli                    
                             SC', 'Baoli TC', 'Baskerville',                    
                             'Beirut', 'BiauKaiHK',                             
                             'BiauKaiTC', 'Big Caslon',                         
                             'Bodoni 72', 'Bodoni 72                            
                             Oldstyle', 'Bodoni 72                              
                             Smallcaps', 'Bodoni Ornaments',                    
                             'Bradley Hand', 'Brush Script                      
                             MT', 'Chalkboard', 'Chalkboard                     
                             SE', 'Chalkduster', 'Charter',                     
                             'Cochin', 'Comic Sans MS',                         
                             'Copperplate', 'Corsiva                            
                             Hebrew', 'Courier New', 'DIN                       
                             Alternate', 'DIN Condensed',                       
                             'Damascus', 'DecoType Naskh',                      
                             'Devanagari MT', 'Devanagari                       
                             Sangam MN', 'Didot', 'Diwan                        
                             Kufi', 'Diwan Thuluth',                            
                             'Euphemia UCAS', 'Farah',                          
                             'Farisi', 'Futura', 'GB18030                       
                             Bitmap', 'Galvji', 'Geeza Pro',                    
                             'Geneva', 'Georgia', 'Gill                         
                             Sans', 'Grantha Sangam MN',                        
                             'Gujarati MT', 'Gujarati Sangam                    
                             MN', 'GungSeo', 'Gurmukhi MN',                     
                             'Gurmukhi MT', 'Gurmukhi Sangam                    
                             MN', 'Hannotate SC', 'Hannotate                    
                             TC', 'HanziPen SC', 'HanziPen                      
                             TC', 'HeadLineA', 'Hei', 'Heiti                    
                             SC', 'Heiti TC', 'Helvetica',                      
                             'Helvetica Neue', 'Herculanum',                    
                             'Hiragino Maru Gothic ProN',                       
                             'Hiragino Mincho ProN',                            
                             'Hiragino Sans', 'Hiragino Sans                    
                             GB', 'Hoefler Text', 'ITF                          
                             Devanagari', 'ITF Devanagari                       
                             Marathi', 'Impact',                                
                             'InaiMathi', 'Kai', 'Kailasa',                     
                             'Kaiti SC', 'Kaiti TC',                            
                             'Kannada MN', 'Kannada Sangam                      
                             MN', 'Kefa III', 'Khmer MN',                       
                             'Khmer Sangam MN', 'Klee',                         
                             'Kohinoor Bangla', 'Kohinoor                       
                             Devanagari', 'Kohinoor                             
                             Gujarati', 'Kohinoor Telugu',                      
                             'Kokonor', 'Krungthep',                            
                             'KufiStandardGK', 'LXGW                            
                             ZhenKai', 'Lantinghei SC',                         
                             'Lantinghei TC', 'Lao MN', 'Lao                    
                             Sangam MN', 'LiHei Pro',                           
                             'LiSong Pro', 'Libian SC',                         
                             'Libian TC', 'LingWai SC',                         
                             'LingWai TC', 'Lucida Grande',                     
                             'Luminari', 'Malayalam MN',                        
                             'Malayalam Sangam MN', 'Marker                     
                             Felt', 'Menlo', 'Microsoft Sans                    
                             Serif', 'Mishafi', 'Mishafi                        
                             Gold', 'Monaco', 'Monospace',                      
                             'Mshtakan', 'Mukta Mahee',                         
                             'Muna', 'Myanmar MN', 'Myanmar                     
                             Sangam MN', 'Nadeem', 'Nanum                       
                             Brush Script', 'Nanum Gothic',                     
                             'Nanum Myeongjo', 'Nanum Pen                       
                             Script', 'New Peninim MT',                         
                             'Noteworthy', 'Noto Nastaliq                       
                             Urdu', 'Noto Sans Batak', 'Noto                    
                             Sans Kannada', 'Noto Sans                          
                             Myanmar', 'Noto Sans NKo',                         
                             'Noto Sans Oriya', 'Noto Sans                      
                             Syriac', 'Noto Sans Tagalog',                      
                             'Noto Serif Myanmar', 'Optima',                    
                             'Oriya MN', 'Oriya Sangam MN',                     
                             'Osaka', 'PCMyungjo', 'PT                          
                             Mono', 'PT Sans', 'PT Sans                         
                             Caption', 'PT Sans Narrow', 'PT                    
                             Serif', 'PT Serif Caption',                        
                             'Palatino', 'Papyrus', 'Party                      
                             LET', 'Phosphate', 'PilGi',                        
                             'PingFang HK', 'PingFang MO',                      
                             'PingFang SC', 'PingFang TC',                      
                             'Plantagenet Cherokee',                            
                             'Raanana', 'Rockwell',                             
                             'STFangsong', 'STHeiti', 'STIX                     
                             Two Math', 'STIX Two Text',                        
                             'STKaiti', 'STSong', 'Sana',                       
                             'Sans', 'Sathu', 'Savoye LET',                     
                             'Serif', 'Shree Devanagari                         
                             714', 'SignPainter', 'Silom',                      
                             'SimSong', 'Sinhala MN',                           
                             'Sinhala Sangam MN', 'Skia',                       
                             'Snell Roundhand', 'Songti SC',                    
                             'Songti TC', 'Sukhumvit Set',                      
                             'Symbol', 'Tahoma', 'Tamil MN',                    
                             'Tamil Sangam MN', 'Telugu MN',                    
                             'Telugu Sangam MN', 'Thonburi',                    
                             'Times New Roman', 'Toppan                         
                             Bunkyu Gothic', 'Toppan Bunkyu                     
                             Midashi Gothic', 'Toppan Bunkyu                    
                             Midashi Mincho', 'Toppan Bunkyu                    
                             Mincho', 'Trattatello',                            
                             'Trebuchet MS', 'Tsukushi A                        
                             Round Gothic', 'Tsukushi B                         
                             Round Gothic', 'Verdana',                          
                             'Waseem', 'Wawati SC', 'Wawati                     
                             TC', 'Webdings', 'Weibei SC',                      
                             'Weibei TC', 'Wingdings',                          
                             'Wingdings 2', 'Wingdings 3',                      
                             'Xingkai SC', 'Xingkai TC',                        
                             'YuGothic', 'YuKyokasho',                          
                             'YuKyokasho Yoko', 'YuMincho',                     
                             'YuMincho +36p Kana', 'Yuanti                      
                             SC', 'Yuanti TC', 'Yuppy SC',                      
                             'Yuppy TC', 'Zapf Dingbats',                       
                             'Zapfino', 'cursive',                              
                             'fantasy', 'system-ui'].                           
                    INFO     Animation 71 : Using cached    cairo_renderer.py:94
                             data (hash :                                       
                             656162490_1048585308_426213887                     
                             4)                                                 
Animation 71: Create(Rectangle):   0%|          | 0/1 [00:00<?, ?it/s]                                                                                          INFO     Animation 72 : Using cached    cairo_renderer.py:94
                             data (hash :                                       
                             656162490_2913574532_978375369                     
                             )                                                  
Animation 72: FadeIn(Rectangle):   0%|          | 0/1 [00:00<?, ?it/s]                                                                                          INFO     Animation 73 : Using cached    cairo_renderer.py:94
                             data (hash :                                       
                             656162490_455366943_3465274549                     
                             )                                                  
Animation 73: FadeIn(Rectangle):   0%|          | 0/1 [00:00<?, ?it/s]                                                                      [02/27/26 10:31:39] INFO     Animation 74 : Using cached    cairo_renderer.py:94
                             data (hash :                                       
                             656162490_4079128694_326929091                     
                             5)                                                 
Animation 74: Write(Text('A')), etc.:   0%|          | 0/1 [00:00<?, ?it/s]                                                                                               INFO     Animation 75 : Using cached    cairo_renderer.py:94
                             data (hash :                                       
                             656162490_3331120420_180213602                     
                             9)                                                 
Animation 75: Write(MathTex('P(A) = 0.65')):   0%|          | 0/1 [00:00<?, ?it/s]                                                                                                      INFO     Animation 76 : Using cached    cairo_renderer.py:94
                             data (hash :                                       
                             656162490_3712654440_350467298                     
                             )                                                  
Animation 76: Write(MathTex('P(\\bar{A}) = 0.35')):   0%|          | 0/1 [00:00<?, ?it/s]                                                                                                             INFO     Animation 77 : Using cached    cairo_renderer.py:94
                             data (hash :                                       
                             656162490_1267667635_304426051                     
                             9)                                                 
Animation 77: Write(MathTex('P(A) + P(\\bar{A}) = 1')), etc.:   0%|          | 0/1 [00:00<?, ?it/s]                                                                                                   [02/27/26 10:31:40] INFO     Animation 78 : Using cached    cairo_renderer.py:94
                             data (hash :                                       
                             656162490_4145795535_144049676                     
                             5)                                                 
Animation 78: FadeIn(MathTex('\\therefore\\ P(\\bar{A}) = 1 - P(A)')):   0%|          | 0/1 [00:00<?, ?it/s]                                                                                                                                WARNING  Font Noto Sans CJK SC not in    text_mobject.py:464
                             ['.AppleSystemUIFont', 'Academy                    
                             Engraved LET', 'Al Bayan', 'Al                     
                             Nile', 'Al Tarikh', 'American                      
                             Typewriter', 'Andale Mono',                        
                             'Apple Braille', 'Apple                            
                             Chancery', 'Apple Color Emoji',                    
                             'Apple LiGothic', 'Apple                           
                             LiSung', 'Apple SD Gothic Neo',                    
                             'Apple Symbols', 'AppleGothic',                    
                             'AppleMyungjo', 'Arial', 'Arial                    
                             Black', 'Arial Hebrew', 'Arial                     
                             Hebrew Scholar', 'Arial                            
                             Narrow', 'Arial Rounded MT                         
                             Bold', 'Arial Unicode MS',                         
                             'Avenir', 'Avenir Next',                           
                             'Avenir Next Condensed',                           
                             'Ayuthaya', 'BIZ UDGothic',                        
                             'BIZ UDMincho', 'BM Dohyeon',                      
                             'BM Hanna 11yrs Old', 'BM Hanna                    
                             Air', 'BM Hanna Pro', 'BM Jua',                    
                             'BM Kirang Haerang', 'BM                           
                             Yeonsung', 'Baghdad', 'Bangla                      
                             MN', 'Bangla Sangam MN', 'Baoli                    
                             SC', 'Baoli TC', 'Baskerville',                    
                             'Beirut', 'BiauKaiHK',                             
                             'BiauKaiTC', 'Big Caslon',                         
                             'Bodoni 72', 'Bodoni 72                            
                             Oldstyle', 'Bodoni 72                              
                             Smallcaps', 'Bodoni Ornaments',                    
                             'Bradley Hand', 'Brush Script                      
                             MT', 'Chalkboard', 'Chalkboard                     
                             SE', 'Chalkduster', 'Charter',                     
                             'Cochin', 'Comic Sans MS',                         
                             'Copperplate', 'Corsiva                            
                             Hebrew', 'Courier New', 'DIN                       
                             Alternate', 'DIN Condensed',                       
                             'Damascus', 'DecoType Naskh',                      
                             'Devanagari MT', 'Devanagari                       
                             Sangam MN', 'Didot', 'Diwan                        
                             Kufi', 'Diwan Thuluth',                            
                             'Euphemia UCAS', 'Farah',                          
                             'Farisi', 'Futura', 'GB18030                       
                             Bitmap', 'Galvji', 'Geeza Pro',                    
                             'Geneva', 'Georgia', 'Gill                         
                             Sans', 'Grantha Sangam MN',                        
                             'Gujarati MT', 'Gujarati Sangam                    
                             MN', 'GungSeo', 'Gurmukhi MN',                     
                             'Gurmukhi MT', 'Gurmukhi Sangam                    
                             MN', 'Hannotate SC', 'Hannotate                    
                             TC', 'HanziPen SC', 'HanziPen                      
                             TC', 'HeadLineA', 'Hei', 'Heiti                    
                             SC', 'Heiti TC', 'Helvetica',                      
                             'Helvetica Neue', 'Herculanum',                    
                             'Hiragino Maru Gothic ProN',                       
                             'Hiragino Mincho ProN',                            
                             'Hiragino Sans', 'Hiragino Sans                    
                             GB', 'Hoefler Text', 'ITF                          
                             Devanagari', 'ITF Devanagari                       
                             Marathi', 'Impact',                                
                             'InaiMathi', 'Kai', 'Kailasa',                     
                             'Kaiti SC', 'Kaiti TC',                            
                             'Kannada MN', 'Kannada Sangam                      
                             MN', 'Kefa III', 'Khmer MN',                       
                             'Khmer Sangam MN', 'Klee',                         
                             'Kohinoor Bangla', 'Kohinoor                       
                             Devanagari', 'Kohinoor                             
                             Gujarati', 'Kohinoor Telugu',                      
                             'Kokonor', 'Krungthep',                            
                             'KufiStandardGK', 'LXGW                            
                             ZhenKai', 'Lantinghei SC',                         
                             'Lantinghei TC', 'Lao MN', 'Lao                    
                             Sangam MN', 'LiHei Pro',                           
                             'LiSong Pro', 'Libian SC',                         
                             'Libian TC', 'LingWai SC',                         
                             'LingWai TC', 'Lucida Grande',                     
                             'Luminari', 'Malayalam MN',                        
                             'Malayalam Sangam MN', 'Marker                     
                             Felt', 'Menlo', 'Microsoft Sans                    
                             Serif', 'Mishafi', 'Mishafi                        
                             Gold', 'Monaco', 'Monospace',                      
                             'Mshtakan', 'Mukta Mahee',                         
                             'Muna', 'Myanmar MN', 'Myanmar                     
                             Sangam MN', 'Nadeem', 'Nanum                       
                             Brush Script', 'Nanum Gothic',                     
                             'Nanum Myeongjo', 'Nanum Pen                       
                             Script', 'New Peninim MT',                         
                             'Noteworthy', 'Noto Nastaliq                       
                             Urdu', 'Noto Sans Batak', 'Noto                    
                             Sans Kannada', 'Noto Sans                          
                             Myanmar', 'Noto Sans NKo',                         
                             'Noto Sans Oriya', 'Noto Sans                      
                             Syriac', 'Noto Sans Tagalog',                      
                             'Noto Serif Myanmar', 'Optima',                    
                             'Oriya MN', 'Oriya Sangam MN',                     
                             'Osaka', 'PCMyungjo', 'PT                          
                             Mono', 'PT Sans', 'PT Sans                         
                             Caption', 'PT Sans Narrow', 'PT                    
                             Serif', 'PT Serif Caption',                        
                             'Palatino', 'Papyrus', 'Party                      
                             LET', 'Phosphate', 'PilGi',                        
                             'PingFang HK', 'PingFang MO',                      
                             'PingFang SC', 'PingFang TC',                      
                             'Plantagenet Cherokee',                            
                             'Raanana', 'Rockwell',                             
                             'STFangsong', 'STHeiti', 'STIX                     
                             Two Math', 'STIX Two Text',                        
                             'STKaiti', 'STSong', 'Sana',                       
                             'Sans', 'Sathu', 'Savoye LET',                     
                             'Serif', 'Shree Devanagari                         
                             714', 'SignPainter', 'Silom',                      
                             'SimSong', 'Sinhala MN',                           
                             'Sinhala Sangam MN', 'Skia',                       
                             'Snell Roundhand', 'Songti SC',                    
                             'Songti TC', 'Sukhumvit Set',                      
                             'Symbol', 'Tahoma', 'Tamil MN',                    
                             'Tamil Sangam MN', 'Telugu MN',                    
                             'Telugu Sangam MN', 'Thonburi',                    
                             'Times New Roman', 'Toppan                         
                             Bunkyu Gothic', 'Toppan Bunkyu                     
                             Midashi Gothic', 'Toppan Bunkyu                    
                             Midashi Mincho', 'Toppan Bunkyu                    
                             Mincho', 'Trattatello',                            
                             'Trebuchet MS', 'Tsukushi A                        
                             Round Gothic', 'Tsukushi B                         
                             Round Gothic', 'Verdana',                          
                             'Waseem', 'Wawati SC', 'Wawati                     
                             TC', 'Webdings', 'Weibei SC',                      
                             'Weibei TC', 'Wingdings',                          
                             'Wingdings 2', 'Wingdings 3',                      
                             'Xingkai SC', 'Xingkai TC',                        
                             'YuGothic', 'YuKyokasho',                          
                             'YuKyokasho Yoko', 'YuMincho',                     
                             'YuMincho +36p Kana', 'Yuanti                      
                             SC', 'Yuanti TC', 'Yuppy SC',                      
                             'Yuppy TC', 'Zapf Dingbats',                       
                             'Zapfino', 'cursive',                              
                             'fantasy', 'system-ui'].                           
                    INFO     Animation 79 : Using cached    cairo_renderer.py:94
                             data (hash :                                       
                             656162490_2465575169_219133309                     
                             8)                                                 
Animation 79: FadeIn(Text('已知 P(A) 求 P(Ā) 的秘诀！')):   0%|          | 0/1 [00:00<?, ?it/s]                                                                                                                   INFO     Animation 80 : Using cached    cairo_renderer.py:94
                             data (hash :                                       
                             656162490_3612320695_353474262                     
                             )                                                  
[02/27/26 10:31:41] INFO     Animation 81 : Using cached    cairo_renderer.py:94
                             data (hash :                                       
                             656162490_105355037_1480050957                     
                             )                                                  
Animation 81: FadeOut(Text('互补公式')), etc.:   0%|          | 0/1 [00:00<?, ?it/s]                                                                                                        WARNING  Font Noto Sans CJK SC not in    text_mobject.py:464
                             ['.AppleSystemUIFont', 'Academy                    
                             Engraved LET', 'Al Bayan', 'Al                     
                             Nile', 'Al Tarikh', 'American                      
                             Typewriter', 'Andale Mono',                        
                             'Apple Braille', 'Apple                            
                             Chancery', 'Apple Color Emoji',                    
                             'Apple LiGothic', 'Apple                           
                             LiSung', 'Apple SD Gothic Neo',                    
                             'Apple Symbols', 'AppleGothic',                    
                             'AppleMyungjo', 'Arial', 'Arial                    
                             Black', 'Arial Hebrew', 'Arial                     
                             Hebrew Scholar', 'Arial                            
                             Narrow', 'Arial Rounded MT                         
                             Bold', 'Arial Unicode MS',                         
                             'Avenir', 'Avenir Next',                           
                             'Avenir Next Condensed',                           
                             'Ayuthaya', 'BIZ UDGothic',                        
                             'BIZ UDMincho', 'BM Dohyeon',                      
                             'BM Hanna 11yrs Old', 'BM Hanna                    
                             Air', 'BM Hanna Pro', 'BM Jua',                    
                             'BM Kirang Haerang', 'BM                           
                             Yeonsung', 'Baghdad', 'Bangla                      
                             MN', 'Bangla Sangam MN', 'Baoli                    
                             SC', 'Baoli TC', 'Baskerville',                    
                             'Beirut', 'BiauKaiHK',                             
                             'BiauKaiTC', 'Big Caslon',                         
                             'Bodoni 72', 'Bodoni 72                            
                             Oldstyle', 'Bodoni 72                              
                             Smallcaps', 'Bodoni Ornaments',                    
                             'Bradley Hand', 'Brush Script                      
                             MT', 'Chalkboard', 'Chalkboard                     
                             SE', 'Chalkduster', 'Charter',                     
                             'Cochin', 'Comic Sans MS',                         
                             'Copperplate', 'Corsiva                            
                             Hebrew', 'Courier New', 'DIN                       
                             Alternate', 'DIN Condensed',                       
                             'Damascus', 'DecoType Naskh',                      
                             'Devanagari MT', 'Devanagari                       
                             Sangam MN', 'Didot', 'Diwan                        
                             Kufi', 'Diwan Thuluth',                            
                             'Euphemia UCAS', 'Farah',                          
                             'Farisi', 'Futura', 'GB18030                       
                             Bitmap', 'Galvji', 'Geeza Pro',                    
                             'Geneva', 'Georgia', 'Gill                         
                             Sans', 'Grantha Sangam MN',                        
                             'Gujarati MT', 'Gujarati Sangam                    
                             MN', 'GungSeo', 'Gurmukhi MN',                     
                             'Gurmukhi MT', 'Gurmukhi Sangam                    
                             MN', 'Hannotate SC', 'Hannotate                    
                             TC', 'HanziPen SC', 'HanziPen                      
                             TC', 'HeadLineA', 'Hei', 'Heiti                    
                             SC', 'Heiti TC', 'Helvetica',                      
                             'Helvetica Neue', 'Herculanum',                    
                             'Hiragino Maru Gothic ProN',                       
                             'Hiragino Mincho ProN',                            
                             'Hiragino Sans', 'Hiragino Sans                    
                             GB', 'Hoefler Text', 'ITF                          
                             Devanagari', 'ITF Devanagari                       
                             Marathi', 'Impact',                                
                             'InaiMathi', 'Kai', 'Kailasa',                     
                             'Kaiti SC', 'Kaiti TC',                            
                             'Kannada MN', 'Kannada Sangam                      
                             MN', 'Kefa III', 'Khmer MN',                       
                             'Khmer Sangam MN', 'Klee',                         
                             'Kohinoor Bangla', 'Kohinoor                       
                             Devanagari', 'Kohinoor                             
                             Gujarati', 'Kohinoor Telugu',                      
                             'Kokonor', 'Krungthep',                            
                             'KufiStandardGK', 'LXGW                            
                             ZhenKai', 'Lantinghei SC',                         
                             'Lantinghei TC', 'Lao MN', 'Lao                    
                             Sangam MN', 'LiHei Pro',                           
                             'LiSong Pro', 'Libian SC',                         
                             'Libian TC', 'LingWai SC',                         
                             'LingWai TC', 'Lucida Grande',                     
                             'Luminari', 'Malayalam MN',                        
                             'Malayalam Sangam MN', 'Marker                     
                             Felt', 'Menlo', 'Microsoft Sans                    
                             Serif', 'Mishafi', 'Mishafi                        
                             Gold', 'Monaco', 'Monospace',                      
                             'Mshtakan', 'Mukta Mahee',                         
                             'Muna', 'Myanmar MN', 'Myanmar                     
                             Sangam MN', 'Nadeem', 'Nanum                       
                             Brush Script', 'Nanum Gothic',                     
                             'Nanum Myeongjo', 'Nanum Pen                       
                             Script', 'New Peninim MT',                         
                             'Noteworthy', 'Noto Nastaliq                       
                             Urdu', 'Noto Sans Batak', 'Noto                    
                             Sans Kannada', 'Noto Sans                          
                             Myanmar', 'Noto Sans NKo',                         
                             'Noto Sans Oriya', 'Noto Sans                      
                             Syriac', 'Noto Sans Tagalog',                      
                             'Noto Serif Myanmar', 'Optima',                    
                             'Oriya MN', 'Oriya Sangam MN',                     
                             'Osaka', 'PCMyungjo', 'PT                          
                             Mono', 'PT Sans', 'PT Sans                         
                             Caption', 'PT Sans Narrow', 'PT                    
                             Serif', 'PT Serif Caption',                        
                             'Palatino', 'Papyrus', 'Party                      
                             LET', 'Phosphate', 'PilGi',                        
                             'PingFang HK', 'PingFang MO',                      
                             'PingFang SC', 'PingFang TC',                      
                             'Plantagenet Cherokee',                            
                             'Raanana', 'Rockwell',                             
                             'STFangsong', 'STHeiti', 'STIX                     
                             Two Math', 'STIX Two Text',                        
                             'STKaiti', 'STSong', 'Sana',                       
                             'Sans', 'Sathu', 'Savoye LET',                     
                             'Serif', 'Shree Devanagari                         
                             714', 'SignPainter', 'Silom',                      
                             'SimSong', 'Sinhala MN',                           
                             'Sinhala Sangam MN', 'Skia',                       
                             'Snell Roundhand', 'Songti SC',                    
                             'Songti TC', 'Sukhumvit Set',                      
                             'Symbol', 'Tahoma', 'Tamil MN',                    
                             'Tamil Sangam MN', 'Telugu MN',                    
                             'Telugu Sangam MN', 'Thonburi',                    
                             'Times New Roman', 'Toppan                         
                             Bunkyu Gothic', 'Toppan Bunkyu                     
                             Midashi Gothic', 'Toppan Bunkyu                    
                             Midashi Mincho', 'Toppan Bunkyu                    
                             Mincho', 'Trattatello',                            
                             'Trebuchet MS', 'Tsukushi A                        
                             Round Gothic', 'Tsukushi B                         
                             Round Gothic', 'Verdana',                          
                             'Waseem', 'Wawati SC', 'Wawati                     
                             TC', 'Webdings', 'Weibei SC',                      
                             'Weibei TC', 'Wingdings',                          
                             'Wingdings 2', 'Wingdings 3',                      
                             'Xingkai SC', 'Xingkai TC',                        
                             'YuGothic', 'YuKyokasho',                          
                             'YuKyokasho Yoko', 'YuMincho',                     
                             'YuMincho +36p Kana', 'Yuanti                      
                             SC', 'Yuanti TC', 'Yuppy SC',                      
                             'Yuppy TC', 'Zapf Dingbats',                       
                             'Zapfino', 'cursive',                              
                             'fantasy', 'system-ui'].                           
                    INFO     Animation 82 : Using cached    cairo_renderer.py:94
                             data (hash :                                       
                             656162490_3885638991_100572565                     
                             3)                                                 
Animation 82: Write(Text('核心公式总结')):   0%|          | 0/1 [00:00<?, ?it/s]                                                                                                    WARNING  Font Noto Sans CJK SC not in    text_mobject.py:464
                             ['.AppleSystemUIFont', 'Academy                    
                             Engraved LET', 'Al Bayan', 'Al                     
                             Nile', 'Al Tarikh', 'American                      
                             Typewriter', 'Andale Mono',                        
                             'Apple Braille', 'Apple                            
                             Chancery', 'Apple Color Emoji',                    
                             'Apple LiGothic', 'Apple                           
                             LiSung', 'Apple SD Gothic Neo',                    
                             'Apple Symbols', 'AppleGothic',                    
                             'AppleMyungjo', 'Arial', 'Arial                    
                             Black', 'Arial Hebrew', 'Arial                     
                             Hebrew Scholar', 'Arial                            
                             Narrow', 'Arial Rounded MT                         
                             Bold', 'Arial Unicode MS',                         
                             'Avenir', 'Avenir Next',                           
                             'Avenir Next Condensed',                           
                             'Ayuthaya', 'BIZ UDGothic',                        
                             'BIZ UDMincho', 'BM Dohyeon',                      
                             'BM Hanna 11yrs Old', 'BM Hanna                    
                             Air', 'BM Hanna Pro', 'BM Jua',                    
                             'BM Kirang Haerang', 'BM                           
                             Yeonsung', 'Baghdad', 'Bangla                      
                             MN', 'Bangla Sangam MN', 'Baoli                    
                             SC', 'Baoli TC', 'Baskerville',                    
                             'Beirut', 'BiauKaiHK',                             
                             'BiauKaiTC', 'Big Caslon',                         
                             'Bodoni 72', 'Bodoni 72                            
                             Oldstyle', 'Bodoni 72                              
                             Smallcaps', 'Bodoni Ornaments',                    
                             'Bradley Hand', 'Brush Script                      
                             MT', 'Chalkboard', 'Chalkboard                     
                             SE', 'Chalkduster', 'Charter',                     
                             'Cochin', 'Comic Sans MS',                         
                             'Copperplate', 'Corsiva                            
                             Hebrew', 'Courier New', 'DIN                       
                             Alternate', 'DIN Condensed',                       
                             'Damascus', 'DecoType Naskh',                      
                             'Devanagari MT', 'Devanagari                       
                             Sangam MN', 'Didot', 'Diwan                        
                             Kufi', 'Diwan Thuluth',                            
                             'Euphemia UCAS', 'Farah',                          
                             'Farisi', 'Futura', 'GB18030                       
                             Bitmap', 'Galvji', 'Geeza Pro',                    
                             'Geneva', 'Georgia', 'Gill                         
                             Sans', 'Grantha Sangam MN',                        
                             'Gujarati MT', 'Gujarati Sangam                    
                             MN', 'GungSeo', 'Gurmukhi MN',                     
                             'Gurmukhi MT', 'Gurmukhi Sangam                    
                             MN', 'Hannotate SC', 'Hannotate                    
                             TC', 'HanziPen SC', 'HanziPen                      
                             TC', 'HeadLineA', 'Hei', 'Heiti                    
                             SC', 'Heiti TC', 'Helvetica',                      
                             'Helvetica Neue', 'Herculanum',                    
                             'Hiragino Maru Gothic ProN',                       
                             'Hiragino Mincho ProN',                            
                             'Hiragino Sans', 'Hiragino Sans                    
                             GB', 'Hoefler Text', 'ITF                          
                             Devanagari', 'ITF Devanagari                       
                             Marathi', 'Impact',                                
                             'InaiMathi', 'Kai', 'Kailasa',                     
                             'Kaiti SC', 'Kaiti TC',                            
                             'Kannada MN', 'Kannada Sangam                      
                             MN', 'Kefa III', 'Khmer MN',                       
                             'Khmer Sangam MN', 'Klee',                         
                             'Kohinoor Bangla', 'Kohinoor                       
                             Devanagari', 'Kohinoor                             
                             Gujarati', 'Kohinoor Telugu',                      
                             'Kokonor', 'Krungthep',                            
                             'KufiStandardGK', 'LXGW                            
                             ZhenKai', 'Lantinghei SC',                         
                             'Lantinghei TC', 'Lao MN', 'Lao                    
                             Sangam MN', 'LiHei Pro',                           
                             'LiSong Pro', 'Libian SC',                         
                             'Libian TC', 'LingWai SC',                         
                             'LingWai TC', 'Lucida Grande',                     
                             'Luminari', 'Malayalam MN',                        
                             'Malayalam Sangam MN', 'Marker                     
                             Felt', 'Menlo', 'Microsoft Sans                    
                             Serif', 'Mishafi', 'Mishafi                        
                             Gold', 'Monaco', 'Monospace',                      
                             'Mshtakan', 'Mukta Mahee',                         
                             'Muna', 'Myanmar MN', 'Myanmar                     
                             Sangam MN', 'Nadeem', 'Nanum                       
                             Brush Script', 'Nanum Gothic',                     
                             'Nanum Myeongjo', 'Nanum Pen                       
                             Script', 'New Peninim MT',                         
                             'Noteworthy', 'Noto Nastaliq                       
                             Urdu', 'Noto Sans Batak', 'Noto                    
                             Sans Kannada', 'Noto Sans                          
                             Myanmar', 'Noto Sans NKo',                         
                             'Noto Sans Oriya', 'Noto Sans                      
                             Syriac', 'Noto Sans Tagalog',                      
                             'Noto Serif Myanmar', 'Optima',                    
                             'Oriya MN', 'Oriya Sangam MN',                     
                             'Osaka', 'PCMyungjo', 'PT                          
                             Mono', 'PT Sans', 'PT Sans                         
                             Caption', 'PT Sans Narrow', 'PT                    
                             Serif', 'PT Serif Caption',                        
                             'Palatino', 'Papyrus', 'Party                      
                             LET', 'Phosphate', 'PilGi',                        
                             'PingFang HK', 'PingFang MO',                      
                             'PingFang SC', 'PingFang TC',                      
                             'Plantagenet Cherokee',                            
                             'Raanana', 'Rockwell',                             
                             'STFangsong', 'STHeiti', 'STIX                     
                             Two Math', 'STIX Two Text',                        
                             'STKaiti', 'STSong', 'Sana',                       
                             'Sans', 'Sathu', 'Savoye LET',                     
                             'Serif', 'Shree Devanagari                         
                             714', 'SignPainter', 'Silom',                      
                             'SimSong', 'Sinhala MN',                           
                             'Sinhala Sangam MN', 'Skia',                       
                             'Snell Roundhand', 'Songti SC',                    
                             'Songti TC', 'Sukhumvit Set',                      
                             'Symbol', 'Tahoma', 'Tamil MN',                    
                             'Tamil Sangam MN', 'Telugu MN',                    
                             'Telugu Sangam MN', 'Thonburi',                    
                             'Times New Roman', 'Toppan                         
                             Bunkyu Gothic', 'Toppan Bunkyu                     
                             Midashi Gothic', 'Toppan Bunkyu                    
                             Midashi Mincho', 'Toppan Bunkyu                    
                             Mincho', 'Trattatello',                            
                             'Trebuchet MS', 'Tsukushi A                        
                             Round Gothic', 'Tsukushi B                         
                             Round Gothic', 'Verdana',                          
                             'Waseem', 'Wawati SC', 'Wawati                     
                             TC', 'Webdings', 'Weibei SC',                      
                             'Weibei TC', 'Wingdings',                          
                             'Wingdings 2', 'Wingdings 3',                      
                             'Xingkai SC', 'Xingkai TC',                        
                             'YuGothic', 'YuKyokasho',                          
                             'YuKyokasho Yoko', 'YuMincho',                     
                             'YuMincho +36p Kana', 'Yuanti                      
                             SC', 'Yuanti TC', 'Yuppy SC',                      
                             'Yuppy TC', 'Zapf Dingbats',                       
                             'Zapfino', 'cursive',                              
                             'fantasy', 'system-ui'].                           
                    INFO     Animation 83 : Using cached    cairo_renderer.py:94
                             data (hash :                                       
                             656162490_332503082_4078018143                     
                             )                                                  
Animation 83: _MethodAnimation(VGroup of 3 submobjects):   0%|          | 0/1 [00:00<?, ?it/s]                                                                                                                  WARNING  Font Noto Sans CJK SC not in    text_mobject.py:464
                             ['.AppleSystemUIFont', 'Academy                    
                             Engraved LET', 'Al Bayan', 'Al                     
                             Nile', 'Al Tarikh', 'American                      
                             Typewriter', 'Andale Mono',                        
                             'Apple Braille', 'Apple                            
                             Chancery', 'Apple Color Emoji',                    
                             'Apple LiGothic', 'Apple                           
                             LiSung', 'Apple SD Gothic Neo',                    
                             'Apple Symbols', 'AppleGothic',                    
                             'AppleMyungjo', 'Arial', 'Arial                    
                             Black', 'Arial Hebrew', 'Arial                     
                             Hebrew Scholar', 'Arial                            
                             Narrow', 'Arial Rounded MT                         
                             Bold', 'Arial Unicode MS',                         
                             'Avenir', 'Avenir Next',                           
                             'Avenir Next Condensed',                           
                             'Ayuthaya', 'BIZ UDGothic',                        
                             'BIZ UDMincho', 'BM Dohyeon',                      
                             'BM Hanna 11yrs Old', 'BM Hanna                    
                             Air', 'BM Hanna Pro', 'BM Jua',                    
                             'BM Kirang Haerang', 'BM                           
                             Yeonsung', 'Baghdad', 'Bangla                      
                             MN', 'Bangla Sangam MN', 'Baoli                    
                             SC', 'Baoli TC', 'Baskerville',                    
                             'Beirut', 'BiauKaiHK',                             
                             'BiauKaiTC', 'Big Caslon',                         
                             'Bodoni 72', 'Bodoni 72                            
                             Oldstyle', 'Bodoni 72                              
                             Smallcaps', 'Bodoni Ornaments',                    
                             'Bradley Hand', 'Brush Script                      
                             MT', 'Chalkboard', 'Chalkboard                     
                             SE', 'Chalkduster', 'Charter',                     
                             'Cochin', 'Comic Sans MS',                         
                             'Copperplate', 'Corsiva                            
                             Hebrew', 'Courier New', 'DIN                       
                             Alternate', 'DIN Condensed',                       
                             'Damascus', 'DecoType Naskh',                      
                             'Devanagari MT', 'Devanagari                       
                             Sangam MN', 'Didot', 'Diwan                        
                             Kufi', 'Diwan Thuluth',                            
                             'Euphemia UCAS', 'Farah',                          
                             'Farisi', 'Futura', 'GB18030                       
                             Bitmap', 'Galvji', 'Geeza Pro',                    
                             'Geneva', 'Georgia', 'Gill                         
                             Sans', 'Grantha Sangam MN',                        
                             'Gujarati MT', 'Gujarati Sangam                    
                             MN', 'GungSeo', 'Gurmukhi MN',                     
                             'Gurmukhi MT', 'Gurmukhi Sangam                    
                             MN', 'Hannotate SC', 'Hannotate                    
                             TC', 'HanziPen SC', 'HanziPen                      
                             TC', 'HeadLineA', 'Hei', 'Heiti                    
                             SC', 'Heiti TC', 'Helvetica',                      
                             'Helvetica Neue', 'Herculanum',                    
                             'Hiragino Maru Gothic ProN',                       
                             'Hiragino Mincho ProN',                            
                             'Hiragino Sans', 'Hiragino Sans                    
                             GB', 'Hoefler Text', 'ITF                          
                             Devanagari', 'ITF Devanagari                       
                             Marathi', 'Impact',                                
                             'InaiMathi', 'Kai', 'Kailasa',                     
                             'Kaiti SC', 'Kaiti TC',                            
                             'Kannada MN', 'Kannada Sangam                      
                             MN', 'Kefa III', 'Khmer MN',                       
                             'Khmer Sangam MN', 'Klee',                         
                             'Kohinoor Bangla', 'Kohinoor                       
                             Devanagari', 'Kohinoor                             
                             Gujarati', 'Kohinoor Telugu',                      
                             'Kokonor', 'Krungthep',                            
                             'KufiStandardGK', 'LXGW                            
                             ZhenKai', 'Lantinghei SC',                         
                             'Lantinghei TC', 'Lao MN', 'Lao                    
                             Sangam MN', 'LiHei Pro',                           
                             'LiSong Pro', 'Libian SC',                         
                             'Libian TC', 'LingWai SC',                         
                             'LingWai TC', 'Lucida Grande',                     
                             'Luminari', 'Malayalam MN',                        
                             'Malayalam Sangam MN', 'Marker                     
                             Felt', 'Menlo', 'Microsoft Sans                    
                             Serif', 'Mishafi', 'Mishafi                        
                             Gold', 'Monaco', 'Monospace',                      
                             'Mshtakan', 'Mukta Mahee',                         
                             'Muna', 'Myanmar MN', 'Myanmar                     
                             Sangam MN', 'Nadeem', 'Nanum                       
                             Brush Script', 'Nanum Gothic',                     
                             'Nanum Myeongjo', 'Nanum Pen                       
                             Script', 'New Peninim MT',                         
                             'Noteworthy', 'Noto Nastaliq                       
                             Urdu', 'Noto Sans Batak', 'Noto                    
                             Sans Kannada', 'Noto Sans                          
                             Myanmar', 'Noto Sans NKo',                         
                             'Noto Sans Oriya', 'Noto Sans                      
                             Syriac', 'Noto Sans Tagalog',                      
                             'Noto Serif Myanmar', 'Optima',                    
                             'Oriya MN', 'Oriya Sangam MN',                     
                             'Osaka', 'PCMyungjo', 'PT                          
                             Mono', 'PT Sans', 'PT Sans                         
                             Caption', 'PT Sans Narrow', 'PT                    
                             Serif', 'PT Serif Caption',                        
                             'Palatino', 'Papyrus', 'Party                      
                             LET', 'Phosphate', 'PilGi',                        
                             'PingFang HK', 'PingFang MO',                      
                             'PingFang SC', 'PingFang TC',                      
                             'Plantagenet Cherokee',                            
                             'Raanana', 'Rockwell',                             
                             'STFangsong', 'STHeiti', 'STIX                     
                             Two Math', 'STIX Two Text',                        
                             'STKaiti', 'STSong', 'Sana',                       
                             'Sans', 'Sathu', 'Savoye LET',                     
                             'Serif', 'Shree Devanagari                         
                             714', 'SignPainter', 'Silom',                      
                             'SimSong', 'Sinhala MN',                           
                             'Sinhala Sangam MN', 'Skia',                       
                             'Snell Roundhand', 'Songti SC',                    
                             'Songti TC', 'Sukhumvit Set',                      
                             'Symbol', 'Tahoma', 'Tamil MN',                    
                             'Tamil Sangam MN', 'Telugu MN',                    
                             'Telugu Sangam MN', 'Thonburi',                    
                             'Times New Roman', 'Toppan                         
                             Bunkyu Gothic', 'Toppan Bunkyu                     
                             Midashi Gothic', 'Toppan Bunkyu                    
                             Midashi Mincho', 'Toppan Bunkyu                    
                             Mincho', 'Trattatello',                            
                             'Trebuchet MS', 'Tsukushi A                        
                             Round Gothic', 'Tsukushi B                         
                             Round Gothic', 'Verdana',                          
                             'Waseem', 'Wawati SC', 'Wawati                     
                             TC', 'Webdings', 'Weibei SC',                      
                             'Weibei TC', 'Wingdings',                          
                             'Wingdings 2', 'Wingdings 3',                      
                             'Xingkai SC', 'Xingkai TC',                        
                             'YuGothic', 'YuKyokasho',                          
                             'YuKyokasho Yoko', 'YuMincho',                     
                             'YuMincho +36p Kana', 'Yuanti                      
                             SC', 'Yuanti TC', 'Yuppy SC',                      
                             'Yuppy TC', 'Zapf Dingbats',                       
                             'Zapfino', 'cursive',                              
                             'fantasy', 'system-ui'].                           
[02/27/26 10:31:42] INFO     Animation 84 : Using cached    cairo_renderer.py:94
                             data (hash :                                       
                             656162490_2782380602_138360572                     
                             8)                                                 
Animation 84: _MethodAnimation(VGroup of 3 submobjects):   0%|          | 0/1 [00:00<?, ?it/s]                                                                                                                  WARNING  Font Noto Sans CJK SC not in    text_mobject.py:464
                             ['.AppleSystemUIFont', 'Academy                    
                             Engraved LET', 'Al Bayan', 'Al                     
                             Nile', 'Al Tarikh', 'American                      
                             Typewriter', 'Andale Mono',                        
                             'Apple Braille', 'Apple                            
                             Chancery', 'Apple Color Emoji',                    
                             'Apple LiGothic', 'Apple                           
                             LiSung', 'Apple SD Gothic Neo',                    
                             'Apple Symbols', 'AppleGothic',                    
                             'AppleMyungjo', 'Arial', 'Arial                    
                             Black', 'Arial Hebrew', 'Arial                     
                             Hebrew Scholar', 'Arial                            
                             Narrow', 'Arial Rounded MT                         
                             Bold', 'Arial Unicode MS',                         
                             'Avenir', 'Avenir Next',                           
                             'Avenir Next Condensed',                           
                             'Ayuthaya', 'BIZ UDGothic',                        
                             'BIZ UDMincho', 'BM Dohyeon',                      
                             'BM Hanna 11yrs Old', 'BM Hanna                    
                             Air', 'BM Hanna Pro', 'BM Jua',                    
                             'BM Kirang Haerang', 'BM                           
                             Yeonsung', 'Baghdad', 'Bangla                      
                             MN', 'Bangla Sangam MN', 'Baoli                    
                             SC', 'Baoli TC', 'Baskerville',                    
                             'Beirut', 'BiauKaiHK',                             
                             'BiauKaiTC', 'Big Caslon',                         
                             'Bodoni 72', 'Bodoni 72                            
                             Oldstyle', 'Bodoni 72                              
                             Smallcaps', 'Bodoni Ornaments',                    
                             'Bradley Hand', 'Brush Script                      
                             MT', 'Chalkboard', 'Chalkboard                     
                             SE', 'Chalkduster', 'Charter',                     
                             'Cochin', 'Comic Sans MS',                         
                             'Copperplate', 'Corsiva                            
                             Hebrew', 'Courier New', 'DIN                       
                             Alternate', 'DIN Condensed',                       
                             'Damascus', 'DecoType Naskh',                      
                             'Devanagari MT', 'Devanagari                       
                             Sangam MN', 'Didot', 'Diwan                        
                             Kufi', 'Diwan Thuluth',                            
                             'Euphemia UCAS', 'Farah',                          
                             'Farisi', 'Futura', 'GB18030                       
                             Bitmap', 'Galvji', 'Geeza Pro',                    
                             'Geneva', 'Georgia', 'Gill                         
                             Sans', 'Grantha Sangam MN',                        
                             'Gujarati MT', 'Gujarati Sangam                    
                             MN', 'GungSeo', 'Gurmukhi MN',                     
                             'Gurmukhi MT', 'Gurmukhi Sangam                    
                             MN', 'Hannotate SC', 'Hannotate                    
                             TC', 'HanziPen SC', 'HanziPen                      
                             TC', 'HeadLineA', 'Hei', 'Heiti                    
                             SC', 'Heiti TC', 'Helvetica',                      
                             'Helvetica Neue', 'Herculanum',                    
                             'Hiragino Maru Gothic ProN',                       
                             'Hiragino Mincho ProN',                            
                             'Hiragino Sans', 'Hiragino Sans                    
                             GB', 'Hoefler Text', 'ITF                          
                             Devanagari', 'ITF Devanagari                       
                             Marathi', 'Impact',                                
                             'InaiMathi', 'Kai', 'Kailasa',                     
                             'Kaiti SC', 'Kaiti TC',                            
                             'Kannada MN', 'Kannada Sangam                      
                             MN', 'Kefa III', 'Khmer MN',                       
                             'Khmer Sangam MN', 'Klee',                         
                             'Kohinoor Bangla', 'Kohinoor                       
                             Devanagari', 'Kohinoor                             
                             Gujarati', 'Kohinoor Telugu',                      
                             'Kokonor', 'Krungthep',                            
                             'KufiStandardGK', 'LXGW                            
                             ZhenKai', 'Lantinghei SC',                         
                             'Lantinghei TC', 'Lao MN', 'Lao                    
                             Sangam MN', 'LiHei Pro',                           
                             'LiSong Pro', 'Libian SC',                         
                             'Libian TC', 'LingWai SC',                         
                             'LingWai TC', 'Lucida Grande',                     
                             'Luminari', 'Malayalam MN',                        
                             'Malayalam Sangam MN', 'Marker                     
                             Felt', 'Menlo', 'Microsoft Sans                    
                             Serif', 'Mishafi', 'Mishafi                        
                             Gold', 'Monaco', 'Monospace',                      
                             'Mshtakan', 'Mukta Mahee',                         
                             'Muna', 'Myanmar MN', 'Myanmar                     
                             Sangam MN', 'Nadeem', 'Nanum                       
                             Brush Script', 'Nanum Gothic',                     
                             'Nanum Myeongjo', 'Nanum Pen                       
                             Script', 'New Peninim MT',                         
                             'Noteworthy', 'Noto Nastaliq                       
                             Urdu', 'Noto Sans Batak', 'Noto                    
                             Sans Kannada', 'Noto Sans                          
                             Myanmar', 'Noto Sans NKo',                         
                             'Noto Sans Oriya', 'Noto Sans                      
                             Syriac', 'Noto Sans Tagalog',                      
                             'Noto Serif Myanmar', 'Optima',                    
                             'Oriya MN', 'Oriya Sangam MN',                     
                             'Osaka', 'PCMyungjo', 'PT                          
                             Mono', 'PT Sans', 'PT Sans                         
                             Caption', 'PT Sans Narrow', 'PT                    
                             Serif', 'PT Serif Caption',                        
                             'Palatino', 'Papyrus', 'Party                      
                             LET', 'Phosphate', 'PilGi',                        
                             'PingFang HK', 'PingFang MO',                      
                             'PingFang SC', 'PingFang TC',                      
                             'Plantagenet Cherokee',                            
                             'Raanana', 'Rockwell',                             
                             'STFangsong', 'STHeiti', 'STIX                     
                             Two Math', 'STIX Two Text',                        
                             'STKaiti', 'STSong', 'Sana',                       
                             'Sans', 'Sathu', 'Savoye LET',                     
                             'Serif', 'Shree Devanagari                         
                             714', 'SignPainter', 'Silom',                      
                             'SimSong', 'Sinhala MN',                           
                             'Sinhala Sangam MN', 'Skia',                       
                             'Snell Roundhand', 'Songti SC',                    
                             'Songti TC', 'Sukhumvit Set',                      
                             'Symbol', 'Tahoma', 'Tamil MN',                    
                             'Tamil Sangam MN', 'Telugu MN',                    
                             'Telugu Sangam MN', 'Thonburi',                    
                             'Times New Roman', 'Toppan                         
                             Bunkyu Gothic', 'Toppan Bunkyu                     
                             Midashi Gothic', 'Toppan Bunkyu                    
                             Midashi Mincho', 'Toppan Bunkyu                    
                             Mincho', 'Trattatello',                            
                             'Trebuchet MS', 'Tsukushi A                        
                             Round Gothic', 'Tsukushi B                         
                             Round Gothic', 'Verdana',                          
                             'Waseem', 'Wawati SC', 'Wawati                     
                             TC', 'Webdings', 'Weibei SC',                      
                             'Weibei TC', 'Wingdings',                          
                             'Wingdings 2', 'Wingdings 3',                      
                             'Xingkai SC', 'Xingkai TC',                        
                             'YuGothic', 'YuKyokasho',                          
                             'YuKyokasho Yoko', 'YuMincho',                     
                             'YuMincho +36p Kana', 'Yuanti                      
                             SC', 'Yuanti TC', 'Yuppy SC',                      
                             'Yuppy TC', 'Zapf Dingbats',                       
                             'Zapfino', 'cursive',                              
                             'fantasy', 'system-ui'].                           
                    INFO     Animation 85 : Using cached    cairo_renderer.py:94
                             data (hash :                                       
                             656162490_4206876054_327139584                     
                             3)                                                 
Animation 85: _MethodAnimation(VGroup of 3 submobjects):   0%|          | 0/1 [00:00<?, ?it/s]                                                                                                                  WARNING  Font Noto Sans CJK SC not in    text_mobject.py:464
                             ['.AppleSystemUIFont', 'Academy                    
                             Engraved LET', 'Al Bayan', 'Al                     
                             Nile', 'Al Tarikh', 'American                      
                             Typewriter', 'Andale Mono',                        
                             'Apple Braille', 'Apple                            
                             Chancery', 'Apple Color Emoji',                    
                             'Apple LiGothic', 'Apple                           
                             LiSung', 'Apple SD Gothic Neo',                    
                             'Apple Symbols', 'AppleGothic',                    
                             'AppleMyungjo', 'Arial', 'Arial                    
                             Black', 'Arial Hebrew', 'Arial                     
                             Hebrew Scholar', 'Arial                            
                             Narrow', 'Arial Rounded MT                         
                             Bold', 'Arial Unicode MS',                         
                             'Avenir', 'Avenir Next',                           
                             'Avenir Next Condensed',                           
                             'Ayuthaya', 'BIZ UDGothic',                        
                             'BIZ UDMincho', 'BM Dohyeon',                      
                             'BM Hanna 11yrs Old', 'BM Hanna                    
                             Air', 'BM Hanna Pro', 'BM Jua',                    
                             'BM Kirang Haerang', 'BM                           
                             Yeonsung', 'Baghdad', 'Bangla                      
                             MN', 'Bangla Sangam MN', 'Baoli                    
                             SC', 'Baoli TC', 'Baskerville',                    
                             'Beirut', 'BiauKaiHK',                             
                             'BiauKaiTC', 'Big Caslon',                         
                             'Bodoni 72', 'Bodoni 72                            
                             Oldstyle', 'Bodoni 72                              
                             Smallcaps', 'Bodoni Ornaments',                    
                             'Bradley Hand', 'Brush Script                      
                             MT', 'Chalkboard', 'Chalkboard                     
                             SE', 'Chalkduster', 'Charter',                     
                             'Cochin', 'Comic Sans MS',                         
                             'Copperplate', 'Corsiva                            
                             Hebrew', 'Courier New', 'DIN                       
                             Alternate', 'DIN Condensed',                       
                             'Damascus', 'DecoType Naskh',                      
                             'Devanagari MT', 'Devanagari                       
                             Sangam MN', 'Didot', 'Diwan                        
                             Kufi', 'Diwan Thuluth',                            
                             'Euphemia UCAS', 'Farah',                          
                             'Farisi', 'Futura', 'GB18030                       
                             Bitmap', 'Galvji', 'Geeza Pro',                    
                             'Geneva', 'Georgia', 'Gill                         
                             Sans', 'Grantha Sangam MN',                        
                             'Gujarati MT', 'Gujarati Sangam                    
                             MN', 'GungSeo', 'Gurmukhi MN',                     
                             'Gurmukhi MT', 'Gurmukhi Sangam                    
                             MN', 'Hannotate SC', 'Hannotate                    
                             TC', 'HanziPen SC', 'HanziPen                      
                             TC', 'HeadLineA', 'Hei', 'Heiti                    
                             SC', 'Heiti TC', 'Helvetica',                      
                             'Helvetica Neue', 'Herculanum',                    
                             'Hiragino Maru Gothic ProN',                       
                             'Hiragino Mincho ProN',                            
                             'Hiragino Sans', 'Hiragino Sans                    
                             GB', 'Hoefler Text', 'ITF                          
                             Devanagari', 'ITF Devanagari                       
                             Marathi', 'Impact',                                
                             'InaiMathi', 'Kai', 'Kailasa',                     
                             'Kaiti SC', 'Kaiti TC',                            
                             'Kannada MN', 'Kannada Sangam                      
                             MN', 'Kefa III', 'Khmer MN',                       
                             'Khmer Sangam MN', 'Klee',                         
                             'Kohinoor Bangla', 'Kohinoor                       
                             Devanagari', 'Kohinoor                             
                             Gujarati', 'Kohinoor Telugu',                      
                             'Kokonor', 'Krungthep',                            
                             'KufiStandardGK', 'LXGW                            
                             ZhenKai', 'Lantinghei SC',                         
                             'Lantinghei TC', 'Lao MN', 'Lao                    
                             Sangam MN', 'LiHei Pro',                           
                             'LiSong Pro', 'Libian SC',                         
                             'Libian TC', 'LingWai SC',                         
                             'LingWai TC', 'Lucida Grande',                     
                             'Luminari', 'Malayalam MN',                        
                             'Malayalam Sangam MN', 'Marker                     
                             Felt', 'Menlo', 'Microsoft Sans                    
                             Serif', 'Mishafi', 'Mishafi                        
                             Gold', 'Monaco', 'Monospace',                      
                             'Mshtakan', 'Mukta Mahee',                         
                             'Muna', 'Myanmar MN', 'Myanmar                     
                             Sangam MN', 'Nadeem', 'Nanum                       
                             Brush Script', 'Nanum Gothic',                     
                             'Nanum Myeongjo', 'Nanum Pen                       
                             Script', 'New Peninim MT',                         
                             'Noteworthy', 'Noto Nastaliq                       
                             Urdu', 'Noto Sans Batak', 'Noto                    
                             Sans Kannada', 'Noto Sans                          
                             Myanmar', 'Noto Sans NKo',                         
                             'Noto Sans Oriya', 'Noto Sans                      
                             Syriac', 'Noto Sans Tagalog',                      
                             'Noto Serif Myanmar', 'Optima',                    
                             'Oriya MN', 'Oriya Sangam MN',                     
                             'Osaka', 'PCMyungjo', 'PT                          
                             Mono', 'PT Sans', 'PT Sans                         
                             Caption', 'PT Sans Narrow', 'PT                    
                             Serif', 'PT Serif Caption',                        
                             'Palatino', 'Papyrus', 'Party                      
                             LET', 'Phosphate', 'PilGi',                        
                             'PingFang HK', 'PingFang MO',                      
                             'PingFang SC', 'PingFang TC',                      
                             'Plantagenet Cherokee',                            
                             'Raanana', 'Rockwell',                             
                             'STFangsong', 'STHeiti', 'STIX                     
                             Two Math', 'STIX Two Text',                        
                             'STKaiti', 'STSong', 'Sana',                       
                             'Sans', 'Sathu', 'Savoye LET',                     
                             'Serif', 'Shree Devanagari                         
                             714', 'SignPainter', 'Silom',                      
                             'SimSong', 'Sinhala MN',                           
                             'Sinhala Sangam MN', 'Skia',                       
                             'Snell Roundhand', 'Songti SC',                    
                             'Songti TC', 'Sukhumvit Set',                      
                             'Symbol', 'Tahoma', 'Tamil MN',                    
                             'Tamil Sangam MN', 'Telugu MN',                    
                             'Telugu Sangam MN', 'Thonburi',                    
                             'Times New Roman', 'Toppan                         
                             Bunkyu Gothic', 'Toppan Bunkyu                     
                             Midashi Gothic', 'Toppan Bunkyu                    
                             Midashi Mincho', 'Toppan Bunkyu                    
                             Mincho', 'Trattatello',                            
                             'Trebuchet MS', 'Tsukushi A                        
                             Round Gothic', 'Tsukushi B                         
                             Round Gothic', 'Verdana',                          
                             'Waseem', 'Wawati SC', 'Wawati                     
                             TC', 'Webdings', 'Weibei SC',                      
                             'Weibei TC', 'Wingdings',                          
                             'Wingdings 2', 'Wingdings 3',                      
                             'Xingkai SC', 'Xingkai TC',                        
                             'YuGothic', 'YuKyokasho',                          
                             'YuKyokasho Yoko', 'YuMincho',                     
                             'YuMincho +36p Kana', 'Yuanti                      
                             SC', 'Yuanti TC', 'Yuppy SC',                      
                             'Yuppy TC', 'Zapf Dingbats',                       
                             'Zapfino', 'cursive',                              
                             'fantasy', 'system-ui'].                           
[02/27/26 10:31:43] INFO     Animation 86 : Using cached    cairo_renderer.py:94
                             data (hash :                                       
                             656162490_2200727252_326014697                     
                             4)                                                 
Animation 86: _MethodAnimation(VGroup of 3 submobjects):   0%|          | 0/1 [00:00<?, ?it/s]                                                                                                                  WARNING  Font Noto Sans CJK SC not in    text_mobject.py:464
                             ['.AppleSystemUIFont', 'Academy                    
                             Engraved LET', 'Al Bayan', 'Al                     
                             Nile', 'Al Tarikh', 'American                      
                             Typewriter', 'Andale Mono',                        
                             'Apple Braille', 'Apple                            
                             Chancery', 'Apple Color Emoji',                    
                             'Apple LiGothic', 'Apple                           
                             LiSung', 'Apple SD Gothic Neo',                    
                             'Apple Symbols', 'AppleGothic',                    
                             'AppleMyungjo', 'Arial', 'Arial                    
                             Black', 'Arial Hebrew', 'Arial                     
                             Hebrew Scholar', 'Arial                            
                             Narrow', 'Arial Rounded MT                         
                             Bold', 'Arial Unicode MS',                         
                             'Avenir', 'Avenir Next',                           
                             'Avenir Next Condensed',                           
                             'Ayuthaya', 'BIZ UDGothic',                        
                             'BIZ UDMincho', 'BM Dohyeon',                      
                             'BM Hanna 11yrs Old', 'BM Hanna                    
                             Air', 'BM Hanna Pro', 'BM Jua',                    
                             'BM Kirang Haerang', 'BM                           
                             Yeonsung', 'Baghdad', 'Bangla                      
                             MN', 'Bangla Sangam MN', 'Baoli                    
                             SC', 'Baoli TC', 'Baskerville',                    
                             'Beirut', 'BiauKaiHK',                             
                             'BiauKaiTC', 'Big Caslon',                         
                             'Bodoni 72', 'Bodoni 72                            
                             Oldstyle', 'Bodoni 72                              
                             Smallcaps', 'Bodoni Ornaments',                    
                             'Bradley Hand', 'Brush Script                      
                             MT', 'Chalkboard', 'Chalkboard                     
                             SE', 'Chalkduster', 'Charter',                     
                             'Cochin', 'Comic Sans MS',                         
                             'Copperplate', 'Corsiva                            
                             Hebrew', 'Courier New', 'DIN                       
                             Alternate', 'DIN Condensed',                       
                             'Damascus', 'DecoType Naskh',                      
                             'Devanagari MT', 'Devanagari                       
                             Sangam MN', 'Didot', 'Diwan                        
                             Kufi', 'Diwan Thuluth',                            
                             'Euphemia UCAS', 'Farah',                          
                             'Farisi', 'Futura', 'GB18030                       
                             Bitmap', 'Galvji', 'Geeza Pro',                    
                             'Geneva', 'Georgia', 'Gill                         
                             Sans', 'Grantha Sangam MN',                        
                             'Gujarati MT', 'Gujarati Sangam                    
                             MN', 'GungSeo', 'Gurmukhi MN',                     
                             'Gurmukhi MT', 'Gurmukhi Sangam                    
                             MN', 'Hannotate SC', 'Hannotate                    
                             TC', 'HanziPen SC', 'HanziPen                      
                             TC', 'HeadLineA', 'Hei', 'Heiti                    
                             SC', 'Heiti TC', 'Helvetica',                      
                             'Helvetica Neue', 'Herculanum',                    
                             'Hiragino Maru Gothic ProN',                       
                             'Hiragino Mincho ProN',                            
                             'Hiragino Sans', 'Hiragino Sans                    
                             GB', 'Hoefler Text', 'ITF                          
                             Devanagari', 'ITF Devanagari                       
                             Marathi', 'Impact',                                
                             'InaiMathi', 'Kai', 'Kailasa',                     
                             'Kaiti SC', 'Kaiti TC',                            
                             'Kannada MN', 'Kannada Sangam                      
                             MN', 'Kefa III', 'Khmer MN',                       
                             'Khmer Sangam MN', 'Klee',                         
                             'Kohinoor Bangla', 'Kohinoor                       
                             Devanagari', 'Kohinoor                             
                             Gujarati', 'Kohinoor Telugu',                      
                             'Kokonor', 'Krungthep',                            
                             'KufiStandardGK', 'LXGW                            
                             ZhenKai', 'Lantinghei SC',                         
                             'Lantinghei TC', 'Lao MN', 'Lao                    
                             Sangam MN', 'LiHei Pro',                           
                             'LiSong Pro', 'Libian SC',                         
                             'Libian TC', 'LingWai SC',                         
                             'LingWai TC', 'Lucida Grande',                     
                             'Luminari', 'Malayalam MN',                        
                             'Malayalam Sangam MN', 'Marker                     
                             Felt', 'Menlo', 'Microsoft Sans                    
                             Serif', 'Mishafi', 'Mishafi                        
                             Gold', 'Monaco', 'Monospace',                      
                             'Mshtakan', 'Mukta Mahee',                         
                             'Muna', 'Myanmar MN', 'Myanmar                     
                             Sangam MN', 'Nadeem', 'Nanum                       
                             Brush Script', 'Nanum Gothic',                     
                             'Nanum Myeongjo', 'Nanum Pen                       
                             Script', 'New Peninim MT',                         
                             'Noteworthy', 'Noto Nastaliq                       
                             Urdu', 'Noto Sans Batak', 'Noto                    
                             Sans Kannada', 'Noto Sans                          
                             Myanmar', 'Noto Sans NKo',                         
                             'Noto Sans Oriya', 'Noto Sans                      
                             Syriac', 'Noto Sans Tagalog',                      
                             'Noto Serif Myanmar', 'Optima',                    
                             'Oriya MN', 'Oriya Sangam MN',                     
                             'Osaka', 'PCMyungjo', 'PT                          
                             Mono', 'PT Sans', 'PT Sans                         
                             Caption', 'PT Sans Narrow', 'PT                    
                             Serif', 'PT Serif Caption',                        
                             'Palatino', 'Papyrus', 'Party                      
                             LET', 'Phosphate', 'PilGi',                        
                             'PingFang HK', 'PingFang MO',                      
                             'PingFang SC', 'PingFang TC',                      
                             'Plantagenet Cherokee',                            
                             'Raanana', 'Rockwell',                             
                             'STFangsong', 'STHeiti', 'STIX                     
                             Two Math', 'STIX Two Text',                        
                             'STKaiti', 'STSong', 'Sana',                       
                             'Sans', 'Sathu', 'Savoye LET',                     
                             'Serif', 'Shree Devanagari                         
                             714', 'SignPainter', 'Silom',                      
                             'SimSong', 'Sinhala MN',                           
                             'Sinhala Sangam MN', 'Skia',                       
                             'Snell Roundhand', 'Songti SC',                    
                             'Songti TC', 'Sukhumvit Set',                      
                             'Symbol', 'Tahoma', 'Tamil MN',                    
                             'Tamil Sangam MN', 'Telugu MN',                    
                             'Telugu Sangam MN', 'Thonburi',                    
                             'Times New Roman', 'Toppan                         
                             Bunkyu Gothic', 'Toppan Bunkyu                     
                             Midashi Gothic', 'Toppan Bunkyu                    
                             Midashi Mincho', 'Toppan Bunkyu                    
                             Mincho', 'Trattatello',                            
                             'Trebuchet MS', 'Tsukushi A                        
                             Round Gothic', 'Tsukushi B                         
                             Round Gothic', 'Verdana',                          
                             'Waseem', 'Wawati SC', 'Wawati                     
                             TC', 'Webdings', 'Weibei SC',                      
                             'Weibei TC', 'Wingdings',                          
                             'Wingdings 2', 'Wingdings 3',                      
                             'Xingkai SC', 'Xingkai TC',                        
                             'YuGothic', 'YuKyokasho',                          
                             'YuKyokasho Yoko', 'YuMincho',                     
                             'YuMincho +36p Kana', 'Yuanti                      
                             SC', 'Yuanti TC', 'Yuppy SC',                      
                             'Yuppy TC', 'Zapf Dingbats',                       
                             'Zapfino', 'cursive',                              
                             'fantasy', 'system-ui'].                           
                    INFO     Animation 87 : Using cached    cairo_renderer.py:94
                             data (hash :                                       
                             656162490_267776496_3065585388                     
                             )                                                  
Animation 87: _MethodAnimation(VGroup of 3 submobjects):   0%|          | 0/1 [00:00<?, ?it/s]                                                                                                                  WARNING  Font Noto Sans CJK SC not in    text_mobject.py:464
                             ['.AppleSystemUIFont', 'Academy                    
                             Engraved LET', 'Al Bayan', 'Al                     
                             Nile', 'Al Tarikh', 'American                      
                             Typewriter', 'Andale Mono',                        
                             'Apple Braille', 'Apple                            
                             Chancery', 'Apple Color Emoji',                    
                             'Apple LiGothic', 'Apple                           
                             LiSung', 'Apple SD Gothic Neo',                    
                             'Apple Symbols', 'AppleGothic',                    
                             'AppleMyungjo', 'Arial', 'Arial                    
                             Black', 'Arial Hebrew', 'Arial                     
                             Hebrew Scholar', 'Arial                            
                             Narrow', 'Arial Rounded MT                         
                             Bold', 'Arial Unicode MS',                         
                             'Avenir', 'Avenir Next',                           
                             'Avenir Next Condensed',                           
                             'Ayuthaya', 'BIZ UDGothic',                        
                             'BIZ UDMincho', 'BM Dohyeon',                      
                             'BM Hanna 11yrs Old', 'BM Hanna                    
                             Air', 'BM Hanna Pro', 'BM Jua',                    
                             'BM Kirang Haerang', 'BM                           
                             Yeonsung', 'Baghdad', 'Bangla                      
                             MN', 'Bangla Sangam MN', 'Baoli                    
                             SC', 'Baoli TC', 'Baskerville',                    
                             'Beirut', 'BiauKaiHK',                             
                             'BiauKaiTC', 'Big Caslon',                         
                             'Bodoni 72', 'Bodoni 72                            
                             Oldstyle', 'Bodoni 72                              
                             Smallcaps', 'Bodoni Ornaments',                    
                             'Bradley Hand', 'Brush Script                      
                             MT', 'Chalkboard', 'Chalkboard                     
                             SE', 'Chalkduster', 'Charter',                     
                             'Cochin', 'Comic Sans MS',                         
                             'Copperplate', 'Corsiva                            
                             Hebrew', 'Courier New', 'DIN                       
                             Alternate', 'DIN Condensed',                       
                             'Damascus', 'DecoType Naskh',                      
                             'Devanagari MT', 'Devanagari                       
                             Sangam MN', 'Didot', 'Diwan                        
                             Kufi', 'Diwan Thuluth',                            
                             'Euphemia UCAS', 'Farah',                          
                             'Farisi', 'Futura', 'GB18030                       
                             Bitmap', 'Galvji', 'Geeza Pro',                    
                             'Geneva', 'Georgia', 'Gill                         
                             Sans', 'Grantha Sangam MN',                        
                             'Gujarati MT', 'Gujarati Sangam                    
                             MN', 'GungSeo', 'Gurmukhi MN',                     
                             'Gurmukhi MT', 'Gurmukhi Sangam                    
                             MN', 'Hannotate SC', 'Hannotate                    
                             TC', 'HanziPen SC', 'HanziPen                      
                             TC', 'HeadLineA', 'Hei', 'Heiti                    
                             SC', 'Heiti TC', 'Helvetica',                      
                             'Helvetica Neue', 'Herculanum',                    
                             'Hiragino Maru Gothic ProN',                       
                             'Hiragino Mincho ProN',                            
                             'Hiragino Sans', 'Hiragino Sans                    
                             GB', 'Hoefler Text', 'ITF                          
                             Devanagari', 'ITF Devanagari                       
                             Marathi', 'Impact',                                
                             'InaiMathi', 'Kai', 'Kailasa',                     
                             'Kaiti SC', 'Kaiti TC',                            
                             'Kannada MN', 'Kannada Sangam                      
                             MN', 'Kefa III', 'Khmer MN',                       
                             'Khmer Sangam MN', 'Klee',                         
                             'Kohinoor Bangla', 'Kohinoor                       
                             Devanagari', 'Kohinoor                             
                             Gujarati', 'Kohinoor Telugu',                      
                             'Kokonor', 'Krungthep',                            
                             'KufiStandardGK', 'LXGW                            
                             ZhenKai', 'Lantinghei SC',                         
                             'Lantinghei TC', 'Lao MN', 'Lao                    
                             Sangam MN', 'LiHei Pro',                           
                             'LiSong Pro', 'Libian SC',                         
                             'Libian TC', 'LingWai SC',                         
                             'LingWai TC', 'Lucida Grande',                     
                             'Luminari', 'Malayalam MN',                        
                             'Malayalam Sangam MN', 'Marker                     
                             Felt', 'Menlo', 'Microsoft Sans                    
                             Serif', 'Mishafi', 'Mishafi                        
                             Gold', 'Monaco', 'Monospace',                      
                             'Mshtakan', 'Mukta Mahee',                         
                             'Muna', 'Myanmar MN', 'Myanmar                     
                             Sangam MN', 'Nadeem', 'Nanum                       
                             Brush Script', 'Nanum Gothic',                     
                             'Nanum Myeongjo', 'Nanum Pen                       
                             Script', 'New Peninim MT',                         
                             'Noteworthy', 'Noto Nastaliq                       
                             Urdu', 'Noto Sans Batak', 'Noto                    
                             Sans Kannada', 'Noto Sans                          
                             Myanmar', 'Noto Sans NKo',                         
                             'Noto Sans Oriya', 'Noto Sans                      
                             Syriac', 'Noto Sans Tagalog',                      
                             'Noto Serif Myanmar', 'Optima',                    
                             'Oriya MN', 'Oriya Sangam MN',                     
                             'Osaka', 'PCMyungjo', 'PT                          
                             Mono', 'PT Sans', 'PT Sans                         
                             Caption', 'PT Sans Narrow', 'PT                    
                             Serif', 'PT Serif Caption',                        
                             'Palatino', 'Papyrus', 'Party                      
                             LET', 'Phosphate', 'PilGi',                        
                             'PingFang HK', 'PingFang MO',                      
                             'PingFang SC', 'PingFang TC',                      
                             'Plantagenet Cherokee',                            
                             'Raanana', 'Rockwell',                             
                             'STFangsong', 'STHeiti', 'STIX                     
                             Two Math', 'STIX Two Text',                        
                             'STKaiti', 'STSong', 'Sana',                       
                             'Sans', 'Sathu', 'Savoye LET',                     
                             'Serif', 'Shree Devanagari                         
                             714', 'SignPainter', 'Silom',                      
                             'SimSong', 'Sinhala MN',                           
                             'Sinhala Sangam MN', 'Skia',                       
                             'Snell Roundhand', 'Songti SC',                    
                             'Songti TC', 'Sukhumvit Set',                      
                             'Symbol', 'Tahoma', 'Tamil MN',                    
                             'Tamil Sangam MN', 'Telugu MN',                    
                             'Telugu Sangam MN', 'Thonburi',                    
                             'Times New Roman', 'Toppan                         
                             Bunkyu Gothic', 'Toppan Bunkyu                     
                             Midashi Gothic', 'Toppan Bunkyu                    
                             Midashi Mincho', 'Toppan Bunkyu                    
                             Mincho', 'Trattatello',                            
                             'Trebuchet MS', 'Tsukushi A                        
                             Round Gothic', 'Tsukushi B                         
                             Round Gothic', 'Verdana',                          
                             'Waseem', 'Wawati SC', 'Wawati                     
                             TC', 'Webdings', 'Weibei SC',                      
                             'Weibei TC', 'Wingdings',                          
                             'Wingdings 2', 'Wingdings 3',                      
                             'Xingkai SC', 'Xingkai TC',                        
                             'YuGothic', 'YuKyokasho',                          
                             'YuKyokasho Yoko', 'YuMincho',                     
                             'YuMincho +36p Kana', 'Yuanti                      
                             SC', 'Yuanti TC', 'Yuppy SC',                      
                             'Yuppy TC', 'Zapf Dingbats',                       
                             'Zapfino', 'cursive',                              
                             'fantasy', 'system-ui'].                           
[02/27/26 10:31:44] INFO     Animation 88 : Using cached    cairo_renderer.py:94
                             data (hash :                                       
                             656162490_1985717181_291033985                     
                             8)                                                 
Animation 88: FadeIn(Text('概率 = 用数字描述不确定性')):   0%|          | 0/1 [00:00<?, ?it/s]                                                                                              [02/27/26 10:31:45] INFO     Animation 89 : Using cached    cairo_renderer.py:94
                             data (hash :                                       
                             656162490_2950721455_506217474                     
                             )                                                  
                    INFO     Animation 90 : Using cached    cairo_renderer.py:94
                             data (hash :                                       
                             656162490_2933254004_206747271                     
                             6)                                                 
Animation 90: FadeOut(VGroup of 3 submobjects), etc.:   0%|          | 0/1 [00:00<?, ?it/s]                                                                                           [02/27/26 10:31:46] INFO     Animation 91 : Using cached    cairo_renderer.py:94
                             data (hash :                                       
                             656162490_4060411493_398266022                     
                             8)                                                 
Animation 91: FadeOut(Text('随机事件与概率')):   0%|          | 0/1 [00:00<?, ?it/s]                                                                                                        WARNING  Font Noto Sans CJK SC not in    text_mobject.py:464
                             ['.AppleSystemUIFont', 'Academy                    
                             Engraved LET', 'Al Bayan', 'Al                     
                             Nile', 'Al Tarikh', 'American                      
                             Typewriter', 'Andale Mono',                        
                             'Apple Braille', 'Apple                            
                             Chancery', 'Apple Color Emoji',                    
                             'Apple LiGothic', 'Apple                           
                             LiSung', 'Apple SD Gothic Neo',                    
                             'Apple Symbols', 'AppleGothic',                    
                             'AppleMyungjo', 'Arial', 'Arial                    
                             Black', 'Arial Hebrew', 'Arial                     
                             Hebrew Scholar', 'Arial                            
                             Narrow', 'Arial Rounded MT                         
                             Bold', 'Arial Unicode MS',                         
                             'Avenir', 'Avenir Next',                           
                             'Avenir Next Condensed',                           
                             'Ayuthaya', 'BIZ UDGothic',                        
                             'BIZ UDMincho', 'BM Dohyeon',                      
                             'BM Hanna 11yrs Old', 'BM Hanna                    
                             Air', 'BM Hanna Pro', 'BM Jua',                    
                             'BM Kirang Haerang', 'BM                           
                             Yeonsung', 'Baghdad', 'Bangla                      
                             MN', 'Bangla Sangam MN', 'Baoli                    
                             SC', 'Baoli TC', 'Baskerville',                    
                             'Beirut', 'BiauKaiHK',                             
                             'BiauKaiTC', 'Big Caslon',                         
                             'Bodoni 72', 'Bodoni 72                            
                             Oldstyle', 'Bodoni 72                              
                             Smallcaps', 'Bodoni Ornaments',                    
                             'Bradley Hand', 'Brush Script                      
                             MT', 'Chalkboard', 'Chalkboard                     
                             SE', 'Chalkduster', 'Charter',                     
                             'Cochin', 'Comic Sans MS',                         
                             'Copperplate', 'Corsiva                            
                             Hebrew', 'Courier New', 'DIN                       
                             Alternate', 'DIN Condensed',                       
                             'Damascus', 'DecoType Naskh',                      
                             'Devanagari MT', 'Devanagari                       
                             Sangam MN', 'Didot', 'Diwan                        
                             Kufi', 'Diwan Thuluth',                            
                             'Euphemia UCAS', 'Farah',                          
                             'Farisi', 'Futura', 'GB18030                       
                             Bitmap', 'Galvji', 'Geeza Pro',                    
                             'Geneva', 'Georgia', 'Gill                         
                             Sans', 'Grantha Sangam MN',                        
                             'Gujarati MT', 'Gujarati Sangam                    
                             MN', 'GungSeo', 'Gurmukhi MN',                     
                             'Gurmukhi MT', 'Gurmukhi Sangam                    
                             MN', 'Hannotate SC', 'Hannotate                    
                             TC', 'HanziPen SC', 'HanziPen                      
                             TC', 'HeadLineA', 'Hei', 'Heiti                    
                             SC', 'Heiti TC', 'Helvetica',                      
                             'Helvetica Neue', 'Herculanum',                    
                             'Hiragino Maru Gothic ProN',                       
                             'Hiragino Mincho ProN',                            
                             'Hiragino Sans', 'Hiragino Sans                    
                             GB', 'Hoefler Text', 'ITF                          
                             Devanagari', 'ITF Devanagari                       
                             Marathi', 'Impact',                                
                             'InaiMathi', 'Kai', 'Kailasa',                     
                             'Kaiti SC', 'Kaiti TC',                            
                             'Kannada MN', 'Kannada Sangam                      
                             MN', 'Kefa III', 'Khmer MN',                       
                             'Khmer Sangam MN', 'Klee',                         
                             'Kohinoor Bangla', 'Kohinoor                       
                             Devanagari', 'Kohinoor                             
                             Gujarati', 'Kohinoor Telugu',                      
                             'Kokonor', 'Krungthep',                            
                             'KufiStandardGK', 'LXGW                            
                             ZhenKai', 'Lantinghei SC',                         
                             'Lantinghei TC', 'Lao MN', 'Lao                    
                             Sangam MN', 'LiHei Pro',                           
                             'LiSong Pro', 'Libian SC',                         
                             'Libian TC', 'LingWai SC',                         
                             'LingWai TC', 'Lucida Grande',                     
                             'Luminari', 'Malayalam MN',                        
                             'Malayalam Sangam MN', 'Marker                     
                             Felt', 'Menlo', 'Microsoft Sans                    
                             Serif', 'Mishafi', 'Mishafi                        
                             Gold', 'Monaco', 'Monospace',                      
                             'Mshtakan', 'Mukta Mahee',                         
                             'Muna', 'Myanmar MN', 'Myanmar                     
                             Sangam MN', 'Nadeem', 'Nanum                       
                             Brush Script', 'Nanum Gothic',                     
                             'Nanum Myeongjo', 'Nanum Pen                       
                             Script', 'New Peninim MT',                         
                             'Noteworthy', 'Noto Nastaliq                       
                             Urdu', 'Noto Sans Batak', 'Noto                    
                             Sans Kannada', 'Noto Sans                          
                             Myanmar', 'Noto Sans NKo',                         
                             'Noto Sans Oriya', 'Noto Sans                      
                             Syriac', 'Noto Sans Tagalog',                      
                             'Noto Serif Myanmar', 'Optima',                    
                             'Oriya MN', 'Oriya Sangam MN',                     
                             'Osaka', 'PCMyungjo', 'PT                          
                             Mono', 'PT Sans', 'PT Sans                         
                             Caption', 'PT Sans Narrow', 'PT                    
                             Serif', 'PT Serif Caption',                        
                             'Palatino', 'Papyrus', 'Party                      
                             LET', 'Phosphate', 'PilGi',                        
                             'PingFang HK', 'PingFang MO',                      
                             'PingFang SC', 'PingFang TC',                      
                             'Plantagenet Cherokee',                            
                             'Raanana', 'Rockwell',                             
                             'STFangsong', 'STHeiti', 'STIX                     
                             Two Math', 'STIX Two Text',                        
                             'STKaiti', 'STSong', 'Sana',                       
                             'Sans', 'Sathu', 'Savoye LET',                     
                             'Serif', 'Shree Devanagari                         
                             714', 'SignPainter', 'Silom',                      
                             'SimSong', 'Sinhala MN',                           
                             'Sinhala Sangam MN', 'Skia',                       
                             'Snell Roundhand', 'Songti SC',                    
                             'Songti TC', 'Sukhumvit Set',                      
                             'Symbol', 'Tahoma', 'Tamil MN',                    
                             'Tamil Sangam MN', 'Telugu MN',                    
                             'Telugu Sangam MN', 'Thonburi',                    
                             'Times New Roman', 'Toppan                         
                             Bunkyu Gothic', 'Toppan Bunkyu                     
                             Midashi Gothic', 'Toppan Bunkyu                    
                             Midashi Mincho', 'Toppan Bunkyu                    
                             Mincho', 'Trattatello',                            
                             'Trebuchet MS', 'Tsukushi A                        
                             Round Gothic', 'Tsukushi B                         
                             Round Gothic', 'Verdana',                          
                             'Waseem', 'Wawati SC', 'Wawati                     
                             TC', 'Webdings', 'Weibei SC',                      
                             'Weibei TC', 'Wingdings',                          
                             'Wingdings 2', 'Wingdings 3',                      
                             'Xingkai SC', 'Xingkai TC',                        
                             'YuGothic', 'YuKyokasho',                          
                             'YuKyokasho Yoko', 'YuMincho',                     
                             'YuMincho +36p Kana', 'Yuanti                      
                             SC', 'Yuanti TC', 'Yuppy SC',                      
                             'Yuppy TC', 'Zapf Dingbats',                       
                             'Zapfino', 'cursive',                              
                             'fantasy', 'system-ui'].                           
                    WARNING  Font Noto Sans CJK SC not in    text_mobject.py:464
                             ['.AppleSystemUIFont', 'Academy                    
                             Engraved LET', 'Al Bayan', 'Al                     
                             Nile', 'Al Tarikh', 'American                      
                             Typewriter', 'Andale Mono',                        
                             'Apple Braille', 'Apple                            
                             Chancery', 'Apple Color Emoji',                    
                             'Apple LiGothic', 'Apple                           
                             LiSung', 'Apple SD Gothic Neo',                    
                             'Apple Symbols', 'AppleGothic',                    
                             'AppleMyungjo', 'Arial', 'Arial                    
                             Black', 'Arial Hebrew', 'Arial                     
                             Hebrew Scholar', 'Arial                            
                             Narrow', 'Arial Rounded MT                         
                             Bold', 'Arial Unicode MS',                         
                             'Avenir', 'Avenir Next',                           
                             'Avenir Next Condensed',                           
                             'Ayuthaya', 'BIZ UDGothic',                        
                             'BIZ UDMincho', 'BM Dohyeon',                      
                             'BM Hanna 11yrs Old', 'BM Hanna                    
                             Air', 'BM Hanna Pro', 'BM Jua',                    
                             'BM Kirang Haerang', 'BM                           
                             Yeonsung', 'Baghdad', 'Bangla                      
                             MN', 'Bangla Sangam MN', 'Baoli                    
                             SC', 'Baoli TC', 'Baskerville',                    
                             'Beirut', 'BiauKaiHK',                             
                             'BiauKaiTC', 'Big Caslon',                         
                             'Bodoni 72', 'Bodoni 72                            
                             Oldstyle', 'Bodoni 72                              
                             Smallcaps', 'Bodoni Ornaments',                    
                             'Bradley Hand', 'Brush Script                      
                             MT', 'Chalkboard', 'Chalkboard                     
                             SE', 'Chalkduster', 'Charter',                     
                             'Cochin', 'Comic Sans MS',                         
                             'Copperplate', 'Corsiva                            
                             Hebrew', 'Courier New', 'DIN                       
                             Alternate', 'DIN Condensed',                       
                             'Damascus', 'DecoType Naskh',                      
                             'Devanagari MT', 'Devanagari                       
                             Sangam MN', 'Didot', 'Diwan                        
                             Kufi', 'Diwan Thuluth',                            
                             'Euphemia UCAS', 'Farah',                          
                             'Farisi', 'Futura', 'GB18030                       
                             Bitmap', 'Galvji', 'Geeza Pro',                    
                             'Geneva', 'Georgia', 'Gill                         
                             Sans', 'Grantha Sangam MN',                        
                             'Gujarati MT', 'Gujarati Sangam                    
                             MN', 'GungSeo', 'Gurmukhi MN',                     
                             'Gurmukhi MT', 'Gurmukhi Sangam                    
                             MN', 'Hannotate SC', 'Hannotate                    
                             TC', 'HanziPen SC', 'HanziPen                      
                             TC', 'HeadLineA', 'Hei', 'Heiti                    
                             SC', 'Heiti TC', 'Helvetica',                      
                             'Helvetica Neue', 'Herculanum',                    
                             'Hiragino Maru Gothic ProN',                       
                             'Hiragino Mincho ProN',                            
                             'Hiragino Sans', 'Hiragino Sans                    
                             GB', 'Hoefler Text', 'ITF                          
                             Devanagari', 'ITF Devanagari                       
                             Marathi', 'Impact',                                
                             'InaiMathi', 'Kai', 'Kailasa',                     
                             'Kaiti SC', 'Kaiti TC',                            
                             'Kannada MN', 'Kannada Sangam                      
                             MN', 'Kefa III', 'Khmer MN',                       
                             'Khmer Sangam MN', 'Klee',                         
                             'Kohinoor Bangla', 'Kohinoor                       
                             Devanagari', 'Kohinoor                             
                             Gujarati', 'Kohinoor Telugu',                      
                             'Kokonor', 'Krungthep',                            
                             'KufiStandardGK', 'LXGW                            
                             ZhenKai', 'Lantinghei SC',                         
                             'Lantinghei TC', 'Lao MN', 'Lao                    
                             Sangam MN', 'LiHei Pro',                           
                             'LiSong Pro', 'Libian SC',                         
                             'Libian TC', 'LingWai SC',                         
                             'LingWai TC', 'Lucida Grande',                     
                             'Luminari', 'Malayalam MN',                        
                             'Malayalam Sangam MN', 'Marker                     
                             Felt', 'Menlo', 'Microsoft Sans                    
                             Serif', 'Mishafi', 'Mishafi                        
                             Gold', 'Monaco', 'Monospace',                      
                             'Mshtakan', 'Mukta Mahee',                         
                             'Muna', 'Myanmar MN', 'Myanmar                     
                             Sangam MN', 'Nadeem', 'Nanum                       
                             Brush Script', 'Nanum Gothic',                     
                             'Nanum Myeongjo', 'Nanum Pen                       
                             Script', 'New Peninim MT',                         
                             'Noteworthy', 'Noto Nastaliq                       
                             Urdu', 'Noto Sans Batak', 'Noto                    
                             Sans Kannada', 'Noto Sans                          
                             Myanmar', 'Noto Sans NKo',                         
                             'Noto Sans Oriya', 'Noto Sans                      
                             Syriac', 'Noto Sans Tagalog',                      
                             'Noto Serif Myanmar', 'Optima',                    
                             'Oriya MN', 'Oriya Sangam MN',                     
                             'Osaka', 'PCMyungjo', 'PT                          
                             Mono', 'PT Sans', 'PT Sans                         
                             Caption', 'PT Sans Narrow', 'PT                    
                             Serif', 'PT Serif Caption',                        
                             'Palatino', 'Papyrus', 'Party                      
                             LET', 'Phosphate', 'PilGi',                        
                             'PingFang HK', 'PingFang MO',                      
                             'PingFang SC', 'PingFang TC',                      
                             'Plantagenet Cherokee',                            
                             'Raanana', 'Rockwell',                             
                             'STFangsong', 'STHeiti', 'STIX                     
                             Two Math', 'STIX Two Text',                        
                             'STKaiti', 'STSong', 'Sana',                       
                             'Sans', 'Sathu', 'Savoye LET',                     
                             'Serif', 'Shree Devanagari                         
                             714', 'SignPainter', 'Silom',                      
                             'SimSong', 'Sinhala MN',                           
                             'Sinhala Sangam MN', 'Skia',                       
                             'Snell Roundhand', 'Songti SC',                    
                             'Songti TC', 'Sukhumvit Set',                      
                             'Symbol', 'Tahoma', 'Tamil MN',                    
                             'Tamil Sangam MN', 'Telugu MN',                    
                             'Telugu Sangam MN', 'Thonburi',                    
                             'Times New Roman', 'Toppan                         
                             Bunkyu Gothic', 'Toppan Bunkyu                     
                             Midashi Gothic', 'Toppan Bunkyu                    
                             Midashi Mincho', 'Toppan Bunkyu                    
                             Mincho', 'Trattatello',                            
                             'Trebuchet MS', 'Tsukushi A                        
                             Round Gothic', 'Tsukushi B                         
                             Round Gothic', 'Verdana',                          
                             'Waseem', 'Wawati SC', 'Wawati                     
                             TC', 'Webdings', 'Weibei SC',                      
                             'Weibei TC', 'Wingdings',                          
                             'Wingdings 2', 'Wingdings 3',                      
                             'Xingkai SC', 'Xingkai TC',                        
                             'YuGothic', 'YuKyokasho',                          
                             'YuKyokasho Yoko', 'YuMincho',                     
                             'YuMincho +36p Kana', 'Yuanti                      
                             SC', 'Yuanti TC', 'Yuppy SC',                      
                             'Yuppy TC', 'Zapf Dingbats',                       
                             'Zapfino', 'cursive',                              
                             'fantasy', 'system-ui'].                           
                    WARNING  Font Noto Sans CJK SC not in    text_mobject.py:464
                             ['.AppleSystemUIFont', 'Academy                    
                             Engraved LET', 'Al Bayan', 'Al                     
                             Nile', 'Al Tarikh', 'American                      
                             Typewriter', 'Andale Mono',                        
                             'Apple Braille', 'Apple                            
                             Chancery', 'Apple Color Emoji',                    
                             'Apple LiGothic', 'Apple                           
                             LiSung', 'Apple SD Gothic Neo',                    
                             'Apple Symbols', 'AppleGothic',                    
                             'AppleMyungjo', 'Arial', 'Arial                    
                             Black', 'Arial Hebrew', 'Arial                     
                             Hebrew Scholar', 'Arial                            
                             Narrow', 'Arial Rounded MT                         
                             Bold', 'Arial Unicode MS',                         
                             'Avenir', 'Avenir Next',                           
                             'Avenir Next Condensed',                           
                             'Ayuthaya', 'BIZ UDGothic',                        
                             'BIZ UDMincho', 'BM Dohyeon',                      
                             'BM Hanna 11yrs Old', 'BM Hanna                    
                             Air', 'BM Hanna Pro', 'BM Jua',                    
                             'BM Kirang Haerang', 'BM                           
                             Yeonsung', 'Baghdad', 'Bangla                      
                             MN', 'Bangla Sangam MN', 'Baoli                    
                             SC', 'Baoli TC', 'Baskerville',                    
                             'Beirut', 'BiauKaiHK',                             
                             'BiauKaiTC', 'Big Caslon',                         
                             'Bodoni 72', 'Bodoni 72                            
                             Oldstyle', 'Bodoni 72                              
                             Smallcaps', 'Bodoni Ornaments',                    
                             'Bradley Hand', 'Brush Script                      
                             MT', 'Chalkboard', 'Chalkboard                     
                             SE', 'Chalkduster', 'Charter',                     
                             'Cochin', 'Comic Sans MS',                         
                             'Copperplate', 'Corsiva                            
                             Hebrew', 'Courier New', 'DIN                       
                             Alternate', 'DIN Condensed',                       
                             'Damascus', 'DecoType Naskh',                      
                             'Devanagari MT', 'Devanagari                       
                             Sangam MN', 'Didot', 'Diwan                        
                             Kufi', 'Diwan Thuluth',                            
                             'Euphemia UCAS', 'Farah',                          
                             'Farisi', 'Futura', 'GB18030                       
                             Bitmap', 'Galvji', 'Geeza Pro',                    
                             'Geneva', 'Georgia', 'Gill                         
                             Sans', 'Grantha Sangam MN',                        
                             'Gujarati MT', 'Gujarati Sangam                    
                             MN', 'GungSeo', 'Gurmukhi MN',                     
                             'Gurmukhi MT', 'Gurmukhi Sangam                    
                             MN', 'Hannotate SC', 'Hannotate                    
                             TC', 'HanziPen SC', 'HanziPen                      
                             TC', 'HeadLineA', 'Hei', 'Heiti                    
                             SC', 'Heiti TC', 'Helvetica',                      
                             'Helvetica Neue', 'Herculanum',                    
                             'Hiragino Maru Gothic ProN',                       
                             'Hiragino Mincho ProN',                            
                             'Hiragino Sans', 'Hiragino Sans                    
                             GB', 'Hoefler Text', 'ITF                          
                             Devanagari', 'ITF Devanagari                       
                             Marathi', 'Impact',                                
                             'InaiMathi', 'Kai', 'Kailasa',                     
                             'Kaiti SC', 'Kaiti TC',                            
                             'Kannada MN', 'Kannada Sangam                      
                             MN', 'Kefa III', 'Khmer MN',                       
                             'Khmer Sangam MN', 'Klee',                         
                             'Kohinoor Bangla', 'Kohinoor                       
                             Devanagari', 'Kohinoor                             
                             Gujarati', 'Kohinoor Telugu',                      
                             'Kokonor', 'Krungthep',                            
                             'KufiStandardGK', 'LXGW                            
                             ZhenKai', 'Lantinghei SC',                         
                             'Lantinghei TC', 'Lao MN', 'Lao                    
                             Sangam MN', 'LiHei Pro',                           
                             'LiSong Pro', 'Libian SC',                         
                             'Libian TC', 'LingWai SC',                         
                             'LingWai TC', 'Lucida Grande',                     
                             'Luminari', 'Malayalam MN',                        
                             'Malayalam Sangam MN', 'Marker                     
                             Felt', 'Menlo', 'Microsoft Sans                    
                             Serif', 'Mishafi', 'Mishafi                        
                             Gold', 'Monaco', 'Monospace',                      
                             'Mshtakan', 'Mukta Mahee',                         
                             'Muna', 'Myanmar MN', 'Myanmar                     
                             Sangam MN', 'Nadeem', 'Nanum                       
                             Brush Script', 'Nanum Gothic',                     
                             'Nanum Myeongjo', 'Nanum Pen                       
                             Script', 'New Peninim MT',                         
                             'Noteworthy', 'Noto Nastaliq                       
                             Urdu', 'Noto Sans Batak', 'Noto                    
                             Sans Kannada', 'Noto Sans                          
                             Myanmar', 'Noto Sans NKo',                         
                             'Noto Sans Oriya', 'Noto Sans                      
                             Syriac', 'Noto Sans Tagalog',                      
                             'Noto Serif Myanmar', 'Optima',                    
                             'Oriya MN', 'Oriya Sangam MN',                     
                             'Osaka', 'PCMyungjo', 'PT                          
                             Mono', 'PT Sans', 'PT Sans                         
                             Caption', 'PT Sans Narrow', 'PT                    
                             Serif', 'PT Serif Caption',                        
                             'Palatino', 'Papyrus', 'Party                      
                             LET', 'Phosphate', 'PilGi',                        
                             'PingFang HK', 'PingFang MO',                      
                             'PingFang SC', 'PingFang TC',                      
                             'Plantagenet Cherokee',                            
                             'Raanana', 'Rockwell',                             
                             'STFangsong', 'STHeiti', 'STIX                     
                             Two Math', 'STIX Two Text',                        
                             'STKaiti', 'STSong', 'Sana',                       
                             'Sans', 'Sathu', 'Savoye LET',                     
                             'Serif', 'Shree Devanagari                         
                             714', 'SignPainter', 'Silom',                      
                             'SimSong', 'Sinhala MN',                           
                             'Sinhala Sangam MN', 'Skia',                       
                             'Snell Roundhand', 'Songti SC',                    
                             'Songti TC', 'Sukhumvit Set',                      
                             'Symbol', 'Tahoma', 'Tamil MN',                    
                             'Tamil Sangam MN', 'Telugu MN',                    
                             'Telugu Sangam MN', 'Thonburi',                    
                             'Times New Roman', 'Toppan                         
                             Bunkyu Gothic', 'Toppan Bunkyu                     
                             Midashi Gothic', 'Toppan Bunkyu                    
                             Midashi Mincho', 'Toppan Bunkyu                    
                             Mincho', 'Trattatello',                            
                             'Trebuchet MS', 'Tsukushi A                        
                             Round Gothic', 'Tsukushi B                         
                             Round Gothic', 'Verdana',                          
                             'Waseem', 'Wawati SC', 'Wawati                     
                             TC', 'Webdings', 'Weibei SC',                      
                             'Weibei TC', 'Wingdings',                          
                             'Wingdings 2', 'Wingdings 3',                      
                             'Xingkai SC', 'Xingkai TC',                        
                             'YuGothic', 'YuKyokasho',                          
                             'YuKyokasho Yoko', 'YuMincho',                     
                             'YuMincho +36p Kana', 'Yuanti                      
                             SC', 'Yuanti TC', 'Yuppy SC',                      
                             'Yuppy TC', 'Zapf Dingbats',                       
                             'Zapfino', 'cursive',                              
                             'fantasy', 'system-ui'].                           
                    INFO     Animation 92 : Using cached    cairo_renderer.py:94
                             data (hash :                                       
                             656162490_2400091770_9373377)                      
Animation 92: Transform(Text('上海初高中数学直通车  @emptyandcalm')):   0%|          | 0/1 [00:00<?, ?it/s]                                                                                                           [02/27/26 10:31:47] INFO     Animation 93 : Using cached    cairo_renderer.py:94
                             data (hash :                                       
                             656162490_4000869421_175781083                     
                             0)                                                 
Animation 93: FadeIn(Text('@emptyandcalm')):   0%|          | 0/1 [00:00<?, ?it/s]                                                                                                      INFO     Animation 94 : Using cached    cairo_renderer.py:94
                             data (hash :                                       
                             656162490_2782771116_404393984                     
                             5)                                                 
Animation 94: FadeIn(Text('关注我，获得更多数学技巧！')):   0%|          | 0/1 [00:00<?, ?it/s]                                                                                                                   WARNING  Font Noto Sans CJK SC not in    text_mobject.py:464
                             ['.AppleSystemUIFont', 'Academy                    
                             Engraved LET', 'Al Bayan', 'Al                     
                             Nile', 'Al Tarikh', 'American                      
                             Typewriter', 'Andale Mono',                        
                             'Apple Braille', 'Apple                            
                             Chancery', 'Apple Color Emoji',                    
                             'Apple LiGothic', 'Apple                           
                             LiSung', 'Apple SD Gothic Neo',                    
                             'Apple Symbols', 'AppleGothic',                    
                             'AppleMyungjo', 'Arial', 'Arial                    
                             Black', 'Arial Hebrew', 'Arial                     
                             Hebrew Scholar', 'Arial                            
                             Narrow', 'Arial Rounded MT                         
                             Bold', 'Arial Unicode MS',                         
                             'Avenir', 'Avenir Next',                           
                             'Avenir Next Condensed',                           
                             'Ayuthaya', 'BIZ UDGothic',                        
                             'BIZ UDMincho', 'BM Dohyeon',                      
                             'BM Hanna 11yrs Old', 'BM Hanna                    
                             Air', 'BM Hanna Pro', 'BM Jua',                    
                             'BM Kirang Haerang', 'BM                           
                             Yeonsung', 'Baghdad', 'Bangla                      
                             MN', 'Bangla Sangam MN', 'Baoli                    
                             SC', 'Baoli TC', 'Baskerville',                    
                             'Beirut', 'BiauKaiHK',                             
                             'BiauKaiTC', 'Big Caslon',                         
                             'Bodoni 72', 'Bodoni 72                            
                             Oldstyle', 'Bodoni 72                              
                             Smallcaps', 'Bodoni Ornaments',                    
                             'Bradley Hand', 'Brush Script                      
                             MT', 'Chalkboard', 'Chalkboard                     
                             SE', 'Chalkduster', 'Charter',                     
                             'Cochin', 'Comic Sans MS',                         
                             'Copperplate', 'Corsiva                            
                             Hebrew', 'Courier New', 'DIN                       
                             Alternate', 'DIN Condensed',                       
                             'Damascus', 'DecoType Naskh',                      
                             'Devanagari MT', 'Devanagari                       
                             Sangam MN', 'Didot', 'Diwan                        
                             Kufi', 'Diwan Thuluth',                            
                             'Euphemia UCAS', 'Farah',                          
                             'Farisi', 'Futura', 'GB18030                       
                             Bitmap', 'Galvji', 'Geeza Pro',                    
                             'Geneva', 'Georgia', 'Gill                         
                             Sans', 'Grantha Sangam MN',                        
                             'Gujarati MT', 'Gujarati Sangam                    
                             MN', 'GungSeo', 'Gurmukhi MN',                     
                             'Gurmukhi MT', 'Gurmukhi Sangam                    
                             MN', 'Hannotate SC', 'Hannotate                    
                             TC', 'HanziPen SC', 'HanziPen                      
                             TC', 'HeadLineA', 'Hei', 'Heiti                    
                             SC', 'Heiti TC', 'Helvetica',                      
                             'Helvetica Neue', 'Herculanum',                    
                             'Hiragino Maru Gothic ProN',                       
                             'Hiragino Mincho ProN',                            
                             'Hiragino Sans', 'Hiragino Sans                    
                             GB', 'Hoefler Text', 'ITF                          
                             Devanagari', 'ITF Devanagari                       
                             Marathi', 'Impact',                                
                             'InaiMathi', 'Kai', 'Kailasa',                     
                             'Kaiti SC', 'Kaiti TC',                            
                             'Kannada MN', 'Kannada Sangam                      
                             MN', 'Kefa III', 'Khmer MN',                       
                             'Khmer Sangam MN', 'Klee',                         
                             'Kohinoor Bangla', 'Kohinoor                       
                             Devanagari', 'Kohinoor                             
                             Gujarati', 'Kohinoor Telugu',                      
                             'Kokonor', 'Krungthep',                            
                             'KufiStandardGK', 'LXGW                            
                             ZhenKai', 'Lantinghei SC',                         
                             'Lantinghei TC', 'Lao MN', 'Lao                    
                             Sangam MN', 'LiHei Pro',                           
                             'LiSong Pro', 'Libian SC',                         
                             'Libian TC', 'LingWai SC',                         
                             'LingWai TC', 'Lucida Grande',                     
                             'Luminari', 'Malayalam MN',                        
                             'Malayalam Sangam MN', 'Marker                     
                             Felt', 'Menlo', 'Microsoft Sans                    
                             Serif', 'Mishafi', 'Mishafi                        
                             Gold', 'Monaco', 'Monospace',                      
                             'Mshtakan', 'Mukta Mahee',                         
                             'Muna', 'Myanmar MN', 'Myanmar                     
                             Sangam MN', 'Nadeem', 'Nanum                       
                             Brush Script', 'Nanum Gothic',                     
                             'Nanum Myeongjo', 'Nanum Pen                       
                             Script', 'New Peninim MT',                         
                             'Noteworthy', 'Noto Nastaliq                       
                             Urdu', 'Noto Sans Batak', 'Noto                    
                             Sans Kannada', 'Noto Sans                          
                             Myanmar', 'Noto Sans NKo',                         
                             'Noto Sans Oriya', 'Noto Sans                      
                             Syriac', 'Noto Sans Tagalog',                      
                             'Noto Serif Myanmar', 'Optima',                    
                             'Oriya MN', 'Oriya Sangam MN',                     
                             'Osaka', 'PCMyungjo', 'PT                          
                             Mono', 'PT Sans', 'PT Sans                         
                             Caption', 'PT Sans Narrow', 'PT                    
                             Serif', 'PT Serif Caption',                        
                             'Palatino', 'Papyrus', 'Party                      
                             LET', 'Phosphate', 'PilGi',                        
                             'PingFang HK', 'PingFang MO',                      
                             'PingFang SC', 'PingFang TC',                      
                             'Plantagenet Cherokee',                            
                             'Raanana', 'Rockwell',                             
                             'STFangsong', 'STHeiti', 'STIX                     
                             Two Math', 'STIX Two Text',                        
                             'STKaiti', 'STSong', 'Sana',                       
                             'Sans', 'Sathu', 'Savoye LET',                     
                             'Serif', 'Shree Devanagari                         
                             714', 'SignPainter', 'Silom',                      
                             'SimSong', 'Sinhala MN',                           
                             'Sinhala Sangam MN', 'Skia',                       
                             'Snell Roundhand', 'Songti SC',                    
                             'Songti TC', 'Sukhumvit Set',                      
                             'Symbol', 'Tahoma', 'Tamil MN',                    
                             'Tamil Sangam MN', 'Telugu MN',                    
                             'Telugu Sangam MN', 'Thonburi',                    
                             'Times New Roman', 'Toppan                         
                             Bunkyu Gothic', 'Toppan Bunkyu                     
                             Midashi Gothic', 'Toppan Bunkyu                    
                             Midashi Mincho', 'Toppan Bunkyu                    
                             Mincho', 'Trattatello',                            
                             'Trebuchet MS', 'Tsukushi A                        
                             Round Gothic', 'Tsukushi B                         
                             Round Gothic', 'Verdana',                          
                             'Waseem', 'Wawati SC', 'Wawati                     
                             TC', 'Webdings', 'Weibei SC',                      
                             'Weibei TC', 'Wingdings',                          
                             'Wingdings 2', 'Wingdings 3',                      
                             'Xingkai SC', 'Xingkai TC',                        
                             'YuGothic', 'YuKyokasho',                          
                             'YuKyokasho Yoko', 'YuMincho',                     
                             'YuMincho +36p Kana', 'Yuanti                      
                             SC', 'Yuanti TC', 'Yuppy SC',                      
                             'Yuppy TC', 'Zapf Dingbats',                       
                             'Zapfino', 'cursive',                              
                             'fantasy', 'system-ui'].                           
                    WARNING  Font Noto Sans CJK SC not in    text_mobject.py:464
                             ['.AppleSystemUIFont', 'Academy                    
                             Engraved LET', 'Al Bayan', 'Al                     
                             Nile', 'Al Tarikh', 'American                      
                             Typewriter', 'Andale Mono',                        
                             'Apple Braille', 'Apple                            
                             Chancery', 'Apple Color Emoji',                    
                             'Apple LiGothic', 'Apple                           
                             LiSung', 'Apple SD Gothic Neo',                    
                             'Apple Symbols', 'AppleGothic',                    
                             'AppleMyungjo', 'Arial', 'Arial                    
                             Black', 'Arial Hebrew', 'Arial                     
                             Hebrew Scholar', 'Arial                            
                             Narrow', 'Arial Rounded MT                         
                             Bold', 'Arial Unicode MS',                         
                             'Avenir', 'Avenir Next',                           
                             'Avenir Next Condensed',                           
                             'Ayuthaya', 'BIZ UDGothic',                        
                             'BIZ UDMincho', 'BM Dohyeon',                      
                             'BM Hanna 11yrs Old', 'BM Hanna                    
                             Air', 'BM Hanna Pro', 'BM Jua',                    
                             'BM Kirang Haerang', 'BM                           
                             Yeonsung', 'Baghdad', 'Bangla                      
                             MN', 'Bangla Sangam MN', 'Baoli                    
                             SC', 'Baoli TC', 'Baskerville',                    
                             'Beirut', 'BiauKaiHK',                             
                             'BiauKaiTC', 'Big Caslon',                         
                             'Bodoni 72', 'Bodoni 72                            
                             Oldstyle', 'Bodoni 72                              
                             Smallcaps', 'Bodoni Ornaments',                    
                             'Bradley Hand', 'Brush Script                      
                             MT', 'Chalkboard', 'Chalkboard                     
                             SE', 'Chalkduster', 'Charter',                     
                             'Cochin', 'Comic Sans MS',                         
                             'Copperplate', 'Corsiva                            
                             Hebrew', 'Courier New', 'DIN                       
                             Alternate', 'DIN Condensed',                       
                             'Damascus', 'DecoType Naskh',                      
                             'Devanagari MT', 'Devanagari                       
                             Sangam MN', 'Didot', 'Diwan                        
                             Kufi', 'Diwan Thuluth',                            
                             'Euphemia UCAS', 'Farah',                          
                             'Farisi', 'Futura', 'GB18030                       
                             Bitmap', 'Galvji', 'Geeza Pro',                    
                             'Geneva', 'Georgia', 'Gill                         
                             Sans', 'Grantha Sangam MN',                        
                             'Gujarati MT', 'Gujarati Sangam                    
                             MN', 'GungSeo', 'Gurmukhi MN',                     
                             'Gurmukhi MT', 'Gurmukhi Sangam                    
                             MN', 'Hannotate SC', 'Hannotate                    
                             TC', 'HanziPen SC', 'HanziPen                      
                             TC', 'HeadLineA', 'Hei', 'Heiti                    
                             SC', 'Heiti TC', 'Helvetica',                      
                             'Helvetica Neue', 'Herculanum',                    
                             'Hiragino Maru Gothic ProN',                       
                             'Hiragino Mincho ProN',                            
                             'Hiragino Sans', 'Hiragino Sans                    
                             GB', 'Hoefler Text', 'ITF                          
                             Devanagari', 'ITF Devanagari                       
                             Marathi', 'Impact',                                
                             'InaiMathi', 'Kai', 'Kailasa',                     
                             'Kaiti SC', 'Kaiti TC',                            
                             'Kannada MN', 'Kannada Sangam                      
                             MN', 'Kefa III', 'Khmer MN',                       
                             'Khmer Sangam MN', 'Klee',                         
                             'Kohinoor Bangla', 'Kohinoor                       
                             Devanagari', 'Kohinoor                             
                             Gujarati', 'Kohinoor Telugu',                      
                             'Kokonor', 'Krungthep',                            
                             'KufiStandardGK', 'LXGW                            
                             ZhenKai', 'Lantinghei SC',                         
                             'Lantinghei TC', 'Lao MN', 'Lao                    
                             Sangam MN', 'LiHei Pro',                           
                             'LiSong Pro', 'Libian SC',                         
                             'Libian TC', 'LingWai SC',                         
                             'LingWai TC', 'Lucida Grande',                     
                             'Luminari', 'Malayalam MN',                        
                             'Malayalam Sangam MN', 'Marker                     
                             Felt', 'Menlo', 'Microsoft Sans                    
                             Serif', 'Mishafi', 'Mishafi                        
                             Gold', 'Monaco', 'Monospace',                      
                             'Mshtakan', 'Mukta Mahee',                         
                             'Muna', 'Myanmar MN', 'Myanmar                     
                             Sangam MN', 'Nadeem', 'Nanum                       
                             Brush Script', 'Nanum Gothic',                     
                             'Nanum Myeongjo', 'Nanum Pen                       
                             Script', 'New Peninim MT',                         
                             'Noteworthy', 'Noto Nastaliq                       
                             Urdu', 'Noto Sans Batak', 'Noto                    
                             Sans Kannada', 'Noto Sans                          
                             Myanmar', 'Noto Sans NKo',                         
                             'Noto Sans Oriya', 'Noto Sans                      
                             Syriac', 'Noto Sans Tagalog',                      
                             'Noto Serif Myanmar', 'Optima',                    
                             'Oriya MN', 'Oriya Sangam MN',                     
                             'Osaka', 'PCMyungjo', 'PT                          
                             Mono', 'PT Sans', 'PT Sans                         
                             Caption', 'PT Sans Narrow', 'PT                    
                             Serif', 'PT Serif Caption',                        
                             'Palatino', 'Papyrus', 'Party                      
                             LET', 'Phosphate', 'PilGi',                        
                             'PingFang HK', 'PingFang MO',                      
                             'PingFang SC', 'PingFang TC',                      
                             'Plantagenet Cherokee',                            
                             'Raanana', 'Rockwell',                             
                             'STFangsong', 'STHeiti', 'STIX                     
                             Two Math', 'STIX Two Text',                        
                             'STKaiti', 'STSong', 'Sana',                       
                             'Sans', 'Sathu', 'Savoye LET',                     
                             'Serif', 'Shree Devanagari                         
                             714', 'SignPainter', 'Silom',                      
                             'SimSong', 'Sinhala MN',                           
                             'Sinhala Sangam MN', 'Skia',                       
                             'Snell Roundhand', 'Songti SC',                    
                             'Songti TC', 'Sukhumvit Set',                      
                             'Symbol', 'Tahoma', 'Tamil MN',                    
                             'Tamil Sangam MN', 'Telugu MN',                    
                             'Telugu Sangam MN', 'Thonburi',                    
                             'Times New Roman', 'Toppan                         
                             Bunkyu Gothic', 'Toppan Bunkyu                     
                             Midashi Gothic', 'Toppan Bunkyu                    
                             Midashi Mincho', 'Toppan Bunkyu                    
                             Mincho', 'Trattatello',                            
                             'Trebuchet MS', 'Tsukushi A                        
                             Round Gothic', 'Tsukushi B                         
                             Round Gothic', 'Verdana',                          
                             'Waseem', 'Wawati SC', 'Wawati                     
                             TC', 'Webdings', 'Weibei SC',                      
                             'Weibei TC', 'Wingdings',                          
                             'Wingdings 2', 'Wingdings 3',                      
                             'Xingkai SC', 'Xingkai TC',                        
                             'YuGothic', 'YuKyokasho',                          
                             'YuKyokasho Yoko', 'YuMincho',                     
                             'YuMincho +36p Kana', 'Yuanti                      
                             SC', 'Yuanti TC', 'Yuppy SC',                      
                             'Yuppy TC', 'Zapf Dingbats',                       
                             'Zapfino', 'cursive',                              
                             'fantasy', 'system-ui'].                           
                    WARNING  Font Noto Sans CJK SC not in    text_mobject.py:464
                             ['.AppleSystemUIFont', 'Academy                    
                             Engraved LET', 'Al Bayan', 'Al                     
                             Nile', 'Al Tarikh', 'American                      
                             Typewriter', 'Andale Mono',                        
                             'Apple Braille', 'Apple                            
                             Chancery', 'Apple Color Emoji',                    
                             'Apple LiGothic', 'Apple                           
                             LiSung', 'Apple SD Gothic Neo',                    
                             'Apple Symbols', 'AppleGothic',                    
                             'AppleMyungjo', 'Arial', 'Arial                    
                             Black', 'Arial Hebrew', 'Arial                     
                             Hebrew Scholar', 'Arial                            
                             Narrow', 'Arial Rounded MT                         
                             Bold', 'Arial Unicode MS',                         
                             'Avenir', 'Avenir Next',                           
                             'Avenir Next Condensed',                           
                             'Ayuthaya', 'BIZ UDGothic',                        
                             'BIZ UDMincho', 'BM Dohyeon',                      
                             'BM Hanna 11yrs Old', 'BM Hanna                    
                             Air', 'BM Hanna Pro', 'BM Jua',                    
                             'BM Kirang Haerang', 'BM                           
                             Yeonsung', 'Baghdad', 'Bangla                      
                             MN', 'Bangla Sangam MN', 'Baoli                    
                             SC', 'Baoli TC', 'Baskerville',                    
                             'Beirut', 'BiauKaiHK',                             
                             'BiauKaiTC', 'Big Caslon',                         
                             'Bodoni 72', 'Bodoni 72                            
                             Oldstyle', 'Bodoni 72                              
                             Smallcaps', 'Bodoni Ornaments',                    
                             'Bradley Hand', 'Brush Script                      
                             MT', 'Chalkboard', 'Chalkboard                     
                             SE', 'Chalkduster', 'Charter',                     
                             'Cochin', 'Comic Sans MS',                         
                             'Copperplate', 'Corsiva                            
                             Hebrew', 'Courier New', 'DIN                       
                             Alternate', 'DIN Condensed',                       
                             'Damascus', 'DecoType Naskh',                      
                             'Devanagari MT', 'Devanagari                       
                             Sangam MN', 'Didot', 'Diwan                        
                             Kufi', 'Diwan Thuluth',                            
                             'Euphemia UCAS', 'Farah',                          
                             'Farisi', 'Futura', 'GB18030                       
                             Bitmap', 'Galvji', 'Geeza Pro',                    
                             'Geneva', 'Georgia', 'Gill                         
                             Sans', 'Grantha Sangam MN',                        
                             'Gujarati MT', 'Gujarati Sangam                    
                             MN', 'GungSeo', 'Gurmukhi MN',                     
                             'Gurmukhi MT', 'Gurmukhi Sangam                    
                             MN', 'Hannotate SC', 'Hannotate                    
                             TC', 'HanziPen SC', 'HanziPen                      
                             TC', 'HeadLineA', 'Hei', 'Heiti                    
                             SC', 'Heiti TC', 'Helvetica',                      
                             'Helvetica Neue', 'Herculanum',                    
                             'Hiragino Maru Gothic ProN',                       
                             'Hiragino Mincho ProN',                            
                             'Hiragino Sans', 'Hiragino Sans                    
                             GB', 'Hoefler Text', 'ITF                          
                             Devanagari', 'ITF Devanagari                       
                             Marathi', 'Impact',                                
                             'InaiMathi', 'Kai', 'Kailasa',                     
                             'Kaiti SC', 'Kaiti TC',                            
                             'Kannada MN', 'Kannada Sangam                      
                             MN', 'Kefa III', 'Khmer MN',                       
                             'Khmer Sangam MN', 'Klee',                         
                             'Kohinoor Bangla', 'Kohinoor                       
                             Devanagari', 'Kohinoor                             
                             Gujarati', 'Kohinoor Telugu',                      
                             'Kokonor', 'Krungthep',                            
                             'KufiStandardGK', 'LXGW                            
                             ZhenKai', 'Lantinghei SC',                         
                             'Lantinghei TC', 'Lao MN', 'Lao                    
                             Sangam MN', 'LiHei Pro',                           
                             'LiSong Pro', 'Libian SC',                         
                             'Libian TC', 'LingWai SC',                         
                             'LingWai TC', 'Lucida Grande',                     
                             'Luminari', 'Malayalam MN',                        
                             'Malayalam Sangam MN', 'Marker                     
                             Felt', 'Menlo', 'Microsoft Sans                    
                             Serif', 'Mishafi', 'Mishafi                        
                             Gold', 'Monaco', 'Monospace',                      
                             'Mshtakan', 'Mukta Mahee',                         
                             'Muna', 'Myanmar MN', 'Myanmar                     
                             Sangam MN', 'Nadeem', 'Nanum                       
                             Brush Script', 'Nanum Gothic',                     
                             'Nanum Myeongjo', 'Nanum Pen                       
                             Script', 'New Peninim MT',                         
                             'Noteworthy', 'Noto Nastaliq                       
                             Urdu', 'Noto Sans Batak', 'Noto                    
                             Sans Kannada', 'Noto Sans                          
                             Myanmar', 'Noto Sans NKo',                         
                             'Noto Sans Oriya', 'Noto Sans                      
                             Syriac', 'Noto Sans Tagalog',                      
                             'Noto Serif Myanmar', 'Optima',                    
                             'Oriya MN', 'Oriya Sangam MN',                     
                             'Osaka', 'PCMyungjo', 'PT                          
                             Mono', 'PT Sans', 'PT Sans                         
                             Caption', 'PT Sans Narrow', 'PT                    
                             Serif', 'PT Serif Caption',                        
                             'Palatino', 'Papyrus', 'Party                      
                             LET', 'Phosphate', 'PilGi',                        
                             'PingFang HK', 'PingFang MO',                      
                             'PingFang SC', 'PingFang TC',                      
                             'Plantagenet Cherokee',                            
                             'Raanana', 'Rockwell',                             
                             'STFangsong', 'STHeiti', 'STIX                     
                             Two Math', 'STIX Two Text',                        
                             'STKaiti', 'STSong', 'Sana',                       
                             'Sans', 'Sathu', 'Savoye LET',                     
                             'Serif', 'Shree Devanagari                         
                             714', 'SignPainter', 'Silom',                      
                             'SimSong', 'Sinhala MN',                           
                             'Sinhala Sangam MN', 'Skia',                       
                             'Snell Roundhand', 'Songti SC',                    
                             'Songti TC', 'Sukhumvit Set',                      
                             'Symbol', 'Tahoma', 'Tamil MN',                    
                             'Tamil Sangam MN', 'Telugu MN',                    
                             'Telugu Sangam MN', 'Thonburi',                    
                             'Times New Roman', 'Toppan                         
                             Bunkyu Gothic', 'Toppan Bunkyu                     
                             Midashi Gothic', 'Toppan Bunkyu                    
                             Midashi Mincho', 'Toppan Bunkyu                    
                             Mincho', 'Trattatello',                            
                             'Trebuchet MS', 'Tsukushi A                        
                             Round Gothic', 'Tsukushi B                         
                             Round Gothic', 'Verdana',                          
                             'Waseem', 'Wawati SC', 'Wawati                     
                             TC', 'Webdings', 'Weibei SC',                      
                             'Weibei TC', 'Wingdings',                          
                             'Wingdings 2', 'Wingdings 3',                      
                             'Xingkai SC', 'Xingkai TC',                        
                             'YuGothic', 'YuKyokasho',                          
                             'YuKyokasho Yoko', 'YuMincho',                     
                             'YuMincho +36p Kana', 'Yuanti                      
                             SC', 'Yuanti TC', 'Yuppy SC',                      
                             'Yuppy TC', 'Zapf Dingbats',                       
                             'Zapfino', 'cursive',                              
                             'fantasy', 'system-ui'].                           
                    WARNING  Font Noto Sans CJK SC not in    text_mobject.py:464
                             ['.AppleSystemUIFont', 'Academy                    
                             Engraved LET', 'Al Bayan', 'Al                     
                             Nile', 'Al Tarikh', 'American                      
                             Typewriter', 'Andale Mono',                        
                             'Apple Braille', 'Apple                            
                             Chancery', 'Apple Color Emoji',                    
                             'Apple LiGothic', 'Apple                           
                             LiSung', 'Apple SD Gothic Neo',                    
                             'Apple Symbols', 'AppleGothic',                    
                             'AppleMyungjo', 'Arial', 'Arial                    
                             Black', 'Arial Hebrew', 'Arial                     
                             Hebrew Scholar', 'Arial                            
                             Narrow', 'Arial Rounded MT                         
                             Bold', 'Arial Unicode MS',                         
                             'Avenir', 'Avenir Next',                           
                             'Avenir Next Condensed',                           
                             'Ayuthaya', 'BIZ UDGothic',                        
                             'BIZ UDMincho', 'BM Dohyeon',                      
                             'BM Hanna 11yrs Old', 'BM Hanna                    
                             Air', 'BM Hanna Pro', 'BM Jua',                    
                             'BM Kirang Haerang', 'BM                           
                             Yeonsung', 'Baghdad', 'Bangla                      
                             MN', 'Bangla Sangam MN', 'Baoli                    
                             SC', 'Baoli TC', 'Baskerville',                    
                             'Beirut', 'BiauKaiHK',                             
                             'BiauKaiTC', 'Big Caslon',                         
                             'Bodoni 72', 'Bodoni 72                            
                             Oldstyle', 'Bodoni 72                              
                             Smallcaps', 'Bodoni Ornaments',                    
                             'Bradley Hand', 'Brush Script                      
                             MT', 'Chalkboard', 'Chalkboard                     
                             SE', 'Chalkduster', 'Charter',                     
                             'Cochin', 'Comic Sans MS',                         
                             'Copperplate', 'Corsiva                            
                             Hebrew', 'Courier New', 'DIN                       
                             Alternate', 'DIN Condensed',                       
                             'Damascus', 'DecoType Naskh',                      
                             'Devanagari MT', 'Devanagari                       
                             Sangam MN', 'Didot', 'Diwan                        
                             Kufi', 'Diwan Thuluth',                            
                             'Euphemia UCAS', 'Farah',                          
                             'Farisi', 'Futura', 'GB18030                       
                             Bitmap', 'Galvji', 'Geeza Pro',                    
                             'Geneva', 'Georgia', 'Gill                         
                             Sans', 'Grantha Sangam MN',                        
                             'Gujarati MT', 'Gujarati Sangam                    
                             MN', 'GungSeo', 'Gurmukhi MN',                     
                             'Gurmukhi MT', 'Gurmukhi Sangam                    
                             MN', 'Hannotate SC', 'Hannotate                    
                             TC', 'HanziPen SC', 'HanziPen                      
                             TC', 'HeadLineA', 'Hei', 'Heiti                    
                             SC', 'Heiti TC', 'Helvetica',                      
                             'Helvetica Neue', 'Herculanum',                    
                             'Hiragino Maru Gothic ProN',                       
                             'Hiragino Mincho ProN',                            
                             'Hiragino Sans', 'Hiragino Sans                    
                             GB', 'Hoefler Text', 'ITF                          
                             Devanagari', 'ITF Devanagari                       
                             Marathi', 'Impact',                                
                             'InaiMathi', 'Kai', 'Kailasa',                     
                             'Kaiti SC', 'Kaiti TC',                            
                             'Kannada MN', 'Kannada Sangam                      
                             MN', 'Kefa III', 'Khmer MN',                       
                             'Khmer Sangam MN', 'Klee',                         
                             'Kohinoor Bangla', 'Kohinoor                       
                             Devanagari', 'Kohinoor                             
                             Gujarati', 'Kohinoor Telugu',                      
                             'Kokonor', 'Krungthep',                            
                             'KufiStandardGK', 'LXGW                            
                             ZhenKai', 'Lantinghei SC',                         
                             'Lantinghei TC', 'Lao MN', 'Lao                    
                             Sangam MN', 'LiHei Pro',                           
                             'LiSong Pro', 'Libian SC',                         
                             'Libian TC', 'LingWai SC',                         
                             'LingWai TC', 'Lucida Grande',                     
                             'Luminari', 'Malayalam MN',                        
                             'Malayalam Sangam MN', 'Marker                     
                             Felt', 'Menlo', 'Microsoft Sans                    
                             Serif', 'Mishafi', 'Mishafi                        
                             Gold', 'Monaco', 'Monospace',                      
                             'Mshtakan', 'Mukta Mahee',                         
                             'Muna', 'Myanmar MN', 'Myanmar                     
                             Sangam MN', 'Nadeem', 'Nanum                       
                             Brush Script', 'Nanum Gothic',                     
                             'Nanum Myeongjo', 'Nanum Pen                       
                             Script', 'New Peninim MT',                         
                             'Noteworthy', 'Noto Nastaliq                       
                             Urdu', 'Noto Sans Batak', 'Noto                    
                             Sans Kannada', 'Noto Sans                          
                             Myanmar', 'Noto Sans NKo',                         
                             'Noto Sans Oriya', 'Noto Sans                      
                             Syriac', 'Noto Sans Tagalog',                      
                             'Noto Serif Myanmar', 'Optima',                    
                             'Oriya MN', 'Oriya Sangam MN',                     
                             'Osaka', 'PCMyungjo', 'PT                          
                             Mono', 'PT Sans', 'PT Sans                         
                             Caption', 'PT Sans Narrow', 'PT                    
                             Serif', 'PT Serif Caption',                        
                             'Palatino', 'Papyrus', 'Party                      
                             LET', 'Phosphate', 'PilGi',                        
                             'PingFang HK', 'PingFang MO',                      
                             'PingFang SC', 'PingFang TC',                      
                             'Plantagenet Cherokee',                            
                             'Raanana', 'Rockwell',                             
                             'STFangsong', 'STHeiti', 'STIX                     
                             Two Math', 'STIX Two Text',                        
                             'STKaiti', 'STSong', 'Sana',                       
                             'Sans', 'Sathu', 'Savoye LET',                     
                             'Serif', 'Shree Devanagari                         
                             714', 'SignPainter', 'Silom',                      
                             'SimSong', 'Sinhala MN',                           
                             'Sinhala Sangam MN', 'Skia',                       
                             'Snell Roundhand', 'Songti SC',                    
                             'Songti TC', 'Sukhumvit Set',                      
                             'Symbol', 'Tahoma', 'Tamil MN',                    
                             'Tamil Sangam MN', 'Telugu MN',                    
                             'Telugu Sangam MN', 'Thonburi',                    
                             'Times New Roman', 'Toppan                         
                             Bunkyu Gothic', 'Toppan Bunkyu                     
                             Midashi Gothic', 'Toppan Bunkyu                    
                             Midashi Mincho', 'Toppan Bunkyu                    
                             Mincho', 'Trattatello',                            
                             'Trebuchet MS', 'Tsukushi A                        
                             Round Gothic', 'Tsukushi B                         
                             Round Gothic', 'Verdana',                          
                             'Waseem', 'Wawati SC', 'Wawati                     
                             TC', 'Webdings', 'Weibei SC',                      
                             'Weibei TC', 'Wingdings',                          
                             'Wingdings 2', 'Wingdings 3',                      
                             'Xingkai SC', 'Xingkai TC',                        
                             'YuGothic', 'YuKyokasho',                          
                             'YuKyokasho Yoko', 'YuMincho',                     
                             'YuMincho +36p Kana', 'Yuanti                      
                             SC', 'Yuanti TC', 'Yuppy SC',                      
                             'Yuppy TC', 'Zapf Dingbats',                       
                             'Zapfino', 'cursive',                              
                             'fantasy', 'system-ui'].                           
                    WARNING  Font Noto Sans CJK SC not in    text_mobject.py:464
                             ['.AppleSystemUIFont', 'Academy                    
                             Engraved LET', 'Al Bayan', 'Al                     
                             Nile', 'Al Tarikh', 'American                      
                             Typewriter', 'Andale Mono',                        
                             'Apple Braille', 'Apple                            
                             Chancery', 'Apple Color Emoji',                    
                             'Apple LiGothic', 'Apple                           
                             LiSung', 'Apple SD Gothic Neo',                    
                             'Apple Symbols', 'AppleGothic',                    
                             'AppleMyungjo', 'Arial', 'Arial                    
                             Black', 'Arial Hebrew', 'Arial                     
                             Hebrew Scholar', 'Arial                            
                             Narrow', 'Arial Rounded MT                         
                             Bold', 'Arial Unicode MS',                         
                             'Avenir', 'Avenir Next',                           
                             'Avenir Next Condensed',                           
                             'Ayuthaya', 'BIZ UDGothic',                        
                             'BIZ UDMincho', 'BM Dohyeon',                      
                             'BM Hanna 11yrs Old', 'BM Hanna                    
                             Air', 'BM Hanna Pro', 'BM Jua',                    
                             'BM Kirang Haerang', 'BM                           
                             Yeonsung', 'Baghdad', 'Bangla                      
                             MN', 'Bangla Sangam MN', 'Baoli                    
                             SC', 'Baoli TC', 'Baskerville',                    
                             'Beirut', 'BiauKaiHK',                             
                             'BiauKaiTC', 'Big Caslon',                         
                             'Bodoni 72', 'Bodoni 72                            
                             Oldstyle', 'Bodoni 72                              
                             Smallcaps', 'Bodoni Ornaments',                    
                             'Bradley Hand', 'Brush Script                      
                             MT', 'Chalkboard', 'Chalkboard                     
                             SE', 'Chalkduster', 'Charter',                     
                             'Cochin', 'Comic Sans MS',                         
                             'Copperplate', 'Corsiva                            
                             Hebrew', 'Courier New', 'DIN                       
                             Alternate', 'DIN Condensed',                       
                             'Damascus', 'DecoType Naskh',                      
                             'Devanagari MT', 'Devanagari                       
                             Sangam MN', 'Didot', 'Diwan                        
                             Kufi', 'Diwan Thuluth',                            
                             'Euphemia UCAS', 'Farah',                          
                             'Farisi', 'Futura', 'GB18030                       
                             Bitmap', 'Galvji', 'Geeza Pro',                    
                             'Geneva', 'Georgia', 'Gill                         
                             Sans', 'Grantha Sangam MN',                        
                             'Gujarati MT', 'Gujarati Sangam                    
                             MN', 'GungSeo', 'Gurmukhi MN',                     
                             'Gurmukhi MT', 'Gurmukhi Sangam                    
                             MN', 'Hannotate SC', 'Hannotate                    
                             TC', 'HanziPen SC', 'HanziPen                      
                             TC', 'HeadLineA', 'Hei', 'Heiti                    
                             SC', 'Heiti TC', 'Helvetica',                      
                             'Helvetica Neue', 'Herculanum',                    
                             'Hiragino Maru Gothic ProN',                       
                             'Hiragino Mincho ProN',                            
                             'Hiragino Sans', 'Hiragino Sans                    
                             GB', 'Hoefler Text', 'ITF                          
                             Devanagari', 'ITF Devanagari                       
                             Marathi', 'Impact',                                
                             'InaiMathi', 'Kai', 'Kailasa',                     
                             'Kaiti SC', 'Kaiti TC',                            
                             'Kannada MN', 'Kannada Sangam                      
                             MN', 'Kefa III', 'Khmer MN',                       
                             'Khmer Sangam MN', 'Klee',                         
                             'Kohinoor Bangla', 'Kohinoor                       
                             Devanagari', 'Kohinoor                             
                             Gujarati', 'Kohinoor Telugu',                      
                             'Kokonor', 'Krungthep',                            
                             'KufiStandardGK', 'LXGW                            
                             ZhenKai', 'Lantinghei SC',                         
                             'Lantinghei TC', 'Lao MN', 'Lao                    
                             Sangam MN', 'LiHei Pro',                           
                             'LiSong Pro', 'Libian SC',                         
                             'Libian TC', 'LingWai SC',                         
                             'LingWai TC', 'Lucida Grande',                     
                             'Luminari', 'Malayalam MN',                        
                             'Malayalam Sangam MN', 'Marker                     
                             Felt', 'Menlo', 'Microsoft Sans                    
                             Serif', 'Mishafi', 'Mishafi                        
                             Gold', 'Monaco', 'Monospace',                      
                             'Mshtakan', 'Mukta Mahee',                         
                             'Muna', 'Myanmar MN', 'Myanmar                     
                             Sangam MN', 'Nadeem', 'Nanum                       
                             Brush Script', 'Nanum Gothic',                     
                             'Nanum Myeongjo', 'Nanum Pen                       
                             Script', 'New Peninim MT',                         
                             'Noteworthy', 'Noto Nastaliq                       
                             Urdu', 'Noto Sans Batak', 'Noto                    
                             Sans Kannada', 'Noto Sans                          
                             Myanmar', 'Noto Sans NKo',                         
                             'Noto Sans Oriya', 'Noto Sans                      
                             Syriac', 'Noto Sans Tagalog',                      
                             'Noto Serif Myanmar', 'Optima',                    
                             'Oriya MN', 'Oriya Sangam MN',                     
                             'Osaka', 'PCMyungjo', 'PT                          
                             Mono', 'PT Sans', 'PT Sans                         
                             Caption', 'PT Sans Narrow', 'PT                    
                             Serif', 'PT Serif Caption',                        
                             'Palatino', 'Papyrus', 'Party                      
                             LET', 'Phosphate', 'PilGi',                        
                             'PingFang HK', 'PingFang MO',                      
                             'PingFang SC', 'PingFang TC',                      
                             'Plantagenet Cherokee',                            
                             'Raanana', 'Rockwell',                             
                             'STFangsong', 'STHeiti', 'STIX                     
                             Two Math', 'STIX Two Text',                        
                             'STKaiti', 'STSong', 'Sana',                       
                             'Sans', 'Sathu', 'Savoye LET',                     
                             'Serif', 'Shree Devanagari                         
                             714', 'SignPainter', 'Silom',                      
                             'SimSong', 'Sinhala MN',                           
                             'Sinhala Sangam MN', 'Skia',                       
                             'Snell Roundhand', 'Songti SC',                    
                             'Songti TC', 'Sukhumvit Set',                      
                             'Symbol', 'Tahoma', 'Tamil MN',                    
                             'Tamil Sangam MN', 'Telugu MN',                    
                             'Telugu Sangam MN', 'Thonburi',                    
                             'Times New Roman', 'Toppan                         
                             Bunkyu Gothic', 'Toppan Bunkyu                     
                             Midashi Gothic', 'Toppan Bunkyu                    
                             Midashi Mincho', 'Toppan Bunkyu                    
                             Mincho', 'Trattatello',                            
                             'Trebuchet MS', 'Tsukushi A                        
                             Round Gothic', 'Tsukushi B                         
                             Round Gothic', 'Verdana',                          
                             'Waseem', 'Wawati SC', 'Wawati                     
                             TC', 'Webdings', 'Weibei SC',                      
                             'Weibei TC', 'Wingdings',                          
                             'Wingdings 2', 'Wingdings 3',                      
                             'Xingkai SC', 'Xingkai TC',                        
                             'YuGothic', 'YuKyokasho',                          
                             'YuKyokasho Yoko', 'YuMincho',                     
                             'YuMincho +36p Kana', 'Yuanti                      
                             SC', 'Yuanti TC', 'Yuppy SC',                      
                             'Yuppy TC', 'Zapf Dingbats',                       
                             'Zapfino', 'cursive',                              
                             'fantasy', 'system-ui'].                           
                    WARNING  Font Noto Sans CJK SC not in    text_mobject.py:464
                             ['.AppleSystemUIFont', 'Academy                    
                             Engraved LET', 'Al Bayan', 'Al                     
                             Nile', 'Al Tarikh', 'American                      
                             Typewriter', 'Andale Mono',                        
                             'Apple Braille', 'Apple                            
                             Chancery', 'Apple Color Emoji',                    
                             'Apple LiGothic', 'Apple                           
                             LiSung', 'Apple SD Gothic Neo',                    
                             'Apple Symbols', 'AppleGothic',                    
                             'AppleMyungjo', 'Arial', 'Arial                    
                             Black', 'Arial Hebrew', 'Arial                     
                             Hebrew Scholar', 'Arial                            
                             Narrow', 'Arial Rounded MT                         
                             Bold', 'Arial Unicode MS',                         
                             'Avenir', 'Avenir Next',                           
                             'Avenir Next Condensed',                           
                             'Ayuthaya', 'BIZ UDGothic',                        
                             'BIZ UDMincho', 'BM Dohyeon',                      
                             'BM Hanna 11yrs Old', 'BM Hanna                    
                             Air', 'BM Hanna Pro', 'BM Jua',                    
                             'BM Kirang Haerang', 'BM                           
                             Yeonsung', 'Baghdad', 'Bangla                      
                             MN', 'Bangla Sangam MN', 'Baoli                    
                             SC', 'Baoli TC', 'Baskerville',                    
                             'Beirut', 'BiauKaiHK',                             
                             'BiauKaiTC', 'Big Caslon',                         
                             'Bodoni 72', 'Bodoni 72                            
                             Oldstyle', 'Bodoni 72                              
                             Smallcaps', 'Bodoni Ornaments',                    
                             'Bradley Hand', 'Brush Script                      
                             MT', 'Chalkboard', 'Chalkboard                     
                             SE', 'Chalkduster', 'Charter',                     
                             'Cochin', 'Comic Sans MS',                         
                             'Copperplate', 'Corsiva                            
                             Hebrew', 'Courier New', 'DIN                       
                             Alternate', 'DIN Condensed',                       
                             'Damascus', 'DecoType Naskh',                      
                             'Devanagari MT', 'Devanagari                       
                             Sangam MN', 'Didot', 'Diwan                        
                             Kufi', 'Diwan Thuluth',                            
                             'Euphemia UCAS', 'Farah',                          
                             'Farisi', 'Futura', 'GB18030                       
                             Bitmap', 'Galvji', 'Geeza Pro',                    
                             'Geneva', 'Georgia', 'Gill                         
                             Sans', 'Grantha Sangam MN',                        
                             'Gujarati MT', 'Gujarati Sangam                    
                             MN', 'GungSeo', 'Gurmukhi MN',                     
                             'Gurmukhi MT', 'Gurmukhi Sangam                    
                             MN', 'Hannotate SC', 'Hannotate                    
                             TC', 'HanziPen SC', 'HanziPen                      
                             TC', 'HeadLineA', 'Hei', 'Heiti                    
                             SC', 'Heiti TC', 'Helvetica',                      
                             'Helvetica Neue', 'Herculanum',                    
                             'Hiragino Maru Gothic ProN',                       
                             'Hiragino Mincho ProN',                            
                             'Hiragino Sans', 'Hiragino Sans                    
                             GB', 'Hoefler Text', 'ITF                          
                             Devanagari', 'ITF Devanagari                       
                             Marathi', 'Impact',                                
                             'InaiMathi', 'Kai', 'Kailasa',                     
                             'Kaiti SC', 'Kaiti TC',                            
                             'Kannada MN', 'Kannada Sangam                      
                             MN', 'Kefa III', 'Khmer MN',                       
                             'Khmer Sangam MN', 'Klee',                         
                             'Kohinoor Bangla', 'Kohinoor                       
                             Devanagari', 'Kohinoor                             
                             Gujarati', 'Kohinoor Telugu',                      
                             'Kokonor', 'Krungthep',                            
                             'KufiStandardGK', 'LXGW                            
                             ZhenKai', 'Lantinghei SC',                         
                             'Lantinghei TC', 'Lao MN', 'Lao                    
                             Sangam MN', 'LiHei Pro',                           
                             'LiSong Pro', 'Libian SC',                         
                             'Libian TC', 'LingWai SC',                         
                             'LingWai TC', 'Lucida Grande',                     
                             'Luminari', 'Malayalam MN',                        
                             'Malayalam Sangam MN', 'Marker                     
                             Felt', 'Menlo', 'Microsoft Sans                    
                             Serif', 'Mishafi', 'Mishafi                        
                             Gold', 'Monaco', 'Monospace',                      
                             'Mshtakan', 'Mukta Mahee',                         
                             'Muna', 'Myanmar MN', 'Myanmar                     
                             Sangam MN', 'Nadeem', 'Nanum                       
                             Brush Script', 'Nanum Gothic',                     
                             'Nanum Myeongjo', 'Nanum Pen                       
                             Script', 'New Peninim MT',                         
                             'Noteworthy', 'Noto Nastaliq                       
                             Urdu', 'Noto Sans Batak', 'Noto                    
                             Sans Kannada', 'Noto Sans                          
                             Myanmar', 'Noto Sans NKo',                         
                             'Noto Sans Oriya', 'Noto Sans                      
                             Syriac', 'Noto Sans Tagalog',                      
                             'Noto Serif Myanmar', 'Optima',                    
                             'Oriya MN', 'Oriya Sangam MN',                     
                             'Osaka', 'PCMyungjo', 'PT                          
                             Mono', 'PT Sans', 'PT Sans                         
                             Caption', 'PT Sans Narrow', 'PT                    
                             Serif', 'PT Serif Caption',                        
                             'Palatino', 'Papyrus', 'Party                      
                             LET', 'Phosphate', 'PilGi',                        
                             'PingFang HK', 'PingFang MO',                      
                             'PingFang SC', 'PingFang TC',                      
                             'Plantagenet Cherokee',                            
                             'Raanana', 'Rockwell',                             
                             'STFangsong', 'STHeiti', 'STIX                     
                             Two Math', 'STIX Two Text',                        
                             'STKaiti', 'STSong', 'Sana',                       
                             'Sans', 'Sathu', 'Savoye LET',                     
                             'Serif', 'Shree Devanagari                         
                             714', 'SignPainter', 'Silom',                      
                             'SimSong', 'Sinhala MN',                           
                             'Sinhala Sangam MN', 'Skia',                       
                             'Snell Roundhand', 'Songti SC',                    
                             'Songti TC', 'Sukhumvit Set',                      
                             'Symbol', 'Tahoma', 'Tamil MN',                    
                             'Tamil Sangam MN', 'Telugu MN',                    
                             'Telugu Sangam MN', 'Thonburi',                    
                             'Times New Roman', 'Toppan                         
                             Bunkyu Gothic', 'Toppan Bunkyu                     
                             Midashi Gothic', 'Toppan Bunkyu                    
                             Midashi Mincho', 'Toppan Bunkyu                    
                             Mincho', 'Trattatello',                            
                             'Trebuchet MS', 'Tsukushi A                        
                             Round Gothic', 'Tsukushi B                         
                             Round Gothic', 'Verdana',                          
                             'Waseem', 'Wawati SC', 'Wawati                     
                             TC', 'Webdings', 'Weibei SC',                      
                             'Weibei TC', 'Wingdings',                          
                             'Wingdings 2', 'Wingdings 3',                      
                             'Xingkai SC', 'Xingkai TC',                        
                             'YuGothic', 'YuKyokasho',                          
                             'YuKyokasho Yoko', 'YuMincho',                     
                             'YuMincho +36p Kana', 'Yuanti                      
                             SC', 'Yuanti TC', 'Yuppy SC',                      
                             'Yuppy TC', 'Zapf Dingbats',                       
                             'Zapfino', 'cursive',                              
                             'fantasy', 'system-ui'].                           
Animation 95: FadeIn(Dot), etc.:   0%|          | 0/30 [00:00<?, ?it/s]Animation 95: FadeIn(Dot), etc.:  63%|██████▎   | 19/30 [00:00<00:00, 189.33it/s]                                                                                 [02/27/26 10:31:48] INFO     Animation 95 : Partial     scene_file_writer.py:590
                             movie file written in                              
                             '/Users/mx/Desktop/manim_m                         
                             ath/高中/高三/第二学期/第                          
                             十七章-概率论初步/001随机                          
                             事件与概率/media/videos/pr                         
                             obability/1920p60/partial_                         
                             movie_files/ProbabilitySce                         
                             ne/656162490_1153207792_44                         
                             1913434.mp4'                                       
Animation 96: FadeIn(VGroup of 6 submobjects):   0%|          | 0/24 [00:00<?, ?it/s]Animation 96: FadeIn(VGroup of 6 submobjects):  46%|████▌     | 11/24 [00:00<00:00, 106.60it/s]                                                                                                                   INFO     Animation 96 : Partial     scene_file_writer.py:590
                             movie file written in                              
                             '/Users/mx/Desktop/manim_m                         
                             ath/高中/高三/第二学期/第                          
                             十七章-概率论初步/001随机                          
                             事件与概率/media/videos/pr                         
                             obability/1920p60/partial_                         
                             movie_files/ProbabilitySce                         
                             ne/656162490_3967199354_11                         
                             04686896.mp4'                                      
Animation 97: _MethodAnimation(Dot), etc.:   0%|          | 0/21 [00:00<?, ?it/s]Animation 97: _MethodAnimation(Dot), etc.:  67%|██████▋   | 14/21 [00:00<00:00, 138.20it/s]                                                                                           [02/27/26 10:31:49] INFO     Animation 97 : Partial     scene_file_writer.py:590
                             movie file written in                              
                             '/Users/mx/Desktop/manim_m                         
                             ath/高中/高三/第二学期/第                          
                             十七章-概率论初步/001随机                          
                             事件与概率/media/videos/pr                         
                             obability/1920p60/partial_                         
                             movie_files/ProbabilitySce                         
                             ne/656162490_461350373_373                         
                             1246516.mp4'                                       
Animation 98: _MethodAnimation(Dot), etc.:   0%|          | 0/21 [00:00<?, ?it/s]Animation 98: _MethodAnimation(Dot), etc.:  62%|██████▏   | 13/21 [00:00<00:00, 129.81it/s]                                                                                                               INFO     Animation 98 : Partial     scene_file_writer.py:590
                             movie file written in                              
                             '/Users/mx/Desktop/manim_m                         
                             ath/高中/高三/第二学期/第                          
                             十七章-概率论初步/001随机                          
                             事件与概率/media/videos/pr                         
                             obability/1920p60/partial_                         
                             movie_files/ProbabilitySce                         
                             ne/656162490_2899728577_37                         
                             31246516.mp4'                                      
                    INFO     Animation 99 : Using cached    cairo_renderer.py:94
                             data (hash :                                       
                             656162490_461350373_3731246516                     
                             )                                                  
Animation 99: _MethodAnimation(Dot), etc.:   0%|          | 0/1 [00:00<?, ?it/s]                                                                                [02/27/26 10:31:50] INFO     Animation 100 : Using cached   cairo_renderer.py:94
                             data (hash :                                       
                             656162490_2899728577_373124651                     
                             6)                                                 
Animation 100: _MethodAnimation(Dot), etc.:   0%|          | 0/1 [00:00<?, ?it/s]                                                                                                     WARNING  Font Noto Sans CJK SC not in    text_mobject.py:464
                             ['.AppleSystemUIFont', 'Academy                    
                             Engraved LET', 'Al Bayan', 'Al                     
                             Nile', 'Al Tarikh', 'American                      
                             Typewriter', 'Andale Mono',                        
                             'Apple Braille', 'Apple                            
                             Chancery', 'Apple Color Emoji',                    
                             'Apple LiGothic', 'Apple                           
                             LiSung', 'Apple SD Gothic Neo',                    
                             'Apple Symbols', 'AppleGothic',                    
                             'AppleMyungjo', 'Arial', 'Arial                    
                             Black', 'Arial Hebrew', 'Arial                     
                             Hebrew Scholar', 'Arial                            
                             Narrow', 'Arial Rounded MT                         
                             Bold', 'Arial Unicode MS',                         
                             'Avenir', 'Avenir Next',                           
                             'Avenir Next Condensed',                           
                             'Ayuthaya', 'BIZ UDGothic',                        
                             'BIZ UDMincho', 'BM Dohyeon',                      
                             'BM Hanna 11yrs Old', 'BM Hanna                    
                             Air', 'BM Hanna Pro', 'BM Jua',                    
                             'BM Kirang Haerang', 'BM                           
                             Yeonsung', 'Baghdad', 'Bangla                      
                             MN', 'Bangla Sangam MN', 'Baoli                    
                             SC', 'Baoli TC', 'Baskerville',                    
                             'Beirut', 'BiauKaiHK',                             
                             'BiauKaiTC', 'Big Caslon',                         
                             'Bodoni 72', 'Bodoni 72                            
                             Oldstyle', 'Bodoni 72                              
                             Smallcaps', 'Bodoni Ornaments',                    
                             'Bradley Hand', 'Brush Script                      
                             MT', 'Chalkboard', 'Chalkboard                     
                             SE', 'Chalkduster', 'Charter',                     
                             'Cochin', 'Comic Sans MS',                         
                             'Copperplate', 'Corsiva                            
                             Hebrew', 'Courier New', 'DIN                       
                             Alternate', 'DIN Condensed',                       
                             'Damascus', 'DecoType Naskh',                      
                             'Devanagari MT', 'Devanagari                       
                             Sangam MN', 'Didot', 'Diwan                        
                             Kufi', 'Diwan Thuluth',                            
                             'Euphemia UCAS', 'Farah',                          
                             'Farisi', 'Futura', 'GB18030                       
                             Bitmap', 'Galvji', 'Geeza Pro',                    
                             'Geneva', 'Georgia', 'Gill                         
                             Sans', 'Grantha Sangam MN',                        
                             'Gujarati MT', 'Gujarati Sangam                    
                             MN', 'GungSeo', 'Gurmukhi MN',                     
                             'Gurmukhi MT', 'Gurmukhi Sangam                    
                             MN', 'Hannotate SC', 'Hannotate                    
                             TC', 'HanziPen SC', 'HanziPen                      
                             TC', 'HeadLineA', 'Hei', 'Heiti                    
                             SC', 'Heiti TC', 'Helvetica',                      
                             'Helvetica Neue', 'Herculanum',                    
                             'Hiragino Maru Gothic ProN',                       
                             'Hiragino Mincho ProN',                            
                             'Hiragino Sans', 'Hiragino Sans                    
                             GB', 'Hoefler Text', 'ITF                          
                             Devanagari', 'ITF Devanagari                       
                             Marathi', 'Impact',                                
                             'InaiMathi', 'Kai', 'Kailasa',                     
                             'Kaiti SC', 'Kaiti TC',                            
                             'Kannada MN', 'Kannada Sangam                      
                             MN', 'Kefa III', 'Khmer MN',                       
                             'Khmer Sangam MN', 'Klee',                         
                             'Kohinoor Bangla', 'Kohinoor                       
                             Devanagari', 'Kohinoor                             
                             Gujarati', 'Kohinoor Telugu',                      
                             'Kokonor', 'Krungthep',                            
                             'KufiStandardGK', 'LXGW                            
                             ZhenKai', 'Lantinghei SC',                         
                             'Lantinghei TC', 'Lao MN', 'Lao                    
                             Sangam MN', 'LiHei Pro',                           
                             'LiSong Pro', 'Libian SC',                         
                             'Libian TC', 'LingWai SC',                         
                             'LingWai TC', 'Lucida Grande',                     
                             'Luminari', 'Malayalam MN',                        
                             'Malayalam Sangam MN', 'Marker                     
                             Felt', 'Menlo', 'Microsoft Sans                    
                             Serif', 'Mishafi', 'Mishafi                        
                             Gold', 'Monaco', 'Monospace',                      
                             'Mshtakan', 'Mukta Mahee',                         
                             'Muna', 'Myanmar MN', 'Myanmar                     
                             Sangam MN', 'Nadeem', 'Nanum                       
                             Brush Script', 'Nanum Gothic',                     
                             'Nanum Myeongjo', 'Nanum Pen                       
                             Script', 'New Peninim MT',                         
                             'Noteworthy', 'Noto Nastaliq                       
                             Urdu', 'Noto Sans Batak', 'Noto                    
                             Sans Kannada', 'Noto Sans                          
                             Myanmar', 'Noto Sans NKo',                         
                             'Noto Sans Oriya', 'Noto Sans                      
                             Syriac', 'Noto Sans Tagalog',                      
                             'Noto Serif Myanmar', 'Optima',                    
                             'Oriya MN', 'Oriya Sangam MN',                     
                             'Osaka', 'PCMyungjo', 'PT                          
                             Mono', 'PT Sans', 'PT Sans                         
                             Caption', 'PT Sans Narrow', 'PT                    
                             Serif', 'PT Serif Caption',                        
                             'Palatino', 'Papyrus', 'Party                      
                             LET', 'Phosphate', 'PilGi',                        
                             'PingFang HK', 'PingFang MO',                      
                             'PingFang SC', 'PingFang TC',                      
                             'Plantagenet Cherokee',                            
                             'Raanana', 'Rockwell',                             
                             'STFangsong', 'STHeiti', 'STIX                     
                             Two Math', 'STIX Two Text',                        
                             'STKaiti', 'STSong', 'Sana',                       
                             'Sans', 'Sathu', 'Savoye LET',                     
                             'Serif', 'Shree Devanagari                         
                             714', 'SignPainter', 'Silom',                      
                             'SimSong', 'Sinhala MN',                           
                             'Sinhala Sangam MN', 'Skia',                       
                             'Snell Roundhand', 'Songti SC',                    
                             'Songti TC', 'Sukhumvit Set',                      
                             'Symbol', 'Tahoma', 'Tamil MN',                    
                             'Tamil Sangam MN', 'Telugu MN',                    
                             'Telugu Sangam MN', 'Thonburi',                    
                             'Times New Roman', 'Toppan                         
                             Bunkyu Gothic', 'Toppan Bunkyu                     
                             Midashi Gothic', 'Toppan Bunkyu                    
                             Midashi Mincho', 'Toppan Bunkyu                    
                             Mincho', 'Trattatello',                            
                             'Trebuchet MS', 'Tsukushi A                        
                             Round Gothic', 'Tsukushi B                         
                             Round Gothic', 'Verdana',                          
                             'Waseem', 'Wawati SC', 'Wawati                     
                             TC', 'Webdings', 'Weibei SC',                      
                             'Weibei TC', 'Wingdings',                          
                             'Wingdings 2', 'Wingdings 3',                      
                             'Xingkai SC', 'Xingkai TC',                        
                             'YuGothic', 'YuKyokasho',                          
                             'YuKyokasho Yoko', 'YuMincho',                     
                             'YuMincho +36p Kana', 'Yuanti                      
                             SC', 'Yuanti TC', 'Yuppy SC',                      
                             'Yuppy TC', 'Zapf Dingbats',                       
                             'Zapfino', 'cursive',                              
                             'fantasy', 'system-ui'].                           
Animation 101: FadeIn(Text('掌握概率，从容应对不确定！')):   0%|          | 0/30 [00:00<?, ?it/s]Animation 101: FadeIn(Text('掌握概率，从容应对不确定！')):  40%|████      | 12/30 [00:00<00:00, 118.79it/s]Animation 101: FadeIn(Text('掌握概率，从容应对不确定！')):  87%|████████▋ | 26/30 [00:00<00:00, 128.18it/s]                                                                                                                               INFO     Animation 101 : Partial    scene_file_writer.py:590
                             movie file written in                              
                             '/Users/mx/Desktop/manim_m                         
                             ath/高中/高三/第二学期/第                          
                             十七章-概率论初步/001随机                          
                             事件与概率/media/videos/pr                         
                             obability/1920p60/partial_                         
                             movie_files/ProbabilitySce                         
                             ne/656162490_1734024907_21                         
                             75273298.mp4'                                      
[02/27/26 10:31:52] INFO     Animation 102 : Partial    scene_file_writer.py:590
                             movie file written in                              
                             '/Users/mx/Desktop/manim_m                         
                             ath/高中/高三/第二学期/第                          
                             十七章-概率论初步/001随机                          
                             事件与概率/media/videos/pr                         
                             obability/1920p60/partial_                         
                             movie_files/ProbabilitySce                         
                             ne/656162490_3366045169_30                         
                             21962082.mp4'                                      
Animation 103: FadeOut(Text('上海初高中数学直通车  @emptyandcalm')), etc.:   0%|          | 0/60 [00:00<?, ?it/s]Animation 103: FadeOut(Text('上海初高中数学直通车  @emptyandcalm')), etc.:   8%|▊         | 5/60 [00:00<00:01, 43.27it/s]Animation 103: FadeOut(Text('上海初高中数学直通车  @emptyandcalm')), etc.:  17%|█▋        | 10/60 [00:00<00:01, 44.38it/s]Animation 103: FadeOut(Text('上海初高中数学直通车  @emptyandcalm')), etc.:  25%|██▌       | 15/60 [00:00<00:01, 41.90it/s]Animation 103: FadeOut(Text('上海初高中数学直通车  @emptyandcalm')), etc.:  33%|███▎      | 20/60 [00:00<00:00, 41.61it/s]Animation 103: FadeOut(Text('上海初高中数学直通车  @emptyandcalm')), etc.:  42%|████▏     | 25/60 [00:00<00:00, 40.04it/s]Animation 103: FadeOut(Text('上海初高中数学直通车  @emptyandcalm')), etc.:  50%|█████     | 30/60 [00:00<00:00, 41.29it/s]Animation 103: FadeOut(Text('上海初高中数学直通车  @emptyandcalm')), etc.:  58%|█████▊    | 35/60 [00:00<00:00, 42.21it/s]Animation 103: FadeOut(Text('上海初高中数学直通车  @emptyandcalm')), etc.:  67%|██████▋   | 40/60 [00:00<00:00, 43.45it/s]Animation 103: FadeOut(Text('上海初高中数学直通车  @emptyandcalm')), etc.:  75%|███████▌  | 45/60 [00:01<00:00, 44.64it/s]Animation 103: FadeOut(Text('上海初高中数学直通车  @emptyandcalm')), etc.:  83%|████████▎ | 50/60 [00:01<00:00, 41.17it/s]Animation 103: FadeOut(Text('上海初高中数学直通车  @emptyandcalm')), etc.:  92%|█████████▏| 55/60 [00:01<00:00, 39.08it/s]Animation 103: FadeOut(Text('上海初高中数学直通车  @emptyandcalm')), etc.: 100%|██████████| 60/60 [00:01<00:00, 41.14it/s]                                                                                                                          [02/27/26 10:31:54] INFO     Animation 103 : Partial    scene_file_writer.py:590
                             movie file written in                              
                             '/Users/mx/Desktop/manim_m                         
                             ath/高中/高三/第二学期/第                          
                             十七章-概率论初步/001随机                          
                             事件与概率/media/videos/pr                         
                             obability/1920p60/partial_                         
                             movie_files/ProbabilitySce                         
                             ne/656162490_3922781426_23                         
                             43466735.mp4'                                      
                    INFO     Combining to Movie file.   scene_file_writer.py:742
                    INFO                                scene_file_writer.py:893
                             File ready at                                      
                             '/Users/mx/Desktop/manim_m                         
                             ath/高中/高三/第二学期/第                          
                             十七章-概率论初步/001随机                          
                             事件与概率/media/videos/pr                         
                             obability/1920p60/Probabil                         
                             ityScene.mp4'                                      
                                                                                
                    INFO     The partial movie          scene_file_writer.py:863
                             directory is full (> 100                           
                             files). Therefore, manim                           
                             has removed the 4 oldest                           
                             file(s). You can change                            
                             this behaviour by changing                         
                             max_files_cached in                                
                             config.                                            
                    INFO     Rendered ProbabilityScene              scene.py:278
                             Played 104 animations                              
