Manim Community v0.20.0

[02/27/26 10:33:28] WARNING  Font Noto Sans CJK SC not in    text_mobject.py:464
                             ['.AppleSystemUIFont', 'Academy                    
                             Engraved LET', 'Al Bayan', 'Al                     
                             Nile', 'Al Tarikh', 'American                      
                             Typewriter', 'Andale Mono',                        
                             'Apple Braille', 'Apple                            
                             Chancery', 'Apple Color Emoji',                    
                             'Apple LiGothic', 'Apple                           
                             LiSung', 'Apple SD Gothic Neo',                    
                             'Apple Symbols', 'AppleGothic',                    
                             'AppleMyungjo', 'Arial', 'Arial                    
                             Black', 'Arial Hebrew', 'Arial                     
                             Hebrew Scholar', 'Arial                            
                             Narrow', 'Arial Rounded MT                         
                             Bold', 'Arial Unicode MS',                         
                             'Avenir', 'Avenir Next',                           
                             'Avenir Next Condensed',                           
                             'Ayuthaya', 'BIZ UDGothic',                        
                             'BIZ UDMincho', 'BM Dohyeon',                      
                             'BM Hanna 11yrs Old', 'BM Hanna                    
                             Air', 'BM Hanna Pro', 'BM Jua',                    
                             'BM Kirang Haerang', 'BM                           
                             Yeonsung', 'Baghdad', 'Bangla                      
                             MN', 'Bangla Sangam MN', 'Baoli                    
                             SC', 'Baoli TC', 'Baskerville',                    
                             'Beirut', 'BiauKaiHK',                             
                             'BiauKaiTC', 'Big Caslon',                         
                             'Bodoni 72', 'Bodoni 72                            
                             Oldstyle', 'Bodoni 72                              
                             Smallcaps', 'Bodoni Ornaments',                    
                             'Bradley Hand', 'Brush Script                      
                             MT', 'Chalkboard', 'Chalkboard                     
                             SE', 'Chalkduster', 'Charter',                     
                             'Cochin', 'Comic Sans MS',                         
                             'Copperplate', 'Corsiva                            
                             Hebrew', 'Courier New', 'DIN                       
                             Alternate', 'DIN Condensed',                       
                             'Damascus', 'DecoType Naskh',                      
                             'Devanagari MT', 'Devanagari                       
                             Sangam MN', 'Didot', 'Diwan                        
                             Kufi', 'Diwan Thuluth',                            
                             'Euphemia UCAS', 'Farah',                          
                             'Farisi', 'Futura', 'GB18030                       
                             Bitmap', 'Galvji', 'Geeza Pro',                    
                             'Geneva', 'Georgia', 'Gill                         
                             Sans', 'Grantha Sangam MN',                        
                             'Gujarati MT', 'Gujarati Sangam                    
                             MN', 'GungSeo', 'Gurmukhi MN',                     
                             'Gurmukhi MT', 'Gurmukhi Sangam                    
                             MN', 'Hannotate SC', 'Hannotate                    
                             TC', 'HanziPen SC', 'HanziPen                      
                             TC', 'HeadLineA', 'Hei', 'Heiti                    
                             SC', 'Heiti TC', 'Helvetica',                      
                             'Helvetica Neue', 'Herculanum',                    
                             'Hiragino Maru Gothic ProN',                       
                             'Hiragino Mincho ProN',                            
                             'Hiragino Sans', 'Hiragino Sans                    
                             GB', 'Hoefler Text', 'ITF                          
                             Devanagari', 'ITF Devanagari                       
                             Marathi', 'Impact',                                
                             'InaiMathi', 'Kai', 'Kailasa',                     
                             'Kaiti SC', 'Kaiti TC',                            
                             'Kannada MN', 'Kannada Sangam                      
                             MN', 'Kefa III', 'Khmer MN',                       
                             'Khmer Sangam MN', 'Klee',                         
                             'Kohinoor Bangla', 'Kohinoor                       
                             Devanagari', 'Kohinoor                             
                             Gujarati', 'Kohinoor Telugu',                      
                             'Kokonor', 'Krungthep',                            
                             'KufiStandardGK', 'LXGW                            
                             ZhenKai', 'Lantinghei SC',                         
                             'Lantinghei TC', 'Lao MN', 'Lao                    
                             Sangam MN', 'LiHei Pro',                           
                             'LiSong Pro', 'Libian SC',                         
                             'Libian TC', 'LingWai SC',                         
                             'LingWai TC', 'Lucida Grande',                     
                             'Luminari', 'Malayalam MN',                        
                             'Malayalam Sangam MN', 'Marker                     
                             Felt', 'Menlo', 'Microsoft Sans                    
                             Serif', 'Mishafi', 'Mishafi                        
                             Gold', 'Monaco', 'Monospace',                      
                             'Mshtakan', 'Mukta Mahee',                         
                             'Muna', 'Myanmar MN', 'Myanmar                     
                             Sangam MN', 'Nadeem', 'Nanum                       
                             Brush Script', 'Nanum Gothic',                     
                             'Nanum Myeongjo', 'Nanum Pen                       
                             Script', 'New Peninim MT',                         
                             'Noteworthy', 'Noto Nastaliq                       
                             Urdu', 'Noto Sans Batak', 'Noto                    
                             Sans Kannada', 'Noto Sans                          
                             Myanmar', 'Noto Sans NKo',                         
                             'Noto Sans Oriya', 'Noto Sans                      
                             Syriac', 'Noto Sans Tagalog',                      
                             'Noto Serif Myanmar', 'Optima',                    
                             'Oriya MN', 'Oriya Sangam MN',                     
                             'Osaka', 'PCMyungjo', 'PT                          
                             Mono', 'PT Sans', 'PT Sans                         
                             Caption', 'PT Sans Narrow', 'PT                    
                             Serif', 'PT Serif Caption',                        
                             'Palatino', 'Papyrus', 'Party                      
                             LET', 'Phosphate', 'PilGi',                        
                             'PingFang HK', 'PingFang MO',                      
                             'PingFang SC', 'PingFang TC',                      
                             'Plantagenet Cherokee',                            
                             'Raanana', 'Rockwell',                             
                             'STFangsong', 'STHeiti', 'STIX                     
                             Two Math', 'STIX Two Text',                        
                             'STKaiti', 'STSong', 'Sana',                       
                             'Sans', 'Sathu', 'Savoye LET',                     
                             'Serif', 'Shree Devanagari                         
                             714', 'SignPainter', 'Silom',                      
                             'SimSong', 'Sinhala MN',                           
                             'Sinhala Sangam MN', 'Skia',                       
                             'Snell Roundhand', 'Songti SC',                    
                             'Songti TC', 'Sukhumvit Set',                      
                             'Symbol', 'Tahoma', 'Tamil MN',                    
                             'Tamil Sangam MN', 'Telugu MN',                    
                             'Telugu Sangam MN', 'Thonburi',                    
                             'Times New Roman', 'Toppan                         
                             Bunkyu Gothic', 'Toppan Bunkyu                     
                             Midashi Gothic', 'Toppan Bunkyu                    
                             Midashi Mincho', 'Toppan Bunkyu                    
                             Mincho', 'Trattatello',                            
                             'Trebuchet MS', 'Tsukushi A                        
                             Round Gothic', 'Tsukushi B                         
                             Round Gothic', 'Verdana',                          
                             'Waseem', 'Wawati SC', 'Wawati                     
                             TC', 'Webdings', 'Weibei SC',                      
                             'Weibei TC', 'Wingdings',                          
                             'Wingdings 2', 'Wingdings 3',                      
                             'Xingkai SC', 'Xingkai TC',                        
                             'YuGothic', 'YuKyokasho',                          
                             'YuKyokasho Yoko', 'YuMincho',                     
                             'YuMincho +36p Kana', 'Yuanti                      
                             SC', 'Yuanti TC', 'Yuppy SC',                      
                             'Yuppy TC', 'Zapf Dingbats',                       
                             'Zapfino', 'cursive',                              
                             'fantasy', 'system-ui'].                           
                    WARNING  Font Noto Sans CJK SC not in    text_mobject.py:464
                             ['.AppleSystemUIFont', 'Academy                    
                             Engraved LET', 'Al Bayan', 'Al                     
                             Nile', 'Al Tarikh', 'American                      
                             Typewriter', 'Andale Mono',                        
                             'Apple Braille', 'Apple                            
                             Chancery', 'Apple Color Emoji',                    
                             'Apple LiGothic', 'Apple                           
                             LiSung', 'Apple SD Gothic Neo',                    
                             'Apple Symbols', 'AppleGothic',                    
                             'AppleMyungjo', 'Arial', 'Arial                    
                             Black', 'Arial Hebrew', 'Arial                     
                             Hebrew Scholar', 'Arial                            
                             Narrow', 'Arial Rounded MT                         
                             Bold', 'Arial Unicode MS',                         
                             'Avenir', 'Avenir Next',                           
                             'Avenir Next Condensed',                           
                             'Ayuthaya', 'BIZ UDGothic',                        
                             'BIZ UDMincho', 'BM Dohyeon',                      
                             'BM Hanna 11yrs Old', 'BM Hanna                    
                             Air', 'BM Hanna Pro', 'BM Jua',                    
                             'BM Kirang Haerang', 'BM                           
                             Yeonsung', 'Baghdad', 'Bangla                      
                             MN', 'Bangla Sangam MN', 'Baoli                    
                             SC', 'Baoli TC', 'Baskerville',                    
                             'Beirut', 'BiauKaiHK',                             
                             'BiauKaiTC', 'Big Caslon',                         
                             'Bodoni 72', 'Bodoni 72                            
                             Oldstyle', 'Bodoni 72                              
                             Smallcaps', 'Bodoni Ornaments',                    
                             'Bradley Hand', 'Brush Script                      
                             MT', 'Chalkboard', 'Chalkboard                     
                             SE', 'Chalkduster', 'Charter',                     
                             'Cochin', 'Comic Sans MS',                         
                             'Copperplate', 'Corsiva                            
                             Hebrew', 'Courier New', 'DIN                       
                             Alternate', 'DIN Condensed',                       
                             'Damascus', 'DecoType Naskh',                      
                             'Devanagari MT', 'Devanagari                       
                             Sangam MN', 'Didot', 'Diwan                        
                             Kufi', 'Diwan Thuluth',                            
                             'Euphemia UCAS', 'Farah',                          
                             'Farisi', 'Futura', 'GB18030                       
                             Bitmap', 'Galvji', 'Geeza Pro',                    
                             'Geneva', 'Georgia', 'Gill                         
                             Sans', 'Grantha Sangam MN',                        
                             'Gujarati MT', 'Gujarati Sangam                    
                             MN', 'GungSeo', 'Gurmukhi MN',                     
                             'Gurmukhi MT', 'Gurmukhi Sangam                    
                             MN', 'Hannotate SC', 'Hannotate                    
                             TC', 'HanziPen SC', 'HanziPen                      
                             TC', 'HeadLineA', 'Hei', 'Heiti                    
                             SC', 'Heiti TC', 'Helvetica',                      
                             'Helvetica Neue', 'Herculanum',                    
                             'Hiragino Maru Gothic ProN',                       
                             'Hiragino Mincho ProN',                            
                             'Hiragino Sans', 'Hiragino Sans                    
                             GB', 'Hoefler Text', 'ITF                          
                             Devanagari', 'ITF Devanagari                       
                             Marathi', 'Impact',                                
                             'InaiMathi', 'Kai', 'Kailasa',                     
                             'Kaiti SC', 'Kaiti TC',                            
                             'Kannada MN', 'Kannada Sangam                      
                             MN', 'Kefa III', 'Khmer MN',                       
                             'Khmer Sangam MN', 'Klee',                         
                             'Kohinoor Bangla', 'Kohinoor                       
                             Devanagari', 'Kohinoor                             
                             Gujarati', 'Kohinoor Telugu',                      
                             'Kokonor', 'Krungthep',                            
                             'KufiStandardGK', 'LXGW                            
                             ZhenKai', 'Lantinghei SC',                         
                             'Lantinghei TC', 'Lao MN', 'Lao                    
                             Sangam MN', 'LiHei Pro',                           
                             'LiSong Pro', 'Libian SC',                         
                             'Libian TC', 'LingWai SC',                         
                             'LingWai TC', 'Lucida Grande',                     
                             'Luminari', 'Malayalam MN',                        
                             'Malayalam Sangam MN', 'Marker                     
                             Felt', 'Menlo', 'Microsoft Sans                    
                             Serif', 'Mishafi', 'Mishafi                        
                             Gold', 'Monaco', 'Monospace',                      
                             'Mshtakan', 'Mukta Mahee',                         
                             'Muna', 'Myanmar MN', 'Myanmar                     
                             Sangam MN', 'Nadeem', 'Nanum                       
                             Brush Script', 'Nanum Gothic',                     
                             'Nanum Myeongjo', 'Nanum Pen                       
                             Script', 'New Peninim MT',                         
                             'Noteworthy', 'Noto Nastaliq                       
                             Urdu', 'Noto Sans Batak', 'Noto                    
                             Sans Kannada', 'Noto Sans                          
                             Myanmar', 'Noto Sans NKo',                         
                             'Noto Sans Oriya', 'Noto Sans                      
                             Syriac', 'Noto Sans Tagalog',                      
                             'Noto Serif Myanmar', 'Optima',                    
                             'Oriya MN', 'Oriya Sangam MN',                     
                             'Osaka', 'PCMyungjo', 'PT                          
                             Mono', 'PT Sans', 'PT Sans                         
                             Caption', 'PT Sans Narrow', 'PT                    
                             Serif', 'PT Serif Caption',                        
                             'Palatino', 'Papyrus', 'Party                      
                             LET', 'Phosphate', 'PilGi',                        
                             'PingFang HK', 'PingFang MO',                      
                             'PingFang SC', 'PingFang TC',                      
                             'Plantagenet Cherokee',                            
                             'Raanana', 'Rockwell',                             
                             'STFangsong', 'STHeiti', 'STIX                     
                             Two Math', 'STIX Two Text',                        
                             'STKaiti', 'STSong', 'Sana',                       
                             'Sans', 'Sathu', 'Savoye LET',                     
                             'Serif', 'Shree Devanagari                         
                             714', 'SignPainter', 'Silom',                      
                             'SimSong', 'Sinhala MN',                           
                             'Sinhala Sangam MN', 'Skia',                       
                             'Snell Roundhand', 'Songti SC',                    
                             'Songti TC', 'Sukhumvit Set',                      
                             'Symbol', 'Tahoma', 'Tamil MN',                    
                             'Tamil Sangam MN', 'Telugu MN',                    
                             'Telugu Sangam MN', 'Thonburi',                    
                             'Times New Roman', 'Toppan                         
                             Bunkyu Gothic', 'Toppan Bunkyu                     
                             Midashi Gothic', 'Toppan Bunkyu                    
                             Midashi Mincho', 'Toppan Bunkyu                    
                             Mincho', 'Trattatello',                            
                             'Trebuchet MS', 'Tsukushi A                        
                             Round Gothic', 'Tsukushi B                         
                             Round Gothic', 'Verdana',                          
                             'Waseem', 'Wawati SC', 'Wawati                     
                             TC', 'Webdings', 'Weibei SC',                      
                             'Weibei TC', 'Wingdings',                          
                             'Wingdings 2', 'Wingdings 3',                      
                             'Xingkai SC', 'Xingkai TC',                        
                             'YuGothic', 'YuKyokasho',                          
                             'YuKyokasho Yoko', 'YuMincho',                     
                             'YuMincho +36p Kana', 'Yuanti                      
                             SC', 'Yuanti TC', 'Yuppy SC',                      
                             'Yuppy TC', 'Zapf Dingbats',                       
                             'Zapfino', 'cursive',                              
                             'fantasy', 'system-ui'].                           
                    INFO     Writing                     tex_file_writing.py:110
                             \special{dvisvgm:raw <g                            
                             id='unique000'>}2^3 =                              
                             8\special{dvisvgm:raw </g>}                        
                             to                                                 
                             media/Tex/9727e919c781a9d0.                        
                             tex                                                
[02/27/26 10:33:29] WARNING  Font Noto Sans CJK SC not in    text_mobject.py:464
                             ['.AppleSystemUIFont', 'Academy                    
                             Engraved LET', 'Al Bayan', 'Al                     
                             Nile', 'Al Tarikh', 'American                      
                             Typewriter', 'Andale Mono',                        
                             'Apple Braille', 'Apple                            
                             Chancery', 'Apple Color Emoji',                    
                             'Apple LiGothic', 'Apple                           
                             LiSung', 'Apple SD Gothic Neo',                    
                             'Apple Symbols', 'AppleGothic',                    
                             'AppleMyungjo', 'Arial', 'Arial                    
                             Black', 'Arial Hebrew', 'Arial                     
                             Hebrew Scholar', 'Arial                            
                             Narrow', 'Arial Rounded MT                         
                             Bold', 'Arial Unicode MS',                         
                             'Avenir', 'Avenir Next',                           
                             'Avenir Next Condensed',                           
                             'Ayuthaya', 'BIZ UDGothic',                        
                             'BIZ UDMincho', 'BM Dohyeon',                      
                             'BM Hanna 11yrs Old', 'BM Hanna                    
                             Air', 'BM Hanna Pro', 'BM Jua',                    
                             'BM Kirang Haerang', 'BM                           
                             Yeonsung', 'Baghdad', 'Bangla                      
                             MN', 'Bangla Sangam MN', 'Baoli                    
                             SC', 'Baoli TC', 'Baskerville',                    
                             'Beirut', 'BiauKaiHK',                             
                             'BiauKaiTC', 'Big Caslon',                         
                             'Bodoni 72', 'Bodoni 72                            
                             Oldstyle', 'Bodoni 72                              
                             Smallcaps', 'Bodoni Ornaments',                    
                             'Bradley Hand', 'Brush Script                      
                             MT', 'Chalkboard', 'Chalkboard                     
                             SE', 'Chalkduster', 'Charter',                     
                             'Cochin', 'Comic Sans MS',                         
                             'Copperplate', 'Corsiva                            
                             Hebrew', 'Courier New', 'DIN                       
                             Alternate', 'DIN Condensed',                       
                             'Damascus', 'DecoType Naskh',                      
                             'Devanagari MT', 'Devanagari                       
                             Sangam MN', 'Didot', 'Diwan                        
                             Kufi', 'Diwan Thuluth',                            
                             'Euphemia UCAS', 'Farah',                          
                             'Farisi', 'Futura', 'GB18030                       
                             Bitmap', 'Galvji', 'Geeza Pro',                    
                             'Geneva', 'Georgia', 'Gill                         
                             Sans', 'Grantha Sangam MN',                        
                             'Gujarati MT', 'Gujarati Sangam                    
                             MN', 'GungSeo', 'Gurmukhi MN',                     
                             'Gurmukhi MT', 'Gurmukhi Sangam                    
                             MN', 'Hannotate SC', 'Hannotate                    
                             TC', 'HanziPen SC', 'HanziPen                      
                             TC', 'HeadLineA', 'Hei', 'Heiti                    
                             SC', 'Heiti TC', 'Helvetica',                      
                             'Helvetica Neue', 'Herculanum',                    
                             'Hiragino Maru Gothic ProN',                       
                             'Hiragino Mincho ProN',                            
                             'Hiragino Sans', 'Hiragino Sans                    
                             GB', 'Hoefler Text', 'ITF                          
                             Devanagari', 'ITF Devanagari                       
                             Marathi', 'Impact',                                
                             'InaiMathi', 'Kai', 'Kailasa',                     
                             'Kaiti SC', 'Kaiti TC',                            
                             'Kannada MN', 'Kannada Sangam                      
                             MN', 'Kefa III', 'Khmer MN',                       
                             'Khmer Sangam MN', 'Klee',                         
                             'Kohinoor Bangla', 'Kohinoor                       
                             Devanagari', 'Kohinoor                             
                             Gujarati', 'Kohinoor Telugu',                      
                             'Kokonor', 'Krungthep',                            
                             'KufiStandardGK', 'LXGW                            
                             ZhenKai', 'Lantinghei SC',                         
                             'Lantinghei TC', 'Lao MN', 'Lao                    
                             Sangam MN', 'LiHei Pro',                           
                             'LiSong Pro', 'Libian SC',                         
                             'Libian TC', 'LingWai SC',                         
                             'LingWai TC', 'Lucida Grande',                     
                             'Luminari', 'Malayalam MN',                        
                             'Malayalam Sangam MN', 'Marker                     
                             Felt', 'Menlo', 'Microsoft Sans                    
                             Serif', 'Mishafi', 'Mishafi                        
                             Gold', 'Monaco', 'Monospace',                      
                             'Mshtakan', 'Mukta Mahee',                         
                             'Muna', 'Myanmar MN', 'Myanmar                     
                             Sangam MN', 'Nadeem', 'Nanum                       
                             Brush Script', 'Nanum Gothic',                     
                             'Nanum Myeongjo', 'Nanum Pen                       
                             Script', 'New Peninim MT',                         
                             'Noteworthy', 'Noto Nastaliq                       
                             Urdu', 'Noto Sans Batak', 'Noto                    
                             Sans Kannada', 'Noto Sans                          
                             Myanmar', 'Noto Sans NKo',                         
                             'Noto Sans Oriya', 'Noto Sans                      
                             Syriac', 'Noto Sans Tagalog',                      
                             'Noto Serif Myanmar', 'Optima',                    
                             'Oriya MN', 'Oriya Sangam MN',                     
                             'Osaka', 'PCMyungjo', 'PT                          
                             Mono', 'PT Sans', 'PT Sans                         
                             Caption', 'PT Sans Narrow', 'PT                    
                             Serif', 'PT Serif Caption',                        
                             'Palatino', 'Papyrus', 'Party                      
                             LET', 'Phosphate', 'PilGi',                        
                             'PingFang HK', 'PingFang MO',                      
                             'PingFang SC', 'PingFang TC',                      
                             'Plantagenet Cherokee',                            
                             'Raanana', 'Rockwell',                             
                             'STFangsong', 'STHeiti', 'STIX                     
                             Two Math', 'STIX Two Text',                        
                             'STKaiti', 'STSong', 'Sana',                       
                             'Sans', 'Sathu', 'Savoye LET',                     
                             'Serif', 'Shree Devanagari                         
                             714', 'SignPainter', 'Silom',                      
                             'SimSong', 'Sinhala MN',                           
                             'Sinhala Sangam MN', 'Skia',                       
                             'Snell Roundhand', 'Songti SC',                    
                             'Songti TC', 'Sukhumvit Set',                      
                             'Symbol', 'Tahoma', 'Tamil MN',                    
                             'Tamil Sangam MN', 'Telugu MN',                    
                             'Telugu Sangam MN', 'Thonburi',                    
                             'Times New Roman', 'Toppan                         
                             Bunkyu Gothic', 'Toppan Bunkyu                     
                             Midashi Gothic', 'Toppan Bunkyu                    
                             Midashi Mincho', 'Toppan Bunkyu                    
                             Mincho', 'Trattatello',                            
                             'Trebuchet MS', 'Tsukushi A                        
                             Round Gothic', 'Tsukushi B                         
                             Round Gothic', 'Verdana',                          
                             'Waseem', 'Wawati SC', 'Wawati                     
                             TC', 'Webdings', 'Weibei SC',                      
                             'Weibei TC', 'Wingdings',                          
                             'Wingdings 2', 'Wingdings 3',                      
                             'Xingkai SC', 'Xingkai TC',                        
                             'YuGothic', 'YuKyokasho',                          
                             'YuKyokasho Yoko', 'YuMincho',                     
                             'YuMincho +36p Kana', 'Yuanti                      
                             SC', 'Yuanti TC', 'Yuppy SC',                      
                             'Yuppy TC', 'Zapf Dingbats',                       
                             'Zapfino', 'cursive',                              
                             'fantasy', 'system-ui'].                           
Animation 0: Write(Text('2的几次方等于8？')):   0%|          | 0/48 [00:00<?, ?it/s]Animation 0: Write(Text('2的几次方等于8？')):  38%|███▊      | 18/48 [00:00<00:00, 166.73it/s]Animation 0: Write(Text('2的几次方等于8？')):  75%|███████▌  | 36/48 [00:00<00:00, 172.96it/s]                                                                                                                  INFO     Animation 0 : Partial      scene_file_writer.py:590
                             movie file written in                              
                             '/Users/mx/Desktop/manim_m                         
                             ath/高中/高一/第二学期/第                          
                             四章-幂函数、指数函数和对                          
                             数函数（下）/001对数的概念                         
                             与运算/media/videos/logari                         
                             thm_concepts/1920p60/parti                         
                             al_movie_files/LogarithmCo                         
                             ncepts/3748413652_85500875                         
                             5_346064015.mp4'                                   
[02/27/26 10:33:30] INFO     Animation 1 : Partial      scene_file_writer.py:590
                             movie file written in                              
                             '/Users/mx/Desktop/manim_m                         
                             ath/高中/高一/第二学期/第                          
                             四章-幂函数、指数函数和对                          
                             数函数（下）/001对数的概念                         
                             与运算/media/videos/logari                         
                             thm_concepts/1920p60/parti                         
                             al_movie_files/LogarithmCo                         
                             ncepts/656162490_231883658                         
                             1_66778904.mp4'                                    
Animation 2: FadeIn(MathTex('2^3 = 8')):   0%|          | 0/30 [00:00<?, ?it/s]Animation 2: FadeIn(MathTex('2^3 = 8')):  83%|████████▎ | 25/30 [00:00<00:00, 236.90it/s]                                                                                                             INFO     Animation 2 : Partial      scene_file_writer.py:590
                             movie file written in                              
                             '/Users/mx/Desktop/manim_m                         
                             ath/高中/高一/第二学期/第                          
                             四章-幂函数、指数函数和对                          
                             数函数（下）/001对数的概念                         
                             与运算/media/videos/logari                         
                             thm_concepts/1920p60/parti                         
                             al_movie_files/LogarithmCo                         
                             ncepts/656162490_311557676                         
                             _1114675921.mp4'                                   
                    INFO     Animation 3 : Partial      scene_file_writer.py:590
                             movie file written in                              
                             '/Users/mx/Desktop/manim_m                         
                             ath/高中/高一/第二学期/第                          
                             四章-幂函数、指数函数和对                          
                             数函数（下）/001对数的概念                         
                             与运算/media/videos/logari                         
                             thm_concepts/1920p60/parti                         
                             al_movie_files/LogarithmCo                         
                             ncepts/656162490_251401142                         
                             7_2146018406.mp4'                                  
Animation 4: FadeIn(Text('这就是对数！')):   0%|          | 0/30 [00:00<?, ?it/s]Animation 4: FadeIn(Text('这就是对数！')):  60%|██████    | 18/30 [00:00<00:00, 177.05it/s]                                                                                           [02/27/26 10:33:31] INFO     Animation 4 : Partial      scene_file_writer.py:590
                             movie file written in                              
                             '/Users/mx/Desktop/manim_m                         
                             ath/高中/高一/第二学期/第                          
                             四章-幂函数、指数函数和对                          
                             数函数（下）/001对数的概念                         
                             与运算/media/videos/logari                         
                             thm_concepts/1920p60/parti                         
                             al_movie_files/LogarithmCo                         
                             ncepts/656162490_336984927                         
                             _1039411542.mp4'                                   
Animation 5: Flash(VGroup of 12 submobjects):   0%|          | 0/24 [00:00<?, ?it/s]                                                                                                        INFO     Animation 5 : Partial      scene_file_writer.py:590
                             movie file written in                              
                             '/Users/mx/Desktop/manim_m                         
                             ath/高中/高一/第二学期/第                          
                             四章-幂函数、指数函数和对                          
                             数函数（下）/001对数的概念                         
                             与运算/media/videos/logari                         
                             thm_concepts/1920p60/parti                         
                             al_movie_files/LogarithmCo                         
                             ncepts/656162490_462807794                         
                             _4105659795.mp4'                                   
[02/27/26 10:33:32] INFO     Animation 6 : Partial      scene_file_writer.py:590
                             movie file written in                              
                             '/Users/mx/Desktop/manim_m                         
                             ath/高中/高一/第二学期/第                          
                             四章-幂函数、指数函数和对                          
                             数函数（下）/001对数的概念                         
                             与运算/media/videos/logari                         
                             thm_concepts/1920p60/parti                         
                             al_movie_files/LogarithmCo                         
                             ncepts/656162490_283470916                         
                             7_3686056813.mp4'                                  
Animation 7: FadeOut(Text('2的几次方等于8？')), etc.:   0%|          | 0/30 [00:00<?, ?it/s]Animation 7: FadeOut(Text('2的几次方等于8？')), etc.:  37%|███▋      | 11/30 [00:00<00:00, 105.48it/s]Animation 7: FadeOut(Text('2的几次方等于8？')), etc.:  77%|███████▋  | 23/30 [00:00<00:00, 111.60it/s]                                                                                                      [02/27/26 10:33:33] INFO     Animation 7 : Partial      scene_file_writer.py:590
                             movie file written in                              
                             '/Users/mx/Desktop/manim_m                         
                             ath/高中/高一/第二学期/第                          
                             四章-幂函数、指数函数和对                          
                             数函数（下）/001对数的概念                         
                             与运算/media/videos/logari                         
                             thm_concepts/1920p60/parti                         
                             al_movie_files/LogarithmCo                         
                             ncepts/656162490_313814548                         
                             2_659775461.mp4'                                   
                    WARNING  Font Noto Sans CJK SC not in    text_mobject.py:464
                             ['.AppleSystemUIFont', 'Academy                    
                             Engraved LET', 'Al Bayan', 'Al                     
                             Nile', 'Al Tarikh', 'American                      
                             Typewriter', 'Andale Mono',                        
                             'Apple Braille', 'Apple                            
                             Chancery', 'Apple Color Emoji',                    
                             'Apple LiGothic', 'Apple                           
                             LiSung', 'Apple SD Gothic Neo',                    
                             'Apple Symbols', 'AppleGothic',                    
                             'AppleMyungjo', 'Arial', 'Arial                    
                             Black', 'Arial Hebrew', 'Arial                     
                             Hebrew Scholar', 'Arial                            
                             Narrow', 'Arial Rounded MT                         
                             Bold', 'Arial Unicode MS',                         
                             'Avenir', 'Avenir Next',                           
                             'Avenir Next Condensed',                           
                             'Ayuthaya', 'BIZ UDGothic',                        
                             'BIZ UDMincho', 'BM Dohyeon',                      
                             'BM Hanna 11yrs Old', 'BM Hanna                    
                             Air', 'BM Hanna Pro', 'BM Jua',                    
                             'BM Kirang Haerang', 'BM                           
                             Yeonsung', 'Baghdad', 'Bangla                      
                             MN', 'Bangla Sangam MN', 'Baoli                    
                             SC', 'Baoli TC', 'Baskerville',                    
                             'Beirut', 'BiauKaiHK',                             
                             'BiauKaiTC', 'Big Caslon',                         
                             'Bodoni 72', 'Bodoni 72                            
                             Oldstyle', 'Bodoni 72                              
                             Smallcaps', 'Bodoni Ornaments',                    
                             'Bradley Hand', 'Brush Script                      
                             MT', 'Chalkboard', 'Chalkboard                     
                             SE', 'Chalkduster', 'Charter',                     
                             'Cochin', 'Comic Sans MS',                         
                             'Copperplate', 'Corsiva                            
                             Hebrew', 'Courier New', 'DIN                       
                             Alternate', 'DIN Condensed',                       
                             'Damascus', 'DecoType Naskh',                      
                             'Devanagari MT', 'Devanagari                       
                             Sangam MN', 'Didot', 'Diwan                        
                             Kufi', 'Diwan Thuluth',                            
                             'Euphemia UCAS', 'Farah',                          
                             'Farisi', 'Futura', 'GB18030                       
                             Bitmap', 'Galvji', 'Geeza Pro',                    
                             'Geneva', 'Georgia', 'Gill                         
                             Sans', 'Grantha Sangam MN',                        
                             'Gujarati MT', 'Gujarati Sangam                    
                             MN', 'GungSeo', 'Gurmukhi MN',                     
                             'Gurmukhi MT', 'Gurmukhi Sangam                    
                             MN', 'Hannotate SC', 'Hannotate                    
                             TC', 'HanziPen SC', 'HanziPen                      
                             TC', 'HeadLineA', 'Hei', 'Heiti                    
                             SC', 'Heiti TC', 'Helvetica',                      
                             'Helvetica Neue', 'Herculanum',                    
                             'Hiragino Maru Gothic ProN',                       
                             'Hiragino Mincho ProN',                            
                             'Hiragino Sans', 'Hiragino Sans                    
                             GB', 'Hoefler Text', 'ITF                          
                             Devanagari', 'ITF Devanagari                       
                             Marathi', 'Impact',                                
                             'InaiMathi', 'Kai', 'Kailasa',                     
                             'Kaiti SC', 'Kaiti TC',                            
                             'Kannada MN', 'Kannada Sangam                      
                             MN', 'Kefa III', 'Khmer MN',                       
                             'Khmer Sangam MN', 'Klee',                         
                             'Kohinoor Bangla', 'Kohinoor                       
                             Devanagari', 'Kohinoor                             
                             Gujarati', 'Kohinoor Telugu',                      
                             'Kokonor', 'Krungthep',                            
                             'KufiStandardGK', 'LXGW                            
                             ZhenKai', 'Lantinghei SC',                         
                             'Lantinghei TC', 'Lao MN', 'Lao                    
                             Sangam MN', 'LiHei Pro',                           
                             'LiSong Pro', 'Libian SC',                         
                             'Libian TC', 'LingWai SC',                         
                             'LingWai TC', 'Lucida Grande',                     
                             'Luminari', 'Malayalam MN',                        
                             'Malayalam Sangam MN', 'Marker                     
                             Felt', 'Menlo', 'Microsoft Sans                    
                             Serif', 'Mishafi', 'Mishafi                        
                             Gold', 'Monaco', 'Monospace',                      
                             'Mshtakan', 'Mukta Mahee',                         
                             'Muna', 'Myanmar MN', 'Myanmar                     
                             Sangam MN', 'Nadeem', 'Nanum                       
                             Brush Script', 'Nanum Gothic',                     
                             'Nanum Myeongjo', 'Nanum Pen                       
                             Script', 'New Peninim MT',                         
                             'Noteworthy', 'Noto Nastaliq                       
                             Urdu', 'Noto Sans Batak', 'Noto                    
                             Sans Kannada', 'Noto Sans                          
                             Myanmar', 'Noto Sans NKo',                         
                             'Noto Sans Oriya', 'Noto Sans                      
                             Syriac', 'Noto Sans Tagalog',                      
                             'Noto Serif Myanmar', 'Optima',                    
                             'Oriya MN', 'Oriya Sangam MN',                     
                             'Osaka', 'PCMyungjo', 'PT                          
                             Mono', 'PT Sans', 'PT Sans                         
                             Caption', 'PT Sans Narrow', 'PT                    
                             Serif', 'PT Serif Caption',                        
                             'Palatino', 'Papyrus', 'Party                      
                             LET', 'Phosphate', 'PilGi',                        
                             'PingFang HK', 'PingFang MO',                      
                             'PingFang SC', 'PingFang TC',                      
                             'Plantagenet Cherokee',                            
                             'Raanana', 'Rockwell',                             
                             'STFangsong', 'STHeiti', 'STIX                     
                             Two Math', 'STIX Two Text',                        
                             'STKaiti', 'STSong', 'Sana',                       
                             'Sans', 'Sathu', 'Savoye LET',                     
                             'Serif', 'Shree Devanagari                         
                             714', 'SignPainter', 'Silom',                      
                             'SimSong', 'Sinhala MN',                           
                             'Sinhala Sangam MN', 'Skia',                       
                             'Snell Roundhand', 'Songti SC',                    
                             'Songti TC', 'Sukhumvit Set',                      
                             'Symbol', 'Tahoma', 'Tamil MN',                    
                             'Tamil Sangam MN', 'Telugu MN',                    
                             'Telugu Sangam MN', 'Thonburi',                    
                             'Times New Roman', 'Toppan                         
                             Bunkyu Gothic', 'Toppan Bunkyu                     
                             Midashi Gothic', 'Toppan Bunkyu                    
                             Midashi Mincho', 'Toppan Bunkyu                    
                             Mincho', 'Trattatello',                            
                             'Trebuchet MS', 'Tsukushi A                        
                             Round Gothic', 'Tsukushi B                         
                             Round Gothic', 'Verdana',                          
                             'Waseem', 'Wawati SC', 'Wawati                     
                             TC', 'Webdings', 'Weibei SC',                      
                             'Weibei TC', 'Wingdings',                          
                             'Wingdings 2', 'Wingdings 3',                      
                             'Xingkai SC', 'Xingkai TC',                        
                             'YuGothic', 'YuKyokasho',                          
                             'YuKyokasho Yoko', 'YuMincho',                     
                             'YuMincho +36p Kana', 'Yuanti                      
                             SC', 'Yuanti TC', 'Yuppy SC',                      
                             'Yuppy TC', 'Zapf Dingbats',                       
                             'Zapfino', 'cursive',                              
                             'fantasy', 'system-ui'].                           
                    INFO     Writing                     tex_file_writing.py:110
                             \special{dvisvgm:raw <g                            
                             id='unique000'>}\Updownarro                        
                             w\special{dvisvgm:raw </g>}                        
                             to                                                 
                             media/Tex/0ce7dc7d52ff2a8f.                        
                             tex                                                
                    INFO     Writing                     tex_file_writing.py:110
                             \special{dvisvgm:raw <g                            
                             id='unique000'>}\log_2 8 =                         
                             3\special{dvisvgm:raw </g>}                        
                             to                                                 
                             media/Tex/dbca8d546ea37578.                        
                             tex                                                
                    WARNING  Font Noto Sans CJK SC not in    text_mobject.py:464
                             ['.AppleSystemUIFont', 'Academy                    
                             Engraved LET', 'Al Bayan', 'Al                     
                             Nile', 'Al Tarikh', 'American                      
                             Typewriter', 'Andale Mono',                        
                             'Apple Braille', 'Apple                            
                             Chancery', 'Apple Color Emoji',                    
                             'Apple LiGothic', 'Apple                           
                             LiSung', 'Apple SD Gothic Neo',                    
                             'Apple Symbols', 'AppleGothic',                    
                             'AppleMyungjo', 'Arial', 'Arial                    
                             Black', 'Arial Hebrew', 'Arial                     
                             Hebrew Scholar', 'Arial                            
                             Narrow', 'Arial Rounded MT                         
                             Bold', 'Arial Unicode MS',                         
                             'Avenir', 'Avenir Next',                           
                             'Avenir Next Condensed',                           
                             'Ayuthaya', 'BIZ UDGothic',                        
                             'BIZ UDMincho', 'BM Dohyeon',                      
                             'BM Hanna 11yrs Old', 'BM Hanna                    
                             Air', 'BM Hanna Pro', 'BM Jua',                    
                             'BM Kirang Haerang', 'BM                           
                             Yeonsung', 'Baghdad', 'Bangla                      
                             MN', 'Bangla Sangam MN', 'Baoli                    
                             SC', 'Baoli TC', 'Baskerville',                    
                             'Beirut', 'BiauKaiHK',                             
                             'BiauKaiTC', 'Big Caslon',                         
                             'Bodoni 72', 'Bodoni 72                            
                             Oldstyle', 'Bodoni 72                              
                             Smallcaps', 'Bodoni Ornaments',                    
                             'Bradley Hand', 'Brush Script                      
                             MT', 'Chalkboard', 'Chalkboard                     
                             SE', 'Chalkduster', 'Charter',                     
                             'Cochin', 'Comic Sans MS',                         
                             'Copperplate', 'Corsiva                            
                             Hebrew', 'Courier New', 'DIN                       
                             Alternate', 'DIN Condensed',                       
                             'Damascus', 'DecoType Naskh',                      
                             'Devanagari MT', 'Devanagari                       
                             Sangam MN', 'Didot', 'Diwan                        
                             Kufi', 'Diwan Thuluth',                            
                             'Euphemia UCAS', 'Farah',                          
                             'Farisi', 'Futura', 'GB18030                       
                             Bitmap', 'Galvji', 'Geeza Pro',                    
                             'Geneva', 'Georgia', 'Gill                         
                             Sans', 'Grantha Sangam MN',                        
                             'Gujarati MT', 'Gujarati Sangam                    
                             MN', 'GungSeo', 'Gurmukhi MN',                     
                             'Gurmukhi MT', 'Gurmukhi Sangam                    
                             MN', 'Hannotate SC', 'Hannotate                    
                             TC', 'HanziPen SC', 'HanziPen                      
                             TC', 'HeadLineA', 'Hei', 'Heiti                    
                             SC', 'Heiti TC', 'Helvetica',                      
                             'Helvetica Neue', 'Herculanum',                    
                             'Hiragino Maru Gothic ProN',                       
                             'Hiragino Mincho ProN',                            
                             'Hiragino Sans', 'Hiragino Sans                    
                             GB', 'Hoefler Text', 'ITF                          
                             Devanagari', 'ITF Devanagari                       
                             Marathi', 'Impact',                                
                             'InaiMathi', 'Kai', 'Kailasa',                     
                             'Kaiti SC', 'Kaiti TC',                            
                             'Kannada MN', 'Kannada Sangam                      
                             MN', 'Kefa III', 'Khmer MN',                       
                             'Khmer Sangam MN', 'Klee',                         
                             'Kohinoor Bangla', 'Kohinoor                       
                             Devanagari', 'Kohinoor                             
                             Gujarati', 'Kohinoor Telugu',                      
                             'Kokonor', 'Krungthep',                            
                             'KufiStandardGK', 'LXGW                            
                             ZhenKai', 'Lantinghei SC',                         
                             'Lantinghei TC', 'Lao MN', 'Lao                    
                             Sangam MN', 'LiHei Pro',                           
                             'LiSong Pro', 'Libian SC',                         
                             'Libian TC', 'LingWai SC',                         
                             'LingWai TC', 'Lucida Grande',                     
                             'Luminari', 'Malayalam MN',                        
                             'Malayalam Sangam MN', 'Marker                     
                             Felt', 'Menlo', 'Microsoft Sans                    
                             Serif', 'Mishafi', 'Mishafi                        
                             Gold', 'Monaco', 'Monospace',                      
                             'Mshtakan', 'Mukta Mahee',                         
                             'Muna', 'Myanmar MN', 'Myanmar                     
                             Sangam MN', 'Nadeem', 'Nanum                       
                             Brush Script', 'Nanum Gothic',                     
                             'Nanum Myeongjo', 'Nanum Pen                       
                             Script', 'New Peninim MT',                         
                             'Noteworthy', 'Noto Nastaliq                       
                             Urdu', 'Noto Sans Batak', 'Noto                    
                             Sans Kannada', 'Noto Sans                          
                             Myanmar', 'Noto Sans NKo',                         
                             'Noto Sans Oriya', 'Noto Sans                      
                             Syriac', 'Noto Sans Tagalog',                      
                             'Noto Serif Myanmar', 'Optima',                    
                             'Oriya MN', 'Oriya Sangam MN',                     
                             'Osaka', 'PCMyungjo', 'PT                          
                             Mono', 'PT Sans', 'PT Sans                         
                             Caption', 'PT Sans Narrow', 'PT                    
                             Serif', 'PT Serif Caption',                        
                             'Palatino', 'Papyrus', 'Party                      
                             LET', 'Phosphate', 'PilGi',                        
                             'PingFang HK', 'PingFang MO',                      
                             'PingFang SC', 'PingFang TC',                      
                             'Plantagenet Cherokee',                            
                             'Raanana', 'Rockwell',                             
                             'STFangsong', 'STHeiti', 'STIX                     
                             Two Math', 'STIX Two Text',                        
                             'STKaiti', 'STSong', 'Sana',                       
                             'Sans', 'Sathu', 'Savoye LET',                     
                             'Serif', 'Shree Devanagari                         
                             714', 'SignPainter', 'Silom',                      
                             'SimSong', 'Sinhala MN',                           
                             'Sinhala Sangam MN', 'Skia',                       
                             'Snell Roundhand', 'Songti SC',                    
                             'Songti TC', 'Sukhumvit Set',                      
                             'Symbol', 'Tahoma', 'Tamil MN',                    
                             'Tamil Sangam MN', 'Telugu MN',                    
                             'Telugu Sangam MN', 'Thonburi',                    
                             'Times New Roman', 'Toppan                         
                             Bunkyu Gothic', 'Toppan Bunkyu                     
                             Midashi Gothic', 'Toppan Bunkyu                    
                             Midashi Mincho', 'Toppan Bunkyu                    
                             Mincho', 'Trattatello',                            
                             'Trebuchet MS', 'Tsukushi A                        
                             Round Gothic', 'Tsukushi B                         
                             Round Gothic', 'Verdana',                          
                             'Waseem', 'Wawati SC', 'Wawati                     
                             TC', 'Webdings', 'Weibei SC',                      
                             'Weibei TC', 'Wingdings',                          
                             'Wingdings 2', 'Wingdings 3',                      
                             'Xingkai SC', 'Xingkai TC',                        
                             'YuGothic', 'YuKyokasho',                          
                             'YuKyokasho Yoko', 'YuMincho',                     
                             'YuMincho +36p Kana', 'Yuanti                      
                             SC', 'Yuanti TC', 'Yuppy SC',                      
                             'Yuppy TC', 'Zapf Dingbats',                       
                             'Zapfino', 'cursive',                              
                             'fantasy', 'system-ui'].                           
                    WARNING  Font Noto Sans CJK SC not in    text_mobject.py:464
                             ['.AppleSystemUIFont', 'Academy                    
                             Engraved LET', 'Al Bayan', 'Al                     
                             Nile', 'Al Tarikh', 'American                      
                             Typewriter', 'Andale Mono',                        
                             'Apple Braille', 'Apple                            
                             Chancery', 'Apple Color Emoji',                    
                             'Apple LiGothic', 'Apple                           
                             LiSung', 'Apple SD Gothic Neo',                    
                             'Apple Symbols', 'AppleGothic',                    
                             'AppleMyungjo', 'Arial', 'Arial                    
                             Black', 'Arial Hebrew', 'Arial                     
                             Hebrew Scholar', 'Arial                            
                             Narrow', 'Arial Rounded MT                         
                             Bold', 'Arial Unicode MS',                         
                             'Avenir', 'Avenir Next',                           
                             'Avenir Next Condensed',                           
                             'Ayuthaya', 'BIZ UDGothic',                        
                             'BIZ UDMincho', 'BM Dohyeon',                      
                             'BM Hanna 11yrs Old', 'BM Hanna                    
                             Air', 'BM Hanna Pro', 'BM Jua',                    
                             'BM Kirang Haerang', 'BM                           
                             Yeonsung', 'Baghdad', 'Bangla                      
                             MN', 'Bangla Sangam MN', 'Baoli                    
                             SC', 'Baoli TC', 'Baskerville',                    
                             'Beirut', 'BiauKaiHK',                             
                             'BiauKaiTC', 'Big Caslon',                         
                             'Bodoni 72', 'Bodoni 72                            
                             Oldstyle', 'Bodoni 72                              
                             Smallcaps', 'Bodoni Ornaments',                    
                             'Bradley Hand', 'Brush Script                      
                             MT', 'Chalkboard', 'Chalkboard                     
                             SE', 'Chalkduster', 'Charter',                     
                             'Cochin', 'Comic Sans MS',                         
                             'Copperplate', 'Corsiva                            
                             Hebrew', 'Courier New', 'DIN                       
                             Alternate', 'DIN Condensed',                       
                             'Damascus', 'DecoType Naskh',                      
                             'Devanagari MT', 'Devanagari                       
                             Sangam MN', 'Didot', 'Diwan                        
                             Kufi', 'Diwan Thuluth',                            
                             'Euphemia UCAS', 'Farah',                          
                             'Farisi', 'Futura', 'GB18030                       
                             Bitmap', 'Galvji', 'Geeza Pro',                    
                             'Geneva', 'Georgia', 'Gill                         
                             Sans', 'Grantha Sangam MN',                        
                             'Gujarati MT', 'Gujarati Sangam                    
                             MN', 'GungSeo', 'Gurmukhi MN',                     
                             'Gurmukhi MT', 'Gurmukhi Sangam                    
                             MN', 'Hannotate SC', 'Hannotate                    
                             TC', 'HanziPen SC', 'HanziPen                      
                             TC', 'HeadLineA', 'Hei', 'Heiti                    
                             SC', 'Heiti TC', 'Helvetica',                      
                             'Helvetica Neue', 'Herculanum',                    
                             'Hiragino Maru Gothic ProN',                       
                             'Hiragino Mincho ProN',                            
                             'Hiragino Sans', 'Hiragino Sans                    
                             GB', 'Hoefler Text', 'ITF                          
                             Devanagari', 'ITF Devanagari                       
                             Marathi', 'Impact',                                
                             'InaiMathi', 'Kai', 'Kailasa',                     
                             'Kaiti SC', 'Kaiti TC',                            
                             'Kannada MN', 'Kannada Sangam                      
                             MN', 'Kefa III', 'Khmer MN',                       
                             'Khmer Sangam MN', 'Klee',                         
                             'Kohinoor Bangla', 'Kohinoor                       
                             Devanagari', 'Kohinoor                             
                             Gujarati', 'Kohinoor Telugu',                      
                             'Kokonor', 'Krungthep',                            
                             'KufiStandardGK', 'LXGW                            
                             ZhenKai', 'Lantinghei SC',                         
                             'Lantinghei TC', 'Lao MN', 'Lao                    
                             Sangam MN', 'LiHei Pro',                           
                             'LiSong Pro', 'Libian SC',                         
                             'Libian TC', 'LingWai SC',                         
                             'LingWai TC', 'Lucida Grande',                     
                             'Luminari', 'Malayalam MN',                        
                             'Malayalam Sangam MN', 'Marker                     
                             Felt', 'Menlo', 'Microsoft Sans                    
                             Serif', 'Mishafi', 'Mishafi                        
                             Gold', 'Monaco', 'Monospace',                      
                             'Mshtakan', 'Mukta Mahee',                         
                             'Muna', 'Myanmar MN', 'Myanmar                     
                             Sangam MN', 'Nadeem', 'Nanum                       
                             Brush Script', 'Nanum Gothic',                     
                             'Nanum Myeongjo', 'Nanum Pen                       
                             Script', 'New Peninim MT',                         
                             'Noteworthy', 'Noto Nastaliq                       
                             Urdu', 'Noto Sans Batak', 'Noto                    
                             Sans Kannada', 'Noto Sans                          
                             Myanmar', 'Noto Sans NKo',                         
                             'Noto Sans Oriya', 'Noto Sans                      
                             Syriac', 'Noto Sans Tagalog',                      
                             'Noto Serif Myanmar', 'Optima',                    
                             'Oriya MN', 'Oriya Sangam MN',                     
                             'Osaka', 'PCMyungjo', 'PT                          
                             Mono', 'PT Sans', 'PT Sans                         
                             Caption', 'PT Sans Narrow', 'PT                    
                             Serif', 'PT Serif Caption',                        
                             'Palatino', 'Papyrus', 'Party                      
                             LET', 'Phosphate', 'PilGi',                        
                             'PingFang HK', 'PingFang MO',                      
                             'PingFang SC', 'PingFang TC',                      
                             'Plantagenet Cherokee',                            
                             'Raanana', 'Rockwell',                             
                             'STFangsong', 'STHeiti', 'STIX                     
                             Two Math', 'STIX Two Text',                        
                             'STKaiti', 'STSong', 'Sana',                       
                             'Sans', 'Sathu', 'Savoye LET',                     
                             'Serif', 'Shree Devanagari                         
                             714', 'SignPainter', 'Silom',                      
                             'SimSong', 'Sinhala MN',                           
                             'Sinhala Sangam MN', 'Skia',                       
                             'Snell Roundhand', 'Songti SC',                    
                             'Songti TC', 'Sukhumvit Set',                      
                             'Symbol', 'Tahoma', 'Tamil MN',                    
                             'Tamil Sangam MN', 'Telugu MN',                    
                             'Telugu Sangam MN', 'Thonburi',                    
                             'Times New Roman', 'Toppan                         
                             Bunkyu Gothic', 'Toppan Bunkyu                     
                             Midashi Gothic', 'Toppan Bunkyu                    
                             Midashi Mincho', 'Toppan Bunkyu                    
                             Mincho', 'Trattatello',                            
                             'Trebuchet MS', 'Tsukushi A                        
                             Round Gothic', 'Tsukushi B                         
                             Round Gothic', 'Verdana',                          
                             'Waseem', 'Wawati SC', 'Wawati                     
                             TC', 'Webdings', 'Weibei SC',                      
                             'Weibei TC', 'Wingdings',                          
                             'Wingdings 2', 'Wingdings 3',                      
                             'Xingkai SC', 'Xingkai TC',                        
                             'YuGothic', 'YuKyokasho',                          
                             'YuKyokasho Yoko', 'YuMincho',                     
                             'YuMincho +36p Kana', 'Yuanti                      
                             SC', 'Yuanti TC', 'Yuppy SC',                      
                             'Yuppy TC', 'Zapf Dingbats',                       
                             'Zapfino', 'cursive',                              
                             'fantasy', 'system-ui'].                           
                    WARNING  Font Noto Sans CJK SC not in    text_mobject.py:464
                             ['.AppleSystemUIFont', 'Academy                    
                             Engraved LET', 'Al Bayan', 'Al                     
                             Nile', 'Al Tarikh', 'American                      
                             Typewriter', 'Andale Mono',                        
                             'Apple Braille', 'Apple                            
                             Chancery', 'Apple Color Emoji',                    
                             'Apple LiGothic', 'Apple                           
                             LiSung', 'Apple SD Gothic Neo',                    
                             'Apple Symbols', 'AppleGothic',                    
                             'AppleMyungjo', 'Arial', 'Arial                    
                             Black', 'Arial Hebrew', 'Arial                     
                             Hebrew Scholar', 'Arial                            
                             Narrow', 'Arial Rounded MT                         
                             Bold', 'Arial Unicode MS',                         
                             'Avenir', 'Avenir Next',                           
                             'Avenir Next Condensed',                           
                             'Ayuthaya', 'BIZ UDGothic',                        
                             'BIZ UDMincho', 'BM Dohyeon',                      
                             'BM Hanna 11yrs Old', 'BM Hanna                    
                             Air', 'BM Hanna Pro', 'BM Jua',                    
                             'BM Kirang Haerang', 'BM                           
                             Yeonsung', 'Baghdad', 'Bangla                      
                             MN', 'Bangla Sangam MN', 'Baoli                    
                             SC', 'Baoli TC', 'Baskerville',                    
                             'Beirut', 'BiauKaiHK',                             
                             'BiauKaiTC', 'Big Caslon',                         
                             'Bodoni 72', 'Bodoni 72                            
                             Oldstyle', 'Bodoni 72                              
                             Smallcaps', 'Bodoni Ornaments',                    
                             'Bradley Hand', 'Brush Script                      
                             MT', 'Chalkboard', 'Chalkboard                     
                             SE', 'Chalkduster', 'Charter',                     
                             'Cochin', 'Comic Sans MS',                         
                             'Copperplate', 'Corsiva                            
                             Hebrew', 'Courier New', 'DIN                       
                             Alternate', 'DIN Condensed',                       
                             'Damascus', 'DecoType Naskh',                      
                             'Devanagari MT', 'Devanagari                       
                             Sangam MN', 'Didot', 'Diwan                        
                             Kufi', 'Diwan Thuluth',                            
                             'Euphemia UCAS', 'Farah',                          
                             'Farisi', 'Futura', 'GB18030                       
                             Bitmap', 'Galvji', 'Geeza Pro',                    
                             'Geneva', 'Georgia', 'Gill                         
                             Sans', 'Grantha Sangam MN',                        
                             'Gujarati MT', 'Gujarati Sangam                    
                             MN', 'GungSeo', 'Gurmukhi MN',                     
                             'Gurmukhi MT', 'Gurmukhi Sangam                    
                             MN', 'Hannotate SC', 'Hannotate                    
                             TC', 'HanziPen SC', 'HanziPen                      
                             TC', 'HeadLineA', 'Hei', 'Heiti                    
                             SC', 'Heiti TC', 'Helvetica',                      
                             'Helvetica Neue', 'Herculanum',                    
                             'Hiragino Maru Gothic ProN',                       
                             'Hiragino Mincho ProN',                            
                             'Hiragino Sans', 'Hiragino Sans                    
                             GB', 'Hoefler Text', 'ITF                          
                             Devanagari', 'ITF Devanagari                       
                             Marathi', 'Impact',                                
                             'InaiMathi', 'Kai', 'Kailasa',                     
                             'Kaiti SC', 'Kaiti TC',                            
                             'Kannada MN', 'Kannada Sangam                      
                             MN', 'Kefa III', 'Khmer MN',                       
                             'Khmer Sangam MN', 'Klee',                         
                             'Kohinoor Bangla', 'Kohinoor                       
                             Devanagari', 'Kohinoor                             
                             Gujarati', 'Kohinoor Telugu',                      
                             'Kokonor', 'Krungthep',                            
                             'KufiStandardGK', 'LXGW                            
                             ZhenKai', 'Lantinghei SC',                         
                             'Lantinghei TC', 'Lao MN', 'Lao                    
                             Sangam MN', 'LiHei Pro',                           
                             'LiSong Pro', 'Libian SC',                         
                             'Libian TC', 'LingWai SC',                         
                             'LingWai TC', 'Lucida Grande',                     
                             'Luminari', 'Malayalam MN',                        
                             'Malayalam Sangam MN', 'Marker                     
                             Felt', 'Menlo', 'Microsoft Sans                    
                             Serif', 'Mishafi', 'Mishafi                        
                             Gold', 'Monaco', 'Monospace',                      
                             'Mshtakan', 'Mukta Mahee',                         
                             'Muna', 'Myanmar MN', 'Myanmar                     
                             Sangam MN', 'Nadeem', 'Nanum                       
                             Brush Script', 'Nanum Gothic',                     
                             'Nanum Myeongjo', 'Nanum Pen                       
                             Script', 'New Peninim MT',                         
                             'Noteworthy', 'Noto Nastaliq                       
                             Urdu', 'Noto Sans Batak', 'Noto                    
                             Sans Kannada', 'Noto Sans                          
                             Myanmar', 'Noto Sans NKo',                         
                             'Noto Sans Oriya', 'Noto Sans                      
                             Syriac', 'Noto Sans Tagalog',                      
                             'Noto Serif Myanmar', 'Optima',                    
                             'Oriya MN', 'Oriya Sangam MN',                     
                             'Osaka', 'PCMyungjo', 'PT                          
                             Mono', 'PT Sans', 'PT Sans                         
                             Caption', 'PT Sans Narrow', 'PT                    
                             Serif', 'PT Serif Caption',                        
                             'Palatino', 'Papyrus', 'Party                      
                             LET', 'Phosphate', 'PilGi',                        
                             'PingFang HK', 'PingFang MO',                      
                             'PingFang SC', 'PingFang TC',                      
                             'Plantagenet Cherokee',                            
                             'Raanana', 'Rockwell',                             
                             'STFangsong', 'STHeiti', 'STIX                     
                             Two Math', 'STIX Two Text',                        
                             'STKaiti', 'STSong', 'Sana',                       
                             'Sans', 'Sathu', 'Savoye LET',                     
                             'Serif', 'Shree Devanagari                         
                             714', 'SignPainter', 'Silom',                      
                             'SimSong', 'Sinhala MN',                           
                             'Sinhala Sangam MN', 'Skia',                       
                             'Snell Roundhand', 'Songti SC',                    
                             'Songti TC', 'Sukhumvit Set',                      
                             'Symbol', 'Tahoma', 'Tamil MN',                    
                             'Tamil Sangam MN', 'Telugu MN',                    
                             'Telugu Sangam MN', 'Thonburi',                    
                             'Times New Roman', 'Toppan                         
                             Bunkyu Gothic', 'Toppan Bunkyu                     
                             Midashi Gothic', 'Toppan Bunkyu                    
                             Midashi Mincho', 'Toppan Bunkyu                    
                             Mincho', 'Trattatello',                            
                             'Trebuchet MS', 'Tsukushi A                        
                             Round Gothic', 'Tsukushi B                         
                             Round Gothic', 'Verdana',                          
                             'Waseem', 'Wawati SC', 'Wawati                     
                             TC', 'Webdings', 'Weibei SC',                      
                             'Weibei TC', 'Wingdings',                          
                             'Wingdings 2', 'Wingdings 3',                      
                             'Xingkai SC', 'Xingkai TC',                        
                             'YuGothic', 'YuKyokasho',                          
                             'YuKyokasho Yoko', 'YuMincho',                     
                             'YuMincho +36p Kana', 'Yuanti                      
                             SC', 'Yuanti TC', 'Yuppy SC',                      
                             'Yuppy TC', 'Zapf Dingbats',                       
                             'Zapfino', 'cursive',                              
                             'fantasy', 'system-ui'].                           
                    INFO     Writing                     tex_file_writing.py:110
                             \special{dvisvgm:raw <g                            
                             id='unique000'>}a^x = N                            
                             \Leftrightarrow x = \log_a                         
                             N\special{dvisvgm:raw </g>}                        
                             to                                                 
                             media/Tex/f052779c612a6903.                        
                             tex                                                
[02/27/26 10:33:34] INFO     Writing                     tex_file_writing.py:110
                             \special{dvisvgm:raw <g                            
                             id='unique000'>}(a > 0, a                          
                             \neq 1, N >                                        
                             0)\special{dvisvgm:raw                             
                             </g>} to                                           
                             media/Tex/f42f8b98cbdf81ff.                        
                             tex                                                
Animation 8: Write(Text('对数的定义')):   0%|          | 0/36 [00:00<?, ?it/s]Animation 8: Write(Text('对数的定义')):  50%|█████     | 18/36 [00:00<00:00, 172.53it/s]Animation 8: Write(Text('对数的定义')): 100%|██████████| 36/36 [00:00<00:00, 157.73it/s]                                                                                        [02/27/26 10:33:35] INFO     Animation 8 : Partial      scene_file_writer.py:590
                             movie file written in                              
                             '/Users/mx/Desktop/manim_m                         
                             ath/高中/高一/第二学期/第                          
                             四章-幂函数、指数函数和对                          
                             数函数（下）/001对数的概念                         
                             与运算/media/videos/logari                         
                             thm_concepts/1920p60/parti                         
                             al_movie_files/LogarithmCo                         
                             ncepts/656162490_377340077                         
                             6_2087230712.mp4'                                  
Animation 9: Write(MathTex('2^3 = 8')):   0%|          | 0/48 [00:00<?, ?it/s]Animation 9: Write(MathTex('2^3 = 8')):  50%|█████     | 24/48 [00:00<00:00, 232.41it/s]Animation 9: Write(MathTex('2^3 = 8')): 100%|██████████| 48/48 [00:00<00:00, 235.28it/s]                                                                                                            INFO     Animation 9 : Partial      scene_file_writer.py:590
                             movie file written in                              
                             '/Users/mx/Desktop/manim_m                         
                             ath/高中/高一/第二学期/第                          
                             四章-幂函数、指数函数和对                          
                             数函数（下）/001对数的概念                         
                             与运算/media/videos/logari                         
                             thm_concepts/1920p60/parti                         
                             al_movie_files/LogarithmCo                         
                             ncepts/656162490_127523852                         
                             5_2474222323.mp4'                                  
[02/27/26 10:33:36] INFO     Animation 10 : Partial     scene_file_writer.py:590
                             movie file written in                              
                             '/Users/mx/Desktop/manim_m                         
                             ath/高中/高一/第二学期/第                          
                             四章-幂函数、指数函数和对                          
                             数函数（下）/001对数的概念                         
                             与运算/media/videos/logari                         
                             thm_concepts/1920p60/parti                         
                             al_movie_files/LogarithmCo                         
                             ncepts/656162490_251401142                         
                             7_268796164.mp4'                                   
Animation 11: FadeIn(MathTex('\\Updownarrow')):   0%|          | 0/36 [00:00<?, ?it/s]Animation 11: FadeIn(MathTex('\\Updownarrow')):  78%|███████▊  | 28/36 [00:00<00:00, 260.83it/s]                                                                                                                    INFO     Animation 11 : Partial     scene_file_writer.py:590
                             movie file written in                              
                             '/Users/mx/Desktop/manim_m                         
                             ath/高中/高一/第二学期/第                          
                             四章-幂函数、指数函数和对                          
                             数函数（下）/001对数的概念                         
                             与运算/media/videos/logari                         
                             thm_concepts/1920p60/parti                         
                             al_movie_files/LogarithmCo                         
                             ncepts/656162490_334453610                         
                             1_2263540837.mp4'                                  
Animation 12: Write(MathTex('\\log_2 8 = 3')):   0%|          | 0/60 [00:00<?, ?it/s]Animation 12: Write(MathTex('\\log_2 8 = 3')):  37%|███▋      | 22/60 [00:00<00:00, 219.79it/s]Animation 12: Write(MathTex('\\log_2 8 = 3')):  73%|███████▎  | 44/60 [00:00<00:00, 218.25it/s]                                                                                               [02/27/26 10:33:37] INFO     Animation 12 : Partial     scene_file_writer.py:590
                             movie file written in                              
                             '/Users/mx/Desktop/manim_m                         
                             ath/高中/高一/第二学期/第                          
                             四章-幂函数、指数函数和对                          
                             数函数（下）/001对数的概念                         
                             与运算/media/videos/logari                         
                             thm_concepts/1920p60/parti                         
                             al_movie_files/LogarithmCo                         
                             ncepts/656162490_299961409                         
                             5_835785114.mp4'                                   
                    INFO     Animation 13 : Partial     scene_file_writer.py:590
                             movie file written in                              
                             '/Users/mx/Desktop/manim_m                         
                             ath/高中/高一/第二学期/第                          
                             四章-幂函数、指数函数和对                          
                             数函数（下）/001对数的概念                         
                             与运算/media/videos/logari                         
                             thm_concepts/1920p60/parti                         
                             al_movie_files/LogarithmCo                         
                             ncepts/656162490_231883658                         
                             1_3007759284.mp4'                                  
Animation 14: FadeIn(Text('底数')), etc.:   0%|          | 0/72 [00:00<?, ?it/s]Animation 14: FadeIn(Text('底数')), etc.:  19%|█▉        | 14/72 [00:00<00:00, 136.50it/s]Animation 14: FadeIn(Text('底数')), etc.:  42%|████▏     | 30/72 [00:00<00:00, 149.55it/s]Animation 14: FadeIn(Text('底数')), etc.:  68%|██████▊   | 49/72 [00:00<00:00, 166.38it/s]                                                                                          [02/27/26 10:33:38] INFO     Animation 14 : Partial     scene_file_writer.py:590
                             movie file written in                              
                             '/Users/mx/Desktop/manim_m                         
                             ath/高中/高一/第二学期/第                          
                             四章-幂函数、指数函数和对                          
                             数函数（下）/001对数的概念                         
                             与运算/media/videos/logari                         
                             thm_concepts/1920p60/parti                         
                             al_movie_files/LogarithmCo                         
                             ncepts/656162490_175504813                         
                             8_3760858334.mp4'                                  
[02/27/26 10:33:39] INFO     Animation 15 : Partial     scene_file_writer.py:590
                             movie file written in                              
                             '/Users/mx/Desktop/manim_m                         
                             ath/高中/高一/第二学期/第                          
                             四章-幂函数、指数函数和对                          
                             数函数（下）/001对数的概念                         
                             与运算/media/videos/logari                         
                             thm_concepts/1920p60/parti                         
                             al_movie_files/LogarithmCo                         
                             ncepts/656162490_143387740                         
                             7_780996327.mp4'                                   
Animation 16: FadeOut(VGroup of 6 submobjects):   0%|          | 0/24 [00:00<?, ?it/s]Animation 16: FadeOut(VGroup of 6 submobjects):  58%|█████▊    | 14/24 [00:00<00:00, 134.77it/s]                                                                                                                    INFO     Animation 16 : Partial     scene_file_writer.py:590
                             movie file written in                              
                             '/Users/mx/Desktop/manim_m                         
                             ath/高中/高一/第二学期/第                          
                             四章-幂函数、指数函数和对                          
                             数函数（下）/001对数的概念                         
                             与运算/media/videos/logari                         
                             thm_concepts/1920p60/parti                         
                             al_movie_files/LogarithmCo                         
                             ncepts/656162490_23497964_                         
                             2339551340.mp4'                                    
Animation 17: Create(SurroundingRectangle), etc.:   0%|          | 0/90 [00:00<?, ?it/s]Animation 17: Create(SurroundingRectangle), etc.:  20%|██        | 18/90 [00:00<00:00, 178.53it/s]Animation 17: Create(SurroundingRectangle), etc.:  44%|████▍     | 40/90 [00:00<00:00, 200.83it/s]Animation 17: Create(SurroundingRectangle), etc.:  69%|██████▉   | 62/90 [00:00<00:00, 209.08it/s]Animation 17: Create(SurroundingRectangle), etc.:  94%|█████████▍| 85/90 [00:00<00:00, 215.13it/s]                                                                                                  [02/27/26 10:33:41] INFO     Animation 17 : Partial     scene_file_writer.py:590
                             movie file written in                              
                             '/Users/mx/Desktop/manim_m                         
                             ath/高中/高一/第二学期/第                          
                             四章-幂函数、指数函数和对                          
                             数函数（下）/001对数的概念                         
                             与运算/media/videos/logari                         
                             thm_concepts/1920p60/parti                         
                             al_movie_files/LogarithmCo                         
                             ncepts/656162490_859015709                         
                             _3141005139.mp4'                                   
Animation 18: Write(MathTex('(a > 0, a \\neq 1, N > 0)')):   0%|          | 0/36 [00:00<?, ?it/s]Animation 18: Write(MathTex('(a > 0, a \\neq 1, N > 0)')):  56%|█████▌    | 20/36 [00:00<00:00, 196.81it/s]                                                                                                                               INFO     Animation 18 : Partial     scene_file_writer.py:590
                             movie file written in                              
                             '/Users/mx/Desktop/manim_m                         
                             ath/高中/高一/第二学期/第                          
                             四章-幂函数、指数函数和对                          
                             数函数（下）/001对数的概念                         
                             与运算/media/videos/logari                         
                             thm_concepts/1920p60/parti                         
                             al_movie_files/LogarithmCo                         
                             ncepts/656162490_321905176                         
                             _884350005.mp4'                                    
[02/27/26 10:33:42] INFO     Animation 19 : Partial     scene_file_writer.py:590
                             movie file written in                              
                             '/Users/mx/Desktop/manim_m                         
                             ath/高中/高一/第二学期/第                          
                             四章-幂函数、指数函数和对                          
                             数函数（下）/001对数的概念                         
                             与运算/media/videos/logari                         
                             thm_concepts/1920p60/parti                         
                             al_movie_files/LogarithmCo                         
                             ncepts/656162490_336604516                         
                             9_1120015287.mp4'                                  
Animation 20: FadeOut(Text('对数的定义')), etc.:   0%|          | 0/36 [00:00<?, ?it/s]Animation 20: FadeOut(Text('对数的定义')), etc.:  28%|██▊       | 10/36 [00:00<00:00, 94.90it/s]Animation 20: FadeOut(Text('对数的定义')), etc.:  56%|█████▌    | 20/36 [00:00<00:00, 95.10it/s]Animation 20: FadeOut(Text('对数的定义')), etc.:  86%|████████▌ | 31/36 [00:00<00:00, 99.18it/s]                                                                                                [02/27/26 10:33:43] INFO     Animation 20 : Partial     scene_file_writer.py:590
                             movie file written in                              
                             '/Users/mx/Desktop/manim_m                         
                             ath/高中/高一/第二学期/第                          
                             四章-幂函数、指数函数和对                          
                             数函数（下）/001对数的概念                         
                             与运算/media/videos/logari                         
                             thm_concepts/1920p60/parti                         
                             al_movie_files/LogarithmCo                         
                             ncepts/656162490_286493557                         
                             9_4001392144.mp4'                                  
                    WARNING  Font Noto Sans CJK SC not in    text_mobject.py:464
                             ['.AppleSystemUIFont', 'Academy                    
                             Engraved LET', 'Al Bayan', 'Al                     
                             Nile', 'Al Tarikh', 'American                      
                             Typewriter', 'Andale Mono',                        
                             'Apple Braille', 'Apple                            
                             Chancery', 'Apple Color Emoji',                    
                             'Apple LiGothic', 'Apple                           
                             LiSung', 'Apple SD Gothic Neo',                    
                             'Apple Symbols', 'AppleGothic',                    
                             'AppleMyungjo', 'Arial', 'Arial                    
                             Black', 'Arial Hebrew', 'Arial                     
                             Hebrew Scholar', 'Arial                            
                             Narrow', 'Arial Rounded MT                         
                             Bold', 'Arial Unicode MS',                         
                             'Avenir', 'Avenir Next',                           
                             'Avenir Next Condensed',                           
                             'Ayuthaya', 'BIZ UDGothic',                        
                             'BIZ UDMincho', 'BM Dohyeon',                      
                             'BM Hanna 11yrs Old', 'BM Hanna                    
                             Air', 'BM Hanna Pro', 'BM Jua',                    
                             'BM Kirang Haerang', 'BM                           
                             Yeonsung', 'Baghdad', 'Bangla                      
                             MN', 'Bangla Sangam MN', 'Baoli                    
                             SC', 'Baoli TC', 'Baskerville',                    
                             'Beirut', 'BiauKaiHK',                             
                             'BiauKaiTC', 'Big Caslon',                         
                             'Bodoni 72', 'Bodoni 72                            
                             Oldstyle', 'Bodoni 72                              
                             Smallcaps', 'Bodoni Ornaments',                    
                             'Bradley Hand', 'Brush Script                      
                             MT', 'Chalkboard', 'Chalkboard                     
                             SE', 'Chalkduster', 'Charter',                     
                             'Cochin', 'Comic Sans MS',                         
                             'Copperplate', 'Corsiva                            
                             Hebrew', 'Courier New', 'DIN                       
                             Alternate', 'DIN Condensed',                       
                             'Damascus', 'DecoType Naskh',                      
                             'Devanagari MT', 'Devanagari                       
                             Sangam MN', 'Didot', 'Diwan                        
                             Kufi', 'Diwan Thuluth',                            
                             'Euphemia UCAS', 'Farah',                          
                             'Farisi', 'Futura', 'GB18030                       
                             Bitmap', 'Galvji', 'Geeza Pro',                    
                             'Geneva', 'Georgia', 'Gill                         
                             Sans', 'Grantha Sangam MN',                        
                             'Gujarati MT', 'Gujarati Sangam                    
                             MN', 'GungSeo', 'Gurmukhi MN',                     
                             'Gurmukhi MT', 'Gurmukhi Sangam                    
                             MN', 'Hannotate SC', 'Hannotate                    
                             TC', 'HanziPen SC', 'HanziPen                      
                             TC', 'HeadLineA', 'Hei', 'Heiti                    
                             SC', 'Heiti TC', 'Helvetica',                      
                             'Helvetica Neue', 'Herculanum',                    
                             'Hiragino Maru Gothic ProN',                       
                             'Hiragino Mincho ProN',                            
                             'Hiragino Sans', 'Hiragino Sans                    
                             GB', 'Hoefler Text', 'ITF                          
                             Devanagari', 'ITF Devanagari                       
                             Marathi', 'Impact',                                
                             'InaiMathi', 'Kai', 'Kailasa',                     
                             'Kaiti SC', 'Kaiti TC',                            
                             'Kannada MN', 'Kannada Sangam                      
                             MN', 'Kefa III', 'Khmer MN',                       
                             'Khmer Sangam MN', 'Klee',                         
                             'Kohinoor Bangla', 'Kohinoor                       
                             Devanagari', 'Kohinoor                             
                             Gujarati', 'Kohinoor Telugu',                      
                             'Kokonor', 'Krungthep',                            
                             'KufiStandardGK', 'LXGW                            
                             ZhenKai', 'Lantinghei SC',                         
                             'Lantinghei TC', 'Lao MN', 'Lao                    
                             Sangam MN', 'LiHei Pro',                           
                             'LiSong Pro', 'Libian SC',                         
                             'Libian TC', 'LingWai SC',                         
                             'LingWai TC', 'Lucida Grande',                     
                             'Luminari', 'Malayalam MN',                        
                             'Malayalam Sangam MN', 'Marker                     
                             Felt', 'Menlo', 'Microsoft Sans                    
                             Serif', 'Mishafi', 'Mishafi                        
                             Gold', 'Monaco', 'Monospace',                      
                             'Mshtakan', 'Mukta Mahee',                         
                             'Muna', 'Myanmar MN', 'Myanmar                     
                             Sangam MN', 'Nadeem', 'Nanum                       
                             Brush Script', 'Nanum Gothic',                     
                             'Nanum Myeongjo', 'Nanum Pen                       
                             Script', 'New Peninim MT',                         
                             'Noteworthy', 'Noto Nastaliq                       
                             Urdu', 'Noto Sans Batak', 'Noto                    
                             Sans Kannada', 'Noto Sans                          
                             Myanmar', 'Noto Sans NKo',                         
                             'Noto Sans Oriya', 'Noto Sans                      
                             Syriac', 'Noto Sans Tagalog',                      
                             'Noto Serif Myanmar', 'Optima',                    
                             'Oriya MN', 'Oriya Sangam MN',                     
                             'Osaka', 'PCMyungjo', 'PT                          
                             Mono', 'PT Sans', 'PT Sans                         
                             Caption', 'PT Sans Narrow', 'PT                    
                             Serif', 'PT Serif Caption',                        
                             'Palatino', 'Papyrus', 'Party                      
                             LET', 'Phosphate', 'PilGi',                        
                             'PingFang HK', 'PingFang MO',                      
                             'PingFang SC', 'PingFang TC',                      
                             'Plantagenet Cherokee',                            
                             'Raanana', 'Rockwell',                             
                             'STFangsong', 'STHeiti', 'STIX                     
                             Two Math', 'STIX Two Text',                        
                             'STKaiti', 'STSong', 'Sana',                       
                             'Sans', 'Sathu', 'Savoye LET',                     
                             'Serif', 'Shree Devanagari                         
                             714', 'SignPainter', 'Silom',                      
                             'SimSong', 'Sinhala MN',                           
                             'Sinhala Sangam MN', 'Skia',                       
                             'Snell Roundhand', 'Songti SC',                    
                             'Songti TC', 'Sukhumvit Set',                      
                             'Symbol', 'Tahoma', 'Tamil MN',                    
                             'Tamil Sangam MN', 'Telugu MN',                    
                             'Telugu Sangam MN', 'Thonburi',                    
                             'Times New Roman', 'Toppan                         
                             Bunkyu Gothic', 'Toppan Bunkyu                     
                             Midashi Gothic', 'Toppan Bunkyu                    
                             Midashi Mincho', 'Toppan Bunkyu                    
                             Mincho', 'Trattatello',                            
                             'Trebuchet MS', 'Tsukushi A                        
                             Round Gothic', 'Tsukushi B                         
                             Round Gothic', 'Verdana',                          
                             'Waseem', 'Wawati SC', 'Wawati                     
                             TC', 'Webdings', 'Weibei SC',                      
                             'Weibei TC', 'Wingdings',                          
                             'Wingdings 2', 'Wingdings 3',                      
                             'Xingkai SC', 'Xingkai TC',                        
                             'YuGothic', 'YuKyokasho',                          
                             'YuKyokasho Yoko', 'YuMincho',                     
                             'YuMincho +36p Kana', 'Yuanti                      
                             SC', 'Yuanti TC', 'Yuppy SC',                      
                             'Yuppy TC', 'Zapf Dingbats',                       
                             'Zapfino', 'cursive',                              
                             'fantasy', 'system-ui'].                           
                    WARNING  Font Noto Sans CJK SC not in    text_mobject.py:464
                             ['.AppleSystemUIFont', 'Academy                    
                             Engraved LET', 'Al Bayan', 'Al                     
                             Nile', 'Al Tarikh', 'American                      
                             Typewriter', 'Andale Mono',                        
                             'Apple Braille', 'Apple                            
                             Chancery', 'Apple Color Emoji',                    
                             'Apple LiGothic', 'Apple                           
                             LiSung', 'Apple SD Gothic Neo',                    
                             'Apple Symbols', 'AppleGothic',                    
                             'AppleMyungjo', 'Arial', 'Arial                    
                             Black', 'Arial Hebrew', 'Arial                     
                             Hebrew Scholar', 'Arial                            
                             Narrow', 'Arial Rounded MT                         
                             Bold', 'Arial Unicode MS',                         
                             'Avenir', 'Avenir Next',                           
                             'Avenir Next Condensed',                           
                             'Ayuthaya', 'BIZ UDGothic',                        
                             'BIZ UDMincho', 'BM Dohyeon',                      
                             'BM Hanna 11yrs Old', 'BM Hanna                    
                             Air', 'BM Hanna Pro', 'BM Jua',                    
                             'BM Kirang Haerang', 'BM                           
                             Yeonsung', 'Baghdad', 'Bangla                      
                             MN', 'Bangla Sangam MN', 'Baoli                    
                             SC', 'Baoli TC', 'Baskerville',                    
                             'Beirut', 'BiauKaiHK',                             
                             'BiauKaiTC', 'Big Caslon',                         
                             'Bodoni 72', 'Bodoni 72                            
                             Oldstyle', 'Bodoni 72                              
                             Smallcaps', 'Bodoni Ornaments',                    
                             'Bradley Hand', 'Brush Script                      
                             MT', 'Chalkboard', 'Chalkboard                     
                             SE', 'Chalkduster', 'Charter',                     
                             'Cochin', 'Comic Sans MS',                         
                             'Copperplate', 'Corsiva                            
                             Hebrew', 'Courier New', 'DIN                       
                             Alternate', 'DIN Condensed',                       
                             'Damascus', 'DecoType Naskh',                      
                             'Devanagari MT', 'Devanagari                       
                             Sangam MN', 'Didot', 'Diwan                        
                             Kufi', 'Diwan Thuluth',                            
                             'Euphemia UCAS', 'Farah',                          
                             'Farisi', 'Futura', 'GB18030                       
                             Bitmap', 'Galvji', 'Geeza Pro',                    
                             'Geneva', 'Georgia', 'Gill                         
                             Sans', 'Grantha Sangam MN',                        
                             'Gujarati MT', 'Gujarati Sangam                    
                             MN', 'GungSeo', 'Gurmukhi MN',                     
                             'Gurmukhi MT', 'Gurmukhi Sangam                    
                             MN', 'Hannotate SC', 'Hannotate                    
                             TC', 'HanziPen SC', 'HanziPen                      
                             TC', 'HeadLineA', 'Hei', 'Heiti                    
                             SC', 'Heiti TC', 'Helvetica',                      
                             'Helvetica Neue', 'Herculanum',                    
                             'Hiragino Maru Gothic ProN',                       
                             'Hiragino Mincho ProN',                            
                             'Hiragino Sans', 'Hiragino Sans                    
                             GB', 'Hoefler Text', 'ITF                          
                             Devanagari', 'ITF Devanagari                       
                             Marathi', 'Impact',                                
                             'InaiMathi', 'Kai', 'Kailasa',                     
                             'Kaiti SC', 'Kaiti TC',                            
                             'Kannada MN', 'Kannada Sangam                      
                             MN', 'Kefa III', 'Khmer MN',                       
                             'Khmer Sangam MN', 'Klee',                         
                             'Kohinoor Bangla', 'Kohinoor                       
                             Devanagari', 'Kohinoor                             
                             Gujarati', 'Kohinoor Telugu',                      
                             'Kokonor', 'Krungthep',                            
                             'KufiStandardGK', 'LXGW                            
                             ZhenKai', 'Lantinghei SC',                         
                             'Lantinghei TC', 'Lao MN', 'Lao                    
                             Sangam MN', 'LiHei Pro',                           
                             'LiSong Pro', 'Libian SC',                         
                             'Libian TC', 'LingWai SC',                         
                             'LingWai TC', 'Lucida Grande',                     
                             'Luminari', 'Malayalam MN',                        
                             'Malayalam Sangam MN', 'Marker                     
                             Felt', 'Menlo', 'Microsoft Sans                    
                             Serif', 'Mishafi', 'Mishafi                        
                             Gold', 'Monaco', 'Monospace',                      
                             'Mshtakan', 'Mukta Mahee',                         
                             'Muna', 'Myanmar MN', 'Myanmar                     
                             Sangam MN', 'Nadeem', 'Nanum                       
                             Brush Script', 'Nanum Gothic',                     
                             'Nanum Myeongjo', 'Nanum Pen                       
                             Script', 'New Peninim MT',                         
                             'Noteworthy', 'Noto Nastaliq                       
                             Urdu', 'Noto Sans Batak', 'Noto                    
                             Sans Kannada', 'Noto Sans                          
                             Myanmar', 'Noto Sans NKo',                         
                             'Noto Sans Oriya', 'Noto Sans                      
                             Syriac', 'Noto Sans Tagalog',                      
                             'Noto Serif Myanmar', 'Optima',                    
                             'Oriya MN', 'Oriya Sangam MN',                     
                             'Osaka', 'PCMyungjo', 'PT                          
                             Mono', 'PT Sans', 'PT Sans                         
                             Caption', 'PT Sans Narrow', 'PT                    
                             Serif', 'PT Serif Caption',                        
                             'Palatino', 'Papyrus', 'Party                      
                             LET', 'Phosphate', 'PilGi',                        
                             'PingFang HK', 'PingFang MO',                      
                             'PingFang SC', 'PingFang TC',                      
                             'Plantagenet Cherokee',                            
                             'Raanana', 'Rockwell',                             
                             'STFangsong', 'STHeiti', 'STIX                     
                             Two Math', 'STIX Two Text',                        
                             'STKaiti', 'STSong', 'Sana',                       
                             'Sans', 'Sathu', 'Savoye LET',                     
                             'Serif', 'Shree Devanagari                         
                             714', 'SignPainter', 'Silom',                      
                             'SimSong', 'Sinhala MN',                           
                             'Sinhala Sangam MN', 'Skia',                       
                             'Snell Roundhand', 'Songti SC',                    
                             'Songti TC', 'Sukhumvit Set',                      
                             'Symbol', 'Tahoma', 'Tamil MN',                    
                             'Tamil Sangam MN', 'Telugu MN',                    
                             'Telugu Sangam MN', 'Thonburi',                    
                             'Times New Roman', 'Toppan                         
                             Bunkyu Gothic', 'Toppan Bunkyu                     
                             Midashi Gothic', 'Toppan Bunkyu                    
                             Midashi Mincho', 'Toppan Bunkyu                    
                             Mincho', 'Trattatello',                            
                             'Trebuchet MS', 'Tsukushi A                        
                             Round Gothic', 'Tsukushi B                         
                             Round Gothic', 'Verdana',                          
                             'Waseem', 'Wawati SC', 'Wawati                     
                             TC', 'Webdings', 'Weibei SC',                      
                             'Weibei TC', 'Wingdings',                          
                             'Wingdings 2', 'Wingdings 3',                      
                             'Xingkai SC', 'Xingkai TC',                        
                             'YuGothic', 'YuKyokasho',                          
                             'YuKyokasho Yoko', 'YuMincho',                     
                             'YuMincho +36p Kana', 'Yuanti                      
                             SC', 'Yuanti TC', 'Yuppy SC',                      
                             'Yuppy TC', 'Zapf Dingbats',                       
                             'Zapfino', 'cursive',                              
                             'fantasy', 'system-ui'].                           
                    INFO     Writing                     tex_file_writing.py:110
                             \special{dvisvgm:raw <g                            
                             id='unique000'>}\lg N =                            
                             \log_{10}                                          
                             N\special{dvisvgm:raw </g>}                        
                             to                                                 
                             media/Tex/124d110332ccc805.                        
                             tex                                                
                    INFO     Writing                     tex_file_writing.py:110
                             \special{dvisvgm:raw <g                            
                             id='unique000'>}\lg 100 =                          
                             2\special{dvisvgm:raw </g>}                        
                             to                                                 
                             media/Tex/60e3b677fac6b1f3.                        
                             tex                                                
[02/27/26 10:33:44] WARNING  Font Noto Sans CJK SC not in    text_mobject.py:464
                             ['.AppleSystemUIFont', 'Academy                    
                             Engraved LET', 'Al Bayan', 'Al                     
                             Nile', 'Al Tarikh', 'American                      
                             Typewriter', 'Andale Mono',                        
                             'Apple Braille', 'Apple                            
                             Chancery', 'Apple Color Emoji',                    
                             'Apple LiGothic', 'Apple                           
                             LiSung', 'Apple SD Gothic Neo',                    
                             'Apple Symbols', 'AppleGothic',                    
                             'AppleMyungjo', 'Arial', 'Arial                    
                             Black', 'Arial Hebrew', 'Arial                     
                             Hebrew Scholar', 'Arial                            
                             Narrow', 'Arial Rounded MT                         
                             Bold', 'Arial Unicode MS',                         
                             'Avenir', 'Avenir Next',                           
                             'Avenir Next Condensed',                           
                             'Ayuthaya', 'BIZ UDGothic',                        
                             'BIZ UDMincho', 'BM Dohyeon',                      
                             'BM Hanna 11yrs Old', 'BM Hanna                    
                             Air', 'BM Hanna Pro', 'BM Jua',                    
                             'BM Kirang Haerang', 'BM                           
                             Yeonsung', 'Baghdad', 'Bangla                      
                             MN', 'Bangla Sangam MN', 'Baoli                    
                             SC', 'Baoli TC', 'Baskerville',                    
                             'Beirut', 'BiauKaiHK',                             
                             'BiauKaiTC', 'Big Caslon',                         
                             'Bodoni 72', 'Bodoni 72                            
                             Oldstyle', 'Bodoni 72                              
                             Smallcaps', 'Bodoni Ornaments',                    
                             'Bradley Hand', 'Brush Script                      
                             MT', 'Chalkboard', 'Chalkboard                     
                             SE', 'Chalkduster', 'Charter',                     
                             'Cochin', 'Comic Sans MS',                         
                             'Copperplate', 'Corsiva                            
                             Hebrew', 'Courier New', 'DIN                       
                             Alternate', 'DIN Condensed',                       
                             'Damascus', 'DecoType Naskh',                      
                             'Devanagari MT', 'Devanagari                       
                             Sangam MN', 'Didot', 'Diwan                        
                             Kufi', 'Diwan Thuluth',                            
                             'Euphemia UCAS', 'Farah',                          
                             'Farisi', 'Futura', 'GB18030                       
                             Bitmap', 'Galvji', 'Geeza Pro',                    
                             'Geneva', 'Georgia', 'Gill                         
                             Sans', 'Grantha Sangam MN',                        
                             'Gujarati MT', 'Gujarati Sangam                    
                             MN', 'GungSeo', 'Gurmukhi MN',                     
                             'Gurmukhi MT', 'Gurmukhi Sangam                    
                             MN', 'Hannotate SC', 'Hannotate                    
                             TC', 'HanziPen SC', 'HanziPen                      
                             TC', 'HeadLineA', 'Hei', 'Heiti                    
                             SC', 'Heiti TC', 'Helvetica',                      
                             'Helvetica Neue', 'Herculanum',                    
                             'Hiragino Maru Gothic ProN',                       
                             'Hiragino Mincho ProN',                            
                             'Hiragino Sans', 'Hiragino Sans                    
                             GB', 'Hoefler Text', 'ITF                          
                             Devanagari', 'ITF Devanagari                       
                             Marathi', 'Impact',                                
                             'InaiMathi', 'Kai', 'Kailasa',                     
                             'Kaiti SC', 'Kaiti TC',                            
                             'Kannada MN', 'Kannada Sangam                      
                             MN', 'Kefa III', 'Khmer MN',                       
                             'Khmer Sangam MN', 'Klee',                         
                             'Kohinoor Bangla', 'Kohinoor                       
                             Devanagari', 'Kohinoor                             
                             Gujarati', 'Kohinoor Telugu',                      
                             'Kokonor', 'Krungthep',                            
                             'KufiStandardGK', 'LXGW                            
                             ZhenKai', 'Lantinghei SC',                         
                             'Lantinghei TC', 'Lao MN', 'Lao                    
                             Sangam MN', 'LiHei Pro',                           
                             'LiSong Pro', 'Libian SC',                         
                             'Libian TC', 'LingWai SC',                         
                             'LingWai TC', 'Lucida Grande',                     
                             'Luminari', 'Malayalam MN',                        
                             'Malayalam Sangam MN', 'Marker                     
                             Felt', 'Menlo', 'Microsoft Sans                    
                             Serif', 'Mishafi', 'Mishafi                        
                             Gold', 'Monaco', 'Monospace',                      
                             'Mshtakan', 'Mukta Mahee',                         
                             'Muna', 'Myanmar MN', 'Myanmar                     
                             Sangam MN', 'Nadeem', 'Nanum                       
                             Brush Script', 'Nanum Gothic',                     
                             'Nanum Myeongjo', 'Nanum Pen                       
                             Script', 'New Peninim MT',                         
                             'Noteworthy', 'Noto Nastaliq                       
                             Urdu', 'Noto Sans Batak', 'Noto                    
                             Sans Kannada', 'Noto Sans                          
                             Myanmar', 'Noto Sans NKo',                         
                             'Noto Sans Oriya', 'Noto Sans                      
                             Syriac', 'Noto Sans Tagalog',                      
                             'Noto Serif Myanmar', 'Optima',                    
                             'Oriya MN', 'Oriya Sangam MN',                     
                             'Osaka', 'PCMyungjo', 'PT                          
                             Mono', 'PT Sans', 'PT Sans                         
                             Caption', 'PT Sans Narrow', 'PT                    
                             Serif', 'PT Serif Caption',                        
                             'Palatino', 'Papyrus', 'Party                      
                             LET', 'Phosphate', 'PilGi',                        
                             'PingFang HK', 'PingFang MO',                      
                             'PingFang SC', 'PingFang TC',                      
                             'Plantagenet Cherokee',                            
                             'Raanana', 'Rockwell',                             
                             'STFangsong', 'STHeiti', 'STIX                     
                             Two Math', 'STIX Two Text',                        
                             'STKaiti', 'STSong', 'Sana',                       
                             'Sans', 'Sathu', 'Savoye LET',                     
                             'Serif', 'Shree Devanagari                         
                             714', 'SignPainter', 'Silom',                      
                             'SimSong', 'Sinhala MN',                           
                             'Sinhala Sangam MN', 'Skia',                       
                             'Snell Roundhand', 'Songti SC',                    
                             'Songti TC', 'Sukhumvit Set',                      
                             'Symbol', 'Tahoma', 'Tamil MN',                    
                             'Tamil Sangam MN', 'Telugu MN',                    
                             'Telugu Sangam MN', 'Thonburi',                    
                             'Times New Roman', 'Toppan                         
                             Bunkyu Gothic', 'Toppan Bunkyu                     
                             Midashi Gothic', 'Toppan Bunkyu                    
                             Midashi Mincho', 'Toppan Bunkyu                    
                             Mincho', 'Trattatello',                            
                             'Trebuchet MS', 'Tsukushi A                        
                             Round Gothic', 'Tsukushi B                         
                             Round Gothic', 'Verdana',                          
                             'Waseem', 'Wawati SC', 'Wawati                     
                             TC', 'Webdings', 'Weibei SC',                      
                             'Weibei TC', 'Wingdings',                          
                             'Wingdings 2', 'Wingdings 3',                      
                             'Xingkai SC', 'Xingkai TC',                        
                             'YuGothic', 'YuKyokasho',                          
                             'YuKyokasho Yoko', 'YuMincho',                     
                             'YuMincho +36p Kana', 'Yuanti                      
                             SC', 'Yuanti TC', 'Yuppy SC',                      
                             'Yuppy TC', 'Zapf Dingbats',                       
                             'Zapfino', 'cursive',                              
                             'fantasy', 'system-ui'].                           
                    INFO     Writing                     tex_file_writing.py:110
                             \special{dvisvgm:raw <g                            
                             id='unique000'>}\ln N =                            
                             \log_e                                             
                             N\special{dvisvgm:raw </g>}                        
                             to                                                 
                             media/Tex/172fc5a8b79e4826.                        
                             tex                                                
                    INFO     Writing                     tex_file_writing.py:110
                             \special{dvisvgm:raw <g                            
                             id='unique000'>}e \approx                          
                             2.718\special{dvisvgm:raw                          
                             </g>} to                                           
                             media/Tex/04c37de39845d444.                        
                             tex                                                
                    INFO     Writing                     tex_file_writing.py:110
                             \special{dvisvgm:raw <g                            
                             id='unique000'>}\ln e =                            
                             1\special{dvisvgm:raw </g>}                        
                             to                                                 
                             media/Tex/d5e91c34f58a2d40.                        
                             tex                                                
[02/27/26 10:33:45] WARNING  Font Noto Sans CJK SC not in    text_mobject.py:464
                             ['.AppleSystemUIFont', 'Academy                    
                             Engraved LET', 'Al Bayan', 'Al                     
                             Nile', 'Al Tarikh', 'American                      
                             Typewriter', 'Andale Mono',                        
                             'Apple Braille', 'Apple                            
                             Chancery', 'Apple Color Emoji',                    
                             'Apple LiGothic', 'Apple                           
                             LiSung', 'Apple SD Gothic Neo',                    
                             'Apple Symbols', 'AppleGothic',                    
                             'AppleMyungjo', 'Arial', 'Arial                    
                             Black', 'Arial Hebrew', 'Arial                     
                             Hebrew Scholar', 'Arial                            
                             Narrow', 'Arial Rounded MT                         
                             Bold', 'Arial Unicode MS',                         
                             'Avenir', 'Avenir Next',                           
                             'Avenir Next Condensed',                           
                             'Ayuthaya', 'BIZ UDGothic',                        
                             'BIZ UDMincho', 'BM Dohyeon',                      
                             'BM Hanna 11yrs Old', 'BM Hanna                    
                             Air', 'BM Hanna Pro', 'BM Jua',                    
                             'BM Kirang Haerang', 'BM                           
                             Yeonsung', 'Baghdad', 'Bangla                      
                             MN', 'Bangla Sangam MN', 'Baoli                    
                             SC', 'Baoli TC', 'Baskerville',                    
                             'Beirut', 'BiauKaiHK',                             
                             'BiauKaiTC', 'Big Caslon',                         
                             'Bodoni 72', 'Bodoni 72                            
                             Oldstyle', 'Bodoni 72                              
                             Smallcaps', 'Bodoni Ornaments',                    
                             'Bradley Hand', 'Brush Script                      
                             MT', 'Chalkboard', 'Chalkboard                     
                             SE', 'Chalkduster', 'Charter',                     
                             'Cochin', 'Comic Sans MS',                         
                             'Copperplate', 'Corsiva                            
                             Hebrew', 'Courier New', 'DIN                       
                             Alternate', 'DIN Condensed',                       
                             'Damascus', 'DecoType Naskh',                      
                             'Devanagari MT', 'Devanagari                       
                             Sangam MN', 'Didot', 'Diwan                        
                             Kufi', 'Diwan Thuluth',                            
                             'Euphemia UCAS', 'Farah',                          
                             'Farisi', 'Futura', 'GB18030                       
                             Bitmap', 'Galvji', 'Geeza Pro',                    
                             'Geneva', 'Georgia', 'Gill                         
                             Sans', 'Grantha Sangam MN',                        
                             'Gujarati MT', 'Gujarati Sangam                    
                             MN', 'GungSeo', 'Gurmukhi MN',                     
                             'Gurmukhi MT', 'Gurmukhi Sangam                    
                             MN', 'Hannotate SC', 'Hannotate                    
                             TC', 'HanziPen SC', 'HanziPen                      
                             TC', 'HeadLineA', 'Hei', 'Heiti                    
                             SC', 'Heiti TC', 'Helvetica',                      
                             'Helvetica Neue', 'Herculanum',                    
                             'Hiragino Maru Gothic ProN',                       
                             'Hiragino Mincho ProN',                            
                             'Hiragino Sans', 'Hiragino Sans                    
                             GB', 'Hoefler Text', 'ITF                          
                             Devanagari', 'ITF Devanagari                       
                             Marathi', 'Impact',                                
                             'InaiMathi', 'Kai', 'Kailasa',                     
                             'Kaiti SC', 'Kaiti TC',                            
                             'Kannada MN', 'Kannada Sangam                      
                             MN', 'Kefa III', 'Khmer MN',                       
                             'Khmer Sangam MN', 'Klee',                         
                             'Kohinoor Bangla', 'Kohinoor                       
                             Devanagari', 'Kohinoor                             
                             Gujarati', 'Kohinoor Telugu',                      
                             'Kokonor', 'Krungthep',                            
                             'KufiStandardGK', 'LXGW                            
                             ZhenKai', 'Lantinghei SC',                         
                             'Lantinghei TC', 'Lao MN', 'Lao                    
                             Sangam MN', 'LiHei Pro',                           
                             'LiSong Pro', 'Libian SC',                         
                             'Libian TC', 'LingWai SC',                         
                             'LingWai TC', 'Lucida Grande',                     
                             'Luminari', 'Malayalam MN',                        
                             'Malayalam Sangam MN', 'Marker                     
                             Felt', 'Menlo', 'Microsoft Sans                    
                             Serif', 'Mishafi', 'Mishafi                        
                             Gold', 'Monaco', 'Monospace',                      
                             'Mshtakan', 'Mukta Mahee',                         
                             'Muna', 'Myanmar MN', 'Myanmar                     
                             Sangam MN', 'Nadeem', 'Nanum                       
                             Brush Script', 'Nanum Gothic',                     
                             'Nanum Myeongjo', 'Nanum Pen                       
                             Script', 'New Peninim MT',                         
                             'Noteworthy', 'Noto Nastaliq                       
                             Urdu', 'Noto Sans Batak', 'Noto                    
                             Sans Kannada', 'Noto Sans                          
                             Myanmar', 'Noto Sans NKo',                         
                             'Noto Sans Oriya', 'Noto Sans                      
                             Syriac', 'Noto Sans Tagalog',                      
                             'Noto Serif Myanmar', 'Optima',                    
                             'Oriya MN', 'Oriya Sangam MN',                     
                             'Osaka', 'PCMyungjo', 'PT                          
                             Mono', 'PT Sans', 'PT Sans                         
                             Caption', 'PT Sans Narrow', 'PT                    
                             Serif', 'PT Serif Caption',                        
                             'Palatino', 'Papyrus', 'Party                      
                             LET', 'Phosphate', 'PilGi',                        
                             'PingFang HK', 'PingFang MO',                      
                             'PingFang SC', 'PingFang TC',                      
                             'Plantagenet Cherokee',                            
                             'Raanana', 'Rockwell',                             
                             'STFangsong', 'STHeiti', 'STIX                     
                             Two Math', 'STIX Two Text',                        
                             'STKaiti', 'STSong', 'Sana',                       
                             'Sans', 'Sathu', 'Savoye LET',                     
                             'Serif', 'Shree Devanagari                         
                             714', 'SignPainter', 'Silom',                      
                             'SimSong', 'Sinhala MN',                           
                             'Sinhala Sangam MN', 'Skia',                       
                             'Snell Roundhand', 'Songti SC',                    
                             'Songti TC', 'Sukhumvit Set',                      
                             'Symbol', 'Tahoma', 'Tamil MN',                    
                             'Tamil Sangam MN', 'Telugu MN',                    
                             'Telugu Sangam MN', 'Thonburi',                    
                             'Times New Roman', 'Toppan                         
                             Bunkyu Gothic', 'Toppan Bunkyu                     
                             Midashi Gothic', 'Toppan Bunkyu                    
                             Midashi Mincho', 'Toppan Bunkyu                    
                             Mincho', 'Trattatello',                            
                             'Trebuchet MS', 'Tsukushi A                        
                             Round Gothic', 'Tsukushi B                         
                             Round Gothic', 'Verdana',                          
                             'Waseem', 'Wawati SC', 'Wawati                     
                             TC', 'Webdings', 'Weibei SC',                      
                             'Weibei TC', 'Wingdings',                          
                             'Wingdings 2', 'Wingdings 3',                      
                             'Xingkai SC', 'Xingkai TC',                        
                             'YuGothic', 'YuKyokasho',                          
                             'YuKyokasho Yoko', 'YuMincho',                     
                             'YuMincho +36p Kana', 'Yuanti                      
                             SC', 'Yuanti TC', 'Yuppy SC',                      
                             'Yuppy TC', 'Zapf Dingbats',                       
                             'Zapfino', 'cursive',                              
                             'fantasy', 'system-ui'].                           
Animation 21: Write(Text('特殊对数')):   0%|          | 0/30 [00:00<?, ?it/s]Animation 21: Write(Text('特殊对数')):  63%|██████▎   | 19/30 [00:00<00:00, 185.41it/s]                                                                                                           INFO     Animation 21 : Partial     scene_file_writer.py:590
                             movie file written in                              
                             '/Users/mx/Desktop/manim_m                         
                             ath/高中/高一/第二学期/第                          
                             四章-幂函数、指数函数和对                          
                             数函数（下）/001对数的概念                         
                             与运算/media/videos/logari                         
                             thm_concepts/1920p60/parti                         
                             al_movie_files/LogarithmCo                         
                             ncepts/656162490_416773059                         
                             4_1980272959.mp4'                                  
Animation 22: _MethodAnimation(VGroup of 2 submobjects):   0%|          | 0/48 [00:00<?, ?it/s]Animation 22: _MethodAnimation(VGroup of 2 submobjects):  31%|███▏      | 15/48 [00:00<00:00, 148.05it/s]Animation 22: _MethodAnimation(VGroup of 2 submobjects):  62%|██████▎   | 30/48 [00:00<00:00, 145.85it/s]Animation 22: _MethodAnimation(VGroup of 2 submobjects):  94%|█████████▍| 45/48 [00:00<00:00, 147.71it/s]                                                                                                         [02/27/26 10:33:46] INFO     Animation 22 : Partial     scene_file_writer.py:590
                             movie file written in                              
                             '/Users/mx/Desktop/manim_m                         
                             ath/高中/高一/第二学期/第                          
                             四章-幂函数、指数函数和对                          
                             数函数（下）/001对数的概念                         
                             与运算/media/videos/logari                         
                             thm_concepts/1920p60/parti                         
                             al_movie_files/LogarithmCo                         
                             ncepts/656162490_46844094_                         
                             2470759048.mp4'                                    
[02/27/26 10:33:47] INFO     Animation 23 : Partial     scene_file_writer.py:590
                             movie file written in                              
                             '/Users/mx/Desktop/manim_m                         
                             ath/高中/高一/第二学期/第                          
                             四章-幂函数、指数函数和对                          
                             数函数（下）/001对数的概念                         
                             与运算/media/videos/logari                         
                             thm_concepts/1920p60/parti                         
                             al_movie_files/LogarithmCo                         
                             ncepts/656162490_393224914                         
                             7_1346163160.mp4'                                  
Animation 24: _MethodAnimation(VGroup of 2 submobjects):   0%|          | 0/48 [00:00<?, ?it/s]Animation 24: _MethodAnimation(VGroup of 2 submobjects):  25%|██▌       | 12/48 [00:00<00:00, 117.61it/s]Animation 24: _MethodAnimation(VGroup of 2 submobjects):  54%|█████▍    | 26/48 [00:00<00:00, 128.91it/s]Animation 24: _MethodAnimation(VGroup of 2 submobjects):  81%|████████▏ | 39/48 [00:00<00:00, 128.94it/s]                                                                                                         [02/27/26 10:33:48] INFO     Animation 24 : Partial     scene_file_writer.py:590
                             movie file written in                              
                             '/Users/mx/Desktop/manim_m                         
                             ath/高中/高一/第二学期/第                          
                             四章-幂函数、指数函数和对                          
                             数函数（下）/001对数的概念                         
                             与运算/media/videos/logari                         
                             thm_concepts/1920p60/parti                         
                             al_movie_files/LogarithmCo                         
                             ncepts/656162490_410680550                         
                             5_3094542555.mp4'                                  
                    INFO     Animation 25 : Partial     scene_file_writer.py:590
                             movie file written in                              
                             '/Users/mx/Desktop/manim_m                         
                             ath/高中/高一/第二学期/第                          
                             四章-幂函数、指数函数和对                          
                             数函数（下）/001对数的概念                         
                             与运算/media/videos/logari                         
                             thm_concepts/1920p60/parti                         
                             al_movie_files/LogarithmCo                         
                             ncepts/656162490_393224914                         
                             7_2128595202.mp4'                                  
Animation 26: FadeIn(Text('广泛用于科学计算与工程应用')):   0%|          | 0/60 [00:00<?, ?it/s]Animation 26: FadeIn(Text('广泛用于科学计算与工程应用')):  25%|██▌       | 15/60 [00:00<00:00, 145.75it/s]Animation 26: FadeIn(Text('广泛用于科学计算与工程应用')):  52%|█████▏    | 31/60 [00:00<00:00, 153.31it/s]Animation 26: FadeIn(Text('广泛用于科学计算与工程应用')):  80%|████████  | 48/60 [00:00<00:00, 160.78it/s]                                                                                                          [02/27/26 10:33:50] INFO     Animation 26 : Partial     scene_file_writer.py:590
                             movie file written in                              
                             '/Users/mx/Desktop/manim_m                         
                             ath/高中/高一/第二学期/第                          
                             四章-幂函数、指数函数和对                          
                             数函数（下）/001对数的概念                         
                             与运算/media/videos/logari                         
                             thm_concepts/1920p60/parti                         
                             al_movie_files/LogarithmCo                         
                             ncepts/656162490_194359782                         
                             1_3646519163.mp4'                                  
[02/27/26 10:33:51] INFO     Animation 27 : Partial     scene_file_writer.py:590
                             movie file written in                              
                             '/Users/mx/Desktop/manim_m                         
                             ath/高中/高一/第二学期/第                          
                             四章-幂函数、指数函数和对                          
                             数函数（下）/001对数的概念                         
                             与运算/media/videos/logari                         
                             thm_concepts/1920p60/parti                         
                             al_movie_files/LogarithmCo                         
                             ncepts/656162490_336604516                         
                             9_3831105944.mp4'                                  
Animation 28: FadeOut(Text('特殊对数')), etc.:   0%|          | 0/36 [00:00<?, ?it/s]Animation 28: FadeOut(Text('特殊对数')), etc.:  17%|█▋        | 6/36 [00:00<00:00, 59.44it/s]Animation 28: FadeOut(Text('特殊对数')), etc.:  33%|███▎      | 12/36 [00:00<00:00, 56.33it/s]Animation 28: FadeOut(Text('特殊对数')), etc.:  53%|█████▎    | 19/36 [00:00<00:00, 58.74it/s]Animation 28: FadeOut(Text('特殊对数')), etc.:  72%|███████▏  | 26/36 [00:00<00:00, 60.73it/s]Animation 28: FadeOut(Text('特殊对数')), etc.:  92%|█████████▏| 33/36 [00:00<00:00, 61.16it/s]                                                                                              [02/27/26 10:33:52] INFO     Animation 28 : Partial     scene_file_writer.py:590
                             movie file written in                              
                             '/Users/mx/Desktop/manim_m                         
                             ath/高中/高一/第二学期/第                          
                             四章-幂函数、指数函数和对                          
                             数函数（下）/001对数的概念                         
                             与运算/media/videos/logari                         
                             thm_concepts/1920p60/parti                         
                             al_movie_files/LogarithmCo                         
                             ncepts/656162490_106431392                         
                             8_4070268962.mp4'                                  
                    WARNING  Font Noto Sans CJK SC not in    text_mobject.py:464
                             ['.AppleSystemUIFont', 'Academy                    
                             Engraved LET', 'Al Bayan', 'Al                     
                             Nile', 'Al Tarikh', 'American                      
                             Typewriter', 'Andale Mono',                        
                             'Apple Braille', 'Apple                            
                             Chancery', 'Apple Color Emoji',                    
                             'Apple LiGothic', 'Apple                           
                             LiSung', 'Apple SD Gothic Neo',                    
                             'Apple Symbols', 'AppleGothic',                    
                             'AppleMyungjo', 'Arial', 'Arial                    
                             Black', 'Arial Hebrew', 'Arial                     
                             Hebrew Scholar', 'Arial                            
                             Narrow', 'Arial Rounded MT                         
                             Bold', 'Arial Unicode MS',                         
                             'Avenir', 'Avenir Next',                           
                             'Avenir Next Condensed',                           
                             'Ayuthaya', 'BIZ UDGothic',                        
                             'BIZ UDMincho', 'BM Dohyeon',                      
                             'BM Hanna 11yrs Old', 'BM Hanna                    
                             Air', 'BM Hanna Pro', 'BM Jua',                    
                             'BM Kirang Haerang', 'BM                           
                             Yeonsung', 'Baghdad', 'Bangla                      
                             MN', 'Bangla Sangam MN', 'Baoli                    
                             SC', 'Baoli TC', 'Baskerville',                    
                             'Beirut', 'BiauKaiHK',                             
                             'BiauKaiTC', 'Big Caslon',                         
                             'Bodoni 72', 'Bodoni 72                            
                             Oldstyle', 'Bodoni 72                              
                             Smallcaps', 'Bodoni Ornaments',                    
                             'Bradley Hand', 'Brush Script                      
                             MT', 'Chalkboard', 'Chalkboard                     
                             SE', 'Chalkduster', 'Charter',                     
                             'Cochin', 'Comic Sans MS',                         
                             'Copperplate', 'Corsiva                            
                             Hebrew', 'Courier New', 'DIN                       
                             Alternate', 'DIN Condensed',                       
                             'Damascus', 'DecoType Naskh',                      
                             'Devanagari MT', 'Devanagari                       
                             Sangam MN', 'Didot', 'Diwan                        
                             Kufi', 'Diwan Thuluth',                            
                             'Euphemia UCAS', 'Farah',                          
                             'Farisi', 'Futura', 'GB18030                       
                             Bitmap', 'Galvji', 'Geeza Pro',                    
                             'Geneva', 'Georgia', 'Gill                         
                             Sans', 'Grantha Sangam MN',                        
                             'Gujarati MT', 'Gujarati Sangam                    
                             MN', 'GungSeo', 'Gurmukhi MN',                     
                             'Gurmukhi MT', 'Gurmukhi Sangam                    
                             MN', 'Hannotate SC', 'Hannotate                    
                             TC', 'HanziPen SC', 'HanziPen                      
                             TC', 'HeadLineA', 'Hei', 'Heiti                    
                             SC', 'Heiti TC', 'Helvetica',                      
                             'Helvetica Neue', 'Herculanum',                    
                             'Hiragino Maru Gothic ProN',                       
                             'Hiragino Mincho ProN',                            
                             'Hiragino Sans', 'Hiragino Sans                    
                             GB', 'Hoefler Text', 'ITF                          
                             Devanagari', 'ITF Devanagari                       
                             Marathi', 'Impact',                                
                             'InaiMathi', 'Kai', 'Kailasa',                     
                             'Kaiti SC', 'Kaiti TC',                            
                             'Kannada MN', 'Kannada Sangam                      
                             MN', 'Kefa III', 'Khmer MN',                       
                             'Khmer Sangam MN', 'Klee',                         
                             'Kohinoor Bangla', 'Kohinoor                       
                             Devanagari', 'Kohinoor                             
                             Gujarati', 'Kohinoor Telugu',                      
                             'Kokonor', 'Krungthep',                            
                             'KufiStandardGK', 'LXGW                            
                             ZhenKai', 'Lantinghei SC',                         
                             'Lantinghei TC', 'Lao MN', 'Lao                    
                             Sangam MN', 'LiHei Pro',                           
                             'LiSong Pro', 'Libian SC',                         
                             'Libian TC', 'LingWai SC',                         
                             'LingWai TC', 'Lucida Grande',                     
                             'Luminari', 'Malayalam MN',                        
                             'Malayalam Sangam MN', 'Marker                     
                             Felt', 'Menlo', 'Microsoft Sans                    
                             Serif', 'Mishafi', 'Mishafi                        
                             Gold', 'Monaco', 'Monospace',                      
                             'Mshtakan', 'Mukta Mahee',                         
                             'Muna', 'Myanmar MN', 'Myanmar                     
                             Sangam MN', 'Nadeem', 'Nanum                       
                             Brush Script', 'Nanum Gothic',                     
                             'Nanum Myeongjo', 'Nanum Pen                       
                             Script', 'New Peninim MT',                         
                             'Noteworthy', 'Noto Nastaliq                       
                             Urdu', 'Noto Sans Batak', 'Noto                    
                             Sans Kannada', 'Noto Sans                          
                             Myanmar', 'Noto Sans NKo',                         
                             'Noto Sans Oriya', 'Noto Sans                      
                             Syriac', 'Noto Sans Tagalog',                      
                             'Noto Serif Myanmar', 'Optima',                    
                             'Oriya MN', 'Oriya Sangam MN',                     
                             'Osaka', 'PCMyungjo', 'PT                          
                             Mono', 'PT Sans', 'PT Sans                         
                             Caption', 'PT Sans Narrow', 'PT                    
                             Serif', 'PT Serif Caption',                        
                             'Palatino', 'Papyrus', 'Party                      
                             LET', 'Phosphate', 'PilGi',                        
                             'PingFang HK', 'PingFang MO',                      
                             'PingFang SC', 'PingFang TC',                      
                             'Plantagenet Cherokee',                            
                             'Raanana', 'Rockwell',                             
                             'STFangsong', 'STHeiti', 'STIX                     
                             Two Math', 'STIX Two Text',                        
                             'STKaiti', 'STSong', 'Sana',                       
                             'Sans', 'Sathu', 'Savoye LET',                     
                             'Serif', 'Shree Devanagari                         
                             714', 'SignPainter', 'Silom',                      
                             'SimSong', 'Sinhala MN',                           
                             'Sinhala Sangam MN', 'Skia',                       
                             'Snell Roundhand', 'Songti SC',                    
                             'Songti TC', 'Sukhumvit Set',                      
                             'Symbol', 'Tahoma', 'Tamil MN',                    
                             'Tamil Sangam MN', 'Telugu MN',                    
                             'Telugu Sangam MN', 'Thonburi',                    
                             'Times New Roman', 'Toppan                         
                             Bunkyu Gothic', 'Toppan Bunkyu                     
                             Midashi Gothic', 'Toppan Bunkyu                    
                             Midashi Mincho', 'Toppan Bunkyu                    
                             Mincho', 'Trattatello',                            
                             'Trebuchet MS', 'Tsukushi A                        
                             Round Gothic', 'Tsukushi B                         
                             Round Gothic', 'Verdana',                          
                             'Waseem', 'Wawati SC', 'Wawati                     
                             TC', 'Webdings', 'Weibei SC',                      
                             'Weibei TC', 'Wingdings',                          
                             'Wingdings 2', 'Wingdings 3',                      
                             'Xingkai SC', 'Xingkai TC',                        
                             'YuGothic', 'YuKyokasho',                          
                             'YuKyokasho Yoko', 'YuMincho',                     
                             'YuMincho +36p Kana', 'Yuanti                      
                             SC', 'Yuanti TC', 'Yuppy SC',                      
                             'Yuppy TC', 'Zapf Dingbats',                       
                             'Zapfino', 'cursive',                              
                             'fantasy', 'system-ui'].                           
                    INFO     Writing                     tex_file_writing.py:110
                             \special{dvisvgm:raw <g                            
                             id='unique000'>}a^{\log_a                          
                             N} = N\special{dvisvgm:raw                         
                             </g>} to                                           
                             media/Tex/2ed7612ff4baedd5.                        
                             tex                                                
[02/27/26 10:33:53] INFO     Writing                     tex_file_writing.py:110
                             \special{dvisvgm:raw <g                            
                             id='unique000'>}2^{\log_2                          
                             8}\special{dvisvgm:raw                             
                             </g>} to                                           
                             media/Tex/d7428d2badaf55e5.                        
                             tex                                                
                    INFO     Writing                     tex_file_writing.py:110
                             \special{dvisvgm:raw <g                            
                             id='unique000'>}=                                  
                             2^3\special{dvisvgm:raw                            
                             </g>} to                                           
                             media/Tex/4079e28b741e345f.                        
                             tex                                                
                    INFO     Writing                     tex_file_writing.py:110
                             \special{dvisvgm:raw <g                            
                             id='unique000'>}=                                  
                             8\special{dvisvgm:raw </g>}                        
                             to                                                 
                             media/Tex/87fc4960dc2e5091.                        
                             tex                                                
                    INFO     Writing                     tex_file_writing.py:110
                             \special{dvisvgm:raw <g                            
                             id='unique000'>}\checkmark\                        
                             special{dvisvgm:raw </g>}                          
                             to                                                 
                             media/Tex/a3478fc704da706e.                        
                             tex                                                
[02/27/26 10:33:54] INFO     Writing                     tex_file_writing.py:110
                             \special{dvisvgm:raw <g                            
                             id='unique000'>}\log_a a^n                         
                             = n\special{dvisvgm:raw                            
                             </g>} to                                           
                             media/Tex/9a8b64c83f3709c8.                        
                             tex                                                
                    INFO     Writing                     tex_file_writing.py:110
                             \special{dvisvgm:raw <g                            
                             id='unique000'>}\log_a 1 =                         
                             0\special{dvisvgm:raw </g>}                        
                             to                                                 
                             media/Tex/c13c85e5c21efc50.                        
                             tex                                                
                    INFO     Writing                     tex_file_writing.py:110
                             \special{dvisvgm:raw <g                            
                             id='unique000'>}\log_a a =                         
                             1\special{dvisvgm:raw </g>}                        
                             to                                                 
                             media/Tex/f42bb80b11614635.                        
                             tex                                                
Animation 29: Write(Text('对数恒等式')):   0%|          | 0/36 [00:00<?, ?it/s]Animation 29: Write(Text('对数恒等式')):  50%|█████     | 18/36 [00:00<00:00, 174.60it/s]                                                                                         [02/27/26 10:33:55] INFO     Animation 29 : Partial     scene_file_writer.py:590
                             movie file written in                              
                             '/Users/mx/Desktop/manim_m                         
                             ath/高中/高一/第二学期/第                          
                             四章-幂函数、指数函数和对                          
                             数函数（下）/001对数的概念                         
                             与运算/media/videos/logari                         
                             thm_concepts/1920p60/parti                         
                             al_movie_files/LogarithmCo                         
                             ncepts/656162490_117363882                         
                             4_4123503371.mp4'                                  
Animation 30: Create(SurroundingRectangle), etc.:   0%|          | 0/60 [00:00<?, ?it/s]Animation 30: Create(SurroundingRectangle), etc.:  40%|████      | 24/60 [00:00<00:00, 238.30it/s]Animation 30: Create(SurroundingRectangle), etc.:  83%|████████▎ | 50/60 [00:00<00:00, 243.72it/s]                                                                                                  [02/27/26 10:33:56] INFO     Animation 30 : Partial     scene_file_writer.py:590
                             movie file written in                              
                             '/Users/mx/Desktop/manim_m                         
                             ath/高中/高一/第二学期/第                          
                             四章-幂函数、指数函数和对                          
                             数函数（下）/001对数的概念                         
                             与运算/media/videos/logari                         
                             thm_concepts/1920p60/parti                         
                             al_movie_files/LogarithmCo                         
                             ncepts/656162490_291784349                         
                             6_1415042809.mp4'                                  
                    INFO     Animation 31 : Partial     scene_file_writer.py:590
                             movie file written in                              
                             '/Users/mx/Desktop/manim_m                         
                             ath/高中/高一/第二学期/第                          
                             四章-幂函数、指数函数和对                          
                             数函数（下）/001对数的概念                         
                             与运算/media/videos/logari                         
                             thm_concepts/1920p60/parti                         
                             al_movie_files/LogarithmCo                         
                             ncepts/656162490_393224914                         
                             7_2146185664.mp4'                                  
Animation 32: FadeIn(MathTex('2^{\\log_2 8}')):   0%|          | 0/24 [00:00<?, ?it/s]                                                                                      [02/27/26 10:33:57] INFO     Animation 32 : Partial     scene_file_writer.py:590
                             movie file written in                              
                             '/Users/mx/Desktop/manim_m                         
                             ath/高中/高一/第二学期/第                          
                             四章-幂函数、指数函数和对                          
                             数函数（下）/001对数的概念                         
                             与运算/media/videos/logari                         
                             thm_concepts/1920p60/parti                         
                             al_movie_files/LogarithmCo                         
                             ncepts/656162490_124984811                         
                             2_2324569777.mp4'                                  
                    INFO     Animation 33 : Partial     scene_file_writer.py:590
                             movie file written in                              
                             '/Users/mx/Desktop/manim_m                         
                             ath/高中/高一/第二学期/第                          
                             四章-幂函数、指数函数和对                          
                             数函数（下）/001对数的概念                         
                             与运算/media/videos/logari                         
                             thm_concepts/1920p60/parti                         
                             al_movie_files/LogarithmCo                         
                             ncepts/656162490_251401142                         
                             7_841454058.mp4'                                   
Animation 34: FadeIn(MathTex('= 2^3')):   0%|          | 0/24 [00:00<?, ?it/s]Animation 34: FadeIn(MathTex('= 2^3')):  71%|███████   | 17/24 [00:00<00:00, 167.95it/s]                                                                                                            INFO     Animation 34 : Partial     scene_file_writer.py:590
                             movie file written in                              
                             '/Users/mx/Desktop/manim_m                         
                             ath/高中/高一/第二学期/第                          
                             四章-幂函数、指数函数和对                          
                             数函数（下）/001对数的概念                         
                             与运算/media/videos/logari                         
                             thm_concepts/1920p60/parti                         
                             al_movie_files/LogarithmCo                         
                             ncepts/656162490_314287792                         
                             4_4215783810.mp4'                                  
[02/27/26 10:33:58] INFO     Animation 35 : Partial     scene_file_writer.py:590
                             movie file written in                              
                             '/Users/mx/Desktop/manim_m                         
                             ath/高中/高一/第二学期/第                          
                             四章-幂函数、指数函数和对                          
                             数函数（下）/001对数的概念                         
                             与运算/media/videos/logari                         
                             thm_concepts/1920p60/parti                         
                             al_movie_files/LogarithmCo                         
                             ncepts/656162490_251401142                         
                             7_2652486725.mp4'                                  
Animation 36: FadeIn(MathTex('= 8')):   0%|          | 0/24 [00:00<?, ?it/s]                                                                                                INFO     Animation 36 : Partial     scene_file_writer.py:590
                             movie file written in                              
                             '/Users/mx/Desktop/manim_m                         
                             ath/高中/高一/第二学期/第                          
                             四章-幂函数、指数函数和对                          
                             数函数（下）/001对数的概念                         
                             与运算/media/videos/logari                         
                             thm_concepts/1920p60/parti                         
                             al_movie_files/LogarithmCo                         
                             ncepts/656162490_565587584                         
                             _3582307648.mp4'                                   
[02/27/26 10:33:59] INFO     Animation 37 : Partial     scene_file_writer.py:590
                             movie file written in                              
                             '/Users/mx/Desktop/manim_m                         
                             ath/高中/高一/第二学期/第                          
                             四章-幂函数、指数函数和对                          
                             数函数（下）/001对数的概念                         
                             与运算/media/videos/logari                         
                             thm_concepts/1920p60/parti                         
                             al_movie_files/LogarithmCo                         
                             ncepts/656162490_251401142                         
                             7_3346097727.mp4'                                  
Animation 38: FadeIn(MathTex('\\checkmark')):   0%|          | 0/24 [00:00<?, ?it/s]                                                                                                        INFO     Animation 38 : Partial     scene_file_writer.py:590
                             movie file written in                              
                             '/Users/mx/Desktop/manim_m                         
                             ath/高中/高一/第二学期/第                          
                             四章-幂函数、指数函数和对                          
                             数函数（下）/001对数的概念                         
                             与运算/media/videos/logari                         
                             thm_concepts/1920p60/parti                         
                             al_movie_files/LogarithmCo                         
                             ncepts/656162490_252235174                         
                             4_3819823494.mp4'                                  
[02/27/26 10:34:00] INFO     Animation 39 : Partial     scene_file_writer.py:590
                             movie file written in                              
                             '/Users/mx/Desktop/manim_m                         
                             ath/高中/高一/第二学期/第                          
                             四章-幂函数、指数函数和对                          
                             数函数（下）/001对数的概念                         
                             与运算/media/videos/logari                         
                             thm_concepts/1920p60/parti                         
                             al_movie_files/LogarithmCo                         
                             ncepts/656162490_143387740                         
                             7_1510742897.mp4'                                  
Animation 40: Write(MathTex('\\log_a a^n = n')), etc.:   0%|          | 0/36 [00:00<?, ?it/s]Animation 40: Write(MathTex('\\log_a a^n = n')), etc.:  64%|██████▍   | 23/36 [00:00<00:00, 222.86it/s]                                                                                                       [02/27/26 10:34:01] INFO     Animation 40 : Partial     scene_file_writer.py:590
                             movie file written in                              
                             '/Users/mx/Desktop/manim_m                         
                             ath/高中/高一/第二学期/第                          
                             四章-幂函数、指数函数和对                          
                             数函数（下）/001对数的概念                         
                             与运算/media/videos/logari                         
                             thm_concepts/1920p60/parti                         
                             al_movie_files/LogarithmCo                         
                             ncepts/656162490_262916867                         
                             6_2357879432.mp4'                                  
                    INFO     Animation 41 : Partial     scene_file_writer.py:590
                             movie file written in                              
                             '/Users/mx/Desktop/manim_m                         
                             ath/高中/高一/第二学期/第                          
                             四章-幂函数、指数函数和对                          
                             数函数（下）/001对数的概念                         
                             与运算/media/videos/logari                         
                             thm_concepts/1920p60/parti                         
                             al_movie_files/LogarithmCo                         
                             ncepts/656162490_251401142                         
                             7_2785865722.mp4'                                  
Animation 42: Write(MathTex('\\log_a 1 = 0')), etc.:   0%|          | 0/36 [00:00<?, ?it/s]Animation 42: Write(MathTex('\\log_a 1 = 0')), etc.:  56%|█████▌    | 20/36 [00:00<00:00, 196.31it/s]                                                                                                     [02/27/26 10:34:02] INFO     Animation 42 : Partial     scene_file_writer.py:590
                             movie file written in                              
                             '/Users/mx/Desktop/manim_m                         
                             ath/高中/高一/第二学期/第                          
                             四章-幂函数、指数函数和对                          
                             数函数（下）/001对数的概念                         
                             与运算/media/videos/logari                         
                             thm_concepts/1920p60/parti                         
                             al_movie_files/LogarithmCo                         
                             ncepts/656162490_429019624                         
                             5_509159465.mp4'                                   
                    INFO     Animation 43 : Partial     scene_file_writer.py:590
                             movie file written in                              
                             '/Users/mx/Desktop/manim_m                         
                             ath/高中/高一/第二学期/第                          
                             四章-幂函数、指数函数和对                          
                             数函数（下）/001对数的概念                         
                             与运算/media/videos/logari                         
                             thm_concepts/1920p60/parti                         
                             al_movie_files/LogarithmCo                         
                             ncepts/656162490_251401142                         
                             7_1279182905.mp4'                                  
Animation 44: Write(MathTex('\\log_a a = 1')), etc.:   0%|          | 0/36 [00:00<?, ?it/s]Animation 44: Write(MathTex('\\log_a a = 1')), etc.:  69%|██████▉   | 25/36 [00:00<00:00, 238.86it/s]                                                                                                     [02/27/26 10:34:03] INFO     Animation 44 : Partial     scene_file_writer.py:590
                             movie file written in                              
                             '/Users/mx/Desktop/manim_m                         
                             ath/高中/高一/第二学期/第                          
                             四章-幂函数、指数函数和对                          
                             数函数（下）/001对数的概念                         
                             与运算/media/videos/logari                         
                             thm_concepts/1920p60/parti                         
                             al_movie_files/LogarithmCo                         
                             ncepts/656162490_267963902                         
                             6_1226094455.mp4'                                  
                    INFO     Animation 45 : Partial     scene_file_writer.py:590
                             movie file written in                              
                             '/Users/mx/Desktop/manim_m                         
                             ath/高中/高一/第二学期/第                          
                             四章-幂函数、指数函数和对                          
                             数函数（下）/001对数的概念                         
                             与运算/media/videos/logari                         
                             thm_concepts/1920p60/parti                         
                             al_movie_files/LogarithmCo                         
                             ncepts/656162490_251401142                         
                             7_3078854198.mp4'                                  
[02/27/26 10:34:04] INFO     Animation 46 : Partial     scene_file_writer.py:590
                             movie file written in                              
                             '/Users/mx/Desktop/manim_m                         
                             ath/高中/高一/第二学期/第                          
                             四章-幂函数、指数函数和对                          
                             数函数（下）/001对数的概念                         
                             与运算/media/videos/logari                         
                             thm_concepts/1920p60/parti                         
                             al_movie_files/LogarithmCo                         
                             ncepts/656162490_336604516                         
                             9_3759246545.mp4'                                  
Animation 47: FadeOut(Text('对数恒等式')), etc.:   0%|          | 0/36 [00:00<?, ?it/s]Animation 47: FadeOut(Text('对数恒等式')), etc.:  22%|██▏       | 8/36 [00:00<00:00, 76.32it/s]Animation 47: FadeOut(Text('对数恒等式')), etc.:  44%|████▍     | 16/36 [00:00<00:00, 73.77it/s]Animation 47: FadeOut(Text('对数恒等式')), etc.:  67%|██████▋   | 24/36 [00:00<00:00, 69.83it/s]Animation 47: FadeOut(Text('对数恒等式')), etc.:  89%|████████▉ | 32/36 [00:00<00:00, 73.14it/s]                                                                                                [02/27/26 10:34:05] INFO     Animation 47 : Partial     scene_file_writer.py:590
                             movie file written in                              
                             '/Users/mx/Desktop/manim_m                         
                             ath/高中/高一/第二学期/第                          
                             四章-幂函数、指数函数和对                          
                             数函数（下）/001对数的概念                         
                             与运算/media/videos/logari                         
                             thm_concepts/1920p60/parti                         
                             al_movie_files/LogarithmCo                         
                             ncepts/656162490_284394985                         
                             2_2439480604.mp4'                                  
                    WARNING  Font Noto Sans CJK SC not in    text_mobject.py:464
                             ['.AppleSystemUIFont', 'Academy                    
                             Engraved LET', 'Al Bayan', 'Al                     
                             Nile', 'Al Tarikh', 'American                      
                             Typewriter', 'Andale Mono',                        
                             'Apple Braille', 'Apple                            
                             Chancery', 'Apple Color Emoji',                    
                             'Apple LiGothic', 'Apple                           
                             LiSung', 'Apple SD Gothic Neo',                    
                             'Apple Symbols', 'AppleGothic',                    
                             'AppleMyungjo', 'Arial', 'Arial                    
                             Black', 'Arial Hebrew', 'Arial                     
                             Hebrew Scholar', 'Arial                            
                             Narrow', 'Arial Rounded MT                         
                             Bold', 'Arial Unicode MS',                         
                             'Avenir', 'Avenir Next',                           
                             'Avenir Next Condensed',                           
                             'Ayuthaya', 'BIZ UDGothic',                        
                             'BIZ UDMincho', 'BM Dohyeon',                      
                             'BM Hanna 11yrs Old', 'BM Hanna                    
                             Air', 'BM Hanna Pro', 'BM Jua',                    
                             'BM Kirang Haerang', 'BM                           
                             Yeonsung', 'Baghdad', 'Bangla                      
                             MN', 'Bangla Sangam MN', 'Baoli                    
                             SC', 'Baoli TC', 'Baskerville',                    
                             'Beirut', 'BiauKaiHK',                             
                             'BiauKaiTC', 'Big Caslon',                         
                             'Bodoni 72', 'Bodoni 72                            
                             Oldstyle', 'Bodoni 72                              
                             Smallcaps', 'Bodoni Ornaments',                    
                             'Bradley Hand', 'Brush Script                      
                             MT', 'Chalkboard', 'Chalkboard                     
                             SE', 'Chalkduster', 'Charter',                     
                             'Cochin', 'Comic Sans MS',                         
                             'Copperplate', 'Corsiva                            
                             Hebrew', 'Courier New', 'DIN                       
                             Alternate', 'DIN Condensed',                       
                             'Damascus', 'DecoType Naskh',                      
                             'Devanagari MT', 'Devanagari                       
                             Sangam MN', 'Didot', 'Diwan                        
                             Kufi', 'Diwan Thuluth',                            
                             'Euphemia UCAS', 'Farah',                          
                             'Farisi', 'Futura', 'GB18030                       
                             Bitmap', 'Galvji', 'Geeza Pro',                    
                             'Geneva', 'Georgia', 'Gill                         
                             Sans', 'Grantha Sangam MN',                        
                             'Gujarati MT', 'Gujarati Sangam                    
                             MN', 'GungSeo', 'Gurmukhi MN',                     
                             'Gurmukhi MT', 'Gurmukhi Sangam                    
                             MN', 'Hannotate SC', 'Hannotate                    
                             TC', 'HanziPen SC', 'HanziPen                      
                             TC', 'HeadLineA', 'Hei', 'Heiti                    
                             SC', 'Heiti TC', 'Helvetica',                      
                             'Helvetica Neue', 'Herculanum',                    
                             'Hiragino Maru Gothic ProN',                       
                             'Hiragino Mincho ProN',                            
                             'Hiragino Sans', 'Hiragino Sans                    
                             GB', 'Hoefler Text', 'ITF                          
                             Devanagari', 'ITF Devanagari                       
                             Marathi', 'Impact',                                
                             'InaiMathi', 'Kai', 'Kailasa',                     
                             'Kaiti SC', 'Kaiti TC',                            
                             'Kannada MN', 'Kannada Sangam                      
                             MN', 'Kefa III', 'Khmer MN',                       
                             'Khmer Sangam MN', 'Klee',                         
                             'Kohinoor Bangla', 'Kohinoor                       
                             Devanagari', 'Kohinoor                             
                             Gujarati', 'Kohinoor Telugu',                      
                             'Kokonor', 'Krungthep',                            
                             'KufiStandardGK', 'LXGW                            
                             ZhenKai', 'Lantinghei SC',                         
                             'Lantinghei TC', 'Lao MN', 'Lao                    
                             Sangam MN', 'LiHei Pro',                           
                             'LiSong Pro', 'Libian SC',                         
                             'Libian TC', 'LingWai SC',                         
                             'LingWai TC', 'Lucida Grande',                     
                             'Luminari', 'Malayalam MN',                        
                             'Malayalam Sangam MN', 'Marker                     
                             Felt', 'Menlo', 'Microsoft Sans                    
                             Serif', 'Mishafi', 'Mishafi                        
                             Gold', 'Monaco', 'Monospace',                      
                             'Mshtakan', 'Mukta Mahee',                         
                             'Muna', 'Myanmar MN', 'Myanmar                     
                             Sangam MN', 'Nadeem', 'Nanum                       
                             Brush Script', 'Nanum Gothic',                     
                             'Nanum Myeongjo', 'Nanum Pen                       
                             Script', 'New Peninim MT',                         
                             'Noteworthy', 'Noto Nastaliq                       
                             Urdu', 'Noto Sans Batak', 'Noto                    
                             Sans Kannada', 'Noto Sans                          
                             Myanmar', 'Noto Sans NKo',                         
                             'Noto Sans Oriya', 'Noto Sans                      
                             Syriac', 'Noto Sans Tagalog',                      
                             'Noto Serif Myanmar', 'Optima',                    
                             'Oriya MN', 'Oriya Sangam MN',                     
                             'Osaka', 'PCMyungjo', 'PT                          
                             Mono', 'PT Sans', 'PT Sans                         
                             Caption', 'PT Sans Narrow', 'PT                    
                             Serif', 'PT Serif Caption',                        
                             'Palatino', 'Papyrus', 'Party                      
                             LET', 'Phosphate', 'PilGi',                        
                             'PingFang HK', 'PingFang MO',                      
                             'PingFang SC', 'PingFang TC',                      
                             'Plantagenet Cherokee',                            
                             'Raanana', 'Rockwell',                             
                             'STFangsong', 'STHeiti', 'STIX                     
                             Two Math', 'STIX Two Text',                        
                             'STKaiti', 'STSong', 'Sana',                       
                             'Sans', 'Sathu', 'Savoye LET',                     
                             'Serif', 'Shree Devanagari                         
                             714', 'SignPainter', 'Silom',                      
                             'SimSong', 'Sinhala MN',                           
                             'Sinhala Sangam MN', 'Skia',                       
                             'Snell Roundhand', 'Songti SC',                    
                             'Songti TC', 'Sukhumvit Set',                      
                             'Symbol', 'Tahoma', 'Tamil MN',                    
                             'Tamil Sangam MN', 'Telugu MN',                    
                             'Telugu Sangam MN', 'Thonburi',                    
                             'Times New Roman', 'Toppan                         
                             Bunkyu Gothic', 'Toppan Bunkyu                     
                             Midashi Gothic', 'Toppan Bunkyu                    
                             Midashi Mincho', 'Toppan Bunkyu                    
                             Mincho', 'Trattatello',                            
                             'Trebuchet MS', 'Tsukushi A                        
                             Round Gothic', 'Tsukushi B                         
                             Round Gothic', 'Verdana',                          
                             'Waseem', 'Wawati SC', 'Wawati                     
                             TC', 'Webdings', 'Weibei SC',                      
                             'Weibei TC', 'Wingdings',                          
                             'Wingdings 2', 'Wingdings 3',                      
                             'Xingkai SC', 'Xingkai TC',                        
                             'YuGothic', 'YuKyokasho',                          
                             'YuKyokasho Yoko', 'YuMincho',                     
                             'YuMincho +36p Kana', 'Yuanti                      
                             SC', 'Yuanti TC', 'Yuppy SC',                      
                             'Yuppy TC', 'Zapf Dingbats',                       
                             'Zapfino', 'cursive',                              
                             'fantasy', 'system-ui'].                           
                    WARNING  Font Noto Sans CJK SC not in    text_mobject.py:464
                             ['.AppleSystemUIFont', 'Academy                    
                             Engraved LET', 'Al Bayan', 'Al                     
                             Nile', 'Al Tarikh', 'American                      
                             Typewriter', 'Andale Mono',                        
                             'Apple Braille', 'Apple                            
                             Chancery', 'Apple Color Emoji',                    
                             'Apple LiGothic', 'Apple                           
                             LiSung', 'Apple SD Gothic Neo',                    
                             'Apple Symbols', 'AppleGothic',                    
                             'AppleMyungjo', 'Arial', 'Arial                    
                             Black', 'Arial Hebrew', 'Arial                     
                             Hebrew Scholar', 'Arial                            
                             Narrow', 'Arial Rounded MT                         
                             Bold', 'Arial Unicode MS',                         
                             'Avenir', 'Avenir Next',                           
                             'Avenir Next Condensed',                           
                             'Ayuthaya', 'BIZ UDGothic',                        
                             'BIZ UDMincho', 'BM Dohyeon',                      
                             'BM Hanna 11yrs Old', 'BM Hanna                    
                             Air', 'BM Hanna Pro', 'BM Jua',                    
                             'BM Kirang Haerang', 'BM                           
                             Yeonsung', 'Baghdad', 'Bangla                      
                             MN', 'Bangla Sangam MN', 'Baoli                    
                             SC', 'Baoli TC', 'Baskerville',                    
                             'Beirut', 'BiauKaiHK',                             
                             'BiauKaiTC', 'Big Caslon',                         
                             'Bodoni 72', 'Bodoni 72                            
                             Oldstyle', 'Bodoni 72                              
                             Smallcaps', 'Bodoni Ornaments',                    
                             'Bradley Hand', 'Brush Script                      
                             MT', 'Chalkboard', 'Chalkboard                     
                             SE', 'Chalkduster', 'Charter',                     
                             'Cochin', 'Comic Sans MS',                         
                             'Copperplate', 'Corsiva                            
                             Hebrew', 'Courier New', 'DIN                       
                             Alternate', 'DIN Condensed',                       
                             'Damascus', 'DecoType Naskh',                      
                             'Devanagari MT', 'Devanagari                       
                             Sangam MN', 'Didot', 'Diwan                        
                             Kufi', 'Diwan Thuluth',                            
                             'Euphemia UCAS', 'Farah',                          
                             'Farisi', 'Futura', 'GB18030                       
                             Bitmap', 'Galvji', 'Geeza Pro',                    
                             'Geneva', 'Georgia', 'Gill                         
                             Sans', 'Grantha Sangam MN',                        
                             'Gujarati MT', 'Gujarati Sangam                    
                             MN', 'GungSeo', 'Gurmukhi MN',                     
                             'Gurmukhi MT', 'Gurmukhi Sangam                    
                             MN', 'Hannotate SC', 'Hannotate                    
                             TC', 'HanziPen SC', 'HanziPen                      
                             TC', 'HeadLineA', 'Hei', 'Heiti                    
                             SC', 'Heiti TC', 'Helvetica',                      
                             'Helvetica Neue', 'Herculanum',                    
                             'Hiragino Maru Gothic ProN',                       
                             'Hiragino Mincho ProN',                            
                             'Hiragino Sans', 'Hiragino Sans                    
                             GB', 'Hoefler Text', 'ITF                          
                             Devanagari', 'ITF Devanagari                       
                             Marathi', 'Impact',                                
                             'InaiMathi', 'Kai', 'Kailasa',                     
                             'Kaiti SC', 'Kaiti TC',                            
                             'Kannada MN', 'Kannada Sangam                      
                             MN', 'Kefa III', 'Khmer MN',                       
                             'Khmer Sangam MN', 'Klee',                         
                             'Kohinoor Bangla', 'Kohinoor                       
                             Devanagari', 'Kohinoor                             
                             Gujarati', 'Kohinoor Telugu',                      
                             'Kokonor', 'Krungthep',                            
                             'KufiStandardGK', 'LXGW                            
                             ZhenKai', 'Lantinghei SC',                         
                             'Lantinghei TC', 'Lao MN', 'Lao                    
                             Sangam MN', 'LiHei Pro',                           
                             'LiSong Pro', 'Libian SC',                         
                             'Libian TC', 'LingWai SC',                         
                             'LingWai TC', 'Lucida Grande',                     
                             'Luminari', 'Malayalam MN',                        
                             'Malayalam Sangam MN', 'Marker                     
                             Felt', 'Menlo', 'Microsoft Sans                    
                             Serif', 'Mishafi', 'Mishafi                        
                             Gold', 'Monaco', 'Monospace',                      
                             'Mshtakan', 'Mukta Mahee',                         
                             'Muna', 'Myanmar MN', 'Myanmar                     
                             Sangam MN', 'Nadeem', 'Nanum                       
                             Brush Script', 'Nanum Gothic',                     
                             'Nanum Myeongjo', 'Nanum Pen                       
                             Script', 'New Peninim MT',                         
                             'Noteworthy', 'Noto Nastaliq                       
                             Urdu', 'Noto Sans Batak', 'Noto                    
                             Sans Kannada', 'Noto Sans                          
                             Myanmar', 'Noto Sans NKo',                         
                             'Noto Sans Oriya', 'Noto Sans                      
                             Syriac', 'Noto Sans Tagalog',                      
                             'Noto Serif Myanmar', 'Optima',                    
                             'Oriya MN', 'Oriya Sangam MN',                     
                             'Osaka', 'PCMyungjo', 'PT                          
                             Mono', 'PT Sans', 'PT Sans                         
                             Caption', 'PT Sans Narrow', 'PT                    
                             Serif', 'PT Serif Caption',                        
                             'Palatino', 'Papyrus', 'Party                      
                             LET', 'Phosphate', 'PilGi',                        
                             'PingFang HK', 'PingFang MO',                      
                             'PingFang SC', 'PingFang TC',                      
                             'Plantagenet Cherokee',                            
                             'Raanana', 'Rockwell',                             
                             'STFangsong', 'STHeiti', 'STIX                     
                             Two Math', 'STIX Two Text',                        
                             'STKaiti', 'STSong', 'Sana',                       
                             'Sans', 'Sathu', 'Savoye LET',                     
                             'Serif', 'Shree Devanagari                         
                             714', 'SignPainter', 'Silom',                      
                             'SimSong', 'Sinhala MN',                           
                             'Sinhala Sangam MN', 'Skia',                       
                             'Snell Roundhand', 'Songti SC',                    
                             'Songti TC', 'Sukhumvit Set',                      
                             'Symbol', 'Tahoma', 'Tamil MN',                    
                             'Tamil Sangam MN', 'Telugu MN',                    
                             'Telugu Sangam MN', 'Thonburi',                    
                             'Times New Roman', 'Toppan                         
                             Bunkyu Gothic', 'Toppan Bunkyu                     
                             Midashi Gothic', 'Toppan Bunkyu                    
                             Midashi Mincho', 'Toppan Bunkyu                    
                             Mincho', 'Trattatello',                            
                             'Trebuchet MS', 'Tsukushi A                        
                             Round Gothic', 'Tsukushi B                         
                             Round Gothic', 'Verdana',                          
                             'Waseem', 'Wawati SC', 'Wawati                     
                             TC', 'Webdings', 'Weibei SC',                      
                             'Weibei TC', 'Wingdings',                          
                             'Wingdings 2', 'Wingdings 3',                      
                             'Xingkai SC', 'Xingkai TC',                        
                             'YuGothic', 'YuKyokasho',                          
                             'YuKyokasho Yoko', 'YuMincho',                     
                             'YuMincho +36p Kana', 'Yuanti                      
                             SC', 'Yuanti TC', 'Yuppy SC',                      
                             'Yuppy TC', 'Zapf Dingbats',                       
                             'Zapfino', 'cursive',                              
                             'fantasy', 'system-ui'].                           
                    INFO     Writing                     tex_file_writing.py:110
                             \special{dvisvgm:raw <g                            
                             id='unique000'>}\log_a(MN)                         
                             = \log_a M + \log_a                                
                             N\special{dvisvgm:raw </g>}                        
                             to                                                 
                             media/Tex/263c6274337e540f.                        
                             tex                                                
[02/27/26 10:34:06] INFO     Writing                     tex_file_writing.py:110
                             \special{dvisvgm:raw <g                            
                             id='unique000'>}\log_2(4                           
                             \times                                             
                             8)\special{dvisvgm:raw                             
                             </g>} to                                           
                             media/Tex/53e9aba323a16a5f.                        
                             tex                                                
                    INFO     Writing                     tex_file_writing.py:110
                             \special{dvisvgm:raw <g                            
                             id='unique000'>}= \log_2 4                         
                             + \log_2                                           
                             8\special{dvisvgm:raw </g>}                        
                             to                                                 
                             media/Tex/8b5eea4bf2460290.                        
                             tex                                                
                    INFO     Writing                     tex_file_writing.py:110
                             \special{dvisvgm:raw <g                            
                             id='unique000'>}= 2 +                              
                             3\special{dvisvgm:raw </g>}                        
                             to                                                 
                             media/Tex/00d96a85894bcbb1.                        
                             tex                                                
[02/27/26 10:34:07] INFO     Writing                     tex_file_writing.py:110
                             \special{dvisvgm:raw <g                            
                             id='unique000'>}=                                  
                             5\special{dvisvgm:raw </g>}                        
                             to                                                 
                             media/Tex/037731773f275df2.                        
                             tex                                                
                    INFO     Writing                     tex_file_writing.py:110
                             \special{dvisvgm:raw <g                            
                             id='unique000'>}\log_2 32 =                        
                             5\special{dvisvgm:raw </g>}                        
                             to                                                 
                             media/Tex/5d6ebe6c664d9f89.                        
                             tex                                                
                    INFO     Writing                     tex_file_writing.py:110
                             \special{dvisvgm:raw <g                            
                             id='unique000'>}\log_a                             
                             \left(\frac{M}{N}\right) =                         
                             \log_a M - \log_a                                  
                             N\special{dvisvgm:raw </g>}                        
                             to                                                 
                             media/Tex/ca80a894eac8a8d9.                        
                             tex                                                
                    INFO     Writing                     tex_file_writing.py:110
                             \special{dvisvgm:raw <g                            
                             id='unique000'>}\log_2                             
                             \left(\frac{8}{4}\right)\sp                        
                             ecial{dvisvgm:raw </g>} to                         
                             media/Tex/03f27ce244a2523e.                        
                             tex                                                
[02/27/26 10:34:08] INFO     Writing                     tex_file_writing.py:110
                             \special{dvisvgm:raw <g                            
                             id='unique000'>}= \log_2 8                         
                             - \log_2                                           
                             4\special{dvisvgm:raw </g>}                        
                             to                                                 
                             media/Tex/b24966d3febfc6f6.                        
                             tex                                                
                    INFO     Writing                     tex_file_writing.py:110
                             \special{dvisvgm:raw <g                            
                             id='unique000'>}= 3 -                              
                             2\special{dvisvgm:raw </g>}                        
                             to                                                 
                             media/Tex/be2794a4217eb0f6.                        
                             tex                                                
                    INFO     Writing                     tex_file_writing.py:110
                             \special{dvisvgm:raw <g                            
                             id='unique000'>}=                                  
                             1\special{dvisvgm:raw </g>}                        
                             to                                                 
                             media/Tex/0e9b02ea7709b3a4.                        
                             tex                                                
Animation 48: Write(Text('对数运算法则')), etc.:   0%|          | 0/36 [00:00<?, ?it/s]Animation 48: Write(Text('对数运算法则')), etc.:  36%|███▌      | 13/36 [00:00<00:00, 125.18it/s]Animation 48: Write(Text('对数运算法则')), etc.:  72%|███████▏  | 26/36 [00:00<00:00, 116.03it/s]                                                                                                 [02/27/26 10:34:09] INFO     Animation 48 : Partial     scene_file_writer.py:590
                             movie file written in                              
                             '/Users/mx/Desktop/manim_m                         
                             ath/高中/高一/第二学期/第                          
                             四章-幂函数、指数函数和对                          
                             数函数（下）/001对数的概念                         
                             与运算/media/videos/logari                         
                             thm_concepts/1920p60/parti                         
                             al_movie_files/LogarithmCo                         
                             ncepts/656162490_484718450                         
                             _1289875475.mp4'                                   
Animation 49: Create(SurroundingRectangle), etc.:   0%|          | 0/60 [00:00<?, ?it/s]Animation 49: Create(SurroundingRectangle), etc.:  23%|██▎       | 14/60 [00:00<00:00, 130.66it/s]Animation 49: Create(SurroundingRectangle), etc.:  48%|████▊     | 29/60 [00:00<00:00, 137.98it/s]Animation 49: Create(SurroundingRectangle), etc.:  80%|████████  | 48/60 [00:00<00:00, 157.99it/s]                                                                                                  [02/27/26 10:34:10] INFO     Animation 49 : Partial     scene_file_writer.py:590
                             movie file written in                              
                             '/Users/mx/Desktop/manim_m                         
                             ath/高中/高一/第二学期/第                          
                             四章-幂函数、指数函数和对                          
                             数函数（下）/001对数的概念                         
                             与运算/media/videos/logari                         
                             thm_concepts/1920p60/parti                         
                             al_movie_files/LogarithmCo                         
                             ncepts/656162490_368048707                         
                             2_3777256212.mp4'                                  
                    INFO     Animation 50 : Partial     scene_file_writer.py:590
                             movie file written in                              
                             '/Users/mx/Desktop/manim_m                         
                             ath/高中/高一/第二学期/第                          
                             四章-幂函数、指数函数和对                          
                             数函数（下）/001对数的概念                         
                             与运算/media/videos/logari                         
                             thm_concepts/1920p60/parti                         
                             al_movie_files/LogarithmCo                         
                             ncepts/656162490_231883658                         
                             1_804170020.mp4'                                   
Animation 51: Write(MathTex('\\log_2(4 \\times 8)')):   0%|          | 0/24 [00:00<?, ?it/s]                                                                                            [02/27/26 10:34:11] INFO     Animation 51 : Partial     scene_file_writer.py:590
                             movie file written in                              
                             '/Users/mx/Desktop/manim_m                         
                             ath/高中/高一/第二学期/第                          
                             四章-幂函数、指数函数和对                          
                             数函数（下）/001对数的概念                         
                             与运算/media/videos/logari                         
                             thm_concepts/1920p60/parti                         
                             al_movie_files/LogarithmCo                         
                             ncepts/656162490_366517920                         
                             9_2807802500.mp4'                                  
                    INFO     Animation 52 : Partial     scene_file_writer.py:590
                             movie file written in                              
                             '/Users/mx/Desktop/manim_m                         
                             ath/高中/高一/第二学期/第                          
                             四章-幂函数、指数函数和对                          
                             数函数（下）/001对数的概念                         
                             与运算/media/videos/logari                         
                             thm_concepts/1920p60/parti                         
                             al_movie_files/LogarithmCo                         
                             ncepts/656162490_377457886                         
                             3_89070012.mp4'                                    
Animation 53: Write(MathTex('= \\log_2 4 + \\log_2 8')):   0%|          | 0/24 [00:00<?, ?it/s]Animation 53: Write(MathTex('= \\log_2 4 + \\log_2 8')):  79%|███████▉  | 19/24 [00:00<00:00, 177.99it/s]                                                                                                         [02/27/26 10:34:12] INFO     Animation 53 : Partial     scene_file_writer.py:590
                             movie file written in                              
                             '/Users/mx/Desktop/manim_m                         
                             ath/高中/高一/第二学期/第                          
                             四章-幂函数、指数函数和对                          
                             数函数（下）/001对数的概念                         
                             与运算/media/videos/logari                         
                             thm_concepts/1920p60/parti                         
                             al_movie_files/LogarithmCo                         
                             ncepts/656162490_152574563                         
                             0_3264100862.mp4'                                  
                    INFO     Animation 54 : Partial     scene_file_writer.py:590
                             movie file written in                              
                             '/Users/mx/Desktop/manim_m                         
                             ath/高中/高一/第二学期/第                          
                             四章-幂函数、指数函数和对                          
                             数函数（下）/001对数的概念                         
                             与运算/media/videos/logari                         
                             thm_concepts/1920p60/parti                         
                             al_movie_files/LogarithmCo                         
                             ncepts/656162490_377457886                         
                             3_3363142914.mp4'                                  
Animation 55: Write(MathTex('= 2 + 3')):   0%|          | 0/24 [00:00<?, ?it/s]                                                                               [02/27/26 10:34:13] INFO     Animation 55 : Partial     scene_file_writer.py:590
                             movie file written in                              
                             '/Users/mx/Desktop/manim_m                         
                             ath/高中/高一/第二学期/第                          
                             四章-幂函数、指数函数和对                          
                             数函数（下）/001对数的概念                         
                             与运算/media/videos/logari                         
                             thm_concepts/1920p60/parti                         
                             al_movie_files/LogarithmCo                         
                             ncepts/656162490_214645069                         
                             _3011068215.mp4'                                   
                    INFO     Animation 56 : Partial     scene_file_writer.py:590
                             movie file written in                              
                             '/Users/mx/Desktop/manim_m                         
                             ath/高中/高一/第二学期/第                          
                             四章-幂函数、指数函数和对                          
                             数函数（下）/001对数的概念                         
                             与运算/media/videos/logari                         
                             thm_concepts/1920p60/parti                         
                             al_movie_files/LogarithmCo                         
                             ncepts/656162490_377457886                         
                             3_2091155596.mp4'                                  
Animation 57: Write(MathTex('= 5')):   0%|          | 0/24 [00:00<?, ?it/s]                                                                           [02/27/26 10:34:14] INFO     Animation 57 : Partial     scene_file_writer.py:590
                             movie file written in                              
                             '/Users/mx/Desktop/manim_m                         
                             ath/高中/高一/第二学期/第                          
                             四章-幂函数、指数函数和对                          
                             数函数（下）/001对数的概念                         
                             与运算/media/videos/logari                         
                             thm_concepts/1920p60/parti                         
                             al_movie_files/LogarithmCo                         
                             ncepts/656162490_153902244                         
                             4_1938023797.mp4'                                  
                    INFO     Animation 58 : Partial     scene_file_writer.py:590
                             movie file written in                              
                             '/Users/mx/Desktop/manim_m                         
                             ath/高中/高一/第二学期/第                          
                             四章-幂函数、指数函数和对                          
                             数函数（下）/001对数的概念                         
                             与运算/media/videos/logari                         
                             thm_concepts/1920p60/parti                         
                             al_movie_files/LogarithmCo                         
                             ncepts/656162490_377457886                         
                             3_3453095602.mp4'                                  
Animation 59: FadeIn(MathTex('\\log_2 32 = 5')), etc.:   0%|          | 0/48 [00:00<?, ?it/s]Animation 59: FadeIn(MathTex('\\log_2 32 = 5')), etc.:  33%|███▎      | 16/48 [00:00<00:00, 155.05it/s]Animation 59: FadeIn(MathTex('\\log_2 32 = 5')), etc.:  83%|████████▎ | 40/48 [00:00<00:00, 201.36it/s]                                                                                                       [02/27/26 10:34:15] INFO     Animation 59 : Partial     scene_file_writer.py:590
                             movie file written in                              
                             '/Users/mx/Desktop/manim_m                         
                             ath/高中/高一/第二学期/第                          
                             四章-幂函数、指数函数和对                          
                             数函数（下）/001对数的概念                         
                             与运算/media/videos/logari                         
                             thm_concepts/1920p60/parti                         
                             al_movie_files/LogarithmCo                         
                             ncepts/656162490_371084344                         
                             3_2186231132.mp4'                                  
                    INFO     Animation 60 : Partial     scene_file_writer.py:590
                             movie file written in                              
                             '/Users/mx/Desktop/manim_m                         
                             ath/高中/高一/第二学期/第                          
                             四章-幂函数、指数函数和对                          
                             数函数（下）/001对数的概念                         
                             与运算/media/videos/logari                         
                             thm_concepts/1920p60/parti                         
                             al_movie_files/LogarithmCo                         
                             ncepts/656162490_339450033                         
                             7_2541827820.mp4'                                  
Animation 61: Create(SurroundingRectangle), etc.:   0%|          | 0/60 [00:00<?, ?it/s]Animation 61: Create(SurroundingRectangle), etc.:  32%|███▏      | 19/60 [00:00<00:00, 184.52it/s]Animation 61: Create(SurroundingRectangle), etc.:  63%|██████▎   | 38/60 [00:00<00:00, 187.36it/s]Animation 61: Create(SurroundingRectangle), etc.:  95%|█████████▌| 57/60 [00:00<00:00, 179.27it/s]                                                                                                  [02/27/26 10:34:16] INFO     Animation 61 : Partial     scene_file_writer.py:590
                             movie file written in                              
                             '/Users/mx/Desktop/manim_m                         
                             ath/高中/高一/第二学期/第                          
                             四章-幂函数、指数函数和对                          
                             数函数（下）/001对数的概念                         
                             与运算/media/videos/logari                         
                             thm_concepts/1920p60/parti                         
                             al_movie_files/LogarithmCo                         
                             ncepts/656162490_840370985                         
                             _3964560723.mp4'                                   
[02/27/26 10:34:17] INFO     Animation 62 : Partial     scene_file_writer.py:590
                             movie file written in                              
                             '/Users/mx/Desktop/manim_m                         
                             ath/高中/高一/第二学期/第                          
                             四章-幂函数、指数函数和对                          
                             数函数（下）/001对数的概念                         
                             与运算/media/videos/logari                         
                             thm_concepts/1920p60/parti                         
                             al_movie_files/LogarithmCo                         
                             ncepts/656162490_231883658                         
                             1_1165241171.mp4'                                  
Animation 63: Write(MathTex('\\log_2 \\left(\\frac{8}{4}\\right)')):   0%|          | 0/24 [00:00<?, ?it/s]Animation 63: Write(MathTex('\\log_2 \\left(\\frac{8}{4}\\right)')):  96%|█████████▌| 23/24 [00:00<00:00, 229.78it/s]                                                                                                                     [02/27/26 10:34:18] INFO     Animation 63 : Partial     scene_file_writer.py:590
                             movie file written in                              
                             '/Users/mx/Desktop/manim_m                         
                             ath/高中/高一/第二学期/第                          
                             四章-幂函数、指数函数和对                          
                             数函数（下）/001对数的概念                         
                             与运算/media/videos/logari                         
                             thm_concepts/1920p60/parti                         
                             al_movie_files/LogarithmCo                         
                             ncepts/656162490_329035276                         
                             3_1651858121.mp4'                                  
                    INFO     Animation 64 : Partial     scene_file_writer.py:590
                             movie file written in                              
                             '/Users/mx/Desktop/manim_m                         
                             ath/高中/高一/第二学期/第                          
                             四章-幂函数、指数函数和对                          
                             数函数（下）/001对数的概念                         
                             与运算/media/videos/logari                         
                             thm_concepts/1920p60/parti                         
                             al_movie_files/LogarithmCo                         
                             ncepts/656162490_377457886                         
                             3_3493674902.mp4'                                  
Animation 65: Write(MathTex('= \\log_2 8 - \\log_2 4')):   0%|          | 0/24 [00:00<?, ?it/s]Animation 65: Write(MathTex('= \\log_2 8 - \\log_2 4')):  92%|█████████▏| 22/24 [00:00<00:00, 218.30it/s]                                                                                                         [02/27/26 10:34:19] INFO     Animation 65 : Partial     scene_file_writer.py:590
                             movie file written in                              
                             '/Users/mx/Desktop/manim_m                         
                             ath/高中/高一/第二学期/第                          
                             四章-幂函数、指数函数和对                          
                             数函数（下）/001对数的概念                         
                             与运算/media/videos/logari                         
                             thm_concepts/1920p60/parti                         
                             al_movie_files/LogarithmCo                         
                             ncepts/656162490_148279373                         
                             4_2833866307.mp4'                                  
                    INFO     Animation 66 : Partial     scene_file_writer.py:590
                             movie file written in                              
                             '/Users/mx/Desktop/manim_m                         
                             ath/高中/高一/第二学期/第                          
                             四章-幂函数、指数函数和对                          
                             数函数（下）/001对数的概念                         
                             与运算/media/videos/logari                         
                             thm_concepts/1920p60/parti                         
                             al_movie_files/LogarithmCo                         
                             ncepts/656162490_377457886                         
                             3_1777676189.mp4'                                  
Animation 67: Write(MathTex('= 3 - 2')):   0%|          | 0/24 [00:00<?, ?it/s]Animation 67: Write(MathTex('= 3 - 2')): 100%|██████████| 24/24 [00:00<00:00, 239.99it/s]                                                                                         [02/27/26 10:34:20] INFO     Animation 67 : Partial     scene_file_writer.py:590
                             movie file written in                              
                             '/Users/mx/Desktop/manim_m                         
                             ath/高中/高一/第二学期/第                          
                             四章-幂函数、指数函数和对                          
                             数函数（下）/001对数的概念                         
                             与运算/media/videos/logari                         
                             thm_concepts/1920p60/parti                         
                             al_movie_files/LogarithmCo                         
                             ncepts/656162490_996593929                         
                             _270748295.mp4'                                    
                    INFO     Animation 68 : Partial     scene_file_writer.py:590
                             movie file written in                              
                             '/Users/mx/Desktop/manim_m                         
                             ath/高中/高一/第二学期/第                          
                             四章-幂函数、指数函数和对                          
                             数函数（下）/001对数的概念                         
                             与运算/media/videos/logari                         
                             thm_concepts/1920p60/parti                         
                             al_movie_files/LogarithmCo                         
                             ncepts/656162490_377457886                         
                             3_1031479072.mp4'                                  
Animation 69: Write(MathTex('= 1')):   0%|          | 0/24 [00:00<?, ?it/s]                                                                           [02/27/26 10:34:21] INFO     Animation 69 : Partial     scene_file_writer.py:590
                             movie file written in                              
                             '/Users/mx/Desktop/manim_m                         
                             ath/高中/高一/第二学期/第                          
                             四章-幂函数、指数函数和对                          
                             数函数（下）/001对数的概念                         
                             与运算/media/videos/logari                         
                             thm_concepts/1920p60/parti                         
                             al_movie_files/LogarithmCo                         
                             ncepts/656162490_662755292                         
                             _4123372.mp4'                                      
                    INFO     Animation 70 : Partial     scene_file_writer.py:590
                             movie file written in                              
                             '/Users/mx/Desktop/manim_m                         
                             ath/高中/高一/第二学期/第                          
                             四章-幂函数、指数函数和对                          
                             数函数（下）/001对数的概念                         
                             与运算/media/videos/logari                         
                             thm_concepts/1920p60/parti                         
                             al_movie_files/LogarithmCo                         
                             ncepts/656162490_377457886                         
                             3_2356534505.mp4'                                  
[02/27/26 10:34:22] INFO     Animation 71 : Partial     scene_file_writer.py:590
                             movie file written in                              
                             '/Users/mx/Desktop/manim_m                         
                             ath/高中/高一/第二学期/第                          
                             四章-幂函数、指数函数和对                          
                             数函数（下）/001对数的概念                         
                             与运算/media/videos/logari                         
                             thm_concepts/1920p60/parti                         
                             al_movie_files/LogarithmCo                         
                             ncepts/656162490_283470916                         
                             7_2154893842.mp4'                                  
Animation 72: FadeOut(Text('对数运算法则')), etc.:   0%|          | 0/36 [00:00<?, ?it/s]Animation 72: FadeOut(Text('对数运算法则')), etc.:  14%|█▍        | 5/36 [00:00<00:00, 46.28it/s]Animation 72: FadeOut(Text('对数运算法则')), etc.:  28%|██▊       | 10/36 [00:00<00:00, 46.07it/s]Animation 72: FadeOut(Text('对数运算法则')), etc.:  42%|████▏     | 15/36 [00:00<00:00, 44.40it/s]Animation 72: FadeOut(Text('对数运算法则')), etc.:  56%|█████▌    | 20/36 [00:00<00:00, 43.80it/s]Animation 72: FadeOut(Text('对数运算法则')), etc.:  69%|██████▉   | 25/36 [00:00<00:00, 43.47it/s]Animation 72: FadeOut(Text('对数运算法则')), etc.:  83%|████████▎ | 30/36 [00:00<00:00, 42.49it/s]Animation 72: FadeOut(Text('对数运算法则')), etc.:  97%|█████████▋| 35/36 [00:00<00:00, 42.54it/s]                                                                                                  [02/27/26 10:34:24] INFO     Animation 72 : Partial     scene_file_writer.py:590
                             movie file written in                              
                             '/Users/mx/Desktop/manim_m                         
                             ath/高中/高一/第二学期/第                          
                             四章-幂函数、指数函数和对                          
                             数函数（下）/001对数的概念                         
                             与运算/media/videos/logari                         
                             thm_concepts/1920p60/parti                         
                             al_movie_files/LogarithmCo                         
                             ncepts/656162490_423547751                         
                             _1816166971.mp4'                                   
                    WARNING  Font Noto Sans CJK SC not in    text_mobject.py:464
                             ['.AppleSystemUIFont', 'Academy                    
                             Engraved LET', 'Al Bayan', 'Al                     
                             Nile', 'Al Tarikh', 'American                      
                             Typewriter', 'Andale Mono',                        
                             'Apple Braille', 'Apple                            
                             Chancery', 'Apple Color Emoji',                    
                             'Apple LiGothic', 'Apple                           
                             LiSung', 'Apple SD Gothic Neo',                    
                             'Apple Symbols', 'AppleGothic',                    
                             'AppleMyungjo', 'Arial', 'Arial                    
                             Black', 'Arial Hebrew', 'Arial                     
                             Hebrew Scholar', 'Arial                            
                             Narrow', 'Arial Rounded MT                         
                             Bold', 'Arial Unicode MS',                         
                             'Avenir', 'Avenir Next',                           
                             'Avenir Next Condensed',                           
                             'Ayuthaya', 'BIZ UDGothic',                        
                             'BIZ UDMincho', 'BM Dohyeon',                      
                             'BM Hanna 11yrs Old', 'BM Hanna                    
                             Air', 'BM Hanna Pro', 'BM Jua',                    
                             'BM Kirang Haerang', 'BM                           
                             Yeonsung', 'Baghdad', 'Bangla                      
                             MN', 'Bangla Sangam MN', 'Baoli                    
                             SC', 'Baoli TC', 'Baskerville',                    
                             'Beirut', 'BiauKaiHK',                             
                             'BiauKaiTC', 'Big Caslon',                         
                             'Bodoni 72', 'Bodoni 72                            
                             Oldstyle', 'Bodoni 72                              
                             Smallcaps', 'Bodoni Ornaments',                    
                             'Bradley Hand', 'Brush Script                      
                             MT', 'Chalkboard', 'Chalkboard                     
                             SE', 'Chalkduster', 'Charter',                     
                             'Cochin', 'Comic Sans MS',                         
                             'Copperplate', 'Corsiva                            
                             Hebrew', 'Courier New', 'DIN                       
                             Alternate', 'DIN Condensed',                       
                             'Damascus', 'DecoType Naskh',                      
                             'Devanagari MT', 'Devanagari                       
                             Sangam MN', 'Didot', 'Diwan                        
                             Kufi', 'Diwan Thuluth',                            
                             'Euphemia UCAS', 'Farah',                          
                             'Farisi', 'Futura', 'GB18030                       
                             Bitmap', 'Galvji', 'Geeza Pro',                    
                             'Geneva', 'Georgia', 'Gill                         
                             Sans', 'Grantha Sangam MN',                        
                             'Gujarati MT', 'Gujarati Sangam                    
                             MN', 'GungSeo', 'Gurmukhi MN',                     
                             'Gurmukhi MT', 'Gurmukhi Sangam                    
                             MN', 'Hannotate SC', 'Hannotate                    
                             TC', 'HanziPen SC', 'HanziPen                      
                             TC', 'HeadLineA', 'Hei', 'Heiti                    
                             SC', 'Heiti TC', 'Helvetica',                      
                             'Helvetica Neue', 'Herculanum',                    
                             'Hiragino Maru Gothic ProN',                       
                             'Hiragino Mincho ProN',                            
                             'Hiragino Sans', 'Hiragino Sans                    
                             GB', 'Hoefler Text', 'ITF                          
                             Devanagari', 'ITF Devanagari                       
                             Marathi', 'Impact',                                
                             'InaiMathi', 'Kai', 'Kailasa',                     
                             'Kaiti SC', 'Kaiti TC',                            
                             'Kannada MN', 'Kannada Sangam                      
                             MN', 'Kefa III', 'Khmer MN',                       
                             'Khmer Sangam MN', 'Klee',                         
                             'Kohinoor Bangla', 'Kohinoor                       
                             Devanagari', 'Kohinoor                             
                             Gujarati', 'Kohinoor Telugu',                      
                             'Kokonor', 'Krungthep',                            
                             'KufiStandardGK', 'LXGW                            
                             ZhenKai', 'Lantinghei SC',                         
                             'Lantinghei TC', 'Lao MN', 'Lao                    
                             Sangam MN', 'LiHei Pro',                           
                             'LiSong Pro', 'Libian SC',                         
                             'Libian TC', 'LingWai SC',                         
                             'LingWai TC', 'Lucida Grande',                     
                             'Luminari', 'Malayalam MN',                        
                             'Malayalam Sangam MN', 'Marker                     
                             Felt', 'Menlo', 'Microsoft Sans                    
                             Serif', 'Mishafi', 'Mishafi                        
                             Gold', 'Monaco', 'Monospace',                      
                             'Mshtakan', 'Mukta Mahee',                         
                             'Muna', 'Myanmar MN', 'Myanmar                     
                             Sangam MN', 'Nadeem', 'Nanum                       
                             Brush Script', 'Nanum Gothic',                     
                             'Nanum Myeongjo', 'Nanum Pen                       
                             Script', 'New Peninim MT',                         
                             'Noteworthy', 'Noto Nastaliq                       
                             Urdu', 'Noto Sans Batak', 'Noto                    
                             Sans Kannada', 'Noto Sans                          
                             Myanmar', 'Noto Sans NKo',                         
                             'Noto Sans Oriya', 'Noto Sans                      
                             Syriac', 'Noto Sans Tagalog',                      
                             'Noto Serif Myanmar', 'Optima',                    
                             'Oriya MN', 'Oriya Sangam MN',                     
                             'Osaka', 'PCMyungjo', 'PT                          
                             Mono', 'PT Sans', 'PT Sans                         
                             Caption', 'PT Sans Narrow', 'PT                    
                             Serif', 'PT Serif Caption',                        
                             'Palatino', 'Papyrus', 'Party                      
                             LET', 'Phosphate', 'PilGi',                        
                             'PingFang HK', 'PingFang MO',                      
                             'PingFang SC', 'PingFang TC',                      
                             'Plantagenet Cherokee',                            
                             'Raanana', 'Rockwell',                             
                             'STFangsong', 'STHeiti', 'STIX                     
                             Two Math', 'STIX Two Text',                        
                             'STKaiti', 'STSong', 'Sana',                       
                             'Sans', 'Sathu', 'Savoye LET',                     
                             'Serif', 'Shree Devanagari                         
                             714', 'SignPainter', 'Silom',                      
                             'SimSong', 'Sinhala MN',                           
                             'Sinhala Sangam MN', 'Skia',                       
                             'Snell Roundhand', 'Songti SC',                    
                             'Songti TC', 'Sukhumvit Set',                      
                             'Symbol', 'Tahoma', 'Tamil MN',                    
                             'Tamil Sangam MN', 'Telugu MN',                    
                             'Telugu Sangam MN', 'Thonburi',                    
                             'Times New Roman', 'Toppan                         
                             Bunkyu Gothic', 'Toppan Bunkyu                     
                             Midashi Gothic', 'Toppan Bunkyu                    
                             Midashi Mincho', 'Toppan Bunkyu                    
                             Mincho', 'Trattatello',                            
                             'Trebuchet MS', 'Tsukushi A                        
                             Round Gothic', 'Tsukushi B                         
                             Round Gothic', 'Verdana',                          
                             'Waseem', 'Wawati SC', 'Wawati                     
                             TC', 'Webdings', 'Weibei SC',                      
                             'Weibei TC', 'Wingdings',                          
                             'Wingdings 2', 'Wingdings 3',                      
                             'Xingkai SC', 'Xingkai TC',                        
                             'YuGothic', 'YuKyokasho',                          
                             'YuKyokasho Yoko', 'YuMincho',                     
                             'YuMincho +36p Kana', 'Yuanti                      
                             SC', 'Yuanti TC', 'Yuppy SC',                      
                             'Yuppy TC', 'Zapf Dingbats',                       
                             'Zapfino', 'cursive',                              
                             'fantasy', 'system-ui'].                           
                    INFO     Writing                     tex_file_writing.py:110
                             \special{dvisvgm:raw <g                            
                             id='unique000'>}\log_a M^n                         
                             = n \log_a                                         
                             M\special{dvisvgm:raw </g>}                        
                             to                                                 
                             media/Tex/b7df434ed7a46696.                        
                             tex                                                
                    INFO     Writing                     tex_file_writing.py:110
                             \special{dvisvgm:raw <g                            
                             id='unique000'>}\log_2                             
                             8^2\special{dvisvgm:raw                            
                             </g>} to                                           
                             media/Tex/6f2aae6fff7cb245.                        
                             tex                                                
[02/27/26 10:34:25] INFO     Writing                     tex_file_writing.py:110
                             \special{dvisvgm:raw <g                            
                             id='unique000'>}= 2 \log_2                         
                             8\special{dvisvgm:raw </g>}                        
                             to                                                 
                             media/Tex/71a0695b0ea867ff.                        
                             tex                                                
                    INFO     Writing                     tex_file_writing.py:110
                             \special{dvisvgm:raw <g                            
                             id='unique000'>}= 2 \times                         
                             3 = 6\special{dvisvgm:raw                          
                             </g>} to                                           
                             media/Tex/07aa7006086a31dc.                        
                             tex                                                
                    WARNING  Font Noto Sans CJK SC not in    text_mobject.py:464
                             ['.AppleSystemUIFont', 'Academy                    
                             Engraved LET', 'Al Bayan', 'Al                     
                             Nile', 'Al Tarikh', 'American                      
                             Typewriter', 'Andale Mono',                        
                             'Apple Braille', 'Apple                            
                             Chancery', 'Apple Color Emoji',                    
                             'Apple LiGothic', 'Apple                           
                             LiSung', 'Apple SD Gothic Neo',                    
                             'Apple Symbols', 'AppleGothic',                    
                             'AppleMyungjo', 'Arial', 'Arial                    
                             Black', 'Arial Hebrew', 'Arial                     
                             Hebrew Scholar', 'Arial                            
                             Narrow', 'Arial Rounded MT                         
                             Bold', 'Arial Unicode MS',                         
                             'Avenir', 'Avenir Next',                           
                             'Avenir Next Condensed',                           
                             'Ayuthaya', 'BIZ UDGothic',                        
                             'BIZ UDMincho', 'BM Dohyeon',                      
                             'BM Hanna 11yrs Old', 'BM Hanna                    
                             Air', 'BM Hanna Pro', 'BM Jua',                    
                             'BM Kirang Haerang', 'BM                           
                             Yeonsung', 'Baghdad', 'Bangla                      
                             MN', 'Bangla Sangam MN', 'Baoli                    
                             SC', 'Baoli TC', 'Baskerville',                    
                             'Beirut', 'BiauKaiHK',                             
                             'BiauKaiTC', 'Big Caslon',                         
                             'Bodoni 72', 'Bodoni 72                            
                             Oldstyle', 'Bodoni 72                              
                             Smallcaps', 'Bodoni Ornaments',                    
                             'Bradley Hand', 'Brush Script                      
                             MT', 'Chalkboard', 'Chalkboard                     
                             SE', 'Chalkduster', 'Charter',                     
                             'Cochin', 'Comic Sans MS',                         
                             'Copperplate', 'Corsiva                            
                             Hebrew', 'Courier New', 'DIN                       
                             Alternate', 'DIN Condensed',                       
                             'Damascus', 'DecoType Naskh',                      
                             'Devanagari MT', 'Devanagari                       
                             Sangam MN', 'Didot', 'Diwan                        
                             Kufi', 'Diwan Thuluth',                            
                             'Euphemia UCAS', 'Farah',                          
                             'Farisi', 'Futura', 'GB18030                       
                             Bitmap', 'Galvji', 'Geeza Pro',                    
                             'Geneva', 'Georgia', 'Gill                         
                             Sans', 'Grantha Sangam MN',                        
                             'Gujarati MT', 'Gujarati Sangam                    
                             MN', 'GungSeo', 'Gurmukhi MN',                     
                             'Gurmukhi MT', 'Gurmukhi Sangam                    
                             MN', 'Hannotate SC', 'Hannotate                    
                             TC', 'HanziPen SC', 'HanziPen                      
                             TC', 'HeadLineA', 'Hei', 'Heiti                    
                             SC', 'Heiti TC', 'Helvetica',                      
                             'Helvetica Neue', 'Herculanum',                    
                             'Hiragino Maru Gothic ProN',                       
                             'Hiragino Mincho ProN',                            
                             'Hiragino Sans', 'Hiragino Sans                    
                             GB', 'Hoefler Text', 'ITF                          
                             Devanagari', 'ITF Devanagari                       
                             Marathi', 'Impact',                                
                             'InaiMathi', 'Kai', 'Kailasa',                     
                             'Kaiti SC', 'Kaiti TC',                            
                             'Kannada MN', 'Kannada Sangam                      
                             MN', 'Kefa III', 'Khmer MN',                       
                             'Khmer Sangam MN', 'Klee',                         
                             'Kohinoor Bangla', 'Kohinoor                       
                             Devanagari', 'Kohinoor                             
                             Gujarati', 'Kohinoor Telugu',                      
                             'Kokonor', 'Krungthep',                            
                             'KufiStandardGK', 'LXGW                            
                             ZhenKai', 'Lantinghei SC',                         
                             'Lantinghei TC', 'Lao MN', 'Lao                    
                             Sangam MN', 'LiHei Pro',                           
                             'LiSong Pro', 'Libian SC',                         
                             'Libian TC', 'LingWai SC',                         
                             'LingWai TC', 'Lucida Grande',                     
                             'Luminari', 'Malayalam MN',                        
                             'Malayalam Sangam MN', 'Marker                     
                             Felt', 'Menlo', 'Microsoft Sans                    
                             Serif', 'Mishafi', 'Mishafi                        
                             Gold', 'Monaco', 'Monospace',                      
                             'Mshtakan', 'Mukta Mahee',                         
                             'Muna', 'Myanmar MN', 'Myanmar                     
                             Sangam MN', 'Nadeem', 'Nanum                       
                             Brush Script', 'Nanum Gothic',                     
                             'Nanum Myeongjo', 'Nanum Pen                       
                             Script', 'New Peninim MT',                         
                             'Noteworthy', 'Noto Nastaliq                       
                             Urdu', 'Noto Sans Batak', 'Noto                    
                             Sans Kannada', 'Noto Sans                          
                             Myanmar', 'Noto Sans NKo',                         
                             'Noto Sans Oriya', 'Noto Sans                      
                             Syriac', 'Noto Sans Tagalog',                      
                             'Noto Serif Myanmar', 'Optima',                    
                             'Oriya MN', 'Oriya Sangam MN',                     
                             'Osaka', 'PCMyungjo', 'PT                          
                             Mono', 'PT Sans', 'PT Sans                         
                             Caption', 'PT Sans Narrow', 'PT                    
                             Serif', 'PT Serif Caption',                        
                             'Palatino', 'Papyrus', 'Party                      
                             LET', 'Phosphate', 'PilGi',                        
                             'PingFang HK', 'PingFang MO',                      
                             'PingFang SC', 'PingFang TC',                      
                             'Plantagenet Cherokee',                            
                             'Raanana', 'Rockwell',                             
                             'STFangsong', 'STHeiti', 'STIX                     
                             Two Math', 'STIX Two Text',                        
                             'STKaiti', 'STSong', 'Sana',                       
                             'Sans', 'Sathu', 'Savoye LET',                     
                             'Serif', 'Shree Devanagari                         
                             714', 'SignPainter', 'Silom',                      
                             'SimSong', 'Sinhala MN',                           
                             'Sinhala Sangam MN', 'Skia',                       
                             'Snell Roundhand', 'Songti SC',                    
                             'Songti TC', 'Sukhumvit Set',                      
                             'Symbol', 'Tahoma', 'Tamil MN',                    
                             'Tamil Sangam MN', 'Telugu MN',                    
                             'Telugu Sangam MN', 'Thonburi',                    
                             'Times New Roman', 'Toppan                         
                             Bunkyu Gothic', 'Toppan Bunkyu                     
                             Midashi Gothic', 'Toppan Bunkyu                    
                             Midashi Mincho', 'Toppan Bunkyu                    
                             Mincho', 'Trattatello',                            
                             'Trebuchet MS', 'Tsukushi A                        
                             Round Gothic', 'Tsukushi B                         
                             Round Gothic', 'Verdana',                          
                             'Waseem', 'Wawati SC', 'Wawati                     
                             TC', 'Webdings', 'Weibei SC',                      
                             'Weibei TC', 'Wingdings',                          
                             'Wingdings 2', 'Wingdings 3',                      
                             'Xingkai SC', 'Xingkai TC',                        
                             'YuGothic', 'YuKyokasho',                          
                             'YuKyokasho Yoko', 'YuMincho',                     
                             'YuMincho +36p Kana', 'Yuanti                      
                             SC', 'Yuanti TC', 'Yuppy SC',                      
                             'Yuppy TC', 'Zapf Dingbats',                       
                             'Zapfino', 'cursive',                              
                             'fantasy', 'system-ui'].                           
                    INFO     Writing                     tex_file_writing.py:110
                             \special{dvisvgm:raw <g                            
                             id='unique000'>}\log_a b =                         
                             \frac{\log_c b}{\log_c                             
                             a}\special{dvisvgm:raw                             
                             </g>} to                                           
                             media/Tex/252fa62d8dc81218.                        
                             tex                                                
[02/27/26 10:34:26] INFO     Writing                     tex_file_writing.py:110
                             \special{dvisvgm:raw <g                            
                             id='unique000'>}\log_2                             
                             8\special{dvisvgm:raw </g>}                        
                             to                                                 
                             media/Tex/152ab7cd143876ac.                        
                             tex                                                
                    INFO     Writing                     tex_file_writing.py:110
                             \special{dvisvgm:raw <g                            
                             id='unique000'>}= \frac{\lg                        
                             8}{\lg                                             
                             2}\special{dvisvgm:raw                             
                             </g>} to                                           
                             media/Tex/8648ba79696cf5f1.                        
                             tex                                                
                    INFO     Writing                     tex_file_writing.py:110
                             \special{dvisvgm:raw <g                            
                             id='unique000'>}=                                  
                             \frac{0.903}{0.301}\special                        
                             {dvisvgm:raw </g>} to                              
                             media/Tex/9077438c3e9c440f.                        
                             tex                                                
                    INFO     Writing                     tex_file_writing.py:110
                             \special{dvisvgm:raw <g                            
                             id='unique000'>}\approx                            
                             3\special{dvisvgm:raw </g>}                        
                             to                                                 
                             media/Tex/2d4a48e51f8011d3.                        
                             tex                                                
Animation 73: Write(Text('幂运算与换底公式')):   0%|          | 0/36 [00:00<?, ?it/s]Animation 73: Write(Text('幂运算与换底公式')):  44%|████▍     | 16/36 [00:00<00:00, 151.52it/s]Animation 73: Write(Text('幂运算与换底公式')):  89%|████████▉ | 32/36 [00:00<00:00, 150.91it/s]                                                                                               [02/27/26 10:34:27] INFO     Animation 73 : Partial     scene_file_writer.py:590
                             movie file written in                              
                             '/Users/mx/Desktop/manim_m                         
                             ath/高中/高一/第二学期/第                          
                             四章-幂函数、指数函数和对                          
                             数函数（下）/001对数的概念                         
                             与运算/media/videos/logari                         
                             thm_concepts/1920p60/parti                         
                             al_movie_files/LogarithmCo                         
                             ncepts/656162490_197630511                         
                             2_4096865703.mp4'                                  
Animation 74: Create(SurroundingRectangle), etc.:   0%|          | 0/60 [00:00<?, ?it/s]Animation 74: Create(SurroundingRectangle), etc.:  35%|███▌      | 21/60 [00:00<00:00, 202.32it/s]Animation 74: Create(SurroundingRectangle), etc.:  70%|███████   | 42/60 [00:00<00:00, 197.17it/s]                                                                                                  [02/27/26 10:34:28] INFO     Animation 74 : Partial     scene_file_writer.py:590
                             movie file written in                              
                             '/Users/mx/Desktop/manim_m                         
                             ath/高中/高一/第二学期/第                          
                             四章-幂函数、指数函数和对                          
                             数函数（下）/001对数的概念                         
                             与运算/media/videos/logari                         
                             thm_concepts/1920p60/parti                         
                             al_movie_files/LogarithmCo                         
                             ncepts/656162490_316460276                         
                             9_2330418148.mp4'                                  
                    INFO     Animation 75 : Partial     scene_file_writer.py:590
                             movie file written in                              
                             '/Users/mx/Desktop/manim_m                         
                             ath/高中/高一/第二学期/第                          
                             四章-幂函数、指数函数和对                          
                             数函数（下）/001对数的概念                         
                             与运算/media/videos/logari                         
                             thm_concepts/1920p60/parti                         
                             al_movie_files/LogarithmCo                         
                             ncepts/656162490_231883658                         
                             1_3842059383.mp4'                                  
Animation 76: Write(MathTex('\\log_2 8^2')):   0%|          | 0/24 [00:00<?, ?it/s]Animation 76: Write(MathTex('\\log_2 8^2')):  96%|█████████▌| 23/24 [00:00<00:00, 227.24it/s]                                                                                             [02/27/26 10:34:29] INFO     Animation 76 : Partial     scene_file_writer.py:590
                             movie file written in                              
                             '/Users/mx/Desktop/manim_m                         
                             ath/高中/高一/第二学期/第                          
                             四章-幂函数、指数函数和对                          
                             数函数（下）/001对数的概念                         
                             与运算/media/videos/logari                         
                             thm_concepts/1920p60/parti                         
                             al_movie_files/LogarithmCo                         
                             ncepts/656162490_253520805                         
                             2_3372045193.mp4'                                  
                    INFO     Animation 77 : Partial     scene_file_writer.py:590
                             movie file written in                              
                             '/Users/mx/Desktop/manim_m                         
                             ath/高中/高一/第二学期/第                          
                             四章-幂函数、指数函数和对                          
                             数函数（下）/001对数的概念                         
                             与运算/media/videos/logari                         
                             thm_concepts/1920p60/parti                         
                             al_movie_files/LogarithmCo                         
                             ncepts/656162490_377457886                         
                             3_1651764420.mp4'                                  
Animation 78: Write(MathTex('= 2 \\log_2 8')):   0%|          | 0/24 [00:00<?, ?it/s]Animation 78: Write(MathTex('= 2 \\log_2 8')):  96%|█████████▌| 23/24 [00:00<00:00, 226.48it/s]                                                                                               [02/27/26 10:34:30] INFO     Animation 78 : Partial     scene_file_writer.py:590
                             movie file written in                              
                             '/Users/mx/Desktop/manim_m                         
                             ath/高中/高一/第二学期/第                          
                             四章-幂函数、指数函数和对                          
                             数函数（下）/001对数的概念                         
                             与运算/media/videos/logari                         
                             thm_concepts/1920p60/parti                         
                             al_movie_files/LogarithmCo                         
                             ncepts/656162490_174204838                         
                             4_3584500640.mp4'                                  
                    INFO     Animation 79 : Partial     scene_file_writer.py:590
                             movie file written in                              
                             '/Users/mx/Desktop/manim_m                         
                             ath/高中/高一/第二学期/第                          
                             四章-幂函数、指数函数和对                          
                             数函数（下）/001对数的概念                         
                             与运算/media/videos/logari                         
                             thm_concepts/1920p60/parti                         
                             al_movie_files/LogarithmCo                         
                             ncepts/656162490_377457886                         
                             3_2837895625.mp4'                                  
Animation 80: Write(MathTex('= 2 \\times 3 = 6')):   0%|          | 0/24 [00:00<?, ?it/s]Animation 80: Write(MathTex('= 2 \\times 3 = 6')):  92%|█████████▏| 22/24 [00:00<00:00, 218.93it/s]                                                                                                   [02/27/26 10:34:31] INFO     Animation 80 : Partial     scene_file_writer.py:590
                             movie file written in                              
                             '/Users/mx/Desktop/manim_m                         
                             ath/高中/高一/第二学期/第                          
                             四章-幂函数、指数函数和对                          
                             数函数（下）/001对数的概念                         
                             与运算/media/videos/logari                         
                             thm_concepts/1920p60/parti                         
                             al_movie_files/LogarithmCo                         
                             ncepts/656162490_951744374                         
                             _3053348417.mp4'                                   
                    INFO     Animation 81 : Partial     scene_file_writer.py:590
                             movie file written in                              
                             '/Users/mx/Desktop/manim_m                         
                             ath/高中/高一/第二学期/第                          
                             四章-幂函数、指数函数和对                          
                             数函数（下）/001对数的概念                         
                             与运算/media/videos/logari                         
                             thm_concepts/1920p60/parti                         
                             al_movie_files/LogarithmCo                         
                             ncepts/656162490_377457886                         
                             3_3212624384.mp4'                                  
                    INFO     Animation 82 : Partial     scene_file_writer.py:590
                             movie file written in                              
                             '/Users/mx/Desktop/manim_m                         
                             ath/高中/高一/第二学期/第                          
                             四章-幂函数、指数函数和对                          
                             数函数（下）/001对数的概念                         
                             与运算/media/videos/logari                         
                             thm_concepts/1920p60/parti                         
                             al_movie_files/LogarithmCo                         
                             ncepts/656162490_393224914                         
                             7_3691339092.mp4'                                  
Animation 83: Write(Text('万能公式')):   0%|          | 0/36 [00:00<?, ?it/s]Animation 83: Write(Text('万能公式')):  67%|██████▋   | 24/36 [00:00<00:00, 233.02it/s]                                                                                       [02/27/26 10:34:32] INFO     Animation 83 : Partial     scene_file_writer.py:590
                             movie file written in                              
                             '/Users/mx/Desktop/manim_m                         
                             ath/高中/高一/第二学期/第                          
                             四章-幂函数、指数函数和对                          
                             数函数（下）/001对数的概念                         
                             与运算/media/videos/logari                         
                             thm_concepts/1920p60/parti                         
                             al_movie_files/LogarithmCo                         
                             ncepts/656162490_375449293                         
                             5_1879320544.mp4'                                  
Animation 84: Create(SurroundingRectangle), etc.:   0%|          | 0/72 [00:00<?, ?it/s]Animation 84: Create(SurroundingRectangle), etc.:  25%|██▌       | 18/72 [00:00<00:00, 175.87it/s]Animation 84: Create(SurroundingRectangle), etc.:  54%|█████▍    | 39/72 [00:00<00:00, 188.93it/s]Animation 84: Create(SurroundingRectangle), etc.:  81%|████████  | 58/72 [00:00<00:00, 187.42it/s]                                                                                                  [02/27/26 10:34:33] INFO     Animation 84 : Partial     scene_file_writer.py:590
                             movie file written in                              
                             '/Users/mx/Desktop/manim_m                         
                             ath/高中/高一/第二学期/第                          
                             四章-幂函数、指数函数和对                          
                             数函数（下）/001对数的概念                         
                             与运算/media/videos/logari                         
                             thm_concepts/1920p60/parti                         
                             al_movie_files/LogarithmCo                         
                             ncepts/656162490_252431742                         
                             3_1813783047.mp4'                                  
[02/27/26 10:34:34] INFO     Animation 85 : Partial     scene_file_writer.py:590
                             movie file written in                              
                             '/Users/mx/Desktop/manim_m                         
                             ath/高中/高一/第二学期/第                          
                             四章-幂函数、指数函数和对                          
                             数函数（下）/001对数的概念                         
                             与运算/media/videos/logari                         
                             thm_concepts/1920p60/parti                         
                             al_movie_files/LogarithmCo                         
                             ncepts/656162490_231883658                         
                             1_2972335686.mp4'                                  
Animation 86: Write(MathTex('\\log_2 8')):   0%|          | 0/24 [00:00<?, ?it/s]Animation 86: Write(MathTex('\\log_2 8')):  75%|███████▌  | 18/24 [00:00<00:00, 179.14it/s]                                                                                                               INFO     Animation 86 : Partial     scene_file_writer.py:590
                             movie file written in                              
                             '/Users/mx/Desktop/manim_m                         
                             ath/高中/高一/第二学期/第                          
                             四章-幂函数、指数函数和对                          
                             数函数（下）/001对数的概念                         
                             与运算/media/videos/logari                         
                             thm_concepts/1920p60/parti                         
                             al_movie_files/LogarithmCo                         
                             ncepts/656162490_601583846                         
                             _2087140955.mp4'                                   
[02/27/26 10:34:35] INFO     Animation 87 : Partial     scene_file_writer.py:590
                             movie file written in                              
                             '/Users/mx/Desktop/manim_m                         
                             ath/高中/高一/第二学期/第                          
                             四章-幂函数、指数函数和对                          
                             数函数（下）/001对数的概念                         
                             与运算/media/videos/logari                         
                             thm_concepts/1920p60/parti                         
                             al_movie_files/LogarithmCo                         
                             ncepts/656162490_377457886                         
                             3_1218779825.mp4'                                  
Animation 88: Write(MathTex('= \\frac{\\lg 8}{\\lg 2}')):   0%|          | 0/24 [00:00<?, ?it/s]                                                                                                                    INFO     Animation 88 : Partial     scene_file_writer.py:590
                             movie file written in                              
                             '/Users/mx/Desktop/manim_m                         
                             ath/高中/高一/第二学期/第                          
                             四章-幂函数、指数函数和对                          
                             数函数（下）/001对数的概念                         
                             与运算/media/videos/logari                         
                             thm_concepts/1920p60/parti                         
                             al_movie_files/LogarithmCo                         
                             ncepts/656162490_231210377                         
                             3_2040660736.mp4'                                  
[02/27/26 10:34:36] INFO     Animation 89 : Partial     scene_file_writer.py:590
                             movie file written in                              
                             '/Users/mx/Desktop/manim_m                         
                             ath/高中/高一/第二学期/第                          
                             四章-幂函数、指数函数和对                          
                             数函数（下）/001对数的概念                         
                             与运算/media/videos/logari                         
                             thm_concepts/1920p60/parti                         
                             al_movie_files/LogarithmCo                         
                             ncepts/656162490_377457886                         
                             3_3466373549.mp4'                                  
Animation 90: Write(MathTex('= \\frac{0.903}{0.301}')):   0%|          | 0/24 [00:00<?, ?it/s]Animation 90: Write(MathTex('= \\frac{0.903}{0.301}')):  88%|████████▊ | 21/24 [00:00<00:00, 208.96it/s]                                                                                                                            INFO     Animation 90 : Partial     scene_file_writer.py:590
                             movie file written in                              
                             '/Users/mx/Desktop/manim_m                         
                             ath/高中/高一/第二学期/第                          
                             四章-幂函数、指数函数和对                          
                             数函数（下）/001对数的概念                         
                             与运算/media/videos/logari                         
                             thm_concepts/1920p60/parti                         
                             al_movie_files/LogarithmCo                         
                             ncepts/656162490_138544675                         
                             6_2760021827.mp4'                                  
[02/27/26 10:34:37] INFO     Animation 91 : Partial     scene_file_writer.py:590
                             movie file written in                              
                             '/Users/mx/Desktop/manim_m                         
                             ath/高中/高一/第二学期/第                          
                             四章-幂函数、指数函数和对                          
                             数函数（下）/001对数的概念                         
                             与运算/media/videos/logari                         
                             thm_concepts/1920p60/parti                         
                             al_movie_files/LogarithmCo                         
                             ncepts/656162490_377457886                         
                             3_3092889621.mp4'                                  
Animation 92: Write(MathTex('\\approx 3')):   0%|          | 0/24 [00:00<?, ?it/s]                                                                                                      INFO     Animation 92 : Partial     scene_file_writer.py:590
                             movie file written in                              
                             '/Users/mx/Desktop/manim_m                         
                             ath/高中/高一/第二学期/第                          
                             四章-幂函数、指数函数和对                          
                             数函数（下）/001对数的概念                         
                             与运算/media/videos/logari                         
                             thm_concepts/1920p60/parti                         
                             al_movie_files/LogarithmCo                         
                             ncepts/656162490_139071467                         
                             9_2950348975.mp4'                                  
[02/27/26 10:34:38] INFO     Animation 93 : Partial     scene_file_writer.py:590
                             movie file written in                              
                             '/Users/mx/Desktop/manim_m                         
                             ath/高中/高一/第二学期/第                          
                             四章-幂函数、指数函数和对                          
                             数函数（下）/001对数的概念                         
                             与运算/media/videos/logari                         
                             thm_concepts/1920p60/parti                         
                             al_movie_files/LogarithmCo                         
                             ncepts/656162490_377457886                         
                             3_814379182.mp4'                                   
[02/27/26 10:34:39] INFO     Animation 94 : Partial     scene_file_writer.py:590
                             movie file written in                              
                             '/Users/mx/Desktop/manim_m                         
                             ath/高中/高一/第二学期/第                          
                             四章-幂函数、指数函数和对                          
                             数函数（下）/001对数的概念                         
                             与运算/media/videos/logari                         
                             thm_concepts/1920p60/parti                         
                             al_movie_files/LogarithmCo                         
                             ncepts/656162490_336604516                         
                             9_414648203.mp4'                                   
Animation 95: FadeOut(Text('幂运算与换底公式')), etc.:   0%|          | 0/36 [00:00<?, ?it/s]Animation 95: FadeOut(Text('幂运算与换底公式')), etc.:  11%|█         | 4/36 [00:00<00:01, 31.29it/s]Animation 95: FadeOut(Text('幂运算与换底公式')), etc.:  28%|██▊       | 10/36 [00:00<00:00, 43.26it/s]Animation 95: FadeOut(Text('幂运算与换底公式')), etc.:  44%|████▍     | 16/36 [00:00<00:00, 49.26it/s]Animation 95: FadeOut(Text('幂运算与换底公式')), etc.:  61%|██████    | 22/36 [00:00<00:00, 52.58it/s]Animation 95: FadeOut(Text('幂运算与换底公式')), etc.:  78%|███████▊  | 28/36 [00:00<00:00, 54.75it/s]Animation 95: FadeOut(Text('幂运算与换底公式')), etc.:  94%|█████████▍| 34/36 [00:00<00:00, 55.98it/s]                                                                                                      [02/27/26 10:34:40] INFO     Animation 95 : Partial     scene_file_writer.py:590
                             movie file written in                              
                             '/Users/mx/Desktop/manim_m                         
                             ath/高中/高一/第二学期/第                          
                             四章-幂函数、指数函数和对                          
                             数函数（下）/001对数的概念                         
                             与运算/media/videos/logari                         
                             thm_concepts/1920p60/parti                         
                             al_movie_files/LogarithmCo                         
                             ncepts/656162490_251460366                         
                             6_813395314.mp4'                                   
                    WARNING  Font Noto Sans CJK SC not in    text_mobject.py:464
                             ['.AppleSystemUIFont', 'Academy                    
                             Engraved LET', 'Al Bayan', 'Al                     
                             Nile', 'Al Tarikh', 'American                      
                             Typewriter', 'Andale Mono',                        
                             'Apple Braille', 'Apple                            
                             Chancery', 'Apple Color Emoji',                    
                             'Apple LiGothic', 'Apple                           
                             LiSung', 'Apple SD Gothic Neo',                    
                             'Apple Symbols', 'AppleGothic',                    
                             'AppleMyungjo', 'Arial', 'Arial                    
                             Black', 'Arial Hebrew', 'Arial                     
                             Hebrew Scholar', 'Arial                            
                             Narrow', 'Arial Rounded MT                         
                             Bold', 'Arial Unicode MS',                         
                             'Avenir', 'Avenir Next',                           
                             'Avenir Next Condensed',                           
                             'Ayuthaya', 'BIZ UDGothic',                        
                             'BIZ UDMincho', 'BM Dohyeon',                      
                             'BM Hanna 11yrs Old', 'BM Hanna                    
                             Air', 'BM Hanna Pro', 'BM Jua',                    
                             'BM Kirang Haerang', 'BM                           
                             Yeonsung', 'Baghdad', 'Bangla                      
                             MN', 'Bangla Sangam MN', 'Baoli                    
                             SC', 'Baoli TC', 'Baskerville',                    
                             'Beirut', 'BiauKaiHK',                             
                             'BiauKaiTC', 'Big Caslon',                         
                             'Bodoni 72', 'Bodoni 72                            
                             Oldstyle', 'Bodoni 72                              
                             Smallcaps', 'Bodoni Ornaments',                    
                             'Bradley Hand', 'Brush Script                      
                             MT', 'Chalkboard', 'Chalkboard                     
                             SE', 'Chalkduster', 'Charter',                     
                             'Cochin', 'Comic Sans MS',                         
                             'Copperplate', 'Corsiva                            
                             Hebrew', 'Courier New', 'DIN                       
                             Alternate', 'DIN Condensed',                       
                             'Damascus', 'DecoType Naskh',                      
                             'Devanagari MT', 'Devanagari                       
                             Sangam MN', 'Didot', 'Diwan                        
                             Kufi', 'Diwan Thuluth',                            
                             'Euphemia UCAS', 'Farah',                          
                             'Farisi', 'Futura', 'GB18030                       
                             Bitmap', 'Galvji', 'Geeza Pro',                    
                             'Geneva', 'Georgia', 'Gill                         
                             Sans', 'Grantha Sangam MN',                        
                             'Gujarati MT', 'Gujarati Sangam                    
                             MN', 'GungSeo', 'Gurmukhi MN',                     
                             'Gurmukhi MT', 'Gurmukhi Sangam                    
                             MN', 'Hannotate SC', 'Hannotate                    
                             TC', 'HanziPen SC', 'HanziPen                      
                             TC', 'HeadLineA', 'Hei', 'Heiti                    
                             SC', 'Heiti TC', 'Helvetica',                      
                             'Helvetica Neue', 'Herculanum',                    
                             'Hiragino Maru Gothic ProN',                       
                             'Hiragino Mincho ProN',                            
                             'Hiragino Sans', 'Hiragino Sans                    
                             GB', 'Hoefler Text', 'ITF                          
                             Devanagari', 'ITF Devanagari                       
                             Marathi', 'Impact',                                
                             'InaiMathi', 'Kai', 'Kailasa',                     
                             'Kaiti SC', 'Kaiti TC',                            
                             'Kannada MN', 'Kannada Sangam                      
                             MN', 'Kefa III', 'Khmer MN',                       
                             'Khmer Sangam MN', 'Klee',                         
                             'Kohinoor Bangla', 'Kohinoor                       
                             Devanagari', 'Kohinoor                             
                             Gujarati', 'Kohinoor Telugu',                      
                             'Kokonor', 'Krungthep',                            
                             'KufiStandardGK', 'LXGW                            
                             ZhenKai', 'Lantinghei SC',                         
                             'Lantinghei TC', 'Lao MN', 'Lao                    
                             Sangam MN', 'LiHei Pro',                           
                             'LiSong Pro', 'Libian SC',                         
                             'Libian TC', 'LingWai SC',                         
                             'LingWai TC', 'Lucida Grande',                     
                             'Luminari', 'Malayalam MN',                        
                             'Malayalam Sangam MN', 'Marker                     
                             Felt', 'Menlo', 'Microsoft Sans                    
                             Serif', 'Mishafi', 'Mishafi                        
                             Gold', 'Monaco', 'Monospace',                      
                             'Mshtakan', 'Mukta Mahee',                         
                             'Muna', 'Myanmar MN', 'Myanmar                     
                             Sangam MN', 'Nadeem', 'Nanum                       
                             Brush Script', 'Nanum Gothic',                     
                             'Nanum Myeongjo', 'Nanum Pen                       
                             Script', 'New Peninim MT',                         
                             'Noteworthy', 'Noto Nastaliq                       
                             Urdu', 'Noto Sans Batak', 'Noto                    
                             Sans Kannada', 'Noto Sans                          
                             Myanmar', 'Noto Sans NKo',                         
                             'Noto Sans Oriya', 'Noto Sans                      
                             Syriac', 'Noto Sans Tagalog',                      
                             'Noto Serif Myanmar', 'Optima',                    
                             'Oriya MN', 'Oriya Sangam MN',                     
                             'Osaka', 'PCMyungjo', 'PT                          
                             Mono', 'PT Sans', 'PT Sans                         
                             Caption', 'PT Sans Narrow', 'PT                    
                             Serif', 'PT Serif Caption',                        
                             'Palatino', 'Papyrus', 'Party                      
                             LET', 'Phosphate', 'PilGi',                        
                             'PingFang HK', 'PingFang MO',                      
                             'PingFang SC', 'PingFang TC',                      
                             'Plantagenet Cherokee',                            
                             'Raanana', 'Rockwell',                             
                             'STFangsong', 'STHeiti', 'STIX                     
                             Two Math', 'STIX Two Text',                        
                             'STKaiti', 'STSong', 'Sana',                       
                             'Sans', 'Sathu', 'Savoye LET',                     
                             'Serif', 'Shree Devanagari                         
                             714', 'SignPainter', 'Silom',                      
                             'SimSong', 'Sinhala MN',                           
                             'Sinhala Sangam MN', 'Skia',                       
                             'Snell Roundhand', 'Songti SC',                    
                             'Songti TC', 'Sukhumvit Set',                      
                             'Symbol', 'Tahoma', 'Tamil MN',                    
                             'Tamil Sangam MN', 'Telugu MN',                    
                             'Telugu Sangam MN', 'Thonburi',                    
                             'Times New Roman', 'Toppan                         
                             Bunkyu Gothic', 'Toppan Bunkyu                     
                             Midashi Gothic', 'Toppan Bunkyu                    
                             Midashi Mincho', 'Toppan Bunkyu                    
                             Mincho', 'Trattatello',                            
                             'Trebuchet MS', 'Tsukushi A                        
                             Round Gothic', 'Tsukushi B                         
                             Round Gothic', 'Verdana',                          
                             'Waseem', 'Wawati SC', 'Wawati                     
                             TC', 'Webdings', 'Weibei SC',                      
                             'Weibei TC', 'Wingdings',                          
                             'Wingdings 2', 'Wingdings 3',                      
                             'Xingkai SC', 'Xingkai TC',                        
                             'YuGothic', 'YuKyokasho',                          
                             'YuKyokasho Yoko', 'YuMincho',                     
                             'YuMincho +36p Kana', 'Yuanti                      
                             SC', 'Yuanti TC', 'Yuppy SC',                      
                             'Yuppy TC', 'Zapf Dingbats',                       
                             'Zapfino', 'cursive',                              
                             'fantasy', 'system-ui'].                           
                    WARNING  Font Noto Sans CJK SC not in    text_mobject.py:464
                             ['.AppleSystemUIFont', 'Academy                    
                             Engraved LET', 'Al Bayan', 'Al                     
                             Nile', 'Al Tarikh', 'American                      
                             Typewriter', 'Andale Mono',                        
                             'Apple Braille', 'Apple                            
                             Chancery', 'Apple Color Emoji',                    
                             'Apple LiGothic', 'Apple                           
                             LiSung', 'Apple SD Gothic Neo',                    
                             'Apple Symbols', 'AppleGothic',                    
                             'AppleMyungjo', 'Arial', 'Arial                    
                             Black', 'Arial Hebrew', 'Arial                     
                             Hebrew Scholar', 'Arial                            
                             Narrow', 'Arial Rounded MT                         
                             Bold', 'Arial Unicode MS',                         
                             'Avenir', 'Avenir Next',                           
                             'Avenir Next Condensed',                           
                             'Ayuthaya', 'BIZ UDGothic',                        
                             'BIZ UDMincho', 'BM Dohyeon',                      
                             'BM Hanna 11yrs Old', 'BM Hanna                    
                             Air', 'BM Hanna Pro', 'BM Jua',                    
                             'BM Kirang Haerang', 'BM                           
                             Yeonsung', 'Baghdad', 'Bangla                      
                             MN', 'Bangla Sangam MN', 'Baoli                    
                             SC', 'Baoli TC', 'Baskerville',                    
                             'Beirut', 'BiauKaiHK',                             
                             'BiauKaiTC', 'Big Caslon',                         
                             'Bodoni 72', 'Bodoni 72                            
                             Oldstyle', 'Bodoni 72                              
                             Smallcaps', 'Bodoni Ornaments',                    
                             'Bradley Hand', 'Brush Script                      
                             MT', 'Chalkboard', 'Chalkboard                     
                             SE', 'Chalkduster', 'Charter',                     
                             'Cochin', 'Comic Sans MS',                         
                             'Copperplate', 'Corsiva                            
                             Hebrew', 'Courier New', 'DIN                       
                             Alternate', 'DIN Condensed',                       
                             'Damascus', 'DecoType Naskh',                      
                             'Devanagari MT', 'Devanagari                       
                             Sangam MN', 'Didot', 'Diwan                        
                             Kufi', 'Diwan Thuluth',                            
                             'Euphemia UCAS', 'Farah',                          
                             'Farisi', 'Futura', 'GB18030                       
                             Bitmap', 'Galvji', 'Geeza Pro',                    
                             'Geneva', 'Georgia', 'Gill                         
                             Sans', 'Grantha Sangam MN',                        
                             'Gujarati MT', 'Gujarati Sangam                    
                             MN', 'GungSeo', 'Gurmukhi MN',                     
                             'Gurmukhi MT', 'Gurmukhi Sangam                    
                             MN', 'Hannotate SC', 'Hannotate                    
                             TC', 'HanziPen SC', 'HanziPen                      
                             TC', 'HeadLineA', 'Hei', 'Heiti                    
                             SC', 'Heiti TC', 'Helvetica',                      
                             'Helvetica Neue', 'Herculanum',                    
                             'Hiragino Maru Gothic ProN',                       
                             'Hiragino Mincho ProN',                            
                             'Hiragino Sans', 'Hiragino Sans                    
                             GB', 'Hoefler Text', 'ITF                          
                             Devanagari', 'ITF Devanagari                       
                             Marathi', 'Impact',                                
                             'InaiMathi', 'Kai', 'Kailasa',                     
                             'Kaiti SC', 'Kaiti TC',                            
                             'Kannada MN', 'Kannada Sangam                      
                             MN', 'Kefa III', 'Khmer MN',                       
                             'Khmer Sangam MN', 'Klee',                         
                             'Kohinoor Bangla', 'Kohinoor                       
                             Devanagari', 'Kohinoor                             
                             Gujarati', 'Kohinoor Telugu',                      
                             'Kokonor', 'Krungthep',                            
                             'KufiStandardGK', 'LXGW                            
                             ZhenKai', 'Lantinghei SC',                         
                             'Lantinghei TC', 'Lao MN', 'Lao                    
                             Sangam MN', 'LiHei Pro',                           
                             'LiSong Pro', 'Libian SC',                         
                             'Libian TC', 'LingWai SC',                         
                             'LingWai TC', 'Lucida Grande',                     
                             'Luminari', 'Malayalam MN',                        
                             'Malayalam Sangam MN', 'Marker                     
                             Felt', 'Menlo', 'Microsoft Sans                    
                             Serif', 'Mishafi', 'Mishafi                        
                             Gold', 'Monaco', 'Monospace',                      
                             'Mshtakan', 'Mukta Mahee',                         
                             'Muna', 'Myanmar MN', 'Myanmar                     
                             Sangam MN', 'Nadeem', 'Nanum                       
                             Brush Script', 'Nanum Gothic',                     
                             'Nanum Myeongjo', 'Nanum Pen                       
                             Script', 'New Peninim MT',                         
                             'Noteworthy', 'Noto Nastaliq                       
                             Urdu', 'Noto Sans Batak', 'Noto                    
                             Sans Kannada', 'Noto Sans                          
                             Myanmar', 'Noto Sans NKo',                         
                             'Noto Sans Oriya', 'Noto Sans                      
                             Syriac', 'Noto Sans Tagalog',                      
                             'Noto Serif Myanmar', 'Optima',                    
                             'Oriya MN', 'Oriya Sangam MN',                     
                             'Osaka', 'PCMyungjo', 'PT                          
                             Mono', 'PT Sans', 'PT Sans                         
                             Caption', 'PT Sans Narrow', 'PT                    
                             Serif', 'PT Serif Caption',                        
                             'Palatino', 'Papyrus', 'Party                      
                             LET', 'Phosphate', 'PilGi',                        
                             'PingFang HK', 'PingFang MO',                      
                             'PingFang SC', 'PingFang TC',                      
                             'Plantagenet Cherokee',                            
                             'Raanana', 'Rockwell',                             
                             'STFangsong', 'STHeiti', 'STIX                     
                             Two Math', 'STIX Two Text',                        
                             'STKaiti', 'STSong', 'Sana',                       
                             'Sans', 'Sathu', 'Savoye LET',                     
                             'Serif', 'Shree Devanagari                         
                             714', 'SignPainter', 'Silom',                      
                             'SimSong', 'Sinhala MN',                           
                             'Sinhala Sangam MN', 'Skia',                       
                             'Snell Roundhand', 'Songti SC',                    
                             'Songti TC', 'Sukhumvit Set',                      
                             'Symbol', 'Tahoma', 'Tamil MN',                    
                             'Tamil Sangam MN', 'Telugu MN',                    
                             'Telugu Sangam MN', 'Thonburi',                    
                             'Times New Roman', 'Toppan                         
                             Bunkyu Gothic', 'Toppan Bunkyu                     
                             Midashi Gothic', 'Toppan Bunkyu                    
                             Midashi Mincho', 'Toppan Bunkyu                    
                             Mincho', 'Trattatello',                            
                             'Trebuchet MS', 'Tsukushi A                        
                             Round Gothic', 'Tsukushi B                         
                             Round Gothic', 'Verdana',                          
                             'Waseem', 'Wawati SC', 'Wawati                     
                             TC', 'Webdings', 'Weibei SC',                      
                             'Weibei TC', 'Wingdings',                          
                             'Wingdings 2', 'Wingdings 3',                      
                             'Xingkai SC', 'Xingkai TC',                        
                             'YuGothic', 'YuKyokasho',                          
                             'YuKyokasho Yoko', 'YuMincho',                     
                             'YuMincho +36p Kana', 'Yuanti                      
                             SC', 'Yuanti TC', 'Yuppy SC',                      
                             'Yuppy TC', 'Zapf Dingbats',                       
                             'Zapfino', 'cursive',                              
                             'fantasy', 'system-ui'].                           
                    WARNING  Font Noto Sans CJK SC not in    text_mobject.py:464
                             ['.AppleSystemUIFont', 'Academy                    
                             Engraved LET', 'Al Bayan', 'Al                     
                             Nile', 'Al Tarikh', 'American                      
                             Typewriter', 'Andale Mono',                        
                             'Apple Braille', 'Apple                            
                             Chancery', 'Apple Color Emoji',                    
                             'Apple LiGothic', 'Apple                           
                             LiSung', 'Apple SD Gothic Neo',                    
                             'Apple Symbols', 'AppleGothic',                    
                             'AppleMyungjo', 'Arial', 'Arial                    
                             Black', 'Arial Hebrew', 'Arial                     
                             Hebrew Scholar', 'Arial                            
                             Narrow', 'Arial Rounded MT                         
                             Bold', 'Arial Unicode MS',                         
                             'Avenir', 'Avenir Next',                           
                             'Avenir Next Condensed',                           
                             'Ayuthaya', 'BIZ UDGothic',                        
                             'BIZ UDMincho', 'BM Dohyeon',                      
                             'BM Hanna 11yrs Old', 'BM Hanna                    
                             Air', 'BM Hanna Pro', 'BM Jua',                    
                             'BM Kirang Haerang', 'BM                           
                             Yeonsung', 'Baghdad', 'Bangla                      
                             MN', 'Bangla Sangam MN', 'Baoli                    
                             SC', 'Baoli TC', 'Baskerville',                    
                             'Beirut', 'BiauKaiHK',                             
                             'BiauKaiTC', 'Big Caslon',                         
                             'Bodoni 72', 'Bodoni 72                            
                             Oldstyle', 'Bodoni 72                              
                             Smallcaps', 'Bodoni Ornaments',                    
                             'Bradley Hand', 'Brush Script                      
                             MT', 'Chalkboard', 'Chalkboard                     
                             SE', 'Chalkduster', 'Charter',                     
                             'Cochin', 'Comic Sans MS',                         
                             'Copperplate', 'Corsiva                            
                             Hebrew', 'Courier New', 'DIN                       
                             Alternate', 'DIN Condensed',                       
                             'Damascus', 'DecoType Naskh',                      
                             'Devanagari MT', 'Devanagari                       
                             Sangam MN', 'Didot', 'Diwan                        
                             Kufi', 'Diwan Thuluth',                            
                             'Euphemia UCAS', 'Farah',                          
                             'Farisi', 'Futura', 'GB18030                       
                             Bitmap', 'Galvji', 'Geeza Pro',                    
                             'Geneva', 'Georgia', 'Gill                         
                             Sans', 'Grantha Sangam MN',                        
                             'Gujarati MT', 'Gujarati Sangam                    
                             MN', 'GungSeo', 'Gurmukhi MN',                     
                             'Gurmukhi MT', 'Gurmukhi Sangam                    
                             MN', 'Hannotate SC', 'Hannotate                    
                             TC', 'HanziPen SC', 'HanziPen                      
                             TC', 'HeadLineA', 'Hei', 'Heiti                    
                             SC', 'Heiti TC', 'Helvetica',                      
                             'Helvetica Neue', 'Herculanum',                    
                             'Hiragino Maru Gothic ProN',                       
                             'Hiragino Mincho ProN',                            
                             'Hiragino Sans', 'Hiragino Sans                    
                             GB', 'Hoefler Text', 'ITF                          
                             Devanagari', 'ITF Devanagari                       
                             Marathi', 'Impact',                                
                             'InaiMathi', 'Kai', 'Kailasa',                     
                             'Kaiti SC', 'Kaiti TC',                            
                             'Kannada MN', 'Kannada Sangam                      
                             MN', 'Kefa III', 'Khmer MN',                       
                             'Khmer Sangam MN', 'Klee',                         
                             'Kohinoor Bangla', 'Kohinoor                       
                             Devanagari', 'Kohinoor                             
                             Gujarati', 'Kohinoor Telugu',                      
                             'Kokonor', 'Krungthep',                            
                             'KufiStandardGK', 'LXGW                            
                             ZhenKai', 'Lantinghei SC',                         
                             'Lantinghei TC', 'Lao MN', 'Lao                    
                             Sangam MN', 'LiHei Pro',                           
                             'LiSong Pro', 'Libian SC',                         
                             'Libian TC', 'LingWai SC',                         
                             'LingWai TC', 'Lucida Grande',                     
                             'Luminari', 'Malayalam MN',                        
                             'Malayalam Sangam MN', 'Marker                     
                             Felt', 'Menlo', 'Microsoft Sans                    
                             Serif', 'Mishafi', 'Mishafi                        
                             Gold', 'Monaco', 'Monospace',                      
                             'Mshtakan', 'Mukta Mahee',                         
                             'Muna', 'Myanmar MN', 'Myanmar                     
                             Sangam MN', 'Nadeem', 'Nanum                       
                             Brush Script', 'Nanum Gothic',                     
                             'Nanum Myeongjo', 'Nanum Pen                       
                             Script', 'New Peninim MT',                         
                             'Noteworthy', 'Noto Nastaliq                       
                             Urdu', 'Noto Sans Batak', 'Noto                    
                             Sans Kannada', 'Noto Sans                          
                             Myanmar', 'Noto Sans NKo',                         
                             'Noto Sans Oriya', 'Noto Sans                      
                             Syriac', 'Noto Sans Tagalog',                      
                             'Noto Serif Myanmar', 'Optima',                    
                             'Oriya MN', 'Oriya Sangam MN',                     
                             'Osaka', 'PCMyungjo', 'PT                          
                             Mono', 'PT Sans', 'PT Sans                         
                             Caption', 'PT Sans Narrow', 'PT                    
                             Serif', 'PT Serif Caption',                        
                             'Palatino', 'Papyrus', 'Party                      
                             LET', 'Phosphate', 'PilGi',                        
                             'PingFang HK', 'PingFang MO',                      
                             'PingFang SC', 'PingFang TC',                      
                             'Plantagenet Cherokee',                            
                             'Raanana', 'Rockwell',                             
                             'STFangsong', 'STHeiti', 'STIX                     
                             Two Math', 'STIX Two Text',                        
                             'STKaiti', 'STSong', 'Sana',                       
                             'Sans', 'Sathu', 'Savoye LET',                     
                             'Serif', 'Shree Devanagari                         
                             714', 'SignPainter', 'Silom',                      
                             'SimSong', 'Sinhala MN',                           
                             'Sinhala Sangam MN', 'Skia',                       
                             'Snell Roundhand', 'Songti SC',                    
                             'Songti TC', 'Sukhumvit Set',                      
                             'Symbol', 'Tahoma', 'Tamil MN',                    
                             'Tamil Sangam MN', 'Telugu MN',                    
                             'Telugu Sangam MN', 'Thonburi',                    
                             'Times New Roman', 'Toppan                         
                             Bunkyu Gothic', 'Toppan Bunkyu                     
                             Midashi Gothic', 'Toppan Bunkyu                    
                             Midashi Mincho', 'Toppan Bunkyu                    
                             Mincho', 'Trattatello',                            
                             'Trebuchet MS', 'Tsukushi A                        
                             Round Gothic', 'Tsukushi B                         
                             Round Gothic', 'Verdana',                          
                             'Waseem', 'Wawati SC', 'Wawati                     
                             TC', 'Webdings', 'Weibei SC',                      
                             'Weibei TC', 'Wingdings',                          
                             'Wingdings 2', 'Wingdings 3',                      
                             'Xingkai SC', 'Xingkai TC',                        
                             'YuGothic', 'YuKyokasho',                          
                             'YuKyokasho Yoko', 'YuMincho',                     
                             'YuMincho +36p Kana', 'Yuanti                      
                             SC', 'Yuanti TC', 'Yuppy SC',                      
                             'Yuppy TC', 'Zapf Dingbats',                       
                             'Zapfino', 'cursive',                              
                             'fantasy', 'system-ui'].                           
                    WARNING  Font Noto Sans CJK SC not in    text_mobject.py:464
                             ['.AppleSystemUIFont', 'Academy                    
                             Engraved LET', 'Al Bayan', 'Al                     
                             Nile', 'Al Tarikh', 'American                      
                             Typewriter', 'Andale Mono',                        
                             'Apple Braille', 'Apple                            
                             Chancery', 'Apple Color Emoji',                    
                             'Apple LiGothic', 'Apple                           
                             LiSung', 'Apple SD Gothic Neo',                    
                             'Apple Symbols', 'AppleGothic',                    
                             'AppleMyungjo', 'Arial', 'Arial                    
                             Black', 'Arial Hebrew', 'Arial                     
                             Hebrew Scholar', 'Arial                            
                             Narrow', 'Arial Rounded MT                         
                             Bold', 'Arial Unicode MS',                         
                             'Avenir', 'Avenir Next',                           
                             'Avenir Next Condensed',                           
                             'Ayuthaya', 'BIZ UDGothic',                        
                             'BIZ UDMincho', 'BM Dohyeon',                      
                             'BM Hanna 11yrs Old', 'BM Hanna                    
                             Air', 'BM Hanna Pro', 'BM Jua',                    
                             'BM Kirang Haerang', 'BM                           
                             Yeonsung', 'Baghdad', 'Bangla                      
                             MN', 'Bangla Sangam MN', 'Baoli                    
                             SC', 'Baoli TC', 'Baskerville',                    
                             'Beirut', 'BiauKaiHK',                             
                             'BiauKaiTC', 'Big Caslon',                         
                             'Bodoni 72', 'Bodoni 72                            
                             Oldstyle', 'Bodoni 72                              
                             Smallcaps', 'Bodoni Ornaments',                    
                             'Bradley Hand', 'Brush Script                      
                             MT', 'Chalkboard', 'Chalkboard                     
                             SE', 'Chalkduster', 'Charter',                     
                             'Cochin', 'Comic Sans MS',                         
                             'Copperplate', 'Corsiva                            
                             Hebrew', 'Courier New', 'DIN                       
                             Alternate', 'DIN Condensed',                       
                             'Damascus', 'DecoType Naskh',                      
                             'Devanagari MT', 'Devanagari                       
                             Sangam MN', 'Didot', 'Diwan                        
                             Kufi', 'Diwan Thuluth',                            
                             'Euphemia UCAS', 'Farah',                          
                             'Farisi', 'Futura', 'GB18030                       
                             Bitmap', 'Galvji', 'Geeza Pro',                    
                             'Geneva', 'Georgia', 'Gill                         
                             Sans', 'Grantha Sangam MN',                        
                             'Gujarati MT', 'Gujarati Sangam                    
                             MN', 'GungSeo', 'Gurmukhi MN',                     
                             'Gurmukhi MT', 'Gurmukhi Sangam                    
                             MN', 'Hannotate SC', 'Hannotate                    
                             TC', 'HanziPen SC', 'HanziPen                      
                             TC', 'HeadLineA', 'Hei', 'Heiti                    
                             SC', 'Heiti TC', 'Helvetica',                      
                             'Helvetica Neue', 'Herculanum',                    
                             'Hiragino Maru Gothic ProN',                       
                             'Hiragino Mincho ProN',                            
                             'Hiragino Sans', 'Hiragino Sans                    
                             GB', 'Hoefler Text', 'ITF                          
                             Devanagari', 'ITF Devanagari                       
                             Marathi', 'Impact',                                
                             'InaiMathi', 'Kai', 'Kailasa',                     
                             'Kaiti SC', 'Kaiti TC',                            
                             'Kannada MN', 'Kannada Sangam                      
                             MN', 'Kefa III', 'Khmer MN',                       
                             'Khmer Sangam MN', 'Klee',                         
                             'Kohinoor Bangla', 'Kohinoor                       
                             Devanagari', 'Kohinoor                             
                             Gujarati', 'Kohinoor Telugu',                      
                             'Kokonor', 'Krungthep',                            
                             'KufiStandardGK', 'LXGW                            
                             ZhenKai', 'Lantinghei SC',                         
                             'Lantinghei TC', 'Lao MN', 'Lao                    
                             Sangam MN', 'LiHei Pro',                           
                             'LiSong Pro', 'Libian SC',                         
                             'Libian TC', 'LingWai SC',                         
                             'LingWai TC', 'Lucida Grande',                     
                             'Luminari', 'Malayalam MN',                        
                             'Malayalam Sangam MN', 'Marker                     
                             Felt', 'Menlo', 'Microsoft Sans                    
                             Serif', 'Mishafi', 'Mishafi                        
                             Gold', 'Monaco', 'Monospace',                      
                             'Mshtakan', 'Mukta Mahee',                         
                             'Muna', 'Myanmar MN', 'Myanmar                     
                             Sangam MN', 'Nadeem', 'Nanum                       
                             Brush Script', 'Nanum Gothic',                     
                             'Nanum Myeongjo', 'Nanum Pen                       
                             Script', 'New Peninim MT',                         
                             'Noteworthy', 'Noto Nastaliq                       
                             Urdu', 'Noto Sans Batak', 'Noto                    
                             Sans Kannada', 'Noto Sans                          
                             Myanmar', 'Noto Sans NKo',                         
                             'Noto Sans Oriya', 'Noto Sans                      
                             Syriac', 'Noto Sans Tagalog',                      
                             'Noto Serif Myanmar', 'Optima',                    
                             'Oriya MN', 'Oriya Sangam MN',                     
                             'Osaka', 'PCMyungjo', 'PT                          
                             Mono', 'PT Sans', 'PT Sans                         
                             Caption', 'PT Sans Narrow', 'PT                    
                             Serif', 'PT Serif Caption',                        
                             'Palatino', 'Papyrus', 'Party                      
                             LET', 'Phosphate', 'PilGi',                        
                             'PingFang HK', 'PingFang MO',                      
                             'PingFang SC', 'PingFang TC',                      
                             'Plantagenet Cherokee',                            
                             'Raanana', 'Rockwell',                             
                             'STFangsong', 'STHeiti', 'STIX                     
                             Two Math', 'STIX Two Text',                        
                             'STKaiti', 'STSong', 'Sana',                       
                             'Sans', 'Sathu', 'Savoye LET',                     
                             'Serif', 'Shree Devanagari                         
                             714', 'SignPainter', 'Silom',                      
                             'SimSong', 'Sinhala MN',                           
                             'Sinhala Sangam MN', 'Skia',                       
                             'Snell Roundhand', 'Songti SC',                    
                             'Songti TC', 'Sukhumvit Set',                      
                             'Symbol', 'Tahoma', 'Tamil MN',                    
                             'Tamil Sangam MN', 'Telugu MN',                    
                             'Telugu Sangam MN', 'Thonburi',                    
                             'Times New Roman', 'Toppan                         
                             Bunkyu Gothic', 'Toppan Bunkyu                     
                             Midashi Gothic', 'Toppan Bunkyu                    
                             Midashi Mincho', 'Toppan Bunkyu                    
                             Mincho', 'Trattatello',                            
                             'Trebuchet MS', 'Tsukushi A                        
                             Round Gothic', 'Tsukushi B                         
                             Round Gothic', 'Verdana',                          
                             'Waseem', 'Wawati SC', 'Wawati                     
                             TC', 'Webdings', 'Weibei SC',                      
                             'Weibei TC', 'Wingdings',                          
                             'Wingdings 2', 'Wingdings 3',                      
                             'Xingkai SC', 'Xingkai TC',                        
                             'YuGothic', 'YuKyokasho',                          
                             'YuKyokasho Yoko', 'YuMincho',                     
                             'YuMincho +36p Kana', 'Yuanti                      
                             SC', 'Yuanti TC', 'Yuppy SC',                      
                             'Yuppy TC', 'Zapf Dingbats',                       
                             'Zapfino', 'cursive',                              
                             'fantasy', 'system-ui'].                           
[02/27/26 10:34:41] WARNING  Font Noto Sans CJK SC not in    text_mobject.py:464
                             ['.AppleSystemUIFont', 'Academy                    
                             Engraved LET', 'Al Bayan', 'Al                     
                             Nile', 'Al Tarikh', 'American                      
                             Typewriter', 'Andale Mono',                        
                             'Apple Braille', 'Apple                            
                             Chancery', 'Apple Color Emoji',                    
                             'Apple LiGothic', 'Apple                           
                             LiSung', 'Apple SD Gothic Neo',                    
                             'Apple Symbols', 'AppleGothic',                    
                             'AppleMyungjo', 'Arial', 'Arial                    
                             Black', 'Arial Hebrew', 'Arial                     
                             Hebrew Scholar', 'Arial                            
                             Narrow', 'Arial Rounded MT                         
                             Bold', 'Arial Unicode MS',                         
                             'Avenir', 'Avenir Next',                           
                             'Avenir Next Condensed',                           
                             'Ayuthaya', 'BIZ UDGothic',                        
                             'BIZ UDMincho', 'BM Dohyeon',                      
                             'BM Hanna 11yrs Old', 'BM Hanna                    
                             Air', 'BM Hanna Pro', 'BM Jua',                    
                             'BM Kirang Haerang', 'BM                           
                             Yeonsung', 'Baghdad', 'Bangla                      
                             MN', 'Bangla Sangam MN', 'Baoli                    
                             SC', 'Baoli TC', 'Baskerville',                    
                             'Beirut', 'BiauKaiHK',                             
                             'BiauKaiTC', 'Big Caslon',                         
                             'Bodoni 72', 'Bodoni 72                            
                             Oldstyle', 'Bodoni 72                              
                             Smallcaps', 'Bodoni Ornaments',                    
                             'Bradley Hand', 'Brush Script                      
                             MT', 'Chalkboard', 'Chalkboard                     
                             SE', 'Chalkduster', 'Charter',                     
                             'Cochin', 'Comic Sans MS',                         
                             'Copperplate', 'Corsiva                            
                             Hebrew', 'Courier New', 'DIN                       
                             Alternate', 'DIN Condensed',                       
                             'Damascus', 'DecoType Naskh',                      
                             'Devanagari MT', 'Devanagari                       
                             Sangam MN', 'Didot', 'Diwan                        
                             Kufi', 'Diwan Thuluth',                            
                             'Euphemia UCAS', 'Farah',                          
                             'Farisi', 'Futura', 'GB18030                       
                             Bitmap', 'Galvji', 'Geeza Pro',                    
                             'Geneva', 'Georgia', 'Gill                         
                             Sans', 'Grantha Sangam MN',                        
                             'Gujarati MT', 'Gujarati Sangam                    
                             MN', 'GungSeo', 'Gurmukhi MN',                     
                             'Gurmukhi MT', 'Gurmukhi Sangam                    
                             MN', 'Hannotate SC', 'Hannotate                    
                             TC', 'HanziPen SC', 'HanziPen                      
                             TC', 'HeadLineA', 'Hei', 'Heiti                    
                             SC', 'Heiti TC', 'Helvetica',                      
                             'Helvetica Neue', 'Herculanum',                    
                             'Hiragino Maru Gothic ProN',                       
                             'Hiragino Mincho ProN',                            
                             'Hiragino Sans', 'Hiragino Sans                    
                             GB', 'Hoefler Text', 'ITF                          
                             Devanagari', 'ITF Devanagari                       
                             Marathi', 'Impact',                                
                             'InaiMathi', 'Kai', 'Kailasa',                     
                             'Kaiti SC', 'Kaiti TC',                            
                             'Kannada MN', 'Kannada Sangam                      
                             MN', 'Kefa III', 'Khmer MN',                       
                             'Khmer Sangam MN', 'Klee',                         
                             'Kohinoor Bangla', 'Kohinoor                       
                             Devanagari', 'Kohinoor                             
                             Gujarati', 'Kohinoor Telugu',                      
                             'Kokonor', 'Krungthep',                            
                             'KufiStandardGK', 'LXGW                            
                             ZhenKai', 'Lantinghei SC',                         
                             'Lantinghei TC', 'Lao MN', 'Lao                    
                             Sangam MN', 'LiHei Pro',                           
                             'LiSong Pro', 'Libian SC',                         
                             'Libian TC', 'LingWai SC',                         
                             'LingWai TC', 'Lucida Grande',                     
                             'Luminari', 'Malayalam MN',                        
                             'Malayalam Sangam MN', 'Marker                     
                             Felt', 'Menlo', 'Microsoft Sans                    
                             Serif', 'Mishafi', 'Mishafi                        
                             Gold', 'Monaco', 'Monospace',                      
                             'Mshtakan', 'Mukta Mahee',                         
                             'Muna', 'Myanmar MN', 'Myanmar                     
                             Sangam MN', 'Nadeem', 'Nanum                       
                             Brush Script', 'Nanum Gothic',                     
                             'Nanum Myeongjo', 'Nanum Pen                       
                             Script', 'New Peninim MT',                         
                             'Noteworthy', 'Noto Nastaliq                       
                             Urdu', 'Noto Sans Batak', 'Noto                    
                             Sans Kannada', 'Noto Sans                          
                             Myanmar', 'Noto Sans NKo',                         
                             'Noto Sans Oriya', 'Noto Sans                      
                             Syriac', 'Noto Sans Tagalog',                      
                             'Noto Serif Myanmar', 'Optima',                    
                             'Oriya MN', 'Oriya Sangam MN',                     
                             'Osaka', 'PCMyungjo', 'PT                          
                             Mono', 'PT Sans', 'PT Sans                         
                             Caption', 'PT Sans Narrow', 'PT                    
                             Serif', 'PT Serif Caption',                        
                             'Palatino', 'Papyrus', 'Party                      
                             LET', 'Phosphate', 'PilGi',                        
                             'PingFang HK', 'PingFang MO',                      
                             'PingFang SC', 'PingFang TC',                      
                             'Plantagenet Cherokee',                            
                             'Raanana', 'Rockwell',                             
                             'STFangsong', 'STHeiti', 'STIX                     
                             Two Math', 'STIX Two Text',                        
                             'STKaiti', 'STSong', 'Sana',                       
                             'Sans', 'Sathu', 'Savoye LET',                     
                             'Serif', 'Shree Devanagari                         
                             714', 'SignPainter', 'Silom',                      
                             'SimSong', 'Sinhala MN',                           
                             'Sinhala Sangam MN', 'Skia',                       
                             'Snell Roundhand', 'Songti SC',                    
                             'Songti TC', 'Sukhumvit Set',                      
                             'Symbol', 'Tahoma', 'Tamil MN',                    
                             'Tamil Sangam MN', 'Telugu MN',                    
                             'Telugu Sangam MN', 'Thonburi',                    
                             'Times New Roman', 'Toppan                         
                             Bunkyu Gothic', 'Toppan Bunkyu                     
                             Midashi Gothic', 'Toppan Bunkyu                    
                             Midashi Mincho', 'Toppan Bunkyu                    
                             Mincho', 'Trattatello',                            
                             'Trebuchet MS', 'Tsukushi A                        
                             Round Gothic', 'Tsukushi B                         
                             Round Gothic', 'Verdana',                          
                             'Waseem', 'Wawati SC', 'Wawati                     
                             TC', 'Webdings', 'Weibei SC',                      
                             'Weibei TC', 'Wingdings',                          
                             'Wingdings 2', 'Wingdings 3',                      
                             'Xingkai SC', 'Xingkai TC',                        
                             'YuGothic', 'YuKyokasho',                          
                             'YuKyokasho Yoko', 'YuMincho',                     
                             'YuMincho +36p Kana', 'Yuanti                      
                             SC', 'Yuanti TC', 'Yuppy SC',                      
                             'Yuppy TC', 'Zapf Dingbats',                       
                             'Zapfino', 'cursive',                              
                             'fantasy', 'system-ui'].                           
Animation 96: Write(Text('对数四要素')):   0%|          | 0/36 [00:00<?, ?it/s]Animation 96: Write(Text('对数四要素')):  56%|█████▌    | 20/36 [00:00<00:00, 194.16it/s]                                                                                                             INFO     Animation 96 : Partial     scene_file_writer.py:590
                             movie file written in                              
                             '/Users/mx/Desktop/manim_m                         
                             ath/高中/高一/第二学期/第                          
                             四章-幂函数、指数函数和对                          
                             数函数（下）/001对数的概念                         
                             与运算/media/videos/logari                         
                             thm_concepts/1920p60/parti                         
                             al_movie_files/LogarithmCo                         
                             ncepts/656162490_192634912                         
                             3_3314970439.mp4'                                  
[02/27/26 10:34:42] INFO     Animation 97 : Partial     scene_file_writer.py:590
                             movie file written in                              
                             '/Users/mx/Desktop/manim_m                         
                             ath/高中/高一/第二学期/第                          
                             四章-幂函数、指数函数和对                          
                             数函数（下）/001对数的概念                         
                             与运算/media/videos/logari                         
                             thm_concepts/1920p60/parti                         
                             al_movie_files/LogarithmCo                         
                             ncepts/656162490_358597035                         
                             9_1332331423.mp4'                                  
Animation 98: _MethodAnimation(VGroup of 2 submobjects):   0%|          | 0/24 [00:00<?, ?it/s]Animation 98: _MethodAnimation(VGroup of 2 submobjects):  62%|██████▎   | 15/24 [00:00<00:00, 149.74it/s]                                                                                                                             INFO     Animation 98 : Partial     scene_file_writer.py:590
                             movie file written in                              
                             '/Users/mx/Desktop/manim_m                         
                             ath/高中/高一/第二学期/第                          
                             四章-幂函数、指数函数和对                          
                             数函数（下）/001对数的概念                         
                             与运算/media/videos/logari                         
                             thm_concepts/1920p60/parti                         
                             al_movie_files/LogarithmCo                         
                             ncepts/656162490_948847709                         
                             _3236574343.mp4'                                   
                    INFO     Animation 99 : Partial     scene_file_writer.py:590
                             movie file written in                              
                             '/Users/mx/Desktop/manim_m                         
                             ath/高中/高一/第二学期/第                          
                             四章-幂函数、指数函数和对                          
                             数函数（下）/001对数的概念                         
                             与运算/media/videos/logari                         
                             thm_concepts/1920p60/parti                         
                             al_movie_files/LogarithmCo                         
                             ncepts/656162490_305204016                         
                             9_3873196469.mp4'                                  
Animation 100: _MethodAnimation(VGroup of 2 submobjects):   0%|          | 0/24 [00:00<?, ?it/s]Animation 100: _MethodAnimation(VGroup of 2 submobjects):  67%|██████▋   | 16/24 [00:00<00:00, 156.66it/s]                                                                                                          [02/27/26 10:34:43] INFO     Animation 100 : Partial    scene_file_writer.py:590
                             movie file written in                              
                             '/Users/mx/Desktop/manim_m                         
                             ath/高中/高一/第二学期/第                          
                             四章-幂函数、指数函数和对                          
                             数函数（下）/001对数的概念                         
                             与运算/media/videos/logari                         
                             thm_concepts/1920p60/parti                         
                             al_movie_files/LogarithmCo                         
                             ncepts/656162490_712976795                         
                             _244412711.mp4'                                    
                    INFO     Animation 101 : Partial    scene_file_writer.py:590
                             movie file written in                              
                             '/Users/mx/Desktop/manim_m                         
                             ath/高中/高一/第二学期/第                          
                             四章-幂函数、指数函数和对                          
                             数函数（下）/001对数的概念                         
                             与运算/media/videos/logari                         
                             thm_concepts/1920p60/parti                         
                             al_movie_files/LogarithmCo                         
                             ncepts/656162490_305204016                         
                             9_3779493882.mp4'                                  
Animation 102: _MethodAnimation(VGroup of 2 submobjects):   0%|          | 0/24 [00:00<?, ?it/s]Animation 102: _MethodAnimation(VGroup of 2 submobjects):  50%|█████     | 12/24 [00:00<00:00, 117.56it/s]Animation 102: _MethodAnimation(VGroup of 2 submobjects): 100%|██████████| 24/24 [00:00<00:00, 117.91it/s]                                                                                                          [02/27/26 10:34:44] INFO     Animation 102 : Partial    scene_file_writer.py:590
                             movie file written in                              
                             '/Users/mx/Desktop/manim_m                         
                             ath/高中/高一/第二学期/第                          
                             四章-幂函数、指数函数和对                          
                             数函数（下）/001对数的概念                         
                             与运算/media/videos/logari                         
                             thm_concepts/1920p60/parti                         
                             al_movie_files/LogarithmCo                         
                             ncepts/656162490_136367234                         
                             _1596406509.mp4'                                   
[02/27/26 10:34:45] INFO     Animation 103 : Partial    scene_file_writer.py:590
                             movie file written in                              
                             '/Users/mx/Desktop/manim_m                         
                             ath/高中/高一/第二学期/第                          
                             四章-幂函数、指数函数和对                          
                             数函数（下）/001对数的概念                         
                             与运算/media/videos/logari                         
                             thm_concepts/1920p60/parti                         
                             al_movie_files/LogarithmCo                         
                             ncepts/656162490_305204016                         
                             9_3706819.mp4'                                     
Animation 104: _MethodAnimation(VGroup of 2 submobjects):   0%|          | 0/24 [00:00<?, ?it/s]Animation 104: _MethodAnimation(VGroup of 2 submobjects):  62%|██████▎   | 15/24 [00:00<00:00, 147.39it/s]                                                                                                          [02/27/26 10:34:46] INFO     Animation 104 : Partial    scene_file_writer.py:590
                             movie file written in                              
                             '/Users/mx/Desktop/manim_m                         
                             ath/高中/高一/第二学期/第                          
                             四章-幂函数、指数函数和对                          
                             数函数（下）/001对数的概念                         
                             与运算/media/videos/logari                         
                             thm_concepts/1920p60/parti                         
                             al_movie_files/LogarithmCo                         
                             ncepts/656162490_196278216                         
                             7_811335920.mp4'                                   
                    INFO     Animation 105 : Partial    scene_file_writer.py:590
                             movie file written in                              
                             '/Users/mx/Desktop/manim_m                         
                             ath/高中/高一/第二学期/第                          
                             四章-幂函数、指数函数和对                          
                             数函数（下）/001对数的概念                         
                             与运算/media/videos/logari                         
                             thm_concepts/1920p60/parti                         
                             al_movie_files/LogarithmCo                         
                             ncepts/656162490_305204016                         
                             9_2634634916.mp4'                                  
Animation 106: _MethodAnimation(SurroundingRectangle):   0%|          | 0/9 [00:00<?, ?it/s]Animation 106: _MethodAnimation(SurroundingRectangle):  78%|███████▊  | 7/9 [00:00<00:00, 63.63it/s]                                                                                                    [02/27/26 10:34:47] INFO     Animation 106 : Partial    scene_file_writer.py:590
                             movie file written in                              
                             '/Users/mx/Desktop/manim_m                         
                             ath/高中/高一/第二学期/第                          
                             四章-幂函数、指数函数和对                          
                             数函数（下）/001对数的概念                         
                             与运算/media/videos/logari                         
                             thm_concepts/1920p60/parti                         
                             al_movie_files/LogarithmCo                         
                             ncepts/656162490_348163109                         
                             7_1714166914.mp4'                                  
Animation 107: _MethodAnimation(SurroundingRectangle):   0%|          | 0/9 [00:00<?, ?it/s]Animation 107: _MethodAnimation(SurroundingRectangle):  89%|████████▉ | 8/9 [00:00<00:00, 74.80it/s]                                                                                                    [02/27/26 10:34:48] INFO     Animation 107 : Partial    scene_file_writer.py:590
                             movie file written in                              
                             '/Users/mx/Desktop/manim_m                         
                             ath/高中/高一/第二学期/第                          
                             四章-幂函数、指数函数和对                          
                             数函数（下）/001对数的概念                         
                             与运算/media/videos/logari                         
                             thm_concepts/1920p60/parti                         
                             al_movie_files/LogarithmCo                         
                             ncepts/656162490_211189728                         
                             9_2655926338.mp4'                                  
Animation 108: _MethodAnimation(SurroundingRectangle):   0%|          | 0/9 [00:00<?, ?it/s]Animation 108: _MethodAnimation(SurroundingRectangle):  78%|███████▊  | 7/9 [00:00<00:00, 68.40it/s]                                                                                                    [02/27/26 10:34:49] INFO     Animation 108 : Partial    scene_file_writer.py:590
                             movie file written in                              
                             '/Users/mx/Desktop/manim_m                         
                             ath/高中/高一/第二学期/第                          
                             四章-幂函数、指数函数和对                          
                             数函数（下）/001对数的概念                         
                             与运算/media/videos/logari                         
                             thm_concepts/1920p60/parti                         
                             al_movie_files/LogarithmCo                         
                             ncepts/656162490_361481358                         
                             5_3315983665.mp4'                                  
Animation 109: _MethodAnimation(SurroundingRectangle):   0%|          | 0/9 [00:00<?, ?it/s]                                                                                                                INFO     Animation 109 : Partial    scene_file_writer.py:590
                             movie file written in                              
                             '/Users/mx/Desktop/manim_m                         
                             ath/高中/高一/第二学期/第                          
                             四章-幂函数、指数函数和对                          
                             数函数（下）/001对数的概念                         
                             与运算/media/videos/logari                         
                             thm_concepts/1920p60/parti                         
                             al_movie_files/LogarithmCo                         
                             ncepts/656162490_320049540                         
                             0_977326266.mp4'                                   
[02/27/26 10:34:50] INFO     Animation 110 : Partial    scene_file_writer.py:590
                             movie file written in                              
                             '/Users/mx/Desktop/manim_m                         
                             ath/高中/高一/第二学期/第                          
                             四章-幂函数、指数函数和对                          
                             数函数（下）/001对数的概念                         
                             与运算/media/videos/logari                         
                             thm_concepts/1920p60/parti                         
                             al_movie_files/LogarithmCo                         
                             ncepts/656162490_393224914                         
                             7_3410754303.mp4'                                  
Animation 111: FadeOut(Text('对数四要素')), etc.:   0%|          | 0/36 [00:00<?, ?it/s]Animation 111: FadeOut(Text('对数四要素')), etc.:  17%|█▋        | 6/36 [00:00<00:00, 57.00it/s]Animation 111: FadeOut(Text('对数四要素')), etc.:  33%|███▎      | 12/36 [00:00<00:00, 57.88it/s]Animation 111: FadeOut(Text('对数四要素')), etc.:  50%|█████     | 18/36 [00:00<00:00, 58.75it/s]Animation 111: FadeOut(Text('对数四要素')), etc.:  67%|██████▋   | 24/36 [00:00<00:00, 56.96it/s]Animation 111: FadeOut(Text('对数四要素')), etc.:  83%|████████▎ | 30/36 [00:00<00:00, 56.00it/s]Animation 111: FadeOut(Text('对数四要素')), etc.: 100%|██████████| 36/36 [00:00<00:00, 55.77it/s]                                                                                                 [02/27/26 10:34:52] INFO     Animation 111 : Partial    scene_file_writer.py:590
                             movie file written in                              
                             '/Users/mx/Desktop/manim_m                         
                             ath/高中/高一/第二学期/第                          
                             四章-幂函数、指数函数和对                          
                             数函数（下）/001对数的概念                         
                             与运算/media/videos/logari                         
                             thm_concepts/1920p60/parti                         
                             al_movie_files/LogarithmCo                         
                             ncepts/656162490_542861903                         
                             _2685031862.mp4'                                   
                    WARNING  Font Noto Sans CJK SC not in    text_mobject.py:464
                             ['.AppleSystemUIFont', 'Academy                    
                             Engraved LET', 'Al Bayan', 'Al                     
                             Nile', 'Al Tarikh', 'American                      
                             Typewriter', 'Andale Mono',                        
                             'Apple Braille', 'Apple                            
                             Chancery', 'Apple Color Emoji',                    
                             'Apple LiGothic', 'Apple                           
                             LiSung', 'Apple SD Gothic Neo',                    
                             'Apple Symbols', 'AppleGothic',                    
                             'AppleMyungjo', 'Arial', 'Arial                    
                             Black', 'Arial Hebrew', 'Arial                     
                             Hebrew Scholar', 'Arial                            
                             Narrow', 'Arial Rounded MT                         
                             Bold', 'Arial Unicode MS',                         
                             'Avenir', 'Avenir Next',                           
                             'Avenir Next Condensed',                           
                             'Ayuthaya', 'BIZ UDGothic',                        
                             'BIZ UDMincho', 'BM Dohyeon',                      
                             'BM Hanna 11yrs Old', 'BM Hanna                    
                             Air', 'BM Hanna Pro', 'BM Jua',                    
                             'BM Kirang Haerang', 'BM                           
                             Yeonsung', 'Baghdad', 'Bangla                      
                             MN', 'Bangla Sangam MN', 'Baoli                    
                             SC', 'Baoli TC', 'Baskerville',                    
                             'Beirut', 'BiauKaiHK',                             
                             'BiauKaiTC', 'Big Caslon',                         
                             'Bodoni 72', 'Bodoni 72                            
                             Oldstyle', 'Bodoni 72                              
                             Smallcaps', 'Bodoni Ornaments',                    
                             'Bradley Hand', 'Brush Script                      
                             MT', 'Chalkboard', 'Chalkboard                     
                             SE', 'Chalkduster', 'Charter',                     
                             'Cochin', 'Comic Sans MS',                         
                             'Copperplate', 'Corsiva                            
                             Hebrew', 'Courier New', 'DIN                       
                             Alternate', 'DIN Condensed',                       
                             'Damascus', 'DecoType Naskh',                      
                             'Devanagari MT', 'Devanagari                       
                             Sangam MN', 'Didot', 'Diwan                        
                             Kufi', 'Diwan Thuluth',                            
                             'Euphemia UCAS', 'Farah',                          
                             'Farisi', 'Futura', 'GB18030                       
                             Bitmap', 'Galvji', 'Geeza Pro',                    
                             'Geneva', 'Georgia', 'Gill                         
                             Sans', 'Grantha Sangam MN',                        
                             'Gujarati MT', 'Gujarati Sangam                    
                             MN', 'GungSeo', 'Gurmukhi MN',                     
                             'Gurmukhi MT', 'Gurmukhi Sangam                    
                             MN', 'Hannotate SC', 'Hannotate                    
                             TC', 'HanziPen SC', 'HanziPen                      
                             TC', 'HeadLineA', 'Hei', 'Heiti                    
                             SC', 'Heiti TC', 'Helvetica',                      
                             'Helvetica Neue', 'Herculanum',                    
                             'Hiragino Maru Gothic ProN',                       
                             'Hiragino Mincho ProN',                            
                             'Hiragino Sans', 'Hiragino Sans                    
                             GB', 'Hoefler Text', 'ITF                          
                             Devanagari', 'ITF Devanagari                       
                             Marathi', 'Impact',                                
                             'InaiMathi', 'Kai', 'Kailasa',                     
                             'Kaiti SC', 'Kaiti TC',                            
                             'Kannada MN', 'Kannada Sangam                      
                             MN', 'Kefa III', 'Khmer MN',                       
                             'Khmer Sangam MN', 'Klee',                         
                             'Kohinoor Bangla', 'Kohinoor                       
                             Devanagari', 'Kohinoor                             
                             Gujarati', 'Kohinoor Telugu',                      
                             'Kokonor', 'Krungthep',                            
                             'KufiStandardGK', 'LXGW                            
                             ZhenKai', 'Lantinghei SC',                         
                             'Lantinghei TC', 'Lao MN', 'Lao                    
                             Sangam MN', 'LiHei Pro',                           
                             'LiSong Pro', 'Libian SC',                         
                             'Libian TC', 'LingWai SC',                         
                             'LingWai TC', 'Lucida Grande',                     
                             'Luminari', 'Malayalam MN',                        
                             'Malayalam Sangam MN', 'Marker                     
                             Felt', 'Menlo', 'Microsoft Sans                    
                             Serif', 'Mishafi', 'Mishafi                        
                             Gold', 'Monaco', 'Monospace',                      
                             'Mshtakan', 'Mukta Mahee',                         
                             'Muna', 'Myanmar MN', 'Myanmar                     
                             Sangam MN', 'Nadeem', 'Nanum                       
                             Brush Script', 'Nanum Gothic',                     
                             'Nanum Myeongjo', 'Nanum Pen                       
                             Script', 'New Peninim MT',                         
                             'Noteworthy', 'Noto Nastaliq                       
                             Urdu', 'Noto Sans Batak', 'Noto                    
                             Sans Kannada', 'Noto Sans                          
                             Myanmar', 'Noto Sans NKo',                         
                             'Noto Sans Oriya', 'Noto Sans                      
                             Syriac', 'Noto Sans Tagalog',                      
                             'Noto Serif Myanmar', 'Optima',                    
                             'Oriya MN', 'Oriya Sangam MN',                     
                             'Osaka', 'PCMyungjo', 'PT                          
                             Mono', 'PT Sans', 'PT Sans                         
                             Caption', 'PT Sans Narrow', 'PT                    
                             Serif', 'PT Serif Caption',                        
                             'Palatino', 'Papyrus', 'Party                      
                             LET', 'Phosphate', 'PilGi',                        
                             'PingFang HK', 'PingFang MO',                      
                             'PingFang SC', 'PingFang TC',                      
                             'Plantagenet Cherokee',                            
                             'Raanana', 'Rockwell',                             
                             'STFangsong', 'STHeiti', 'STIX                     
                             Two Math', 'STIX Two Text',                        
                             'STKaiti', 'STSong', 'Sana',                       
                             'Sans', 'Sathu', 'Savoye LET',                     
                             'Serif', 'Shree Devanagari                         
                             714', 'SignPainter', 'Silom',                      
                             'SimSong', 'Sinhala MN',                           
                             'Sinhala Sangam MN', 'Skia',                       
                             'Snell Roundhand', 'Songti SC',                    
                             'Songti TC', 'Sukhumvit Set',                      
                             'Symbol', 'Tahoma', 'Tamil MN',                    
                             'Tamil Sangam MN', 'Telugu MN',                    
                             'Telugu Sangam MN', 'Thonburi',                    
                             'Times New Roman', 'Toppan                         
                             Bunkyu Gothic', 'Toppan Bunkyu                     
                             Midashi Gothic', 'Toppan Bunkyu                    
                             Midashi Mincho', 'Toppan Bunkyu                    
                             Mincho', 'Trattatello',                            
                             'Trebuchet MS', 'Tsukushi A                        
                             Round Gothic', 'Tsukushi B                         
                             Round Gothic', 'Verdana',                          
                             'Waseem', 'Wawati SC', 'Wawati                     
                             TC', 'Webdings', 'Weibei SC',                      
                             'Weibei TC', 'Wingdings',                          
                             'Wingdings 2', 'Wingdings 3',                      
                             'Xingkai SC', 'Xingkai TC',                        
                             'YuGothic', 'YuKyokasho',                          
                             'YuKyokasho Yoko', 'YuMincho',                     
                             'YuMincho +36p Kana', 'Yuanti                      
                             SC', 'Yuanti TC', 'Yuppy SC',                      
                             'Yuppy TC', 'Zapf Dingbats',                       
                             'Zapfino', 'cursive',                              
                             'fantasy', 'system-ui'].                           
                    WARNING  Font Noto Sans CJK SC not in    text_mobject.py:464
                             ['.AppleSystemUIFont', 'Academy                    
                             Engraved LET', 'Al Bayan', 'Al                     
                             Nile', 'Al Tarikh', 'American                      
                             Typewriter', 'Andale Mono',                        
                             'Apple Braille', 'Apple                            
                             Chancery', 'Apple Color Emoji',                    
                             'Apple LiGothic', 'Apple                           
                             LiSung', 'Apple SD Gothic Neo',                    
                             'Apple Symbols', 'AppleGothic',                    
                             'AppleMyungjo', 'Arial', 'Arial                    
                             Black', 'Arial Hebrew', 'Arial                     
                             Hebrew Scholar', 'Arial                            
                             Narrow', 'Arial Rounded MT                         
                             Bold', 'Arial Unicode MS',                         
                             'Avenir', 'Avenir Next',                           
                             'Avenir Next Condensed',                           
                             'Ayuthaya', 'BIZ UDGothic',                        
                             'BIZ UDMincho', 'BM Dohyeon',                      
                             'BM Hanna 11yrs Old', 'BM Hanna                    
                             Air', 'BM Hanna Pro', 'BM Jua',                    
                             'BM Kirang Haerang', 'BM                           
                             Yeonsung', 'Baghdad', 'Bangla                      
                             MN', 'Bangla Sangam MN', 'Baoli                    
                             SC', 'Baoli TC', 'Baskerville',                    
                             'Beirut', 'BiauKaiHK',                             
                             'BiauKaiTC', 'Big Caslon',                         
                             'Bodoni 72', 'Bodoni 72                            
                             Oldstyle', 'Bodoni 72                              
                             Smallcaps', 'Bodoni Ornaments',                    
                             'Bradley Hand', 'Brush Script                      
                             MT', 'Chalkboard', 'Chalkboard                     
                             SE', 'Chalkduster', 'Charter',                     
                             'Cochin', 'Comic Sans MS',                         
                             'Copperplate', 'Corsiva                            
                             Hebrew', 'Courier New', 'DIN                       
                             Alternate', 'DIN Condensed',                       
                             'Damascus', 'DecoType Naskh',                      
                             'Devanagari MT', 'Devanagari                       
                             Sangam MN', 'Didot', 'Diwan                        
                             Kufi', 'Diwan Thuluth',                            
                             'Euphemia UCAS', 'Farah',                          
                             'Farisi', 'Futura', 'GB18030                       
                             Bitmap', 'Galvji', 'Geeza Pro',                    
                             'Geneva', 'Georgia', 'Gill                         
                             Sans', 'Grantha Sangam MN',                        
                             'Gujarati MT', 'Gujarati Sangam                    
                             MN', 'GungSeo', 'Gurmukhi MN',                     
                             'Gurmukhi MT', 'Gurmukhi Sangam                    
                             MN', 'Hannotate SC', 'Hannotate                    
                             TC', 'HanziPen SC', 'HanziPen                      
                             TC', 'HeadLineA', 'Hei', 'Heiti                    
                             SC', 'Heiti TC', 'Helvetica',                      
                             'Helvetica Neue', 'Herculanum',                    
                             'Hiragino Maru Gothic ProN',                       
                             'Hiragino Mincho ProN',                            
                             'Hiragino Sans', 'Hiragino Sans                    
                             GB', 'Hoefler Text', 'ITF                          
                             Devanagari', 'ITF Devanagari                       
                             Marathi', 'Impact',                                
                             'InaiMathi', 'Kai', 'Kailasa',                     
                             'Kaiti SC', 'Kaiti TC',                            
                             'Kannada MN', 'Kannada Sangam                      
                             MN', 'Kefa III', 'Khmer MN',                       
                             'Khmer Sangam MN', 'Klee',                         
                             'Kohinoor Bangla', 'Kohinoor                       
                             Devanagari', 'Kohinoor                             
                             Gujarati', 'Kohinoor Telugu',                      
                             'Kokonor', 'Krungthep',                            
                             'KufiStandardGK', 'LXGW                            
                             ZhenKai', 'Lantinghei SC',                         
                             'Lantinghei TC', 'Lao MN', 'Lao                    
                             Sangam MN', 'LiHei Pro',                           
                             'LiSong Pro', 'Libian SC',                         
                             'Libian TC', 'LingWai SC',                         
                             'LingWai TC', 'Lucida Grande',                     
                             'Luminari', 'Malayalam MN',                        
                             'Malayalam Sangam MN', 'Marker                     
                             Felt', 'Menlo', 'Microsoft Sans                    
                             Serif', 'Mishafi', 'Mishafi                        
                             Gold', 'Monaco', 'Monospace',                      
                             'Mshtakan', 'Mukta Mahee',                         
                             'Muna', 'Myanmar MN', 'Myanmar                     
                             Sangam MN', 'Nadeem', 'Nanum                       
                             Brush Script', 'Nanum Gothic',                     
                             'Nanum Myeongjo', 'Nanum Pen                       
                             Script', 'New Peninim MT',                         
                             'Noteworthy', 'Noto Nastaliq                       
                             Urdu', 'Noto Sans Batak', 'Noto                    
                             Sans Kannada', 'Noto Sans                          
                             Myanmar', 'Noto Sans NKo',                         
                             'Noto Sans Oriya', 'Noto Sans                      
                             Syriac', 'Noto Sans Tagalog',                      
                             'Noto Serif Myanmar', 'Optima',                    
                             'Oriya MN', 'Oriya Sangam MN',                     
                             'Osaka', 'PCMyungjo', 'PT                          
                             Mono', 'PT Sans', 'PT Sans                         
                             Caption', 'PT Sans Narrow', 'PT                    
                             Serif', 'PT Serif Caption',                        
                             'Palatino', 'Papyrus', 'Party                      
                             LET', 'Phosphate', 'PilGi',                        
                             'PingFang HK', 'PingFang MO',                      
                             'PingFang SC', 'PingFang TC',                      
                             'Plantagenet Cherokee',                            
                             'Raanana', 'Rockwell',                             
                             'STFangsong', 'STHeiti', 'STIX                     
                             Two Math', 'STIX Two Text',                        
                             'STKaiti', 'STSong', 'Sana',                       
                             'Sans', 'Sathu', 'Savoye LET',                     
                             'Serif', 'Shree Devanagari                         
                             714', 'SignPainter', 'Silom',                      
                             'SimSong', 'Sinhala MN',                           
                             'Sinhala Sangam MN', 'Skia',                       
                             'Snell Roundhand', 'Songti SC',                    
                             'Songti TC', 'Sukhumvit Set',                      
                             'Symbol', 'Tahoma', 'Tamil MN',                    
                             'Tamil Sangam MN', 'Telugu MN',                    
                             'Telugu Sangam MN', 'Thonburi',                    
                             'Times New Roman', 'Toppan                         
                             Bunkyu Gothic', 'Toppan Bunkyu                     
                             Midashi Gothic', 'Toppan Bunkyu                    
                             Midashi Mincho', 'Toppan Bunkyu                    
                             Mincho', 'Trattatello',                            
                             'Trebuchet MS', 'Tsukushi A                        
                             Round Gothic', 'Tsukushi B                         
                             Round Gothic', 'Verdana',                          
                             'Waseem', 'Wawati SC', 'Wawati                     
                             TC', 'Webdings', 'Weibei SC',                      
                             'Weibei TC', 'Wingdings',                          
                             'Wingdings 2', 'Wingdings 3',                      
                             'Xingkai SC', 'Xingkai TC',                        
                             'YuGothic', 'YuKyokasho',                          
                             'YuKyokasho Yoko', 'YuMincho',                     
                             'YuMincho +36p Kana', 'Yuanti                      
                             SC', 'Yuanti TC', 'Yuppy SC',                      
                             'Yuppy TC', 'Zapf Dingbats',                       
                             'Zapfino', 'cursive',                              
                             'fantasy', 'system-ui'].                           
Animation 112: Transform(Text('上海初高中数学直通车 @emptyandcalm')):   0%|          | 0/48 [00:00<?, ?it/s]Animation 112: Transform(Text('上海初高中数学直通车 @emptyandcalm')):  15%|█▍        | 7/48 [00:00<00:00, 69.55it/s]Animation 112: Transform(Text('上海初高中数学直通车 @emptyandcalm')):  33%|███▎      | 16/48 [00:00<00:00, 77.74it/s]Animation 112: Transform(Text('上海初高中数学直通车 @emptyandcalm')):  52%|█████▏    | 25/48 [00:00<00:00, 79.03it/s]Animation 112: Transform(Text('上海初高中数学直通车 @emptyandcalm')):  69%|██████▉   | 33/48 [00:00<00:00, 76.86it/s]Animation 112: Transform(Text('上海初高中数学直通车 @emptyandcalm')):  88%|████████▊ | 42/48 [00:00<00:00, 78.66it/s]                                                                                                                     [02/27/26 10:34:53] INFO     Animation 112 : Partial    scene_file_writer.py:590
                             movie file written in                              
                             '/Users/mx/Desktop/manim_m                         
                             ath/高中/高一/第二学期/第                          
                             四章-幂函数、指数函数和对                          
                             数函数（下）/001对数的概念                         
                             与运算/media/videos/logari                         
                             thm_concepts/1920p60/parti                         
                             al_movie_files/LogarithmCo                         
                             ncepts/656162490_273919500                         
                             3_176829527.mp4'                                   
Animation 113: FadeIn(Text('@emptyandcalm')):   0%|          | 0/30 [00:00<?, ?it/s]Animation 113: FadeIn(Text('@emptyandcalm')):  57%|█████▋    | 17/30 [00:00<00:00, 163.13it/s]                                                                                              [02/27/26 10:34:54] INFO     Animation 113 : Partial    scene_file_writer.py:590
                             movie file written in                              
                             '/Users/mx/Desktop/manim_m                         
                             ath/高中/高一/第二学期/第                          
                             四章-幂函数、指数函数和对                          
                             数函数（下）/001对数的概念                         
                             与运算/media/videos/logari                         
                             thm_concepts/1920p60/parti                         
                             al_movie_files/LogarithmCo                         
                             ncepts/656162490_120002475                         
                             9_3866552818.mp4'                                  
                    WARNING  Font Noto Sans CJK SC not in    text_mobject.py:464
                             ['.AppleSystemUIFont', 'Academy                    
                             Engraved LET', 'Al Bayan', 'Al                     
                             Nile', 'Al Tarikh', 'American                      
                             Typewriter', 'Andale Mono',                        
                             'Apple Braille', 'Apple                            
                             Chancery', 'Apple Color Emoji',                    
                             'Apple LiGothic', 'Apple                           
                             LiSung', 'Apple SD Gothic Neo',                    
                             'Apple Symbols', 'AppleGothic',                    
                             'AppleMyungjo', 'Arial', 'Arial                    
                             Black', 'Arial Hebrew', 'Arial                     
                             Hebrew Scholar', 'Arial                            
                             Narrow', 'Arial Rounded MT                         
                             Bold', 'Arial Unicode MS',                         
                             'Avenir', 'Avenir Next',                           
                             'Avenir Next Condensed',                           
                             'Ayuthaya', 'BIZ UDGothic',                        
                             'BIZ UDMincho', 'BM Dohyeon',                      
                             'BM Hanna 11yrs Old', 'BM Hanna                    
                             Air', 'BM Hanna Pro', 'BM Jua',                    
                             'BM Kirang Haerang', 'BM                           
                             Yeonsung', 'Baghdad', 'Bangla                      
                             MN', 'Bangla Sangam MN', 'Baoli                    
                             SC', 'Baoli TC', 'Baskerville',                    
                             'Beirut', 'BiauKaiHK',                             
                             'BiauKaiTC', 'Big Caslon',                         
                             'Bodoni 72', 'Bodoni 72                            
                             Oldstyle', 'Bodoni 72                              
                             Smallcaps', 'Bodoni Ornaments',                    
                             'Bradley Hand', 'Brush Script                      
                             MT', 'Chalkboard', 'Chalkboard                     
                             SE', 'Chalkduster', 'Charter',                     
                             'Cochin', 'Comic Sans MS',                         
                             'Copperplate', 'Corsiva                            
                             Hebrew', 'Courier New', 'DIN                       
                             Alternate', 'DIN Condensed',                       
                             'Damascus', 'DecoType Naskh',                      
                             'Devanagari MT', 'Devanagari                       
                             Sangam MN', 'Didot', 'Diwan                        
                             Kufi', 'Diwan Thuluth',                            
                             'Euphemia UCAS', 'Farah',                          
                             'Farisi', 'Futura', 'GB18030                       
                             Bitmap', 'Galvji', 'Geeza Pro',                    
                             'Geneva', 'Georgia', 'Gill                         
                             Sans', 'Grantha Sangam MN',                        
                             'Gujarati MT', 'Gujarati Sangam                    
                             MN', 'GungSeo', 'Gurmukhi MN',                     
                             'Gurmukhi MT', 'Gurmukhi Sangam                    
                             MN', 'Hannotate SC', 'Hannotate                    
                             TC', 'HanziPen SC', 'HanziPen                      
                             TC', 'HeadLineA', 'Hei', 'Heiti                    
                             SC', 'Heiti TC', 'Helvetica',                      
                             'Helvetica Neue', 'Herculanum',                    
                             'Hiragino Maru Gothic ProN',                       
                             'Hiragino Mincho ProN',                            
                             'Hiragino Sans', 'Hiragino Sans                    
                             GB', 'Hoefler Text', 'ITF                          
                             Devanagari', 'ITF Devanagari                       
                             Marathi', 'Impact',                                
                             'InaiMathi', 'Kai', 'Kailasa',                     
                             'Kaiti SC', 'Kaiti TC',                            
                             'Kannada MN', 'Kannada Sangam                      
                             MN', 'Kefa III', 'Khmer MN',                       
                             'Khmer Sangam MN', 'Klee',                         
                             'Kohinoor Bangla', 'Kohinoor                       
                             Devanagari', 'Kohinoor                             
                             Gujarati', 'Kohinoor Telugu',                      
                             'Kokonor', 'Krungthep',                            
                             'KufiStandardGK', 'LXGW                            
                             ZhenKai', 'Lantinghei SC',                         
                             'Lantinghei TC', 'Lao MN', 'Lao                    
                             Sangam MN', 'LiHei Pro',                           
                             'LiSong Pro', 'Libian SC',                         
                             'Libian TC', 'LingWai SC',                         
                             'LingWai TC', 'Lucida Grande',                     
                             'Luminari', 'Malayalam MN',                        
                             'Malayalam Sangam MN', 'Marker                     
                             Felt', 'Menlo', 'Microsoft Sans                    
                             Serif', 'Mishafi', 'Mishafi                        
                             Gold', 'Monaco', 'Monospace',                      
                             'Mshtakan', 'Mukta Mahee',                         
                             'Muna', 'Myanmar MN', 'Myanmar                     
                             Sangam MN', 'Nadeem', 'Nanum                       
                             Brush Script', 'Nanum Gothic',                     
                             'Nanum Myeongjo', 'Nanum Pen                       
                             Script', 'New Peninim MT',                         
                             'Noteworthy', 'Noto Nastaliq                       
                             Urdu', 'Noto Sans Batak', 'Noto                    
                             Sans Kannada', 'Noto Sans                          
                             Myanmar', 'Noto Sans NKo',                         
                             'Noto Sans Oriya', 'Noto Sans                      
                             Syriac', 'Noto Sans Tagalog',                      
                             'Noto Serif Myanmar', 'Optima',                    
                             'Oriya MN', 'Oriya Sangam MN',                     
                             'Osaka', 'PCMyungjo', 'PT                          
                             Mono', 'PT Sans', 'PT Sans                         
                             Caption', 'PT Sans Narrow', 'PT                    
                             Serif', 'PT Serif Caption',                        
                             'Palatino', 'Papyrus', 'Party                      
                             LET', 'Phosphate', 'PilGi',                        
                             'PingFang HK', 'PingFang MO',                      
                             'PingFang SC', 'PingFang TC',                      
                             'Plantagenet Cherokee',                            
                             'Raanana', 'Rockwell',                             
                             'STFangsong', 'STHeiti', 'STIX                     
                             Two Math', 'STIX Two Text',                        
                             'STKaiti', 'STSong', 'Sana',                       
                             'Sans', 'Sathu', 'Savoye LET',                     
                             'Serif', 'Shree Devanagari                         
                             714', 'SignPainter', 'Silom',                      
                             'SimSong', 'Sinhala MN',                           
                             'Sinhala Sangam MN', 'Skia',                       
                             'Snell Roundhand', 'Songti SC',                    
                             'Songti TC', 'Sukhumvit Set',                      
                             'Symbol', 'Tahoma', 'Tamil MN',                    
                             'Tamil Sangam MN', 'Telugu MN',                    
                             'Telugu Sangam MN', 'Thonburi',                    
                             'Times New Roman', 'Toppan                         
                             Bunkyu Gothic', 'Toppan Bunkyu                     
                             Midashi Gothic', 'Toppan Bunkyu                    
                             Midashi Mincho', 'Toppan Bunkyu                    
                             Mincho', 'Trattatello',                            
                             'Trebuchet MS', 'Tsukushi A                        
                             Round Gothic', 'Tsukushi B                         
                             Round Gothic', 'Verdana',                          
                             'Waseem', 'Wawati SC', 'Wawati                     
                             TC', 'Webdings', 'Weibei SC',                      
                             'Weibei TC', 'Wingdings',                          
                             'Wingdings 2', 'Wingdings 3',                      
                             'Xingkai SC', 'Xingkai TC',                        
                             'YuGothic', 'YuKyokasho',                          
                             'YuKyokasho Yoko', 'YuMincho',                     
                             'YuMincho +36p Kana', 'Yuanti                      
                             SC', 'Yuanti TC', 'Yuppy SC',                      
                             'Yuppy TC', 'Zapf Dingbats',                       
                             'Zapfino', 'cursive',                              
                             'fantasy', 'system-ui'].                           
Animation 114: FadeIn(Text('关注我，学更多数学技巧！')):   0%|          | 0/36 [00:00<?, ?it/s]Animation 114: FadeIn(Text('关注我，学更多数学技巧！')):  39%|███▉      | 14/36 [00:00<00:00, 134.82it/s]Animation 114: FadeIn(Text('关注我，学更多数学技巧！')):  81%|████████  | 29/36 [00:00<00:00, 141.85it/s]                                                                                                                             INFO     Animation 114 : Partial    scene_file_writer.py:590
                             movie file written in                              
                             '/Users/mx/Desktop/manim_m                         
                             ath/高中/高一/第二学期/第                          
                             四章-幂函数、指数函数和对                          
                             数函数（下）/001对数的概念                         
                             与运算/media/videos/logari                         
                             thm_concepts/1920p60/parti                         
                             al_movie_files/LogarithmCo                         
                             ncepts/656162490_404672832                         
                             6_887075251.mp4'                                   
                    INFO     Writing                     tex_file_writing.py:110
                             \special{dvisvgm:raw <g                            
                             id='unique000'>}\log\specia                        
                             l{dvisvgm:raw </g>} to                             
                             media/Tex/f83b441891878d0e.                        
                             tex                                                
Animation 115: FadeIn(MathTex('\\log')), etc.:   0%|          | 0/36 [00:00<?, ?it/s]Animation 115: FadeIn(MathTex('\\log')), etc.:  44%|████▍     | 16/36 [00:00<00:00, 159.86it/s]Animation 115: FadeIn(MathTex('\\log')), etc.: 100%|██████████| 36/36 [00:00<00:00, 181.16it/s]                                                                                               [02/27/26 10:34:55] INFO     Animation 115 : Partial    scene_file_writer.py:590
                             movie file written in                              
                             '/Users/mx/Desktop/manim_m                         
                             ath/高中/高一/第二学期/第                          
                             四章-幂函数、指数函数和对                          
                             数函数（下）/001对数的概念                         
                             与运算/media/videos/logari                         
                             thm_concepts/1920p60/parti                         
                             al_movie_files/LogarithmCo                         
                             ncepts/656162490_115966012                         
                             1_2851554909.mp4'                                  
Animation 116: Rotate(VGroup of 4 submobjects):   0%|          | 0/90 [00:00<?, ?it/s]Animation 116: Rotate(VGroup of 4 submobjects):  17%|█▋        | 15/90 [00:00<00:00, 148.90it/s]Animation 116: Rotate(VGroup of 4 submobjects):  34%|███▍      | 31/90 [00:00<00:00, 154.85it/s]Animation 116: Rotate(VGroup of 4 submobjects):  56%|█████▌    | 50/90 [00:00<00:00, 168.47it/s]Animation 116: Rotate(VGroup of 4 submobjects):  82%|████████▏ | 74/90 [00:00<00:00, 195.45it/s]                                                                                                [02/27/26 10:34:56] INFO     Animation 116 : Partial    scene_file_writer.py:590
                             movie file written in                              
                             '/Users/mx/Desktop/manim_m                         
                             ath/高中/高一/第二学期/第                          
                             四章-幂函数、指数函数和对                          
                             数函数（下）/001对数的概念                         
                             与运算/media/videos/logari                         
                             thm_concepts/1920p60/parti                         
                             al_movie_files/LogarithmCo                         
                             ncepts/656162490_87188369_                         
                             2282045456.mp4'                                    
[02/27/26 10:34:57] INFO     Animation 117 : Partial    scene_file_writer.py:590
                             movie file written in                              
                             '/Users/mx/Desktop/manim_m                         
                             ath/高中/高一/第二学期/第                          
                             四章-幂函数、指数函数和对                          
                             数函数（下）/001对数的概念                         
                             与运算/media/videos/logari                         
                             thm_concepts/1920p60/parti                         
                             al_movie_files/LogarithmCo                         
                             ncepts/656162490_339450033                         
                             7_236715363.mp4'                                   
                    WARNING  Font Noto Sans CJK SC not in    text_mobject.py:464
                             ['.AppleSystemUIFont', 'Academy                    
                             Engraved LET', 'Al Bayan', 'Al                     
                             Nile', 'Al Tarikh', 'American                      
                             Typewriter', 'Andale Mono',                        
                             'Apple Braille', 'Apple                            
                             Chancery', 'Apple Color Emoji',                    
                             'Apple LiGothic', 'Apple                           
                             LiSung', 'Apple SD Gothic Neo',                    
                             'Apple Symbols', 'AppleGothic',                    
                             'AppleMyungjo', 'Arial', 'Arial                    
                             Black', 'Arial Hebrew', 'Arial                     
                             Hebrew Scholar', 'Arial                            
                             Narrow', 'Arial Rounded MT                         
                             Bold', 'Arial Unicode MS',                         
                             'Avenir', 'Avenir Next',                           
                             'Avenir Next Condensed',                           
                             'Ayuthaya', 'BIZ UDGothic',                        
                             'BIZ UDMincho', 'BM Dohyeon',                      
                             'BM Hanna 11yrs Old', 'BM Hanna                    
                             Air', 'BM Hanna Pro', 'BM Jua',                    
                             'BM Kirang Haerang', 'BM                           
                             Yeonsung', 'Baghdad', 'Bangla                      
                             MN', 'Bangla Sangam MN', 'Baoli                    
                             SC', 'Baoli TC', 'Baskerville',                    
                             'Beirut', 'BiauKaiHK',                             
                             'BiauKaiTC', 'Big Caslon',                         
                             'Bodoni 72', 'Bodoni 72                            
                             Oldstyle', 'Bodoni 72                              
                             Smallcaps', 'Bodoni Ornaments',                    
                             'Bradley Hand', 'Brush Script                      
                             MT', 'Chalkboard', 'Chalkboard                     
                             SE', 'Chalkduster', 'Charter',                     
                             'Cochin', 'Comic Sans MS',                         
                             'Copperplate', 'Corsiva                            
                             Hebrew', 'Courier New', 'DIN                       
                             Alternate', 'DIN Condensed',                       
                             'Damascus', 'DecoType Naskh',                      
                             'Devanagari MT', 'Devanagari                       
                             Sangam MN', 'Didot', 'Diwan                        
                             Kufi', 'Diwan Thuluth',                            
                             'Euphemia UCAS', 'Farah',                          
                             'Farisi', 'Futura', 'GB18030                       
                             Bitmap', 'Galvji', 'Geeza Pro',                    
                             'Geneva', 'Georgia', 'Gill                         
                             Sans', 'Grantha Sangam MN',                        
                             'Gujarati MT', 'Gujarati Sangam                    
                             MN', 'GungSeo', 'Gurmukhi MN',                     
                             'Gurmukhi MT', 'Gurmukhi Sangam                    
                             MN', 'Hannotate SC', 'Hannotate                    
                             TC', 'HanziPen SC', 'HanziPen                      
                             TC', 'HeadLineA', 'Hei', 'Heiti                    
                             SC', 'Heiti TC', 'Helvetica',                      
                             'Helvetica Neue', 'Herculanum',                    
                             'Hiragino Maru Gothic ProN',                       
                             'Hiragino Mincho ProN',                            
                             'Hiragino Sans', 'Hiragino Sans                    
                             GB', 'Hoefler Text', 'ITF                          
                             Devanagari', 'ITF Devanagari                       
                             Marathi', 'Impact',                                
                             'InaiMathi', 'Kai', 'Kailasa',                     
                             'Kaiti SC', 'Kaiti TC',                            
                             'Kannada MN', 'Kannada Sangam                      
                             MN', 'Kefa III', 'Khmer MN',                       
                             'Khmer Sangam MN', 'Klee',                         
                             'Kohinoor Bangla', 'Kohinoor                       
                             Devanagari', 'Kohinoor                             
                             Gujarati', 'Kohinoor Telugu',                      
                             'Kokonor', 'Krungthep',                            
                             'KufiStandardGK', 'LXGW                            
                             ZhenKai', 'Lantinghei SC',                         
                             'Lantinghei TC', 'Lao MN', 'Lao                    
                             Sangam MN', 'LiHei Pro',                           
                             'LiSong Pro', 'Libian SC',                         
                             'Libian TC', 'LingWai SC',                         
                             'LingWai TC', 'Lucida Grande',                     
                             'Luminari', 'Malayalam MN',                        
                             'Malayalam Sangam MN', 'Marker                     
                             Felt', 'Menlo', 'Microsoft Sans                    
                             Serif', 'Mishafi', 'Mishafi                        
                             Gold', 'Monaco', 'Monospace',                      
                             'Mshtakan', 'Mukta Mahee',                         
                             'Muna', 'Myanmar MN', 'Myanmar                     
                             Sangam MN', 'Nadeem', 'Nanum                       
                             Brush Script', 'Nanum Gothic',                     
                             'Nanum Myeongjo', 'Nanum Pen                       
                             Script', 'New Peninim MT',                         
                             'Noteworthy', 'Noto Nastaliq                       
                             Urdu', 'Noto Sans Batak', 'Noto                    
                             Sans Kannada', 'Noto Sans                          
                             Myanmar', 'Noto Sans NKo',                         
                             'Noto Sans Oriya', 'Noto Sans                      
                             Syriac', 'Noto Sans Tagalog',                      
                             'Noto Serif Myanmar', 'Optima',                    
                             'Oriya MN', 'Oriya Sangam MN',                     
                             'Osaka', 'PCMyungjo', 'PT                          
                             Mono', 'PT Sans', 'PT Sans                         
                             Caption', 'PT Sans Narrow', 'PT                    
                             Serif', 'PT Serif Caption',                        
                             'Palatino', 'Papyrus', 'Party                      
                             LET', 'Phosphate', 'PilGi',                        
                             'PingFang HK', 'PingFang MO',                      
                             'PingFang SC', 'PingFang TC',                      
                             'Plantagenet Cherokee',                            
                             'Raanana', 'Rockwell',                             
                             'STFangsong', 'STHeiti', 'STIX                     
                             Two Math', 'STIX Two Text',                        
                             'STKaiti', 'STSong', 'Sana',                       
                             'Sans', 'Sathu', 'Savoye LET',                     
                             'Serif', 'Shree Devanagari                         
                             714', 'SignPainter', 'Silom',                      
                             'SimSong', 'Sinhala MN',                           
                             'Sinhala Sangam MN', 'Skia',                       
                             'Snell Roundhand', 'Songti SC',                    
                             'Songti TC', 'Sukhumvit Set',                      
                             'Symbol', 'Tahoma', 'Tamil MN',                    
                             'Tamil Sangam MN', 'Telugu MN',                    
                             'Telugu Sangam MN', 'Thonburi',                    
                             'Times New Roman', 'Toppan                         
                             Bunkyu Gothic', 'Toppan Bunkyu                     
                             Midashi Gothic', 'Toppan Bunkyu                    
                             Midashi Mincho', 'Toppan Bunkyu                    
                             Mincho', 'Trattatello',                            
                             'Trebuchet MS', 'Tsukushi A                        
                             Round Gothic', 'Tsukushi B                         
                             Round Gothic', 'Verdana',                          
                             'Waseem', 'Wawati SC', 'Wawati                     
                             TC', 'Webdings', 'Weibei SC',                      
                             'Weibei TC', 'Wingdings',                          
                             'Wingdings 2', 'Wingdings 3',                      
                             'Xingkai SC', 'Xingkai TC',                        
                             'YuGothic', 'YuKyokasho',                          
                             'YuKyokasho Yoko', 'YuMincho',                     
                             'YuMincho +36p Kana', 'Yuanti                      
                             SC', 'Yuanti TC', 'Yuppy SC',                      
                             'Yuppy TC', 'Zapf Dingbats',                       
                             'Zapfino', 'cursive',                              
                             'fantasy', 'system-ui'].                           
Animation 118: FadeIn(Text('掌握对数，解题更轻松！')):   0%|          | 0/36 [00:00<?, ?it/s]Animation 118: FadeIn(Text('掌握对数，解题更轻松！')):  36%|███▌      | 13/36 [00:00<00:00, 125.46it/s]Animation 118: FadeIn(Text('掌握对数，解题更轻松！')):  72%|███████▏  | 26/36 [00:00<00:00, 126.23it/s]                                                                                                       [02/27/26 10:34:58] INFO     Animation 118 : Partial    scene_file_writer.py:590
                             movie file written in                              
                             '/Users/mx/Desktop/manim_m                         
                             ath/高中/高一/第二学期/第                          
                             四章-幂函数、指数函数和对                          
                             数函数（下）/001对数的概念                         
                             与运算/media/videos/logari                         
                             thm_concepts/1920p60/parti                         
                             al_movie_files/LogarithmCo                         
                             ncepts/656162490_674428054                         
                             _2968968662.mp4'                                   
[02/27/26 10:34:59] INFO     Animation 119 : Partial    scene_file_writer.py:590
                             movie file written in                              
                             '/Users/mx/Desktop/manim_m                         
                             ath/高中/高一/第二学期/第                          
                             四章-幂函数、指数函数和对                          
                             数函数（下）/001对数的概念                         
                             与运算/media/videos/logari                         
                             thm_concepts/1920p60/parti                         
                             al_movie_files/LogarithmCo                         
                             ncepts/656162490_283470916                         
                             7_2140528348.mp4'                                  
Animation 120: FadeOut(Text('上海初高中数学直通车 @emptyandcalm')), etc.:   0%|          | 0/60 [00:00<?, ?it/s]Animation 120: FadeOut(Text('上海初高中数学直通车 @emptyandcalm')), etc.:   8%|▊         | 5/60 [00:00<00:01, 42.31it/s]Animation 120: FadeOut(Text('上海初高中数学直通车 @emptyandcalm')), etc.:  17%|█▋        | 10/60 [00:00<00:01, 39.44it/s]Animation 120: FadeOut(Text('上海初高中数学直通车 @emptyandcalm')), etc.:  23%|██▎       | 14/60 [00:00<00:01, 38.28it/s]Animation 120: FadeOut(Text('上海初高中数学直通车 @emptyandcalm')), etc.:  30%|███       | 18/60 [00:00<00:01, 38.64it/s]Animation 120: FadeOut(Text('上海初高中数学直通车 @emptyandcalm')), etc.:  38%|███▊      | 23/60 [00:00<00:00, 41.20it/s]Animation 120: FadeOut(Text('上海初高中数学直通车 @emptyandcalm')), etc.:  47%|████▋     | 28/60 [00:00<00:00, 41.77it/s]Animation 120: FadeOut(Text('上海初高中数学直通车 @emptyandcalm')), etc.:  55%|█████▌    | 33/60 [00:00<00:00, 43.58it/s]Animation 120: FadeOut(Text('上海初高中数学直通车 @emptyandcalm')), etc.:  63%|██████▎   | 38/60 [00:00<00:00, 35.56it/s]Animation 120: FadeOut(Text('上海初高中数学直通车 @emptyandcalm')), etc.:  72%|███████▏  | 43/60 [00:01<00:00, 38.82it/s]Animation 120: FadeOut(Text('上海初高中数学直通车 @emptyandcalm')), etc.:  80%|████████  | 48/60 [00:01<00:00, 40.67it/s]Animation 120: FadeOut(Text('上海初高中数学直通车 @emptyandcalm')), etc.:  88%|████████▊ | 53/60 [00:01<00:00, 41.75it/s]Animation 120: FadeOut(Text('上海初高中数学直通车 @emptyandcalm')), etc.:  97%|█████████▋| 58/60 [00:01<00:00, 43.93it/s]                                                                                                                         [02/27/26 10:35:01] INFO     Animation 120 : Partial    scene_file_writer.py:590
                             movie file written in                              
                             '/Users/mx/Desktop/manim_m                         
                             ath/高中/高一/第二学期/第                          
                             四章-幂函数、指数函数和对                          
                             数函数（下）/001对数的概念                         
                             与运算/media/videos/logari                         
                             thm_concepts/1920p60/parti                         
                             al_movie_files/LogarithmCo                         
                             ncepts/656162490_319514727                         
                             6_49401831.mp4'                                    
                    INFO     Combining to Movie file.   scene_file_writer.py:742
[02/27/26 10:35:02] INFO                                scene_file_writer.py:893
                             File ready at                                      
                             '/Users/mx/Desktop/manim_m                         
                             ath/高中/高一/第二学期/第                          
                             四章-幂函数、指数函数和对                          
                             数函数（下）/001对数的概念                         
                             与运算/media/videos/logari                         
                             thm_concepts/1920p60/Logar                         
                             ithmConcepts.mp4'                                  
                                                                                
                    INFO     The partial movie          scene_file_writer.py:863
                             directory is full (> 100                           
                             files). Therefore, manim                           
                             has removed the 22 oldest                          
                             file(s). You can change                            
                             this behaviour by changing                         
                             max_files_cached in                                
                             config.                                            
                    INFO     Rendered LogarithmConcepts             scene.py:278
                             Played 121 animations                              
